{"contributors": null, "truncated": false, "text": "Fear is what criminals want. Show no fear. The media must calm down and wait for information, and stop the speculation. Thanks. #sydneysiege", "in_reply_to_status_id": null, "id": 544293716140126208, "favorite_count": 68, "source": "<a href=\"http://twitter.com/download/iphone\" rel=\"nofollow\">Twitter for iPhone</a>", "retweeted": false, "coordinates": null, "entities": {"symbols": [], "user_mentions": [], "hashtags": [{"indices": [128, 140], "text": "sydneysiege"}], "urls": []}, "in_reply_to_screen_name": null, "id_str": "544293716140126208", "retweet_count": 139, "in_reply_to_user_id": null, "favorited": false, "user": {"follow_request_sent": false, "profile_use_background_image": true, "profile_text_color": "333333", "default_profile_image": false, "id": 2832527047, "profile_background_image_url_https": "https://pbs.twimg.com/profile_background_images/515369145353773056/Fi67a6De.jpeg", "verified": false, "profile_location": null, "profile_image_url_https": "https://pbs.twimg.com/profile_images/515363549539880960/sL4Dh3Eh_normal.jpeg", "profile_sidebar_fill_color": "DDEEF6", "entities": {"description": {"urls": []}}, "followers_count": 4036, "profile_sidebar_border_color": "FFFFFF", "id_str": "2832527047", "profile_background_color": "FFFFFF", "listed_count": 51, "is_translation_enabled": false, "utc_offset": null, "statuses_count": 769, "description": "We are watching. Always watching...", "friends_count": 3734, "location": "Everywhere.", "profile_link_color": "3B94D9", "profile_image_url": "http://pbs.twimg.com/profile_images/515363549539880960/sL4Dh3Eh_normal.jpeg", "following": false, "geo_enabled": false, "profile_banner_url": "https://pbs.twimg.com/profile_banners/2832527047/1411708610", "profile_background_image_url": "http://pbs.twimg.com/profile_background_images/515369145353773056/Fi67a6De.jpeg", "name": "ASIO", "lang": "en", "profile_background_tile": true, "favourites_count": 255, "screen_name": "HeyASIO", "notifications": false, "url": null, "created_at": "Fri Sep 26 03:40:01 +0000 2014", "contributors_enabled": false, "time_zone": null, "protected": false, "default_profile": false, "is_translator": false}, "geo": null, "in_reply_to_user_id_str": null, "lang": "en", "created_at": "Mon Dec 15 00:51:49 +0000 2014", "in_reply_to_status_id_str": null, "place": null}