{"contributors":null,"truncated":false,"text":"FIRST PHOTOS: Hostage pressed against a window. #SydneySiege http:\/\/t.co\/MOy8zCHp5a","in_reply_to_status_id":null,"id":544291804057960448,"favorite_count":67,"source":"<a href=\"http:\/\/twitter.com\/download\/iphone\" rel=\"nofollow\">Twitter for iPhone<\/a>","retweeted":false,"coordinates":null,"entities":{"symbols":[],"user_mentions":[],"hashtags":[{"indices":[48,60],"text":"SydneySiege"}],"urls":[],"media":[{"source_user_id":22753356,"source_status_id_str":"544291497474940928","expanded_url":"http:\/\/twitter.com\/PeterDoherty7\/status\/544291497474940928\/photo\/1","display_url":"pic.twitter.com\/MOy8zCHp5a","url":"http:\/\/t.co\/MOy8zCHp5a","media_url_https":"https:\/\/pbs.twimg.com\/media\/B4217wtCMAEbpPM.jpg","source_user_id_str":"22753356","source_status_id":544291497474940928,"id_str":"544291168272396289","sizes":{"small":{"h":255,"resize":"fit","w":340},"large":{"h":768,"resize":"fit","w":1024},"medium":{"h":450,"resize":"fit","w":600},"thumb":{"h":150,"resize":"crop","w":150}},"indices":[61,83],"type":"photo","id":544291168272396289,"media_url":"http:\/\/pbs.twimg.com\/media\/B4217wtCMAEbpPM.jpg"}]},"in_reply_to_screen_name":null,"id_str":"544291804057960448","retweet_count":200,"in_reply_to_user_id":null,"favorited":false,"user":{"follow_request_sent":false,"profile_use_background_image":true,"profile_text_color":"D4D3E8","default_profile_image":false,"id":423662810,"profile_background_image_url_https":"https:\/\/pbs.twimg.com\/profile_background_images\/390962593\/twitterbackground.gif","verified":false,"profile_location":null,"profile_image_url_https":"https:\/\/pbs.twimg.com\/profile_images\/565675231126093824\/wxzdYq41_normal.png","profile_sidebar_fill_color":"000000","entities":{"url":{"urls":[{"url":"http:\/\/t.co\/xuTUXBZOeS","indices":[0,22],"expanded_url":"http:\/\/www.youtube.com\/TheRealAnonMessage","display_url":"youtube.com\/TheRealAnonMes\u2026"}]},"description":{"urls":[{"url":"http:\/\/t.co\/CWTlK4opLF","indices":[118,140],"expanded_url":"http:\/\/www.gofundme.com\/fundthemessage","display_url":"gofundme.com\/fundthemessage"}]}},"followers_count":101550,"profile_sidebar_border_color":"0000FF","id_str":"423662810","profile_background_color":"0A0A0A","listed_count":812,"is_translation_enabled":false,"utc_offset":-14400,"statuses_count":8302,"description":"Official Twitter account of TheAnonMessage | #SHUTITDOWN | @OpIceISIS | A Megaphone of #Anonymous | HELP THE MESSAGE: http:\/\/t.co\/CWTlK4opLF |","friends_count":308,"location":"International - Underground","profile_link_color":"4B59FA","profile_image_url":"http:\/\/pbs.twimg.com\/profile_images\/565675231126093824\/wxzdYq41_normal.png","following":false,"geo_enabled":false,"profile_banner_url":"https:\/\/pbs.twimg.com\/profile_banners\/423662810\/1417109580","profile_background_image_url":"http:\/\/pbs.twimg.com\/profile_background_images\/390962593\/twitterbackground.gif","name":"TheAnonMessage","lang":"en","profile_background_tile":false,"favourites_count":687,"screen_name":"TheAnonMessage","notifications":false,"url":"http:\/\/t.co\/xuTUXBZOeS","created_at":"Mon Nov 28 19:48:32 +0000 2011","contributors_enabled":false,"time_zone":"Atlantic Time (Canada)","protected":false,"default_profile":false,"is_translator":false},"geo":null,"in_reply_to_user_id_str":null,"possibly_sensitive":false,"lang":"en","created_at":"Mon Dec 15 00:44:13 +0000 2014","in_reply_to_status_id_str":null,"place":null,"extended_entities":{"media":[{"source_user_id":22753356,"source_status_id_str":"544291497474940928","expanded_url":"http:\/\/twitter.com\/PeterDoherty7\/status\/544291497474940928\/photo\/1","display_url":"pic.twitter.com\/MOy8zCHp5a","url":"http:\/\/t.co\/MOy8zCHp5a","media_url_https":"https:\/\/pbs.twimg.com\/media\/B4217wtCMAEbpPM.jpg","source_user_id_str":"22753356","source_status_id":544291497474940928,"id_str":"544291168272396289","sizes":{"small":{"h":255,"resize":"fit","w":340},"large":{"h":768,"resize":"fit","w":1024},"medium":{"h":450,"resize":"fit","w":600},"thumb":{"h":150,"resize":"crop","w":150}},"indices":[61,83],"type":"photo","id":544291168272396289,"media_url":"http:\/\/pbs.twimg.com\/media\/B4217wtCMAEbpPM.jpg"}]}}