[{"contributors":null,"truncated":false,"text":"@ronanofficial yess🙏","in_reply_to_status_id":544282250503012352,"id":544282377896595456,"favorite_count":0,"source":"<a href=\"http://twitter.com/download/iphone\" rel=\"nofollow\">Twitter for iPhone</a>","retweeted":false,"coordinates":null,"entities":{"symbols":[],"user_mentions":[{"id":26032912,"indices":[0,14],"id_str":"26032912","screen_name":"ronanofficial","name":"Ronan Keating"}],"hashtags":[],"urls":[]},"in_reply_to_screen_name":"ronanofficial","id_str":"544282377896595456","retweet_count":0,"in_reply_to_user_id":26032912,"favorited":false,"user":{"follow_request_sent":false,"profile_use_background_image":true,"profile_text_color":"333333","default_profile_image":false,"id":1392626893,"profile_background_image_url_https":"https://pbs.twimg.com/profile_background_images/378800000155828149/rRLRBAwG.jpeg","verified":false,"profile_location":null,"profile_image_url_https":"https://pbs.twimg.com/profile_images/584350456773812224/KqaGNdrv_normal.jpg","profile_sidebar_fill_color":"DDEEF6","entities":{"url":{"urls":[{"url":"https://t.co/WqH065LVEk","indices":[0,23],"expanded_url":"https://twitter.com/michael5sos/status/386617604447551489","display_url":"twitter.com/michael5sos/st…"}]},"description":{"urls":[]}},"followers_count":4122,"profile_sidebar_border_color":"FFFFFF","id_str":"1392626893","profile_background_color":"C0DEED","listed_count":21,"is_translation_enabled":false,"utc_offset":3600,"statuses_count":22993,"description":"too young for my idols, too old for their children☮","friends_count":3710,"location":"","profile_link_color":"0084B4","profile_image_url":"http://pbs.twimg.com/profile_images/584350456773812224/KqaGNdrv_normal.jpg","following":false,"geo_enabled":false,"profile_banner_url":"https://pbs.twimg.com/profile_banners/1392626893/1418164757","profile_background_image_url":"http://pbs.twimg.com/profile_background_images/378800000155828149/rRLRBAwG.jpeg","name":"lauren","lang":"en","profile_background_tile":false,"favourites_count":1459,"screen_name":"fxcluke_","notifications":false,"url":"https://t.co/WqH065LVEk","created_at":"Tue Apr 30 17:34:18 +0000 2013","contributors_enabled":false,"time_zone":"Amsterdam","protected":false,"default_profile":false,"is_translator":false},"geo":null,"in_reply_to_user_id_str":"26032912","lang":"en","created_at":"Mon Dec 15 00:06:45 +0000 2014","in_reply_to_status_id_str":"544282250503012352","place":null},
{"contributors":null,"truncated":false,"text":"@ronanofficial it's terrible shocking very sad situation","in_reply_to_status_id":544282250503012352,"id":544282416861306880,"favorite_count":0,"source":"<a href=\"http://twitter.com/download/iphone\" rel=\"nofollow\">Twitter for iPhone</a>","retweeted":false,"coordinates":null,"entities":{"symbols":[],"user_mentions":[{"id":26032912,"indices":[0,14],"id_str":"26032912","screen_name":"ronanofficial","name":"Ronan Keating"}],"hashtags":[],"urls":[]},"in_reply_to_screen_name":"ronanofficial","id_str":"544282416861306880","retweet_count":0,"in_reply_to_user_id":26032912,"favorited":false,"user":{"follow_request_sent":false,"profile_use_background_image":true,"profile_text_color":"333333","default_profile_image":false,"id":41564728,"profile_background_image_url_https":"https://abs.twimg.com/images/themes/theme1/bg.png","verified":false,"profile_location":null,"profile_image_url_https":"https://pbs.twimg.com/profile_images/517617995984564224/0BG8F-6s_normal.jpeg","profile_sidebar_fill_color":"DDEEF6","entities":{"description":{"urls":[]}},"followers_count":620,"profile_sidebar_border_color":"C0DEED","id_str":"41564728","profile_background_color":"C0DEED","listed_count":5,"is_translation_enabled":false,"utc_offset":39600,"statuses_count":4856,"description":"Rocky You, me or nobody is going to hit as hard as life. But it ain't about how hard you're hit, it is about how hard you can get hit and keep moving forward","friends_count":1088,"location":"australia/england","profile_link_color":"B3002D","profile_image_url":"http://pbs.twimg.com/profile_images/517617995984564224/0BG8F-6s_normal.jpeg","following":false,"geo_enabled":true,"profile_banner_url":"https://pbs.twimg.com/profile_banners/41564728/1414398834","profile_background_image_url":"http://abs.twimg.com/images/themes/theme1/bg.png","name":"Amy Merga","lang":"en","profile_background_tile":false,"favourites_count":370,"screen_name":"aussie250886","notifications":false,"url":null,"created_at":"Thu May 21 10:46:33 +0000 2009","contributors_enabled":false,"time_zone":"Melbourne","protected":false,"default_profile":false,"is_translator":false},"geo":null,"in_reply_to_user_id_str":"26032912","lang":"en","created_at":"Mon Dec 15 00:06:55 +0000 2014","in_reply_to_status_id_str":"544282250503012352","place":null},
{"contributors":null,"truncated":false,"text":"@ronanofficial Just frightening. Hope they all come out safely.","in_reply_to_status_id":544282250503012352,"id":544282419008774144,"favorite_count":0,"source":"<a href=\"http://twitter.com/download/iphone\" rel=\"nofollow\">Twitter for iPhone</a>","retweeted":false,"coordinates":null,"entities":{"symbols":[],"user_mentions":[{"id":26032912,"indices":[0,14],"id_str":"26032912","screen_name":"ronanofficial","name":"Ronan Keating"}],"hashtags":[],"urls":[]},"in_reply_to_screen_name":"ronanofficial","id_str":"544282419008774144","retweet_count":0,"in_reply_to_user_id":26032912,"favorited":false,"user":{"follow_request_sent":false,"profile_use_background_image":true,"profile_text_color":"362720","default_profile_image":false,"id":25047200,"profile_background_image_url_https":"https://pbs.twimg.com/profile_background_images/95711824/hoodie1.jpg","verified":false,"profile_location":null,"profile_image_url_https":"https://pbs.twimg.com/profile_images/558190514697023489/pl_wBBMT_normal.jpeg","profile_sidebar_fill_color":"E5507E","entities":{"url":{"urls":[{"url":"http://t.co/BJK5VfuA6K","indices":[0,22],"expanded_url":"http://www.flowersonmain.com.au","display_url":"flowersonmain.com.au"}]},"description":{"urls":[]}},"followers_count":68,"profile_sidebar_border_color":"CC3366","id_str":"25047200","profile_background_color":"DCA4F4","listed_count":3,"is_translation_enabled":false,"utc_offset":39600,"statuses_count":4620,"description":"Business owner, Mummy,Florist extraordinaire!","friends_count":280,"location":"Melbourne","profile_link_color":"7314D7","profile_image_url":"http://pbs.twimg.com/profile_images/558190514697023489/pl_wBBMT_normal.jpeg","following":false,"geo_enabled":false,"profile_background_image_url":"http://pbs.twimg.com/profile_background_images/95711824/hoodie1.jpg","name":"Cas Clifford","lang":"en","profile_background_tile":true,"favourites_count":87,"screen_name":"CasClifford","notifications":false,"url":"http://t.co/BJK5VfuA6K","created_at":"Wed Mar 18 08:50:51 +0000 2009","contributors_enabled":false,"time_zone":"Melbourne","protected":false,"default_profile":false,"is_translator":false},"geo":null,"in_reply_to_user_id_str":"26032912","lang":"en","created_at":"Mon Dec 15 00:06:55 +0000 2014","in_reply_to_status_id_str":"544282250503012352","place":null},
{"contributors":null,"truncated":false,"text":"@ronanofficial agreed . We are thinking of everyone in sydney right  now . X","in_reply_to_status_id":544282250503012352,"id":544282497794998273,"favorite_count":0,"source":"<a href=\"http://twitter.com/download/iphone\" rel=\"nofollow\">Twitter for iPhone</a>","retweeted":false,"coordinates":null,"entities":{"symbols":[],"user_mentions":[{"id":26032912,"indices":[0,14],"id_str":"26032912","screen_name":"ronanofficial","name":"Ronan Keating"}],"hashtags":[],"urls":[]},"in_reply_to_screen_name":"ronanofficial","id_str":"544282497794998273","retweet_count":0,"in_reply_to_user_id":26032912,"favorited":false,"user":{"follow_request_sent":false,"profile_use_background_image":true,"profile_text_color":"333333","default_profile_image":false,"id":376991028,"profile_background_image_url_https":"https://abs.twimg.com/images/themes/theme1/bg.png","verified":false,"profile_location":null,"profile_image_url_https":"https://pbs.twimg.com/profile_images/443866851614130176/Yh8t-gth_normal.jpeg","profile_sidebar_fill_color":"DDEEF6","entities":{"description":{"urls":[]}},"followers_count":44,"profile_sidebar_border_color":"C0DEED","id_str":"376991028","profile_background_color":"C0DEED","listed_count":0,"is_translation_enabled":false,"utc_offset":3600,"statuses_count":568,"description":"I am very proud to be Irish . I love and support Leitrim GAA, Dan Ewing, Man utd, Home and away, The Braxton Brothers from Home and away,and David Beckham","friends_count":1297,"location":"London / ireland ","profile_link_color":"0084B4","profile_image_url":"http://pbs.twimg.com/profile_images/443866851614130176/Yh8t-gth_normal.jpeg","following":false,"geo_enabled":true,"profile_background_image_url":"http://abs.twimg.com/images/themes/theme1/bg.png","name":"Clare Mollahan","lang":"en","profile_background_tile":false,"favourites_count":217,"screen_name":"ClareMollahan","notifications":false,"url":null,"created_at":"Tue Sep 20 20:48:30 +0000 2011","contributors_enabled":false,"time_zone":"Amsterdam","protected":false,"default_profile":true,"is_translator":false},"geo":null,"in_reply_to_user_id_str":"26032912","lang":"en","created_at":"Mon Dec 15 00:07:14 +0000 2014","in_reply_to_status_id_str":"544282250503012352","place":null},
{"contributors":null,"truncated":false,"text":"@ronanofficial 🙏🙏🙏🙏🙏🙏🙏","in_reply_to_status_id":544282250503012352,"id":544282516388331521,"favorite_count":0,"source":"<a href=\"http://twitter.com/download/iphone\" rel=\"nofollow\">Twitter for iPhone</a>","retweeted":false,"coordinates":null,"entities":{"symbols":[],"user_mentions":[{"id":26032912,"indices":[0,14],"id_str":"26032912","screen_name":"ronanofficial","name":"Ronan Keating"}],"hashtags":[],"urls":[]},"in_reply_to_screen_name":"ronanofficial","id_str":"544282516388331521","retweet_count":0,"in_reply_to_user_id":26032912,"favorited":false,"user":{"follow_request_sent":false,"profile_use_background_image":true,"profile_text_color":"333333","default_profile_image":false,"id":778512260,"profile_background_image_url_https":"https://abs.twimg.com/images/themes/theme1/bg.png","verified":false,"profile_location":null,"profile_image_url_https":"https://pbs.twimg.com/profile_images/524547421578493952/jz16HVkr_normal.jpeg","profile_sidebar_fill_color":"DDEEF6","entities":{"description":{"urls":[]}},"followers_count":651,"profile_sidebar_border_color":"C0DEED","id_str":"778512260","profile_background_color":"C0DEED","listed_count":4,"is_translation_enabled":false,"utc_offset":0,"statuses_count":7848,"description":"Love Music, Reiki and Tea. \nHate Snakes, Snow, Sprouts and Creme Caramel","friends_count":1278,"location":"Ellon, Aberdeenshire, Scotland","profile_link_color":"0084B4","profile_image_url":"http://pbs.twimg.com/profile_images/524547421578493952/jz16HVkr_normal.jpeg","following":false,"geo_enabled":false,"profile_banner_url":"https://pbs.twimg.com/profile_banners/778512260/1391698382","profile_background_image_url":"http://abs.twimg.com/images/themes/theme1/bg.png","name":"Kirsty la Grange","lang":"en","profile_background_tile":false,"favourites_count":32148,"screen_name":"KirstylaGrange","notifications":false,"url":null,"created_at":"Fri Aug 24 16:24:29 +0000 2012","contributors_enabled":false,"time_zone":"London","protected":false,"default_profile":true,"is_translator":false},"geo":null,"in_reply_to_user_id_str":"26032912","lang":"und","created_at":"Mon Dec 15 00:07:18 +0000 2014","in_reply_to_status_id_str":"544282250503012352","place":null},
{"contributors":null,"truncated":false,"text":"@ronanofficial The world has gone mad. Stay safe Sydneysiders. Vx","in_reply_to_status_id":544282250503012352,"id":544282610391080962,"favorite_count":0,"source":"<a href=\"http://twitter.com/#!/download/ipad\" rel=\"nofollow\">Twitter for iPad</a>","retweeted":false,"coordinates":null,"entities":{"symbols":[],"user_mentions":[{"id":26032912,"indices":[0,14],"id_str":"26032912","screen_name":"ronanofficial","name":"Ronan Keating"}],"hashtags":[],"urls":[]},"in_reply_to_screen_name":"ronanofficial","id_str":"544282610391080962","retweet_count":0,"in_reply_to_user_id":26032912,"favorited":false,"user":{"follow_request_sent":false,"profile_use_background_image":true,"profile_text_color":"333333","default_profile_image":false,"id":86769717,"profile_background_image_url_https":"https://abs.twimg.com/images/themes/theme1/bg.png","verified":false,"profile_location":null,"profile_image_url_https":"https://pbs.twimg.com/profile_images/571471774522716160/98_AWp-S_normal.jpeg","profile_sidebar_fill_color":"DDEEF6","entities":{"description":{"urls":[]}},"followers_count":166,"profile_sidebar_border_color":"C0DEED","id_str":"86769717","profile_background_color":"C0DEED","listed_count":1,"is_translation_enabled":false,"utc_offset":0,"statuses_count":1983,"description":"","friends_count":207,"location":"PORT GLASGOW","profile_link_color":"0084B4","profile_image_url":"http://pbs.twimg.com/profile_images/571471774522716160/98_AWp-S_normal.jpeg","following":false,"geo_enabled":false,"profile_background_image_url":"http://abs.twimg.com/images/themes/theme1/bg.png","name":"Vikki Bell","lang":"en","profile_background_tile":false,"favourites_count":18,"screen_name":"Cheekyvikster","notifications":false,"url":null,"created_at":"Sun Nov 01 18:08:01 +0000 2009","contributors_enabled":false,"time_zone":"Edinburgh","protected":false,"default_profile":true,"is_translator":false},"geo":null,"in_reply_to_user_id_str":"26032912","lang":"en","created_at":"Mon Dec 15 00:07:41 +0000 2014","in_reply_to_status_id_str":"544282250503012352","place":null},
{"contributors":null,"truncated":false,"text":"@ronanofficial all my thoughts and my prayers with them","in_reply_to_status_id":544282250503012352,"id":544282662241054723,"favorite_count":0,"source":"<a href=\"http://twitter.com/download/android\" rel=\"nofollow\">Twitter for Android</a>","retweeted":false,"coordinates":null,"entities":{"symbols":[],"user_mentions":[{"id":26032912,"indices":[0,14],"id_str":"26032912","screen_name":"ronanofficial","name":"Ronan Keating"}],"hashtags":[],"urls":[]},"in_reply_to_screen_name":"ronanofficial","id_str":"544282662241054723","retweet_count":0,"in_reply_to_user_id":26032912,"favorited":false,"user":{"follow_request_sent":false,"profile_use_background_image":true,"profile_text_color":"333333","default_profile_image":false,"id":1511522096,"profile_background_image_url_https":"https://abs.twimg.com/images/themes/theme1/bg.png","verified":false,"profile_location":null,"profile_image_url_https":"https://pbs.twimg.com/profile_images/434778293259493376/PzyRxcqc_normal.jpeg","profile_sidebar_fill_color":"DDEEF6","entities":{"description":{"urls":[]}},"followers_count":431,"profile_sidebar_border_color":"C0DEED","id_str":"1511522096","profile_background_color":"C0DEED","listed_count":4,"is_translation_enabled":false,"utc_offset":null,"statuses_count":19790,"description":"RTs are of my interest not endorsement","friends_count":757,"location":"La Serena - Chile","profile_link_color":"0084B4","profile_image_url":"http://pbs.twimg.com/profile_images/434778293259493376/PzyRxcqc_normal.jpeg","following":false,"geo_enabled":true,"profile_banner_url":"https://pbs.twimg.com/profile_banners/1511522096/1376537567","profile_background_image_url":"http://abs.twimg.com/images/themes/theme1/bg.png","name":"Ricardo CL","lang":"es","profile_background_tile":false,"favourites_count":24707,"screen_name":"RcleonRicardo","notifications":false,"url":null,"created_at":"Wed Jun 12 20:14:25 +0000 2013","contributors_enabled":false,"time_zone":null,"protected":false,"default_profile":true,"is_translator":false},"geo":null,"in_reply_to_user_id_str":"26032912","lang":"en","created_at":"Mon Dec 15 00:07:53 +0000 2014","in_reply_to_status_id_str":"544282250503012352","place":null},
{"contributors":null,"truncated":false,"text":"@ronanofficial","in_reply_to_status_id":544282250503012352,"id":544282716867690496,"favorite_count":0,"source":"<a href=\"http://twitter.com/download/android\" rel=\"nofollow\">Twitter for Android</a>","retweeted":false,"coordinates":null,"entities":{"symbols":[],"user_mentions":[{"id":26032912,"indices":[0,14],"id_str":"26032912","screen_name":"ronanofficial","name":"Ronan Keating"}],"hashtags":[],"urls":[]},"in_reply_to_screen_name":"ronanofficial","id_str":"544282716867690496","retweet_count":0,"in_reply_to_user_id":26032912,"favorited":false,"user":{"follow_request_sent":false,"profile_use_background_image":true,"profile_text_color":"333333","default_profile_image":false,"id":1511522096,"profile_background_image_url_https":"https://abs.twimg.com/images/themes/theme1/bg.png","verified":false,"profile_location":null,"profile_image_url_https":"https://pbs.twimg.com/profile_images/434778293259493376/PzyRxcqc_normal.jpeg","profile_sidebar_fill_color":"DDEEF6","entities":{"description":{"urls":[]}},"followers_count":431,"profile_sidebar_border_color":"C0DEED","id_str":"1511522096","profile_background_color":"C0DEED","listed_count":4,"is_translation_enabled":false,"utc_offset":null,"statuses_count":19790,"description":"RTs are of my interest not endorsement","friends_count":757,"location":"La Serena - Chile","profile_link_color":"0084B4","profile_image_url":"http://pbs.twimg.com/profile_images/434778293259493376/PzyRxcqc_normal.jpeg","following":false,"geo_enabled":true,"profile_banner_url":"https://pbs.twimg.com/profile_banners/1511522096/1376537567","profile_background_image_url":"http://abs.twimg.com/images/themes/theme1/bg.png","name":"Ricardo CL","lang":"es","profile_background_tile":false,"favourites_count":24707,"screen_name":"RcleonRicardo","notifications":false,"url":null,"created_at":"Wed Jun 12 20:14:25 +0000 2013","contributors_enabled":false,"time_zone":null,"protected":false,"default_profile":true,"is_translator":false},"geo":null,"in_reply_to_user_id_str":"26032912","lang":"und","created_at":"Mon Dec 15 00:08:06 +0000 2014","in_reply_to_status_id_str":"544282250503012352","place":null},
{"contributors":null,"truncated":false,"text":"“@ronanofficial: Thoughts and prayers with everyone involved in this terrible situation in Sydney right now. #peace”","in_reply_to_status_id":544282250503012352,"id":544282759179821057,"favorite_count":0,"source":"<a href=\"http://itunes.apple.com/us/app/twitter/id409789998?mt=12\" rel=\"nofollow\">Twitter for Mac</a>","retweeted":false,"coordinates":null,"entities":{"symbols":[],"user_mentions":[{"id":26032912,"indices":[1,15],"id_str":"26032912","screen_name":"ronanofficial","name":"Ronan Keating"}],"hashtags":[{"indices":[109,115],"text":"peace"}],"urls":[]},"in_reply_to_screen_name":"ronanofficial","id_str":"544282759179821057","retweet_count":0,"in_reply_to_user_id":26032912,"favorited":false,"user":{"follow_request_sent":false,"profile_use_background_image":true,"profile_text_color":"FFFF00","default_profile_image":false,"id":35646496,"profile_background_image_url_https":"https://pbs.twimg.com/profile_background_images/723143719/d1712611ac8732e77de2fe0022de54da.jpeg","verified":false,"profile_location":null,"profile_image_url_https":"https://pbs.twimg.com/profile_images/589636695525560320/fAx13ko1_normal.jpg","profile_sidebar_fill_color":"FF0000","entities":{"url":{"urls":[{"url":"http://t.co/0fkoBRo4Rc","indices":[0,22],"expanded_url":"http://www.facebook.com/fred.lee.quinn","display_url":"facebook.com/fred.lee.quinn"}]},"description":{"urls":[]}},"followers_count":3588,"profile_sidebar_border_color":"FFFFFF","id_str":"35646496","profile_background_color":"000000","listed_count":67,"is_translation_enabled":false,"utc_offset":-18000,"statuses_count":233502,"description":"Winning since my dad skeeted in my mom....thank God I wasn't swallowed. #Team. #SteelerNation","friends_count":2885,"location":"D[M]V","profile_link_color":"000000","profile_image_url":"http://pbs.twimg.com/profile_images/589636695525560320/fAx13ko1_normal.jpg","following":false,"geo_enabled":true,"profile_banner_url":"https://pbs.twimg.com/profile_banners/35646496/1402067990","profile_background_image_url":"http://pbs.twimg.com/profile_background_images/723143719/d1712611ac8732e77de2fe0022de54da.jpeg","name":"FredLee","lang":"en","profile_background_tile":false,"favourites_count":129,"screen_name":"iFredLee","notifications":false,"url":"http://t.co/0fkoBRo4Rc","created_at":"Mon Apr 27 02:44:27 +0000 2009","contributors_enabled":false,"time_zone":"Eastern Time (US & Canada)","protected":false,"default_profile":false,"is_translator":false},"geo":null,"in_reply_to_user_id_str":"26032912","lang":"en","created_at":"Mon Dec 15 00:08:16 +0000 2014","in_reply_to_status_id_str":"544282250503012352","place":null},
{"contributors":null,"truncated":false,"text":"@ronanofficial praying for them!! We are all brothers and sisters","in_reply_to_status_id":544282250503012352,"id":544282777123033088,"favorite_count":0,"source":"<a href=\"http://twitter.com/download/android\" rel=\"nofollow\">Twitter for Android</a>","retweeted":false,"coordinates":{"type":"Point","coordinates":[-74.1288292,4.624664]},"entities":{"symbols":[],"user_mentions":[{"id":26032912,"indices":[0,14],"id_str":"26032912","screen_name":"ronanofficial","name":"Ronan Keating"}],"hashtags":[],"urls":[]},"in_reply_to_screen_name":"ronanofficial","id_str":"544282777123033088","retweet_count":0,"in_reply_to_user_id":26032912,"favorited":false,"user":{"follow_request_sent":false,"profile_use_background_image":true,"profile_text_color":"333333","default_profile_image":false,"id":68451846,"profile_background_image_url_https":"https://pbs.twimg.com/profile_background_images/437070259166539776/bMF9-x0h.jpeg","verified":false,"profile_location":null,"profile_image_url_https":"https://pbs.twimg.com/profile_images/583038220167974912/tjOjpYr3_normal.jpg","profile_sidebar_fill_color":"F6F6F6","entities":{"description":{"urls":[]}},"followers_count":1267,"profile_sidebar_border_color":"FFFFFF","id_str":"68451846","profile_background_color":"803371","listed_count":6,"is_translation_enabled":false,"utc_offset":-18000,"statuses_count":25756,"description":"For the wages of sin is death;but the gift of God is eternal life through Jesus Christ our Lord Romans 6:23 .......I'm 25 years old ....Rusher/keating","friends_count":1986,"location":"BOGOTA.COLOMBIA","profile_link_color":"6A1380","profile_image_url":"http://pbs.twimg.com/profile_images/583038220167974912/tjOjpYr3_normal.jpg","following":false,"geo_enabled":true,"profile_banner_url":"https://pbs.twimg.com/profile_banners/68451846/1416601324","profile_background_image_url":"http://pbs.twimg.com/profile_background_images/437070259166539776/bMF9-x0h.jpeg","name":"Marcela Gamboa Soto","lang":"es","profile_background_tile":true,"favourites_count":24447,"screen_name":"marcessoto5","notifications":false,"url":null,"created_at":"Mon Aug 24 16:55:02 +0000 2009","contributors_enabled":false,"time_zone":"Bogota","protected":false,"default_profile":false,"is_translator":false},"geo":{"type":"Point","coordinates":[4.624664,-74.1288292]},"in_reply_to_user_id_str":"26032912","lang":"en","created_at":"Mon Dec 15 00:08:21 +0000 2014","in_reply_to_status_id_str":"544282250503012352","place":{"full_name":"Bogotá","url":"https://api.twitter.com/1.1/geo/id/0161be1b3f98d6c3.json","country":"Colombia","place_type":"city","bounding_box":{"type":"Polygon","coordinates":[[[-74.483288999243,3.717432001753],[-74.004052997915,3.717432001753],[-74.004052997915,4.8071350038713],[-74.483288999243,4.8071350038713]]]},"contained_within":[],"country_code":"CO","attributes":{},"id":"0161be1b3f98d6c3","name":"Bogotá"}},
{"contributors":null,"truncated":false,"text":"@ronanofficial  couldn't agree more xx","in_reply_to_status_id":544282250503012352,"id":544283017523765248,"favorite_count":0,"source":"<a href=\"http://twitter.com/download/android\" rel=\"nofollow\">Twitter for Android</a>","retweeted":false,"coordinates":null,"entities":{"symbols":[],"user_mentions":[{"id":26032912,"indices":[0,14],"id_str":"26032912","screen_name":"ronanofficial","name":"Ronan Keating"}],"hashtags":[],"urls":[]},"in_reply_to_screen_name":"ronanofficial","id_str":"544283017523765248","retweet_count":0,"in_reply_to_user_id":26032912,"favorited":false,"user":{"follow_request_sent":false,"profile_use_background_image":true,"profile_text_color":"333333","default_profile_image":false,"id":2605970157,"profile_background_image_url_https":"https://abs.twimg.com/images/themes/theme1/bg.png","verified":false,"profile_location":null,"profile_image_url_https":"https://pbs.twimg.com/profile_images/477399685058289665/l3bjgR7A_normal.jpeg","profile_sidebar_fill_color":"DDEEF6","entities":{"description":{"urls":[]}},"followers_count":23,"profile_sidebar_border_color":"C0DEED","id_str":"2605970157","profile_background_color":"C0DEED","listed_count":0,"is_translation_enabled":false,"utc_offset":null,"statuses_count":211,"description":"","friends_count":73,"location":"nottinghamshire UK ","profile_link_color":"0084B4","profile_image_url":"http://pbs.twimg.com/profile_images/477399685058289665/l3bjgR7A_normal.jpeg","following":false,"geo_enabled":false,"profile_background_image_url":"http://abs.twimg.com/images/themes/theme1/bg.png","name":"Kim Collison","lang":"en","profile_background_tile":false,"favourites_count":312,"screen_name":"kimcollison64","notifications":false,"url":null,"created_at":"Fri Jun 13 10:21:24 +0000 2014","contributors_enabled":false,"time_zone":null,"protected":false,"default_profile":true,"is_translator":false},"geo":null,"in_reply_to_user_id_str":"26032912","lang":"en","created_at":"Mon Dec 15 00:09:18 +0000 2014","in_reply_to_status_id_str":"544282250503012352","place":null},
{"contributors":null,"truncated":false,"text":"@ronanofficial Been following siege at Martin Place in Sydney on Twitter, truly terrible Hope all these innocent people leave safe &amp; well xx","in_reply_to_status_id":544282250503012352,"id":544283299322294273,"favorite_count":0,"source":"<a href=\"http://twitter.com\" rel=\"nofollow\">Twitter Web Client</a>","retweeted":false,"coordinates":null,"entities":{"symbols":[],"user_mentions":[{"id":26032912,"indices":[0,14],"id_str":"26032912","screen_name":"ronanofficial","name":"Ronan Keating"}],"hashtags":[],"urls":[]},"in_reply_to_screen_name":"ronanofficial","id_str":"544283299322294273","retweet_count":0,"in_reply_to_user_id":26032912,"favorited":false,"user":{"follow_request_sent":false,"profile_use_background_image":true,"profile_text_color":"333333","default_profile_image":false,"id":252554838,"profile_background_image_url_https":"https://abs.twimg.com/images/themes/theme1/bg.png","verified":false,"profile_location":null,"profile_image_url_https":"https://pbs.twimg.com/profile_images/378800000049047070/34836cee5cabfc0cb9a059b9f126b162_normal.jpeg","profile_sidebar_fill_color":"DDEEF6","entities":{"description":{"urls":[]}},"followers_count":165,"profile_sidebar_border_color":"C0DEED","id_str":"252554838","profile_background_color":"C0DEED","listed_count":1,"is_translation_enabled":false,"utc_offset":0,"statuses_count":5474,"description":"Love life and warm kind hearted people.","friends_count":261,"location":"Lincolnshire, UK","profile_link_color":"0084B4","profile_image_url":"http://pbs.twimg.com/profile_images/378800000049047070/34836cee5cabfc0cb9a059b9f126b162_normal.jpeg","following":false,"geo_enabled":false,"profile_banner_url":"https://pbs.twimg.com/profile_banners/252554838/1401376094","profile_background_image_url":"http://abs.twimg.com/images/themes/theme1/bg.png","name":"Jacqueline Lawson","lang":"en","profile_background_tile":false,"favourites_count":258,"screen_name":"RonansGirl","notifications":false,"url":null,"created_at":"Tue Feb 15 12:43:00 +0000 2011","contributors_enabled":false,"time_zone":"London","protected":false,"default_profile":true,"is_translator":false},"geo":null,"in_reply_to_user_id_str":"26032912","lang":"en","created_at":"Mon Dec 15 00:10:25 +0000 2014","in_reply_to_status_id_str":"544282250503012352","place":null},
{"contributors":null,"truncated":false,"text":"@ronanofficial Awful - Hoping all involved are safe and manage to go home to their families unharmed... x #GodBless","in_reply_to_status_id":544282250503012352,"id":544283445728657410,"favorite_count":0,"source":"<a href=\"http://twitter.com/download/android\" rel=\"nofollow\">Twitter for Android</a>","retweeted":false,"coordinates":null,"entities":{"symbols":[],"user_mentions":[{"id":26032912,"indices":[0,14],"id_str":"26032912","screen_name":"ronanofficial","name":"Ronan Keating"}],"hashtags":[{"indices":[106,115],"text":"GodBless"}],"urls":[]},"in_reply_to_screen_name":"ronanofficial","id_str":"544283445728657410","retweet_count":0,"in_reply_to_user_id":26032912,"favorited":false,"user":{"follow_request_sent":false,"profile_use_background_image":true,"profile_text_color":"3D1957","default_profile_image":false,"id":27407686,"profile_background_image_url_https":"https://abs.twimg.com/images/themes/theme10/bg.gif","verified":false,"profile_location":null,"profile_image_url_https":"https://pbs.twimg.com/profile_images/448180379481276416/R2Eb_j0T_normal.jpeg","profile_sidebar_fill_color":"7AC3EE","entities":{"description":{"urls":[]}},"followers_count":592,"profile_sidebar_border_color":"65B0DA","id_str":"27407686","profile_background_color":"642D8B","listed_count":1,"is_translation_enabled":false,"utc_offset":0,"statuses_count":20859,"description":"Hardworking Business/Career woman,who loves being impulsive!! Just been on that 'rollercoaster' of life & it's been an incredible experience :-)","friends_count":476,"location":"London & Dublin  ","profile_link_color":"FF0000","profile_image_url":"http://pbs.twimg.com/profile_images/448180379481276416/R2Eb_j0T_normal.jpeg","following":false,"geo_enabled":false,"profile_banner_url":"https://pbs.twimg.com/profile_banners/27407686/1391639181","profile_background_image_url":"http://abs.twimg.com/images/themes/theme10/bg.gif","name":"Lynne Sharples","lang":"en","profile_background_tile":true,"favourites_count":494,"screen_name":"mercedesgirl69","notifications":false,"url":null,"created_at":"Sun Mar 29 10:30:14 +0000 2009","contributors_enabled":false,"time_zone":"London","protected":false,"default_profile":false,"is_translator":false},"geo":null,"in_reply_to_user_id_str":"26032912","lang":"en","created_at":"Mon Dec 15 00:11:00 +0000 2014","in_reply_to_status_id_str":"544282250503012352","place":null},
{"contributors":null,"truncated":false,"text":"@ronanofficial frightening, I'm in the uk and can't sleep through thinking about them x","in_reply_to_status_id":544282250503012352,"id":544283489047412737,"favorite_count":0,"source":"<a href=\"http://twitter.com/download/iphone\" rel=\"nofollow\">Twitter for iPhone</a>","retweeted":false,"coordinates":null,"entities":{"symbols":[],"user_mentions":[{"id":26032912,"indices":[0,14],"id_str":"26032912","screen_name":"ronanofficial","name":"Ronan Keating"}],"hashtags":[],"urls":[]},"in_reply_to_screen_name":"ronanofficial","id_str":"544283489047412737","retweet_count":0,"in_reply_to_user_id":26032912,"favorited":false,"user":{"follow_request_sent":false,"profile_use_background_image":true,"profile_text_color":"000000","default_profile_image":false,"id":151987889,"profile_background_image_url_https":"https://pbs.twimg.com/profile_background_images/593072633/vz2969x6p54tz4jdsfdg.gif","verified":false,"profile_location":null,"profile_image_url_https":"https://pbs.twimg.com/profile_images/513230805590888448/7Lba2XK9_normal.jpeg","profile_sidebar_fill_color":"8CB6BD","entities":{"description":{"urls":[]}},"followers_count":416,"profile_sidebar_border_color":"FFFFFF","id_str":"151987889","profile_background_color":"FF66C9","listed_count":5,"is_translation_enabled":false,"utc_offset":3600,"statuses_count":38222,"description":"My Inspiration @OfficialRoycey!! Much Love for @GBarlowOfficial!! Mummy of 4 Beauts!!!! Simon Cowell said i Look Great for 28 (now 28+2)!","friends_count":468,"location":"Coventry UK","profile_link_color":"B40B43","profile_image_url":"http://pbs.twimg.com/profile_images/513230805590888448/7Lba2XK9_normal.jpeg","following":false,"geo_enabled":true,"profile_banner_url":"https://pbs.twimg.com/profile_banners/151987889/1380502222","profile_background_image_url":"http://pbs.twimg.com/profile_background_images/593072633/vz2969x6p54tz4jdsfdg.gif","name":"Heather","lang":"en","profile_background_tile":true,"favourites_count":606,"screen_name":"About_Time_Too","notifications":false,"url":null,"created_at":"Fri Jun 04 19:40:23 +0000 2010","contributors_enabled":false,"time_zone":"Amsterdam","protected":false,"default_profile":false,"is_translator":false},"geo":null,"in_reply_to_user_id_str":"26032912","lang":"en","created_at":"Mon Dec 15 00:11:10 +0000 2014","in_reply_to_status_id_str":"544282250503012352","place":null},
{"contributors":null,"truncated":false,"text":"@ronanofficial @StormUechtritz scary stuff. I'm pleased to be at work out of the city today. Praying everyone makes it out safe soon","in_reply_to_status_id":544282250503012352,"id":544283572689854464,"favorite_count":0,"source":"<a href=\"http://twitter.com/download/iphone\" rel=\"nofollow\">Twitter for iPhone</a>","retweeted":false,"coordinates":null,"entities":{"symbols":[],"user_mentions":[{"id":26032912,"indices":[0,14],"id_str":"26032912","screen_name":"ronanofficial","name":"Ronan Keating"},{"id":151232219,"indices":[15,30],"id_str":"151232219","screen_name":"StormUechtritz","name":"Storm Uechtritz"}],"hashtags":[],"urls":[]},"in_reply_to_screen_name":"ronanofficial","id_str":"544283572689854464","retweet_count":0,"in_reply_to_user_id":26032912,"favorited":false,"user":{"follow_request_sent":false,"profile_use_background_image":true,"profile_text_color":"362720","default_profile_image":false,"id":20271893,"profile_background_image_url_https":"https://pbs.twimg.com/profile_background_images/44311496/Project1.jpg","verified":false,"profile_location":null,"profile_image_url_https":"https://pbs.twimg.com/profile_images/587593142288789505/lOto3XJr_normal.jpg","profile_sidebar_fill_color":"FAFAFA","entities":{"description":{"urls":[]}},"followers_count":525,"profile_sidebar_border_color":"CC3366","id_str":"20271893","profile_background_color":"FF6699","listed_count":13,"is_translation_enabled":false,"utc_offset":0,"statuses_count":33425,"description":"","friends_count":553,"location":"Sydney Australia via Essex UK","profile_link_color":"B40B43","profile_image_url":"http://pbs.twimg.com/profile_images/587593142288789505/lOto3XJr_normal.jpg","following":false,"geo_enabled":false,"profile_banner_url":"https://pbs.twimg.com/profile_banners/20271893/1411427325","profile_background_image_url":"http://pbs.twimg.com/profile_background_images/44311496/Project1.jpg","name":"Su Berry","lang":"en","profile_background_tile":true,"favourites_count":1201,"screen_name":"supergirlsu","notifications":false,"url":null,"created_at":"Fri Feb 06 21:04:23 +0000 2009","contributors_enabled":false,"time_zone":"London","protected":false,"default_profile":false,"is_translator":false},"geo":null,"in_reply_to_user_id_str":"26032912","lang":"en","created_at":"Mon Dec 15 00:11:30 +0000 2014","in_reply_to_status_id_str":"544282250503012352","place":null},
{"contributors":null,"truncated":false,"text":"@ronanofficial keeping everyone in my prayers.. So scary","in_reply_to_status_id":544282250503012352,"id":544284235125633024,"favorite_count":0,"source":"<a href=\"http://twitter.com/download/iphone\" rel=\"nofollow\">Twitter for iPhone</a>","retweeted":false,"coordinates":null,"entities":{"symbols":[],"user_mentions":[{"id":26032912,"indices":[0,14],"id_str":"26032912","screen_name":"ronanofficial","name":"Ronan Keating"}],"hashtags":[],"urls":[]},"in_reply_to_screen_name":"ronanofficial","id_str":"544284235125633024","retweet_count":0,"in_reply_to_user_id":26032912,"favorited":false,"user":{"follow_request_sent":false,"profile_use_background_image":true,"profile_text_color":"AC6B85","default_profile_image":false,"id":1636526718,"profile_background_image_url_https":"https://pbs.twimg.com/profile_background_images/378800000096379918/b73c2a4ae06caa0c7938827d78608b19.png","verified":false,"profile_location":null,"profile_image_url_https":"https://pbs.twimg.com/profile_images/532815699782012928/wC_r7r8W_normal.jpeg","profile_sidebar_fill_color":"911F3C","entities":{"description":{"urls":[]}},"followers_count":22,"profile_sidebar_border_color":"341519","id_str":"1636526718","profile_background_color":"FBECDD","listed_count":0,"is_translation_enabled":false,"utc_offset":null,"statuses_count":736,"description":"","friends_count":102,"location":"","profile_link_color":"CF98B0","profile_image_url":"http://pbs.twimg.com/profile_images/532815699782012928/wC_r7r8W_normal.jpeg","following":false,"geo_enabled":true,"profile_background_image_url":"http://pbs.twimg.com/profile_background_images/378800000096379918/b73c2a4ae06caa0c7938827d78608b19.png","name":"Steph Cooke","lang":"en","profile_background_tile":true,"favourites_count":51,"screen_name":"Xoxoxostephxox","notifications":false,"url":null,"created_at":"Wed Jul 31 22:36:51 +0000 2013","contributors_enabled":false,"time_zone":null,"protected":false,"default_profile":false,"is_translator":false},"geo":null,"in_reply_to_user_id_str":"26032912","lang":"en","created_at":"Mon Dec 15 00:14:08 +0000 2014","in_reply_to_status_id_str":"544282250503012352","place":null},
{"contributors":null,"truncated":false,"text":"@ronanofficial The world has gone mad hope they get out safe x","in_reply_to_status_id":544282250503012352,"id":544284316902359040,"favorite_count":0,"source":"<a href=\"https://mobile.twitter.com\" rel=\"nofollow\">Mobile Web (M2)</a>","retweeted":false,"coordinates":null,"entities":{"symbols":[],"user_mentions":[{"id":26032912,"indices":[0,14],"id_str":"26032912","screen_name":"ronanofficial","name":"Ronan Keating"}],"hashtags":[],"urls":[]},"in_reply_to_screen_name":"ronanofficial","id_str":"544284316902359040","retweet_count":0,"in_reply_to_user_id":26032912,"favorited":false,"user":{"follow_request_sent":false,"profile_use_background_image":true,"profile_text_color":"333333","default_profile_image":false,"id":83836980,"profile_background_image_url_https":"https://pbs.twimg.com/profile_background_images/573033451/3ovjlxwbnl3qr6ah6i86.jpeg","verified":false,"profile_location":null,"profile_image_url_https":"https://pbs.twimg.com/profile_images/577581208994889728/lLgLrmyD_normal.jpeg","profile_sidebar_fill_color":"DDEEF6","entities":{"description":{"urls":[]}},"followers_count":1374,"profile_sidebar_border_color":"FFFFFF","id_str":"83836980","profile_background_color":"C1E3EB","listed_count":12,"is_translation_enabled":false,"utc_offset":0,"statuses_count":25741,"description":"","friends_count":174,"location":"swinton rotherham ","profile_link_color":"0084B4","profile_image_url":"http://pbs.twimg.com/profile_images/577581208994889728/lLgLrmyD_normal.jpeg","following":false,"geo_enabled":true,"profile_banner_url":"https://pbs.twimg.com/profile_banners/83836980/1402266515","profile_background_image_url":"http://pbs.twimg.com/profile_background_images/573033451/3ovjlxwbnl3qr6ah6i86.jpeg","name":"KerryBoyzoneFan","lang":"en","profile_background_tile":true,"favourites_count":244,"screen_name":"KERRYBOYZONEFAN","notifications":false,"url":null,"created_at":"Tue Oct 20 12:52:05 +0000 2009","contributors_enabled":false,"time_zone":"London","protected":false,"default_profile":false,"is_translator":false},"geo":null,"in_reply_to_user_id_str":"26032912","lang":"en","created_at":"Mon Dec 15 00:14:28 +0000 2014","in_reply_to_status_id_str":"544282250503012352","place":null},
{"contributors":null,"truncated":false,"text":"@ronanofficial  waiting for news of family in Sydney will wait up till we hear. So worrying. Hoping for the safety of all involved.","in_reply_to_status_id":544282250503012352,"id":544287258988535809,"favorite_count":0,"source":"<a href=\"https://mobile.twitter.com\" rel=\"nofollow\">Mobile Web (M5)</a>","retweeted":false,"coordinates":null,"entities":{"symbols":[],"user_mentions":[{"id":26032912,"indices":[0,14],"id_str":"26032912","screen_name":"ronanofficial","name":"Ronan Keating"}],"hashtags":[],"urls":[]},"in_reply_to_screen_name":"ronanofficial","id_str":"544287258988535809","retweet_count":0,"in_reply_to_user_id":26032912,"favorited":false,"user":{"follow_request_sent":false,"profile_use_background_image":true,"profile_text_color":"333333","default_profile_image":false,"id":1022990568,"profile_background_image_url_https":"https://abs.twimg.com/images/themes/theme1/bg.png","verified":false,"profile_location":null,"profile_image_url_https":"https://pbs.twimg.com/profile_images/544248379954327553/Wz7pA2Ic_normal.jpeg","profile_sidebar_fill_color":"DDEEF6","entities":{"description":{"urls":[]}},"followers_count":2,"profile_sidebar_border_color":"C0DEED","id_str":"1022990568","profile_background_color":"C0DEED","listed_count":0,"is_translation_enabled":false,"utc_offset":0,"statuses_count":7,"description":"","friends_count":4,"location":"","profile_link_color":"0084B4","profile_image_url":"http://pbs.twimg.com/profile_images/544248379954327553/Wz7pA2Ic_normal.jpeg","following":false,"geo_enabled":false,"profile_background_image_url":"http://abs.twimg.com/images/themes/theme1/bg.png","name":"wenwilliams","lang":"en","profile_background_tile":false,"favourites_count":0,"screen_name":"wenvwill","notifications":false,"url":null,"created_at":"Wed Dec 19 22:17:33 +0000 2012","contributors_enabled":false,"time_zone":"London","protected":false,"default_profile":true,"is_translator":false},"geo":null,"in_reply_to_user_id_str":"26032912","lang":"en","created_at":"Mon Dec 15 00:26:09 +0000 2014","in_reply_to_status_id_str":"544282250503012352","place":null},
{"contributors":null,"truncated":false,"text":"@KERRYBOYZONEFAN just been watching it on line via channel9 they don't have a good reputation ..my blood runs cold when they got hostages","in_reply_to_status_id":544284316902359040,"id":544287846472110081,"favorite_count":0,"source":"<a href=\"http://www.tweetcaster.com\" rel=\"nofollow\">TweetCaster for Android</a>","retweeted":false,"coordinates":null,"entities":{"symbols":[],"user_mentions":[{"id":83836980,"indices":[0,16],"id_str":"83836980","screen_name":"KERRYBOYZONEFAN","name":"KerryBoyzoneFan"}],"hashtags":[],"urls":[]},"in_reply_to_screen_name":"KERRYBOYZONEFAN","id_str":"544287846472110081","retweet_count":0,"in_reply_to_user_id":83836980,"favorited":false,"user":{"follow_request_sent":false,"profile_use_background_image":true,"profile_text_color":"333333","default_profile_image":false,"id":45351800,"profile_background_image_url_https":"https://abs.twimg.com/images/themes/theme1/bg.png","verified":false,"profile_location":null,"profile_image_url_https":"https://pbs.twimg.com/profile_images/502615953654685696/OdkyBIqb_normal.jpeg","profile_sidebar_fill_color":"DDEEF6","entities":{"description":{"urls":[]}},"followers_count":63,"profile_sidebar_border_color":"C0DEED","id_str":"45351800","profile_background_color":"C0DEED","listed_count":0,"is_translation_enabled":false,"utc_offset":null,"statuses_count":517,"description":"used to work with cf patients.love my family and friends. And 1 day I WILL meet boyzone !!!! its on my bucket list.IAm a CANCER SURVIVOR !!","friends_count":238,"location":"Sheffield UK","profile_link_color":"0084B4","profile_image_url":"http://pbs.twimg.com/profile_images/502615953654685696/OdkyBIqb_normal.jpeg","following":false,"geo_enabled":false,"profile_banner_url":"https://pbs.twimg.com/profile_banners/45351800/1413324305","profile_background_image_url":"http://abs.twimg.com/images/themes/theme1/bg.png","name":"sharon hill","lang":"en","profile_background_tile":false,"favourites_count":4,"screen_name":"shazronan","notifications":false,"url":null,"created_at":"Sun Jun 07 14:55:31 +0000 2009","contributors_enabled":false,"time_zone":null,"protected":false,"default_profile":true,"is_translator":false},"geo":null,"in_reply_to_user_id_str":"83836980","lang":"en","created_at":"Mon Dec 15 00:28:29 +0000 2014","in_reply_to_status_id_str":"544284316902359040","place":null}
]