{"contributors":null,"truncated":false,"text":"If the black flag seems familiar,it's because it was also flying during Gaza protests in Sydney that went unnoticed. http:\/\/t.co\/DE8zWJ9mHX","in_reply_to_status_id":null,"id":544298959993200640,"favorite_count":322,"source":"<a href=\"http:\/\/twitter.com\" rel=\"nofollow\">Twitter Web Client<\/a>","retweeted":false,"coordinates":null,"entities":{"symbols":[],"user_mentions":[],"hashtags":[],"urls":[],"media":[{"expanded_url":"http:\/\/twitter.com\/martydownunder\/status\/544298959993200640\/photo\/1","display_url":"pic.twitter.com\/DE8zWJ9mHX","url":"http:\/\/t.co\/DE8zWJ9mHX","media_url_https":"https:\/\/pbs.twimg.com\/media\/B429BN7CcAA5YEP.jpg","id_str":"544298958596501504","sizes":{"small":{"h":226,"resize":"fit","w":340},"large":{"h":396,"resize":"fit","w":594},"medium":{"h":396,"resize":"fit","w":594},"thumb":{"h":150,"resize":"crop","w":150}},"indices":[117,139],"type":"photo","id":544298958596501504,"media_url":"http:\/\/pbs.twimg.com\/media\/B429BN7CcAA5YEP.jpg"}]},"in_reply_to_screen_name":null,"id_str":"544298959993200640","retweet_count":956,"in_reply_to_user_id":null,"favorited":false,"user":{"follow_request_sent":false,"profile_use_background_image":true,"profile_text_color":"333333","default_profile_image":false,"id":17984709,"profile_background_image_url_https":"https:\/\/pbs.twimg.com\/profile_background_images\/476972084422131712\/MArdO6IM.jpeg","verified":false,"profile_location":null,"profile_image_url_https":"https:\/\/pbs.twimg.com\/profile_images\/2679181709\/3db208bd1aad837880029708469886a7_normal.jpeg","profile_sidebar_fill_color":"EFEFEF","entities":{"description":{"urls":[]}},"followers_count":740,"profile_sidebar_border_color":"FFFFFF","id_str":"17984709","profile_background_color":"131516","listed_count":5,"is_translation_enabled":false,"utc_offset":-36000,"statuses_count":22074,"description":"","friends_count":1545,"location":"","profile_link_color":"192E96","profile_image_url":"http:\/\/pbs.twimg.com\/profile_images\/2679181709\/3db208bd1aad837880029708469886a7_normal.jpeg","following":false,"geo_enabled":true,"profile_banner_url":"https:\/\/pbs.twimg.com\/profile_banners\/17984709\/1355553096","profile_background_image_url":"http:\/\/pbs.twimg.com\/profile_background_images\/476972084422131712\/MArdO6IM.jpeg","name":"Martydownunder","lang":"en","profile_background_tile":true,"favourites_count":265,"screen_name":"martydownunder","notifications":false,"url":null,"created_at":"Tue Dec 09 05:10:02 +0000 2008","contributors_enabled":false,"time_zone":"Hawaii","protected":false,"default_profile":false,"is_translator":false},"geo":null,"in_reply_to_user_id_str":null,"possibly_sensitive":false,"lang":"en","created_at":"Mon Dec 15 01:12:39 +0000 2014","in_reply_to_status_id_str":null,"place":null,"extended_entities":{"media":[{"expanded_url":"http:\/\/twitter.com\/martydownunder\/status\/544298959993200640\/photo\/1","display_url":"pic.twitter.com\/DE8zWJ9mHX","url":"http:\/\/t.co\/DE8zWJ9mHX","media_url_https":"https:\/\/pbs.twimg.com\/media\/B429BN7CcAA5YEP.jpg","id_str":"544298958596501504","sizes":{"small":{"h":226,"resize":"fit","w":340},"large":{"h":396,"resize":"fit","w":594},"medium":{"h":396,"resize":"fit","w":594},"thumb":{"h":150,"resize":"crop","w":150}},"indices":[117,139],"type":"photo","id":544298958596501504,"media_url":"http:\/\/pbs.twimg.com\/media\/B429BN7CcAA5YEP.jpg"}]}}