{"contributors":null,"truncated":false,"text":"Gunman takes several hostages in Sydney cafe, parades Islamic militants' flag in window. Opera House also evacuated. http:\/\/t.co\/uatZQpAsOS","in_reply_to_status_id":null,"id":544284455909998592,"favorite_count":9,"source":"<a href=\"http:\/\/twitter.com\/download\/iphone\" rel=\"nofollow\">Twitter for iPhone<\/a>","retweeted":false,"coordinates":null,"entities":{"symbols":[],"user_mentions":[],"hashtags":[],"urls":[],"media":[{"expanded_url":"http:\/\/twitter.com\/Channel4News\/status\/544284455909998592\/photo\/1","display_url":"pic.twitter.com\/uatZQpAsOS","url":"http:\/\/t.co\/uatZQpAsOS","media_url_https":"https:\/\/pbs.twimg.com\/media\/B42v0xMIgAAukQx.jpg","id_str":"544284451073982464","sizes":{"large":{"h":341,"resize":"fit","w":598},"small":{"h":193,"resize":"fit","w":340},"medium":{"h":341,"resize":"fit","w":598},"thumb":{"h":150,"resize":"crop","w":150}},"indices":[117,139],"type":"photo","id":544284451073982464,"media_url":"http:\/\/pbs.twimg.com\/media\/B42v0xMIgAAukQx.jpg"}]},"in_reply_to_screen_name":null,"id_str":"544284455909998592","retweet_count":131,"in_reply_to_user_id":null,"favorited":false,"user":{"follow_request_sent":false,"profile_use_background_image":true,"profile_text_color":"333333","default_profile_image":false,"id":14569869,"profile_background_image_url_https":"https:\/\/pbs.twimg.com\/profile_background_images\/169626161\/c4twitterfade2.JPG","verified":true,"profile_location":null,"profile_image_url_https":"https:\/\/pbs.twimg.com\/profile_images\/378800000346925885\/dc61c359015ca22c6993b3e60c25c8b5_normal.jpeg","profile_sidebar_fill_color":"FAF0F6","entities":{"url":{"urls":[{"url":"http:\/\/t.co\/YO0ZZvoyrC","indices":[0,22],"expanded_url":"http:\/\/www.channel4.com\/news","display_url":"channel4.com\/news"}]},"description":{"urls":[{"url":"http:\/\/t.co\/tizbhReDbK","indices":[117,139],"expanded_url":"http:\/\/youtube.com\/Channel4News","display_url":"youtube.com\/Channel4News"}]}},"followers_count":514418,"profile_sidebar_border_color":"FFFFFF","id_str":"14569869","profile_background_color":"FFFFFF","listed_count":6541,"is_translation_enabled":false,"utc_offset":0,"statuses_count":65800,"description":"Analysis from our newsroom of experts, exclusive stories & breaking news. Join us via #c4news. Watch our best video: http:\/\/t.co\/tizbhReDbK","friends_count":3050,"location":"Weekdays at 7 on Channel 4","profile_link_color":"CC3366","profile_image_url":"http:\/\/pbs.twimg.com\/profile_images\/378800000346925885\/dc61c359015ca22c6993b3e60c25c8b5_normal.jpeg","following":false,"geo_enabled":true,"profile_banner_url":"https:\/\/pbs.twimg.com\/profile_banners\/14569869\/1395315449","profile_background_image_url":"http:\/\/pbs.twimg.com\/profile_background_images\/169626161\/c4twitterfade2.JPG","name":"Channel 4 News","lang":"en","profile_background_tile":false,"favourites_count":78,"screen_name":"Channel4News","notifications":false,"url":"http:\/\/t.co\/YO0ZZvoyrC","created_at":"Mon Apr 28 14:29:37 +0000 2008","contributors_enabled":false,"time_zone":"London","protected":false,"default_profile":false,"is_translator":false},"geo":null,"in_reply_to_user_id_str":null,"possibly_sensitive":false,"lang":"en","created_at":"Mon Dec 15 00:15:01 +0000 2014","in_reply_to_status_id_str":null,"place":null,"extended_entities":{"media":[{"expanded_url":"http:\/\/twitter.com\/Channel4News\/status\/544284455909998592\/photo\/1","display_url":"pic.twitter.com\/uatZQpAsOS","url":"http:\/\/t.co\/uatZQpAsOS","media_url_https":"https:\/\/pbs.twimg.com\/media\/B42v0xMIgAAukQx.jpg","id_str":"544284451073982464","sizes":{"large":{"h":341,"resize":"fit","w":598},"small":{"h":193,"resize":"fit","w":340},"medium":{"h":341,"resize":"fit","w":598},"thumb":{"h":150,"resize":"crop","w":150}},"indices":[117,139],"type":"photo","id":544284451073982464,"media_url":"http:\/\/pbs.twimg.com\/media\/B42v0xMIgAAukQx.jpg"},{"expanded_url":"http:\/\/twitter.com\/Channel4News\/status\/544284455909998592\/photo\/1","display_url":"pic.twitter.com\/uatZQpAsOS","url":"http:\/\/t.co\/uatZQpAsOS","media_url_https":"https:\/\/pbs.twimg.com\/media\/B42v0xLIEAAVjzc.jpg","id_str":"544284451069759488","sizes":{"small":{"h":225,"resize":"fit","w":340},"large":{"h":398,"resize":"fit","w":599},"medium":{"h":398,"resize":"fit","w":599},"thumb":{"h":150,"resize":"crop","w":150}},"indices":[117,139],"type":"photo","id":544284451069759488,"media_url":"http:\/\/pbs.twimg.com\/media\/B42v0xLIEAAVjzc.jpg"}]}}