{"contributors":null,"truncated":false,"text":"BREAKING: Hostages taken in central #Sydney caf\u00e9, jihadist flag held against window http:\/\/t.co\/7hJUmKz1eY http:\/\/t.co\/TeK7ZjFHm6","in_reply_to_status_id":null,"id":544285296565948416,"favorite_count":123,"source":"<a href=\"https:\/\/about.twitter.com\/products\/tweetdeck\" rel=\"nofollow\">TweetDeck<\/a>","retweeted":false,"coordinates":null,"entities":{"symbols":[],"media":[{"expanded_url":"http:\/\/twitter.com\/RT_com\/status\/544285296565948416\/photo\/1","display_url":"pic.twitter.com\/TeK7ZjFHm6","url":"http:\/\/t.co\/TeK7ZjFHm6","media_url_https":"https:\/\/pbs.twimg.com\/media\/B42uliVCIAEC_uo.jpg","id_str":"544283089875116033","sizes":{"large":{"h":337,"resize":"fit","w":600},"small":{"h":190,"resize":"fit","w":340},"medium":{"h":337,"resize":"fit","w":600},"thumb":{"h":150,"resize":"crop","w":150}},"indices":[107,129],"type":"photo","id":544283089875116033,"media_url":"http:\/\/pbs.twimg.com\/media\/B42uliVCIAEC_uo.jpg"}],"hashtags":[{"indices":[36,43],"text":"Sydney"}],"user_mentions":[],"trends":[],"urls":[{"url":"http:\/\/t.co\/7hJUmKz1eY","indices":[84,106],"expanded_url":"http:\/\/RT.COM","display_url":"RT.COM"}]},"in_reply_to_screen_name":null,"id_str":"544285296565948416","retweet_count":814,"in_reply_to_user_id":null,"favorited":false,"user":{"follow_request_sent":null,"profile_use_background_image":true,"default_profile_image":false,"id":64643056,"verified":true,"profile_image_url_https":"https:\/\/pbs.twimg.com\/profile_images\/423103093069205504\/eTXULFRS_normal.png","profile_sidebar_fill_color":"EBEBEB","profile_text_color":"000000","followers_count":824420,"profile_sidebar_border_color":"FFFFFF","id_str":"64643056","profile_background_color":"1D1D1D","listed_count":13368,"profile_background_image_url_https":"https:\/\/pbs.twimg.com\/profile_background_images\/448107225769193472\/16jIvlg2.jpeg","utc_offset":14400,"statuses_count":102584,"description":"RT, the global news network, broadcasts from Moscow, London and Washington studios to over 100 countries.","friends_count":460,"location":"","profile_link_color":"3D990F","profile_image_url":"http:\/\/pbs.twimg.com\/profile_images\/423103093069205504\/eTXULFRS_normal.png","following":null,"geo_enabled":false,"profile_banner_url":"https:\/\/pbs.twimg.com\/profile_banners\/64643056\/1409741388","profile_background_image_url":"http:\/\/pbs.twimg.com\/profile_background_images\/448107225769193472\/16jIvlg2.jpeg","name":"RT","lang":"en","profile_background_tile":false,"favourites_count":23,"screen_name":"RT_com","notifications":null,"url":"http:\/\/RT.com","created_at":"Tue Aug 11 06:12:45 +0000 2009","contributors_enabled":false,"time_zone":"Moscow","protected":false,"default_profile":false,"is_translator":false},"geo":null,"in_reply_to_user_id_str":null,"possibly_sensitive":false,"lang":"en","created_at":"Mon Dec 15 00:18:21 +0000 2014","filter_level":"low","in_reply_to_status_id_str":null,"place":null,"extended_entities":{"media":[{"expanded_url":"http:\/\/twitter.com\/RT_com\/status\/544285296565948416\/photo\/1","display_url":"pic.twitter.com\/TeK7ZjFHm6","url":"http:\/\/t.co\/TeK7ZjFHm6","media_url_https":"https:\/\/pbs.twimg.com\/media\/B42uliVCIAEC_uo.jpg","id_str":"544283089875116033","sizes":{"large":{"h":337,"resize":"fit","w":600},"small":{"h":190,"resize":"fit","w":340},"medium":{"h":337,"resize":"fit","w":600},"thumb":{"h":150,"resize":"crop","w":150}},"indices":[107,129],"type":"photo","id":544283089875116033,"media_url":"http:\/\/pbs.twimg.com\/media\/B42uliVCIAEC_uo.jpg"}]}}