{"contributors":null,"truncated":false,"text":"Terrifying photo of hostages in Martin Place in Sydney, being held by men waving an ISIS flag http:\/\/t.co\/6ozBRQVNlG","in_reply_to_status_id":null,"id":544269997745242112,"favorite_count":120,"source":"<a href=\"http:\/\/twitter.com\/download\/iphone\" rel=\"nofollow\">Twitter for iPhone<\/a>","retweeted":false,"coordinates":null,"entities":{"symbols":[],"user_mentions":[],"hashtags":[],"urls":[],"media":[{"expanded_url":"http:\/\/twitter.com\/tomsteinfort\/status\/544269997745242112\/photo\/1","display_url":"pic.twitter.com\/6ozBRQVNlG","url":"http:\/\/t.co\/6ozBRQVNlG","media_url_https":"https:\/\/pbs.twimg.com\/media\/B42iqh-CMAISWd1.jpg","id_str":"544269981538463746","sizes":{"large":{"h":480,"resize":"fit","w":640},"small":{"h":255,"resize":"fit","w":340},"medium":{"h":450,"resize":"fit","w":600},"thumb":{"h":150,"resize":"crop","w":150}},"indices":[94,116],"type":"photo","id":544269981538463746,"media_url":"http:\/\/pbs.twimg.com\/media\/B42iqh-CMAISWd1.jpg"}]},"in_reply_to_screen_name":null,"id_str":"544269997745242112","retweet_count":709,"in_reply_to_user_id":null,"favorited":false,"user":{"follow_request_sent":false,"profile_use_background_image":true,"profile_text_color":"333333","default_profile_image":false,"id":25777812,"profile_background_image_url_https":"https:\/\/pbs.twimg.com\/profile_background_images\/368880835\/60057_488957083832_607303832_6785406_4687517_n.jpg","verified":true,"profile_location":null,"profile_image_url_https":"https:\/\/pbs.twimg.com\/profile_images\/582165760728023040\/k5rw5RLj_normal.jpg","profile_sidebar_fill_color":"DDEEF6","entities":{"url":{"urls":[{"url":"http:\/\/t.co\/F9B7rH3PfV","indices":[0,22],"expanded_url":"http:\/\/www.9news.com.au\/meet-the-team\/sydney\/tom-steinfort","display_url":"9news.com.au\/meet-the-team\/\u2026"}]},"description":{"urls":[]}},"followers_count":15079,"profile_sidebar_border_color":"C0DEED","id_str":"25777812","profile_background_color":"C0DEED","listed_count":228,"is_translation_enabled":false,"utc_offset":39600,"statuses_count":675,"description":"Journalist at Channel Nine Australia, seen on @9NewsAUS \/ @thetodayshow \/ @9InsideStory","friends_count":391,"location":"Bondi Beach","profile_link_color":"0084B4","profile_image_url":"http:\/\/pbs.twimg.com\/profile_images\/582165760728023040\/k5rw5RLj_normal.jpg","following":false,"geo_enabled":false,"profile_banner_url":"https:\/\/pbs.twimg.com\/profile_banners\/25777812\/1378347091","profile_background_image_url":"http:\/\/pbs.twimg.com\/profile_background_images\/368880835\/60057_488957083832_607303832_6785406_4687517_n.jpg","name":"Tom Steinfort","lang":"en","profile_background_tile":true,"favourites_count":6182,"screen_name":"tomsteinfort","notifications":false,"url":"http:\/\/t.co\/F9B7rH3PfV","created_at":"Sun Mar 22 04:01:04 +0000 2009","contributors_enabled":false,"time_zone":"Melbourne","protected":false,"default_profile":false,"is_translator":false},"geo":null,"in_reply_to_user_id_str":null,"possibly_sensitive":false,"lang":"en","created_at":"Sun Dec 14 23:17:34 +0000 2014","in_reply_to_status_id_str":null,"place":null,"extended_entities":{"media":[{"expanded_url":"http:\/\/twitter.com\/tomsteinfort\/status\/544269997745242112\/photo\/1","display_url":"pic.twitter.com\/6ozBRQVNlG","url":"http:\/\/t.co\/6ozBRQVNlG","media_url_https":"https:\/\/pbs.twimg.com\/media\/B42iqh-CMAISWd1.jpg","id_str":"544269981538463746","sizes":{"large":{"h":480,"resize":"fit","w":640},"small":{"h":255,"resize":"fit","w":340},"medium":{"h":450,"resize":"fit","w":600},"thumb":{"h":150,"resize":"crop","w":150}},"indices":[94,116],"type":"photo","id":544269981538463746,"media_url":"http:\/\/pbs.twimg.com\/media\/B42iqh-CMAISWd1.jpg"}]}}