[{"contributors":null,"truncated":false,"text":"RT @9NewsSyd: Reports a gunman is requesting to speak to Australian leaders on live radio, as specialist officers work to make contact.","in_reply_to_status_id":544296096244441089,"id":544296272765915136,"favorite_count":2,"source":"<a href=\"http://twitter.com/download/iphone\" rel=\"nofollow\">Twitter for iPhone</a>","retweeted":false,"coordinates":null,"entities":{"symbols":[],"user_mentions":[{"id":171802941,"indices":[3,12],"id_str":"171802941","screen_name":"9NewsSyd","name":"Nine News Sydney"}],"hashtags":[],"urls":[]},"in_reply_to_screen_name":"9NewsSyd","id_str":"544296272765915136","retweet_count":3,"in_reply_to_user_id":171802941,"favorited":false,"user":{"follow_request_sent":false,"profile_use_background_image":true,"profile_text_color":"333333","default_profile_image":false,"id":187815608,"profile_background_image_url_https":"https://abs.twimg.com/images/themes/theme6/bg.gif","verified":true,"profile_location":null,"profile_image_url_https":"https://pbs.twimg.com/profile_images/565775746392551424/jrR7_LxS_normal.jpeg","profile_sidebar_fill_color":"A0C5C7","entities":{"description":{"urls":[]}},"followers_count":3500,"profile_sidebar_border_color":"86A4A6","id_str":"187815608","profile_background_color":"709397","listed_count":92,"is_translation_enabled":false,"utc_offset":39600,"statuses_count":6198,"description":"Court reporter for @9NewsAUS","friends_count":1182,"location":"Sydney","profile_link_color":"FF3300","profile_image_url":"http://pbs.twimg.com/profile_images/565775746392551424/jrR7_LxS_normal.jpeg","following":false,"geo_enabled":true,"profile_banner_url":"https://pbs.twimg.com/profile_banners/187815608/1402622663","profile_background_image_url":"http://abs.twimg.com/images/themes/theme6/bg.gif","name":"Kelly Fedor","lang":"en","profile_background_tile":false,"favourites_count":247,"screen_name":"KellyFedor","notifications":false,"url":null,"created_at":"Tue Sep 07 06:23:54 +0000 2010","contributors_enabled":false,"time_zone":"Sydney","protected":false,"default_profile":false,"is_translator":false},"geo":null,"in_reply_to_user_id_str":"171802941","lang":"en","created_at":"Mon Dec 15 01:01:58 +0000 2014","in_reply_to_status_id_str":"544296096244441089","place":null},
{"contributors":null,"truncated":false,"text":"@9NewsSyd Such a stupid &amp; inappropriate question by your commentator 'How much money will your business lose today?' Honestly!","in_reply_to_status_id":544296096244441089,"id":544296409977978880,"favorite_count":1,"source":"<a href=\"http://twitter.com/download/iphone\" rel=\"nofollow\">Twitter for iPhone</a>","retweeted":false,"coordinates":null,"entities":{"symbols":[],"user_mentions":[{"id":171802941,"indices":[0,9],"id_str":"171802941","screen_name":"9NewsSyd","name":"Nine News Sydney"}],"hashtags":[],"urls":[]},"in_reply_to_screen_name":"9NewsSyd","id_str":"544296409977978880","retweet_count":0,"in_reply_to_user_id":171802941,"favorited":false,"user":{"follow_request_sent":false,"profile_use_background_image":true,"profile_text_color":"333333","default_profile_image":false,"id":2889282044,"profile_background_image_url_https":"https://abs.twimg.com/images/themes/theme1/bg.png","verified":false,"profile_location":null,"profile_image_url_https":"https://pbs.twimg.com/profile_images/552636056361660417/g33dOsms_normal.jpeg","profile_sidebar_fill_color":"DDEEF6","entities":{"description":{"urls":[]}},"followers_count":7,"profile_sidebar_border_color":"C0DEED","id_str":"2889282044","profile_background_color":"C0DEED","listed_count":0,"is_translation_enabled":false,"utc_offset":null,"statuses_count":8,"description":"Stay at home mum, at least for now.","friends_count":91,"location":"Adelaide","profile_link_color":"0084B4","profile_image_url":"http://pbs.twimg.com/profile_images/552636056361660417/g33dOsms_normal.jpeg","following":false,"geo_enabled":false,"profile_background_image_url":"http://abs.twimg.com/images/themes/theme1/bg.png","name":"Jodie O'Toole","lang":"en","profile_background_tile":false,"favourites_count":8,"screen_name":"jodieotoole","notifications":false,"url":null,"created_at":"Tue Nov 04 03:11:23 +0000 2014","contributors_enabled":false,"time_zone":null,"protected":false,"default_profile":true,"is_translator":false},"geo":null,"in_reply_to_user_id_str":"171802941","lang":"en","created_at":"Mon Dec 15 01:02:31 +0000 2014","in_reply_to_status_id_str":"544296096244441089","place":null},
{"contributors":null,"truncated":false,"text":"@9NewsSyd @TheTodayShow this guy you just had talking has just added to the panic. So much for responsible media coverage.","in_reply_to_status_id":544296096244441089,"id":544298852186984448,"favorite_count":0,"source":"<a href=\"http://twitter.com/download/iphone\" rel=\"nofollow\">Twitter for iPhone</a>","retweeted":false,"coordinates":{"type":"Point","coordinates":[151.03062878,-33.90797417]},"entities":{"symbols":[],"user_mentions":[{"id":171802941,"indices":[0,9],"id_str":"171802941","screen_name":"9NewsSyd","name":"Nine News Sydney"},{"id":23879043,"indices":[10,23],"id_str":"23879043","screen_name":"TheTodayShow","name":"The Today Show"}],"hashtags":[],"urls":[]},"in_reply_to_screen_name":"9NewsSyd","id_str":"544298852186984448","retweet_count":0,"in_reply_to_user_id":171802941,"favorited":false,"user":{"follow_request_sent":false,"profile_use_background_image":true,"profile_text_color":"3E4415","default_profile_image":false,"id":591391805,"profile_background_image_url_https":"https://abs.twimg.com/images/themes/theme10/bg.gif","verified":false,"profile_location":null,"profile_image_url_https":"https://pbs.twimg.com/profile_images/564752215143772162/KUezdLwL_normal.jpeg","profile_sidebar_fill_color":"99CC33","entities":{"url":{"urls":[{"url":"http://t.co/FpZ8v9KCgI","indices":[0,22],"expanded_url":"http://www.facebook.com/keirajberry","display_url":"facebook.com/keirajberry"}]},"description":{"urls":[]}},"followers_count":210,"profile_sidebar_border_color":"FFFFFF","id_str":"591391805","profile_background_color":"642D8B","listed_count":5,"is_translation_enabled":false,"utc_offset":-39600,"statuses_count":1721,"description":"22. Design Student. I love making people smile. Lover of all things sweet.      Cannot live without music.                                         ❤@BatsyWoob ❤","friends_count":419,"location":"Sydney, Australia","profile_link_color":"9266CC","profile_image_url":"http://pbs.twimg.com/profile_images/564752215143772162/KUezdLwL_normal.jpeg","following":false,"geo_enabled":true,"profile_banner_url":"https://pbs.twimg.com/profile_banners/591391805/1417862977","profile_background_image_url":"http://abs.twimg.com/images/themes/theme10/bg.gif","name":"Keira Berryman","lang":"en","profile_background_tile":true,"favourites_count":2464,"screen_name":"SonicBerries","notifications":false,"url":"http://t.co/FpZ8v9KCgI","created_at":"Sun May 27 01:04:52 +0000 2012","contributors_enabled":false,"time_zone":"International Date Line West","protected":false,"default_profile":false,"is_translator":false},"geo":{"type":"Point","coordinates":[-33.90797417,151.03062878]},"in_reply_to_user_id_str":"171802941","lang":"en","created_at":"Mon Dec 15 01:12:13 +0000 2014","in_reply_to_status_id_str":"544296096244441089","place":{"full_name":"Sydney, New South Wales","url":"https://api.twitter.com/1.1/geo/id/0073b76548e5984f.json","country":"Australia","place_type":"city","bounding_box":{"type":"Polygon","coordinates":[[[150.520928608,-34.1183470085],[151.343020992,-34.1183470085],[151.343020992,-33.578140996],[150.520928608,-33.578140996]]]},"contained_within":[],"country_code":"AU","attributes":{},"id":"0073b76548e5984f","name":"Sydney"}},
{"contributors":null,"truncated":false,"text":"@jodieotoole @9NewsSyd I thought so too! Like that matters when people are still being held hostage, seriously!","in_reply_to_status_id":544296409977978880,"id":544299815337590784,"favorite_count":1,"source":"<a href=\"http://twitter.com/download/android\" rel=\"nofollow\">Twitter for Android</a>","retweeted":false,"coordinates":null,"entities":{"symbols":[],"user_mentions":[{"id":2889282044,"indices":[0,12],"id_str":"2889282044","screen_name":"jodieotoole","name":"Jodie O'Toole"},{"id":171802941,"indices":[13,22],"id_str":"171802941","screen_name":"9NewsSyd","name":"Nine News Sydney"}],"hashtags":[],"urls":[]},"in_reply_to_screen_name":"jodieotoole","id_str":"544299815337590784","retweet_count":0,"in_reply_to_user_id":2889282044,"favorited":false,"user":{"follow_request_sent":false,"profile_use_background_image":true,"profile_text_color":"333333","default_profile_image":false,"id":2899209283,"profile_background_image_url_https":"https://abs.twimg.com/images/themes/theme1/bg.png","verified":false,"profile_location":null,"profile_image_url_https":"https://pbs.twimg.com/profile_images/533179342814076929/t6IzMlms_normal.jpeg","profile_sidebar_fill_color":"DDEEF6","entities":{"description":{"urls":[]}},"followers_count":5,"profile_sidebar_border_color":"C0DEED","id_str":"2899209283","profile_background_color":"C0DEED","listed_count":0,"is_translation_enabled":false,"utc_offset":null,"statuses_count":10,"description":"","friends_count":55,"location":"","profile_link_color":"0084B4","profile_image_url":"http://pbs.twimg.com/profile_images/533179342814076929/t6IzMlms_normal.jpeg","following":false,"geo_enabled":false,"profile_banner_url":"https://pbs.twimg.com/profile_banners/2899209283/1415954834","profile_background_image_url":"http://abs.twimg.com/images/themes/theme1/bg.png","name":"Kristy Szima","lang":"en","profile_background_tile":false,"favourites_count":32,"screen_name":"KSzima","notifications":false,"url":null,"created_at":"Fri Nov 14 08:42:47 +0000 2014","contributors_enabled":false,"time_zone":null,"protected":false,"default_profile":true,"is_translator":false},"geo":null,"in_reply_to_user_id_str":"2889282044","lang":"en","created_at":"Mon Dec 15 01:16:03 +0000 2014","in_reply_to_status_id_str":"544296409977978880","place":null},
{"contributors":null,"truncated":false,"text":"@9NewsSyd @9NewsMelb","in_reply_to_status_id":544296096244441089,"id":544303832042196992,"favorite_count":0,"source":"<a href=\"http://twitter.com/download/iphone\" rel=\"nofollow\">Twitter for iPhone</a>","retweeted":false,"coordinates":null,"entities":{"symbols":[],"user_mentions":[{"id":171802941,"indices":[0,9],"id_str":"171802941","screen_name":"9NewsSyd","name":"Nine News Sydney"},{"id":183036128,"indices":[10,20],"id_str":"183036128","screen_name":"9NewsMelb","name":"Nine News Melbourne"}],"hashtags":[],"urls":[]},"in_reply_to_screen_name":"9NewsSyd","id_str":"544303832042196992","retweet_count":0,"in_reply_to_user_id":171802941,"favorited":false,"user":{"follow_request_sent":false,"profile_use_background_image":true,"profile_text_color":"333333","default_profile_image":false,"id":401789022,"profile_background_image_url_https":"https://abs.twimg.com/images/themes/theme1/bg.png","verified":false,"profile_location":null,"profile_image_url_https":"https://pbs.twimg.com/profile_images/1842996160/402734_10150801021088327_592938326_12324554_1474784677_n_normal.jpg","profile_sidebar_fill_color":"DDEEF6","entities":{"description":{"urls":[]}},"followers_count":36,"profile_sidebar_border_color":"C0DEED","id_str":"401789022","profile_background_color":"C0DEED","listed_count":0,"is_translation_enabled":false,"utc_offset":null,"statuses_count":644,"description":"","friends_count":211,"location":"Melbourne","profile_link_color":"0084B4","profile_image_url":"http://pbs.twimg.com/profile_images/1842996160/402734_10150801021088327_592938326_12324554_1474784677_n_normal.jpg","following":false,"geo_enabled":false,"profile_background_image_url":"http://abs.twimg.com/images/themes/theme1/bg.png","name":"George Barboussas","lang":"en","profile_background_tile":false,"favourites_count":24,"screen_name":"gbarboussas","notifications":false,"url":null,"created_at":"Mon Oct 31 02:48:44 +0000 2011","contributors_enabled":false,"time_zone":null,"protected":false,"default_profile":true,"is_translator":false},"geo":null,"in_reply_to_user_id_str":"171802941","lang":"und","created_at":"Mon Dec 15 01:32:00 +0000 2014","in_reply_to_status_id_str":"544296096244441089","place":null}
]