[{"contributors":null,"truncated":false,"text":"@MBCompanyMan wrong...ignore it and eventually it'll go away.","in_reply_to_status_id":544277817987330049,"id":544278077384458241,"favorite_count":2,"source":"<a href=\"http://twitter.com\" rel=\"nofollow\">Twitter Web Client</a>","retweeted":false,"coordinates":null,"entities":{"symbols":[],"user_mentions":[{"id":412682869,"indices":[0,13],"id_str":"412682869","screen_name":"MBCompanyMan","name":"Mike Baker"}],"hashtags":[],"urls":[]},"in_reply_to_screen_name":"MBCompanyMan","id_str":"544278077384458241","retweet_count":0,"in_reply_to_user_id":412682869,"favorited":false,"user":{"follow_request_sent":false,"profile_use_background_image":true,"profile_text_color":"333333","default_profile_image":false,"id":175062171,"profile_background_image_url_https":"https://abs.twimg.com/images/themes/theme1/bg.png","verified":false,"profile_location":null,"profile_image_url_https":"https://pbs.twimg.com/profile_images/485586553977053184/ZfjHKZUn_normal.jpeg","profile_sidebar_fill_color":"DDEEF6","entities":{"url":{"urls":[{"url":"http://t.co/MW33nCOHs2","indices":[0,22],"expanded_url":"http://leviathanpridecast.podbean.com/","display_url":"leviathanpridecast.podbean.com"}]},"description":{"urls":[]}},"followers_count":2834,"profile_sidebar_border_color":"C0DEED","id_str":"175062171","profile_background_color":"C0DEED","listed_count":221,"is_translation_enabled":false,"utc_offset":-18000,"statuses_count":27508,"description":"I don't believe in any god, racism is comedic, and we're all assholes...fuck you, Google it.","friends_count":263,"location":"","profile_link_color":"0084B4","profile_image_url":"http://pbs.twimg.com/profile_images/485586553977053184/ZfjHKZUn_normal.jpeg","following":false,"geo_enabled":true,"profile_banner_url":"https://pbs.twimg.com/profile_banners/175062171/1406749128","profile_background_image_url":"http://abs.twimg.com/images/themes/theme1/bg.png","name":"Jimmy Russo","lang":"en","profile_background_tile":false,"favourites_count":62194,"screen_name":"livingnBoston","notifications":false,"url":"http://t.co/MW33nCOHs2","created_at":"Thu Aug 05 14:50:19 +0000 2010","contributors_enabled":false,"time_zone":"Eastern Time (US & Canada)","protected":false,"default_profile":true,"is_translator":false},"geo":null,"in_reply_to_user_id_str":"412682869","lang":"en","created_at":"Sun Dec 14 23:49:40 +0000 2014","in_reply_to_status_id_str":"544277817987330049","place":null},
{"contributors":null,"truncated":false,"text":"@MBCompanyMan 2nd step: tell the hostage takers exactly what they wont do to stop them","in_reply_to_status_id":544277817987330049,"id":544278271064829952,"favorite_count":0,"source":"<a href=\"http://twitter.com\" rel=\"nofollow\">Twitter Web Client</a>","retweeted":false,"coordinates":null,"entities":{"symbols":[],"user_mentions":[{"id":412682869,"indices":[0,13],"id_str":"412682869","screen_name":"MBCompanyMan","name":"Mike Baker"}],"hashtags":[],"urls":[]},"in_reply_to_screen_name":"MBCompanyMan","id_str":"544278271064829952","retweet_count":1,"in_reply_to_user_id":412682869,"favorited":false,"user":{"follow_request_sent":false,"profile_use_background_image":true,"profile_text_color":"333333","default_profile_image":true,"id":457119703,"profile_background_image_url_https":"https://abs.twimg.com/images/themes/theme1/bg.png","verified":false,"profile_location":null,"profile_image_url_https":"https://abs.twimg.com/sticky/default_profile_images/default_profile_5_normal.png","profile_sidebar_fill_color":"DDEEF6","entities":{"description":{"urls":[]}},"followers_count":191,"profile_sidebar_border_color":"C0DEED","id_str":"457119703","profile_background_color":"C0DEED","listed_count":5,"is_translation_enabled":false,"utc_offset":-14400,"statuses_count":7047,"description":"reluctantly watching","friends_count":263,"location":"","profile_link_color":"B32D00","profile_image_url":"http://abs.twimg.com/sticky/default_profile_images/default_profile_5_normal.png","following":false,"geo_enabled":false,"profile_background_image_url":"http://abs.twimg.com/images/themes/theme1/bg.png","name":"80%NorthKorean Today","lang":"en","profile_background_tile":false,"favourites_count":1770,"screen_name":"danielwwelsh","notifications":false,"url":null,"created_at":"Sat Jan 07 01:49:51 +0000 2012","contributors_enabled":false,"time_zone":"Atlantic Time (Canada)","protected":false,"default_profile":false,"is_translator":false},"geo":null,"in_reply_to_user_id_str":"412682869","lang":"en","created_at":"Sun Dec 14 23:50:26 +0000 2014","in_reply_to_status_id_str":"544277817987330049","place":null},
{"contributors":null,"truncated":false,"text":"@MBCompanyMan step 2 remind everyone just because the tangos are Isis this isn't Islamic.","in_reply_to_status_id":544277817987330049,"id":544278404611452928,"favorite_count":0,"source":"<a href=\"http://twitter.com/download/android\" rel=\"nofollow\">Twitter for Android</a>","retweeted":false,"coordinates":null,"entities":{"symbols":[],"user_mentions":[{"id":412682869,"indices":[0,13],"id_str":"412682869","screen_name":"MBCompanyMan","name":"Mike Baker"}],"hashtags":[],"urls":[]},"in_reply_to_screen_name":"MBCompanyMan","id_str":"544278404611452928","retweet_count":1,"in_reply_to_user_id":412682869,"favorited":false,"user":{"follow_request_sent":false,"profile_use_background_image":true,"profile_text_color":"333333","default_profile_image":false,"id":1618625328,"profile_background_image_url_https":"https://abs.twimg.com/images/themes/theme1/bg.png","verified":false,"profile_location":null,"profile_image_url_https":"https://pbs.twimg.com/profile_images/511957709307273216/a-QYT8xU_normal.jpeg","profile_sidebar_fill_color":"DDEEF6","entities":{"description":{"urls":[]}},"followers_count":142,"profile_sidebar_border_color":"C0DEED","id_str":"1618625328","profile_background_color":"C0DEED","listed_count":0,"is_translation_enabled":false,"utc_offset":null,"statuses_count":3789,"description":"The smartest and best looking man in the room.","friends_count":373,"location":"San Diego","profile_link_color":"0084B4","profile_image_url":"http://pbs.twimg.com/profile_images/511957709307273216/a-QYT8xU_normal.jpeg","following":false,"geo_enabled":true,"profile_banner_url":"https://pbs.twimg.com/profile_banners/1618625328/1418747650","profile_background_image_url":"http://abs.twimg.com/images/themes/theme1/bg.png","name":"The Big Mick","lang":"en","profile_background_tile":false,"favourites_count":1739,"screen_name":"themickian","notifications":false,"url":null,"created_at":"Wed Jul 24 21:21:56 +0000 2013","contributors_enabled":false,"time_zone":null,"protected":false,"default_profile":true,"is_translator":false},"geo":null,"in_reply_to_user_id_str":"412682869","lang":"en","created_at":"Sun Dec 14 23:50:58 +0000 2014","in_reply_to_status_id_str":"544277817987330049","place":null},
{"contributors":null,"truncated":false,"text":"And certainly don't use a gun to defend yourself. @MBCompanyMan @instapundit","in_reply_to_status_id":544277817987330049,"id":544278514568937472,"favorite_count":0,"source":"<a href=\"http://twitter.com\" rel=\"nofollow\">Twitter Web Client</a>","retweeted":false,"coordinates":null,"entities":{"symbols":[],"user_mentions":[{"id":412682869,"indices":[50,63],"id_str":"412682869","screen_name":"MBCompanyMan","name":"Mike Baker"},{"id":727472528,"indices":[64,76],"id_str":"727472528","screen_name":"instapundit","name":"Instapundit.com"}],"hashtags":[],"urls":[]},"in_reply_to_screen_name":"MBCompanyMan","id_str":"544278514568937472","retweet_count":1,"in_reply_to_user_id":412682869,"favorited":false,"user":{"follow_request_sent":false,"profile_use_background_image":true,"profile_text_color":"333333","default_profile_image":false,"id":2194747062,"profile_background_image_url_https":"https://abs.twimg.com/images/themes/theme14/bg.gif","verified":false,"profile_location":null,"profile_image_url_https":"https://pbs.twimg.com/profile_images/378800000740225020/11def6a17aa34392161d44639d329df5_normal.jpeg","profile_sidebar_fill_color":"EFEFEF","entities":{"description":{"urls":[]}},"followers_count":2172,"profile_sidebar_border_color":"EEEEEE","id_str":"2194747062","profile_background_color":"131516","listed_count":6,"is_translation_enabled":false,"utc_offset":null,"statuses_count":2439,"description":"Lawyer, baker, candlestick maker","friends_count":155,"location":"Free range, grass-fed tweets ","profile_link_color":"009999","profile_image_url":"http://pbs.twimg.com/profile_images/378800000740225020/11def6a17aa34392161d44639d329df5_normal.jpeg","following":false,"geo_enabled":false,"profile_banner_url":"https://pbs.twimg.com/profile_banners/2194747062/1412219872","profile_background_image_url":"http://abs.twimg.com/images/themes/theme14/bg.gif","name":"Bread N. Circus","lang":"en","profile_background_tile":true,"favourites_count":0,"screen_name":"BreadNCircusUSA","notifications":false,"url":null,"created_at":"Thu Nov 14 19:32:32 +0000 2013","contributors_enabled":false,"time_zone":null,"protected":false,"default_profile":false,"is_translator":false},"geo":null,"in_reply_to_user_id_str":"412682869","lang":"en","created_at":"Sun Dec 14 23:51:24 +0000 2014","in_reply_to_status_id_str":"544277817987330049","place":null},
{"contributors":null,"truncated":false,"text":"@MBCompanyMan \n\nLOL, that is good. Not actually funny, but you are so right about their stupidity.","in_reply_to_status_id":544277817987330049,"id":544278700737302528,"favorite_count":0,"source":"<a href=\"http://twitter.com\" rel=\"nofollow\">Twitter Web Client</a>","retweeted":false,"coordinates":null,"entities":{"symbols":[],"user_mentions":[{"id":412682869,"indices":[0,13],"id_str":"412682869","screen_name":"MBCompanyMan","name":"Mike Baker"}],"hashtags":[],"urls":[]},"in_reply_to_screen_name":"MBCompanyMan","id_str":"544278700737302528","retweet_count":0,"in_reply_to_user_id":412682869,"favorited":false,"user":{"follow_request_sent":false,"profile_use_background_image":true,"profile_text_color":"0C3E53","default_profile_image":false,"id":323499989,"profile_background_image_url_https":"https://pbs.twimg.com/profile_background_images/277209229/statue1.jpg","verified":false,"profile_location":null,"profile_image_url_https":"https://pbs.twimg.com/profile_images/589681092048719872/ADubux8y_normal.jpg","profile_sidebar_fill_color":"FFF7CC","entities":{"description":{"urls":[{"url":"http://t.co/lWRBHOtOXH","indices":[76,98],"expanded_url":"http://goo.gl/JY3wnj","display_url":"goo.gl/JY3wnj"}]}},"followers_count":2780,"profile_sidebar_border_color":"F2E195","id_str":"323499989","profile_background_color":"BADFCD","listed_count":45,"is_translation_enabled":false,"utc_offset":-28800,"statuses_count":17830,"description":"Less government, more individual freedom. Big Government is bad government.\nhttp://t.co/lWRBHOtOXH  Vaginatarian;","friends_count":3036,"location":"Southern California","profile_link_color":"B50E0E","profile_image_url":"http://pbs.twimg.com/profile_images/589681092048719872/ADubux8y_normal.jpg","following":false,"geo_enabled":true,"profile_banner_url":"https://pbs.twimg.com/profile_banners/323499989/1409073074","profile_background_image_url":"http://pbs.twimg.com/profile_background_images/277209229/statue1.jpg","name":"Liberty Quest كافر","lang":"en","profile_background_tile":true,"favourites_count":11686,"screen_name":"LibertarianLuke","notifications":false,"url":null,"created_at":"Fri Jun 24 23:03:35 +0000 2011","contributors_enabled":false,"time_zone":"Pacific Time (US & Canada)","protected":false,"default_profile":false,"is_translator":false},"geo":null,"in_reply_to_user_id_str":"412682869","lang":"en","created_at":"Sun Dec 14 23:52:09 +0000 2014","in_reply_to_status_id_str":"544277817987330049","place":{"full_name":"Los Angeles, CA","url":"https://api.twitter.com/1.1/geo/id/3b77caf94bfc81fe.json","country":"United States","place_type":"city","bounding_box":{"type":"Polygon","coordinates":[[[-118.668404,33.704538],[-118.155409,33.704538],[-118.155409,34.337041],[-118.668404,34.337041]]]},"contained_within":[],"country_code":"US","attributes":{},"id":"3b77caf94bfc81fe","name":"Los Angeles"}},
{"contributors":null,"truncated":false,"text":"@MBCompanyMan and then ask really nicely for their cooperation.   Maybe 2 please's in the sentence to show our sincerity","in_reply_to_status_id":544277817987330049,"id":544279079722434561,"favorite_count":0,"source":"<a href=\"http://twitter.com/download/android\" rel=\"nofollow\">Twitter for Android</a>","retweeted":false,"coordinates":null,"entities":{"symbols":[],"user_mentions":[{"id":412682869,"indices":[0,13],"id_str":"412682869","screen_name":"MBCompanyMan","name":"Mike Baker"}],"hashtags":[],"urls":[]},"in_reply_to_screen_name":"MBCompanyMan","id_str":"544279079722434561","retweet_count":0,"in_reply_to_user_id":412682869,"favorited":false,"user":{"follow_request_sent":false,"profile_use_background_image":true,"profile_text_color":"333333","default_profile_image":false,"id":2468292409,"profile_background_image_url_https":"https://abs.twimg.com/images/themes/theme1/bg.png","verified":false,"profile_location":null,"profile_image_url_https":"https://pbs.twimg.com/profile_images/461182270963863554/qMXiXXI6_normal.jpeg","profile_sidebar_fill_color":"DDEEF6","entities":{"description":{"urls":[]}},"followers_count":58,"profile_sidebar_border_color":"C0DEED","id_str":"2468292409","profile_background_color":"C0DEED","listed_count":0,"is_translation_enabled":false,"utc_offset":null,"statuses_count":446,"description":"","friends_count":224,"location":"","profile_link_color":"0084B4","profile_image_url":"http://pbs.twimg.com/profile_images/461182270963863554/qMXiXXI6_normal.jpeg","following":false,"geo_enabled":true,"profile_background_image_url":"http://abs.twimg.com/images/themes/theme1/bg.png","name":"Bob Taylor","lang":"en","profile_background_tile":false,"favourites_count":382,"screen_name":"BobinCorona","notifications":false,"url":null,"created_at":"Mon Apr 28 21:23:39 +0000 2014","contributors_enabled":false,"time_zone":null,"protected":false,"default_profile":true,"is_translator":false},"geo":null,"in_reply_to_user_id_str":"412682869","lang":"en","created_at":"Sun Dec 14 23:53:39 +0000 2014","in_reply_to_status_id_str":"544277817987330049","place":null},
{"contributors":null,"truncated":false,"text":"@MBCompanyMan @instapundit bring in \"encounter group force\" to dialog on root causes.","in_reply_to_status_id":544277817987330049,"id":544279552126885888,"favorite_count":0,"source":"<a href=\"http://twitter.com/download/android\" rel=\"nofollow\">Twitter for Android</a>","retweeted":false,"coordinates":null,"entities":{"symbols":[],"user_mentions":[{"id":412682869,"indices":[0,13],"id_str":"412682869","screen_name":"MBCompanyMan","name":"Mike Baker"},{"id":727472528,"indices":[14,26],"id_str":"727472528","screen_name":"instapundit","name":"Instapundit.com"}],"hashtags":[],"urls":[]},"in_reply_to_screen_name":"MBCompanyMan","id_str":"544279552126885888","retweet_count":0,"in_reply_to_user_id":412682869,"favorited":false,"user":{"follow_request_sent":false,"profile_use_background_image":true,"profile_text_color":"333333","default_profile_image":false,"id":387284072,"profile_background_image_url_https":"https://abs.twimg.com/images/themes/theme1/bg.png","verified":false,"profile_location":null,"profile_image_url_https":"https://pbs.twimg.com/profile_images/2862611945/0f7aff634ab0c97e31461ab595d0c3b9_normal.jpeg","profile_sidebar_fill_color":"DDEEF6","entities":{"description":{"urls":[]}},"followers_count":26,"profile_sidebar_border_color":"C0DEED","id_str":"387284072","profile_background_color":"C0DEED","listed_count":0,"is_translation_enabled":false,"utc_offset":null,"statuses_count":613,"description":"","friends_count":144,"location":"Toronto","profile_link_color":"0084B4","profile_image_url":"http://pbs.twimg.com/profile_images/2862611945/0f7aff634ab0c97e31461ab595d0c3b9_normal.jpeg","following":false,"geo_enabled":true,"profile_background_image_url":"http://abs.twimg.com/images/themes/theme1/bg.png","name":"Stephen Jack","lang":"en","profile_background_tile":false,"favourites_count":246,"screen_name":"StephenJack4","notifications":false,"url":null,"created_at":"Sat Oct 08 19:44:17 +0000 2011","contributors_enabled":false,"time_zone":null,"protected":false,"default_profile":true,"is_translator":false},"geo":null,"in_reply_to_user_id_str":"412682869","lang":"en","created_at":"Sun Dec 14 23:55:32 +0000 2014","in_reply_to_status_id_str":"544277817987330049","place":null},
{"contributors":null,"truncated":false,"text":"@MBCompanyMan make em some coco and have a nice chat... @SenFeinstein is a fucking cunt...#bottomlne","in_reply_to_status_id":544277817987330049,"id":544279792665653248,"favorite_count":2,"source":"<a href=\"http://twitter.com/download/android\" rel=\"nofollow\">Twitter for Android</a>","retweeted":false,"coordinates":null,"entities":{"symbols":[],"user_mentions":[{"id":412682869,"indices":[0,13],"id_str":"412682869","screen_name":"MBCompanyMan","name":"Mike Baker"},{"id":476256944,"indices":[56,69],"id_str":"476256944","screen_name":"SenFeinstein","name":"Sen Dianne Feinstein"}],"hashtags":[{"indices":[90,100],"text":"bottomlne"}],"urls":[]},"in_reply_to_screen_name":"MBCompanyMan","id_str":"544279792665653248","retweet_count":0,"in_reply_to_user_id":412682869,"favorited":false,"user":{"follow_request_sent":false,"profile_use_background_image":true,"profile_text_color":"666666","default_profile_image":false,"id":604243082,"profile_background_image_url_https":"https://abs.twimg.com/images/themes/theme9/bg.gif","verified":false,"profile_location":null,"profile_image_url_https":"https://pbs.twimg.com/profile_images/586287076452122625/yfaCI3bt_normal.jpg","profile_sidebar_fill_color":"252429","entities":{"description":{"urls":[]}},"followers_count":3791,"profile_sidebar_border_color":"181A1E","id_str":"604243082","profile_background_color":"1A1B1F","listed_count":125,"is_translation_enabled":false,"utc_offset":-28800,"statuses_count":44602,"description":"Outdoor,survival,personal protection. USMC,Ret. 0321 If you are PC start fucking off now... Im not a real Dr. but i stayed in a Holiday Inn once","friends_count":4156,"location":"Bay Area in their hive","profile_link_color":"2FC2EF","profile_image_url":"http://pbs.twimg.com/profile_images/586287076452122625/yfaCI3bt_normal.jpg","following":false,"geo_enabled":false,"profile_banner_url":"https://pbs.twimg.com/profile_banners/604243082/1388036741","profile_background_image_url":"http://abs.twimg.com/images/themes/theme9/bg.gif","name":"Dr. Merry Christmas ","lang":"en","profile_background_tile":false,"favourites_count":20497,"screen_name":"hitman0321","notifications":false,"url":null,"created_at":"Sun Jun 10 06:04:07 +0000 2012","contributors_enabled":false,"time_zone":"Pacific Time (US & Canada)","protected":false,"default_profile":false,"is_translator":false},"geo":null,"in_reply_to_user_id_str":"412682869","lang":"en","created_at":"Sun Dec 14 23:56:29 +0000 2014","in_reply_to_status_id_str":"544277817987330049","place":null},
{"contributors":null,"truncated":false,"text":"@MBCompanyMan @instapundit Come on - sing along \"All we are saying is - give idiocy a chance\". It's ridiculous Mike.","in_reply_to_status_id":544277817987330049,"id":544280607485083648,"favorite_count":0,"source":"<a href=\"http://twitter.com/#!/download/ipad\" rel=\"nofollow\">Twitter for iPad</a>","retweeted":false,"coordinates":null,"entities":{"symbols":[],"user_mentions":[{"id":412682869,"indices":[0,13],"id_str":"412682869","screen_name":"MBCompanyMan","name":"Mike Baker"},{"id":727472528,"indices":[14,26],"id_str":"727472528","screen_name":"instapundit","name":"Instapundit.com"}],"hashtags":[],"urls":[]},"in_reply_to_screen_name":"MBCompanyMan","id_str":"544280607485083648","retweet_count":0,"in_reply_to_user_id":412682869,"favorited":false,"user":{"follow_request_sent":false,"profile_use_background_image":true,"profile_text_color":"333333","default_profile_image":false,"id":624247876,"profile_background_image_url_https":"https://abs.twimg.com/images/themes/theme1/bg.png","verified":false,"profile_location":null,"profile_image_url_https":"https://pbs.twimg.com/profile_images/2359293996/MichaelPMulhall_normal.jpg","profile_sidebar_fill_color":"DDEEF6","entities":{"url":{"urls":[{"url":"http://t.co/IR7LHiawsI","indices":[0,22],"expanded_url":"http://www.capital-markets-advisors.com","display_url":"capital-markets-advisors.com"}]},"description":{"urls":[]}},"followers_count":404,"profile_sidebar_border_color":"C0DEED","id_str":"624247876","profile_background_color":"C0DEED","listed_count":10,"is_translation_enabled":false,"utc_offset":null,"statuses_count":5725,"description":"Associate Partner - Capital Markets Advisors; married to Jill. Dad to Jack, Olivia & JP. Proud graduate of Villanova School of Business - devoted NY Met fan","friends_count":2000,"location":"NY, New York","profile_link_color":"0084B4","profile_image_url":"http://pbs.twimg.com/profile_images/2359293996/MichaelPMulhall_normal.jpg","following":false,"geo_enabled":false,"profile_banner_url":"https://pbs.twimg.com/profile_banners/624247876/1399028339","profile_background_image_url":"http://abs.twimg.com/images/themes/theme1/bg.png","name":"Michael P. Mulhall","lang":"en","profile_background_tile":false,"favourites_count":11,"screen_name":"MichaelPMulhall","notifications":false,"url":"http://t.co/IR7LHiawsI","created_at":"Mon Jul 02 01:19:01 +0000 2012","contributors_enabled":false,"time_zone":null,"protected":false,"default_profile":true,"is_translator":false},"geo":null,"in_reply_to_user_id_str":"412682869","lang":"en","created_at":"Sun Dec 14 23:59:43 +0000 2014","in_reply_to_status_id_str":"544277817987330049","place":null},
{"contributors":null,"truncated":false,"text":"@MBCompanyMan i just hope (and suspect) there are many of our folks out there doing this work for us who think and act just like you","in_reply_to_status_id":544277817987330049,"id":544281134792990720,"favorite_count":0,"source":"<a href=\"http://twitter.com\" rel=\"nofollow\">Twitter Web Client</a>","retweeted":false,"coordinates":null,"entities":{"symbols":[],"user_mentions":[{"id":412682869,"indices":[0,13],"id_str":"412682869","screen_name":"MBCompanyMan","name":"Mike Baker"}],"hashtags":[],"urls":[]},"in_reply_to_screen_name":"MBCompanyMan","id_str":"544281134792990720","retweet_count":0,"in_reply_to_user_id":412682869,"favorited":false,"user":{"follow_request_sent":false,"profile_use_background_image":true,"profile_text_color":"333333","default_profile_image":false,"id":2867424647,"profile_background_image_url_https":"https://abs.twimg.com/images/themes/theme1/bg.png","verified":false,"profile_location":null,"profile_image_url_https":"https://pbs.twimg.com/profile_images/531237513923276802/E_7TuTaf_normal.jpeg","profile_sidebar_fill_color":"DDEEF6","entities":{"url":{"urls":[{"url":"http://t.co/8yBmQApg8n","indices":[0,22],"expanded_url":"http://www.lawofficesofjeffreyhenry.com","display_url":"lawofficesofjeffreyhenry.com"}]},"description":{"urls":[]}},"followers_count":18,"profile_sidebar_border_color":"C0DEED","id_str":"2867424647","profile_background_color":"C0DEED","listed_count":0,"is_translation_enabled":false,"utc_offset":-18000,"statuses_count":349,"description":"Uncle to the best friend anyone ever had, dog lover, former elected official, journalist, author, Terp, George Mason Law, criminal defense lawyer, sports agent","friends_count":64,"location":"DC burbs","profile_link_color":"0084B4","profile_image_url":"http://pbs.twimg.com/profile_images/531237513923276802/E_7TuTaf_normal.jpeg","following":false,"geo_enabled":false,"profile_background_image_url":"http://abs.twimg.com/images/themes/theme1/bg.png","name":"Jeff Henry","lang":"en","profile_background_tile":false,"favourites_count":34,"screen_name":"TioJeffieEsq","notifications":false,"url":"http://t.co/8yBmQApg8n","created_at":"Sat Nov 08 14:38:53 +0000 2014","contributors_enabled":false,"time_zone":"Eastern Time (US & Canada)","protected":false,"default_profile":true,"is_translator":false},"geo":null,"in_reply_to_user_id_str":"412682869","lang":"en","created_at":"Mon Dec 15 00:01:49 +0000 2014","in_reply_to_status_id_str":"544277817987330049","place":null},
{"contributors":null,"truncated":false,"text":"@MBCompanyMan step 2- apologize to them","in_reply_to_status_id":544277817987330049,"id":544282227132338176,"favorite_count":0,"source":"<a href=\"http://twitter.com/download/iphone\" rel=\"nofollow\">Twitter for iPhone</a>","retweeted":false,"coordinates":null,"entities":{"symbols":[],"user_mentions":[{"id":412682869,"indices":[0,13],"id_str":"412682869","screen_name":"MBCompanyMan","name":"Mike Baker"}],"hashtags":[],"urls":[]},"in_reply_to_screen_name":"MBCompanyMan","id_str":"544282227132338176","retweet_count":0,"in_reply_to_user_id":412682869,"favorited":false,"user":{"follow_request_sent":false,"profile_use_background_image":true,"profile_text_color":"333333","default_profile_image":false,"id":573858358,"profile_background_image_url_https":"https://abs.twimg.com/images/themes/theme1/bg.png","verified":false,"profile_location":null,"profile_image_url_https":"https://pbs.twimg.com/profile_images/2969361258/7c149dea87e94e804fe1bf50cf0cc5c7_normal.jpeg","profile_sidebar_fill_color":"DDEEF6","entities":{"description":{"urls":[]}},"followers_count":73,"profile_sidebar_border_color":"C0DEED","id_str":"573858358","profile_background_color":"C0DEED","listed_count":2,"is_translation_enabled":false,"utc_offset":null,"statuses_count":209,"description":"Christian. Patriot. Proud father of 3. Sergeant USMC, CH-53E Crewchief, Combat Veteran Desert Storm, Aircraft Engineer, Business Owner, Fastpitch Softball Coach","friends_count":273,"location":"New Canaan, CT","profile_link_color":"0084B4","profile_image_url":"http://pbs.twimg.com/profile_images/2969361258/7c149dea87e94e804fe1bf50cf0cc5c7_normal.jpeg","following":false,"geo_enabled":false,"profile_banner_url":"https://pbs.twimg.com/profile_banners/573858358/1396115317","profile_background_image_url":"http://abs.twimg.com/images/themes/theme1/bg.png","name":"David Krueger","lang":"en","profile_background_tile":false,"favourites_count":10,"screen_name":"Warrior_Dave","notifications":false,"url":null,"created_at":"Mon May 07 18:19:53 +0000 2012","contributors_enabled":false,"time_zone":null,"protected":false,"default_profile":true,"is_translator":false},"geo":null,"in_reply_to_user_id_str":"412682869","lang":"en","created_at":"Mon Dec 15 00:06:09 +0000 2014","in_reply_to_status_id_str":"544277817987330049","place":null},
{"contributors":null,"truncated":false,"text":"@MBCompanyMan @instapundit yes I think the new handbook  dictates warm coco and a foot rub we need project compassion and build rapport","in_reply_to_status_id":544277817987330049,"id":544282707099136000,"favorite_count":0,"source":"<a href=\"http://twitter.com/download/iphone\" rel=\"nofollow\">Twitter for iPhone</a>","retweeted":false,"coordinates":{"type":"Point","coordinates":[-87.15943077,41.18354908]},"entities":{"symbols":[],"user_mentions":[{"id":412682869,"indices":[0,13],"id_str":"412682869","screen_name":"MBCompanyMan","name":"Mike Baker"},{"id":727472528,"indices":[14,26],"id_str":"727472528","screen_name":"instapundit","name":"Instapundit.com"}],"hashtags":[],"urls":[]},"in_reply_to_screen_name":"MBCompanyMan","id_str":"544282707099136000","retweet_count":0,"in_reply_to_user_id":412682869,"favorited":false,"user":{"follow_request_sent":false,"profile_use_background_image":true,"profile_text_color":"333333","default_profile_image":false,"id":552295722,"profile_background_image_url_https":"https://abs.twimg.com/images/themes/theme1/bg.png","verified":false,"profile_location":null,"profile_image_url_https":"https://pbs.twimg.com/profile_images/547558850023682048/6eh9ZGGK_normal.jpeg","profile_sidebar_fill_color":"DDEEF6","entities":{"description":{"urls":[]}},"followers_count":698,"profile_sidebar_border_color":"C0DEED","id_str":"552295722","profile_background_color":"C0DEED","listed_count":8,"is_translation_enabled":false,"utc_offset":null,"statuses_count":7180,"description":"Patriot ,MARINE ,Veteran,","friends_count":1158,"location":"","profile_link_color":"0084B4","profile_image_url":"http://pbs.twimg.com/profile_images/547558850023682048/6eh9ZGGK_normal.jpeg","following":false,"geo_enabled":true,"profile_background_image_url":"http://abs.twimg.com/images/themes/theme1/bg.png","name":"craig finch","lang":"en","profile_background_tile":false,"favourites_count":2777,"screen_name":"craigfinch1","notifications":false,"url":null,"created_at":"Thu Apr 12 22:14:57 +0000 2012","contributors_enabled":false,"time_zone":null,"protected":false,"default_profile":true,"is_translator":false},"geo":{"type":"Point","coordinates":[41.18354908,-87.15943077]},"in_reply_to_user_id_str":"412682869","lang":"en","created_at":"Mon Dec 15 00:08:04 +0000 2014","in_reply_to_status_id_str":"544277817987330049","place":{"full_name":"Indiana, US","url":"https://api.twitter.com/1.1/geo/id/1010ecfa7d3a40f8.json","country":"United States","place_type":"admin","bounding_box":{"type":"Polygon","coordinates":[[[-88.097892,37.771743],[-84.78458,37.771743],[-84.78458,41.761368],[-88.097892,41.761368]]]},"contained_within":[],"country_code":"US","attributes":{},"id":"1010ecfa7d3a40f8","name":"Indiana"}},
{"contributors":null,"truncated":false,"text":"@MBCompanyMan This political climate has got to really piss you off🇺🇸🇺🇸🇺🇸","in_reply_to_status_id":544277817987330049,"id":544291313349591040,"favorite_count":0,"source":"<a href=\"http://twitter.com/download/iphone\" rel=\"nofollow\">Twitter for iPhone</a>","retweeted":false,"coordinates":{"type":"Point","coordinates":[-78.07610446,43.37228767]},"entities":{"symbols":[],"user_mentions":[{"id":412682869,"indices":[0,13],"id_str":"412682869","screen_name":"MBCompanyMan","name":"Mike Baker"}],"hashtags":[],"urls":[]},"in_reply_to_screen_name":"MBCompanyMan","id_str":"544291313349591040","retweet_count":0,"in_reply_to_user_id":412682869,"favorited":false,"user":{"follow_request_sent":false,"profile_use_background_image":true,"profile_text_color":"333333","default_profile_image":false,"id":556791817,"profile_background_image_url_https":"https://abs.twimg.com/images/themes/theme1/bg.png","verified":false,"profile_location":null,"profile_image_url_https":"https://pbs.twimg.com/profile_images/3394038888/ff5fd6d0dc71526437cd9034a79cb31c_normal.jpeg","profile_sidebar_fill_color":"DDEEF6","entities":{"description":{"urls":[]}},"followers_count":66,"profile_sidebar_border_color":"C0DEED","id_str":"556791817","profile_background_color":"C0DEED","listed_count":0,"is_translation_enabled":false,"utc_offset":null,"statuses_count":2522,"description":"Open heart survivor who is political and economic junky.","friends_count":169,"location":"","profile_link_color":"0084B4","profile_image_url":"http://pbs.twimg.com/profile_images/3394038888/ff5fd6d0dc71526437cd9034a79cb31c_normal.jpeg","following":false,"geo_enabled":true,"profile_background_image_url":"http://abs.twimg.com/images/themes/theme1/bg.png","name":"jeff","lang":"en","profile_background_tile":false,"favourites_count":7280,"screen_name":"reltrug23","notifications":false,"url":null,"created_at":"Wed Apr 18 11:36:22 +0000 2012","contributors_enabled":false,"time_zone":null,"protected":false,"default_profile":true,"is_translator":false},"geo":{"type":"Point","coordinates":[43.37228767,-78.07610446]},"in_reply_to_user_id_str":"412682869","lang":"en","created_at":"Mon Dec 15 00:42:16 +0000 2014","in_reply_to_status_id_str":"544277817987330049","place":{"full_name":"New York, US","url":"https://api.twitter.com/1.1/geo/id/94965b2c45386f87.json","country":"United States","place_type":"admin","bounding_box":{"type":"Polygon","coordinates":[[[-79.76259,40.477383],[-71.777492,40.477383],[-71.777492,45.015851],[-79.76259,45.015851]]]},"contained_within":[],"country_code":"US","attributes":{},"id":"94965b2c45386f87","name":"New York"}},
{"contributors":null,"truncated":false,"text":"@MBCompanyMan Sit down for a chocolate ot two.","in_reply_to_status_id":544277817987330049,"id":544293289550024704,"favorite_count":0,"source":"<a href=\"http://twitter.com/download/android\" rel=\"nofollow\">Twitter for Android</a>","retweeted":false,"coordinates":null,"entities":{"symbols":[],"user_mentions":[{"id":412682869,"indices":[0,13],"id_str":"412682869","screen_name":"MBCompanyMan","name":"Mike Baker"}],"hashtags":[],"urls":[]},"in_reply_to_screen_name":"MBCompanyMan","id_str":"544293289550024704","retweet_count":0,"in_reply_to_user_id":412682869,"favorited":false,"user":{"follow_request_sent":false,"profile_use_background_image":false,"profile_text_color":"000000","default_profile_image":false,"id":2172806680,"profile_background_image_url_https":"https://abs.twimg.com/images/themes/theme1/bg.png","verified":false,"profile_location":null,"profile_image_url_https":"https://pbs.twimg.com/profile_images/515525020454354944/kIpIHgUA_normal.jpeg","profile_sidebar_fill_color":"000000","entities":{"description":{"urls":[]}},"followers_count":12,"profile_sidebar_border_color":"000000","id_str":"2172806680","profile_background_color":"000000","listed_count":0,"is_translation_enabled":false,"utc_offset":null,"statuses_count":606,"description":"Master of my domain except for Outlander obsession.","friends_count":98,"location":"Texas","profile_link_color":"3B94D9","profile_image_url":"http://pbs.twimg.com/profile_images/515525020454354944/kIpIHgUA_normal.jpeg","following":false,"geo_enabled":true,"profile_background_image_url":"http://abs.twimg.com/images/themes/theme1/bg.png","name":"Donnachadh","lang":"en","profile_background_tile":false,"favourites_count":482,"screen_name":"kathlyncterry","notifications":false,"url":null,"created_at":"Fri Nov 08 01:28:45 +0000 2013","contributors_enabled":false,"time_zone":null,"protected":false,"default_profile":false,"is_translator":false},"geo":null,"in_reply_to_user_id_str":"412682869","lang":"en","created_at":"Mon Dec 15 00:50:07 +0000 2014","in_reply_to_status_id_str":"544277817987330049","place":null},
{"contributors":null,"truncated":false,"text":"@MBCompanyMan @instapundit first try to find out what we did to make them feel so mad &amp; aggrieved that they feel the need to take hostages.","in_reply_to_status_id":544277817987330049,"id":544295799279345664,"favorite_count":0,"source":"<a href=\"http://twitter.com/download/iphone\" rel=\"nofollow\">Twitter for iPhone</a>","retweeted":false,"coordinates":null,"entities":{"symbols":[],"user_mentions":[{"id":412682869,"indices":[0,13],"id_str":"412682869","screen_name":"MBCompanyMan","name":"Mike Baker"},{"id":727472528,"indices":[14,26],"id_str":"727472528","screen_name":"instapundit","name":"Instapundit.com"}],"hashtags":[],"urls":[]},"in_reply_to_screen_name":"MBCompanyMan","id_str":"544295799279345664","retweet_count":0,"in_reply_to_user_id":412682869,"favorited":false,"user":{"follow_request_sent":false,"profile_use_background_image":true,"profile_text_color":"333333","default_profile_image":false,"id":89362111,"profile_background_image_url_https":"https://abs.twimg.com/images/themes/theme14/bg.gif","verified":false,"profile_location":null,"profile_image_url_https":"https://pbs.twimg.com/profile_images/573558768434282496/TeZGGQ9L_normal.jpeg","profile_sidebar_fill_color":"EFEFEF","entities":{"description":{"urls":[]}},"followers_count":1014,"profile_sidebar_border_color":"EEEEEE","id_str":"89362111","profile_background_color":"131516","listed_count":6,"is_translation_enabled":false,"utc_offset":-18000,"statuses_count":1888,"description":"Beer and Twitter is proof that God loves us, and wants us to be happy. - Benjamin Franklin","friends_count":973,"location":"Philadelphia, PA, USA","profile_link_color":"009999","profile_image_url":"http://pbs.twimg.com/profile_images/573558768434282496/TeZGGQ9L_normal.jpeg","following":false,"geo_enabled":true,"profile_banner_url":"https://pbs.twimg.com/profile_banners/89362111/1409789426","profile_background_image_url":"http://abs.twimg.com/images/themes/theme14/bg.gif","name":"Poor Marty's Almanac","lang":"en","profile_background_tile":true,"favourites_count":2101,"screen_name":"pmalmanac","notifications":false,"url":null,"created_at":"Thu Nov 12 03:31:18 +0000 2009","contributors_enabled":false,"time_zone":"Eastern Time (US & Canada)","protected":false,"default_profile":false,"is_translator":false},"geo":null,"in_reply_to_user_id_str":"412682869","lang":"en","created_at":"Mon Dec 15 01:00:05 +0000 2014","in_reply_to_status_id_str":"544277817987330049","place":null},
{"contributors":null,"truncated":false,"text":"@MBCompanyMan send in the bad asses and send out some dead bad guys!  Center mass MB! Happy Holidays to you and the family.","in_reply_to_status_id":544277817987330049,"id":544296120248049665,"favorite_count":0,"source":"<a href=\"http://twitter.com/download/iphone\" rel=\"nofollow\">Twitter for iPhone</a>","retweeted":false,"coordinates":null,"entities":{"symbols":[],"user_mentions":[{"id":412682869,"indices":[0,13],"id_str":"412682869","screen_name":"MBCompanyMan","name":"Mike Baker"}],"hashtags":[],"urls":[]},"in_reply_to_screen_name":"MBCompanyMan","id_str":"544296120248049665","retweet_count":0,"in_reply_to_user_id":412682869,"favorited":false,"user":{"follow_request_sent":false,"profile_use_background_image":true,"profile_text_color":"333333","default_profile_image":false,"id":544075455,"profile_background_image_url_https":"https://abs.twimg.com/images/themes/theme1/bg.png","verified":false,"profile_location":null,"profile_image_url_https":"https://pbs.twimg.com/profile_images/576054452928393217/8G4BEmTL_normal.jpeg","profile_sidebar_fill_color":"DDEEF6","entities":{"description":{"urls":[]}},"followers_count":30,"profile_sidebar_border_color":"C0DEED","id_str":"544075455","profile_background_color":"C0DEED","listed_count":0,"is_translation_enabled":false,"utc_offset":null,"statuses_count":524,"description":"","friends_count":67,"location":"Arizona","profile_link_color":"0084B4","profile_image_url":"http://pbs.twimg.com/profile_images/576054452928393217/8G4BEmTL_normal.jpeg","following":false,"geo_enabled":false,"profile_background_image_url":"http://abs.twimg.com/images/themes/theme1/bg.png","name":"Joe Money","lang":"en","profile_background_tile":false,"favourites_count":52,"screen_name":"joemoneyaz","notifications":false,"url":null,"created_at":"Tue Apr 03 05:12:38 +0000 2012","contributors_enabled":false,"time_zone":null,"protected":false,"default_profile":true,"is_translator":false},"geo":null,"in_reply_to_user_id_str":"412682869","lang":"en","created_at":"Mon Dec 15 01:01:22 +0000 2014","in_reply_to_status_id_str":"544277817987330049","place":null},
{"contributors":null,"truncated":false,"text":"@MBCompanyMan wait I thought was to blame on any YouTube video","in_reply_to_status_id":544277817987330049,"id":544331320743444481,"favorite_count":0,"source":"<a href=\"http://twitter.com/download/iphone\" rel=\"nofollow\">Twitter for iPhone</a>","retweeted":false,"coordinates":null,"entities":{"symbols":[],"user_mentions":[{"id":412682869,"indices":[0,13],"id_str":"412682869","screen_name":"MBCompanyMan","name":"Mike Baker"}],"hashtags":[],"urls":[]},"in_reply_to_screen_name":"MBCompanyMan","id_str":"544331320743444481","retweet_count":0,"in_reply_to_user_id":412682869,"favorited":false,"user":{"follow_request_sent":false,"profile_use_background_image":true,"profile_text_color":"333333","default_profile_image":false,"id":2597182416,"profile_background_image_url_https":"https://abs.twimg.com/images/themes/theme1/bg.png","verified":false,"profile_location":null,"profile_image_url_https":"https://pbs.twimg.com/profile_images/575768969233108992/lgGkEuZB_normal.jpeg","profile_sidebar_fill_color":"DDEEF6","entities":{"description":{"urls":[]}},"followers_count":6,"profile_sidebar_border_color":"C0DEED","id_str":"2597182416","profile_background_color":"C0DEED","listed_count":0,"is_translation_enabled":false,"utc_offset":null,"statuses_count":562,"description":"","friends_count":73,"location":"","profile_link_color":"0084B4","profile_image_url":"http://pbs.twimg.com/profile_images/575768969233108992/lgGkEuZB_normal.jpeg","following":false,"geo_enabled":true,"profile_background_image_url":"http://abs.twimg.com/images/themes/theme1/bg.png","name":"Robert","lang":"en","profile_background_tile":false,"favourites_count":3,"screen_name":"que0779","notifications":false,"url":null,"created_at":"Tue Jul 01 01:35:36 +0000 2014","contributors_enabled":false,"time_zone":null,"protected":false,"default_profile":true,"is_translator":false},"geo":null,"in_reply_to_user_id_str":"412682869","lang":"en","created_at":"Mon Dec 15 03:21:14 +0000 2014","in_reply_to_status_id_str":"544277817987330049","place":null},
{"contributors":null,"truncated":false,"text":"@danielwwelsh @MBCompanyMan Obama and  team are still talking about what they may recommend Australia Police do about Terrorists @ Hostages","in_reply_to_status_id":544278271064829952,"id":544537940416659457,"favorite_count":0,"source":"<a href=\"http://twitter.com\" rel=\"nofollow\">Twitter Web Client</a>","retweeted":false,"coordinates":null,"entities":{"symbols":[],"user_mentions":[{"id":457119703,"indices":[0,13],"id_str":"457119703","screen_name":"danielwwelsh","name":"80%Justice&NoPeace"},{"id":412682869,"indices":[14,27],"id_str":"412682869","screen_name":"MBCompanyMan","name":"Mike Baker"}],"hashtags":[],"urls":[]},"in_reply_to_screen_name":"danielwwelsh","id_str":"544537940416659457","retweet_count":0,"in_reply_to_user_id":457119703,"favorited":false,"user":{"follow_request_sent":false,"profile_use_background_image":true,"profile_text_color":"333333","default_profile_image":false,"id":71807953,"profile_background_image_url_https":"https://pbs.twimg.com/profile_background_images/34629530/WavingFlag.jpg","verified":false,"profile_location":null,"profile_image_url_https":"https://pbs.twimg.com/profile_images/1252787025/flag_06_normal.jpg","profile_sidebar_fill_color":"D6D2D3","entities":{"description":{"urls":[]}},"followers_count":9172,"profile_sidebar_border_color":"BDDCAD","id_str":"71807953","profile_background_color":"9AE4E8","listed_count":256,"is_translation_enabled":false,"utc_offset":-21600,"statuses_count":73633,"description":"HUGE FoxNews FAN!!! USA watchdog, conservative, christian, tea party supporter, whitewater rafter and snow skiier. Whoosh!","friends_count":7564,"location":"Made in USA","profile_link_color":"0084B4","profile_image_url":"http://pbs.twimg.com/profile_images/1252787025/flag_06_normal.jpg","following":false,"geo_enabled":true,"profile_background_image_url":"http://pbs.twimg.com/profile_background_images/34629530/WavingFlag.jpg","name":"USA Hipster","lang":"en","profile_background_tile":true,"favourites_count":184,"screen_name":"USAHipster","notifications":false,"url":null,"created_at":"Sat Sep 05 14:07:14 +0000 2009","contributors_enabled":false,"time_zone":"Central Time (US & Canada)","protected":false,"default_profile":false,"is_translator":false},"geo":null,"in_reply_to_user_id_str":"457119703","lang":"en","created_at":"Mon Dec 15 17:02:16 +0000 2014","in_reply_to_status_id_str":"544278271064829952","place":null}
]