{"contributors": null, "truncated": false, "text": "Live Updates: Siege in Sydney Cafe http://t.co/aNIHU5DlLj", "in_reply_to_status_id": null, "id": 544283772569788416, "favorite_count": 49, "source": "<a href=\"http://news.sky.com\" rel=\"nofollow\">SkyNews Alerts - Latest</a>", "retweeted": false, "coordinates": null, "entities": {"symbols": [], "user_mentions": [], "hashtags": [], "urls": [{"url": "http://t.co/aNIHU5DlLj", "indices": [35, 57], "expanded_url": "http://news.sky.com/story/1391978/live-updates-siege-in-sydney-cafe", "display_url": "news.sky.com/story/1391978/\u2026"}]}, "in_reply_to_screen_name": null, "id_str": "544283772569788416", "retweet_count": 180, "in_reply_to_user_id": null, "favorited": false, "user": {"follow_request_sent": false, "profile_use_background_image": true, "profile_text_color": "333333", "default_profile_image": false, "id": 7587032, "profile_background_image_url_https": "https://pbs.twimg.com/profile_background_images/507147777357262848/OJoZrDWj.jpeg", "verified": true, "profile_location": null, "profile_image_url_https": "https://pbs.twimg.com/profile_images/459651300204888064/6TKUNqTU_normal.jpeg", "profile_sidebar_fill_color": "EDEDED", "entities": {"url": {"urls": [{"url": "http://t.co/7witOoeYyy", "indices": [0, 22], "expanded_url": "http://www.skynews.com/", "display_url": "skynews.com"}]}, "description": {"urls": []}}, "followers_count": 1732248, "profile_sidebar_border_color": "000000", "id_str": "7587032", "profile_background_color": "000000", "listed_count": 14523, "is_translation_enabled": true, "utc_offset": 0, "statuses_count": 120335, "description": "Stories direct from the @SkyNews newsroom. Tweet us your queries and questions. For breaking news, follow @SkyNewsBreak.", "friends_count": 17, "location": "London, UK", "profile_link_color": "385FAC", "profile_image_url": "http://pbs.twimg.com/profile_images/459651300204888064/6TKUNqTU_normal.jpeg", "following": false, "geo_enabled": false, "profile_banner_url": "https://pbs.twimg.com/profile_banners/7587032/1398424340", "profile_background_image_url": "http://pbs.twimg.com/profile_background_images/507147777357262848/OJoZrDWj.jpeg", "name": "Sky News", "lang": "en", "profile_background_tile": false, "favourites_count": 1, "screen_name": "SkyNews", "notifications": false, "url": "http://t.co/7witOoeYyy", "created_at": "Thu Jul 19 14:42:53 +0000 2007", "contributors_enabled": false, "time_zone": "London", "protected": false, "default_profile": false, "is_translator": false}, "geo": null, "in_reply_to_user_id_str": null, "possibly_sensitive": false, "lang": "en", "created_at": "Mon Dec 15 00:12:18 +0000 2014", "in_reply_to_status_id_str": null, "place": null}