{"contributors": null, "truncated": false, "text": "Unfortunately this is where Twitter is at it's best and worst. Please don't tweet about #sydneysiege with police intel or misinformed rants", "in_reply_to_status_id": null, "id": 544298121379852289, "favorite_count": 109, "source": "<a href=\"http://twitter.com/download/android\" rel=\"nofollow\">Twitter for Android</a>", "retweeted": false, "coordinates": null, "entities": {"symbols": [], "user_mentions": [], "hashtags": [{"indices": [88, 100], "text": "sydneysiege"}], "urls": []}, "in_reply_to_screen_name": null, "id_str": "544298121379852289", "retweet_count": 124, "in_reply_to_user_id": null, "favorited": false, "user": {"follow_request_sent": false, "profile_use_background_image": true, "profile_text_color": "3C3940", "default_profile_image": false, "id": 17765045, "profile_background_image_url_https": "https://pbs.twimg.com/profile_background_images/378800000092129433/82c482f4b90af128da38ecd9aef7a468.jpeg", "verified": false, "profile_location": null, "profile_image_url_https": "https://pbs.twimg.com/profile_images/378800000578327555/f5e7e7a485858a6e06a60462a6abfdec_normal.png", "profile_sidebar_fill_color": "95E8EC", "entities": {"url": {"urls": [{"url": "http://t.co/Oojp5W9zMS", "indices": [0, 22], "expanded_url": "http://sportsgeekhq.com", "display_url": "sportsgeekhq.com"}]}, "description": {"urls": []}}, "followers_count": 14728, "profile_sidebar_border_color": "FFFFFF", "id_str": "17765045", "profile_background_color": "010405", "listed_count": 680, "is_translation_enabled": false, "utc_offset": 39600, "statuses_count": 30532, "description": "Working with teams, leagues & athletes at @SportsGeek Digital track @seatconference #SportsBiz Over 120K podcast downloads with @SportsGeek & @BeersBlokesBiz", "friends_count": 4960, "location": "Melbourne, Australia", "profile_link_color": "0099B9", "profile_image_url": "http://pbs.twimg.com/profile_images/378800000578327555/f5e7e7a485858a6e06a60462a6abfdec_normal.png", "following": false, "geo_enabled": true, "profile_banner_url": "https://pbs.twimg.com/profile_banners/17765045/1398588360", "profile_background_image_url": "http://pbs.twimg.com/profile_background_images/378800000092129433/82c482f4b90af128da38ecd9aef7a468.jpeg", "name": "Sean Callanan", "lang": "en", "profile_background_tile": false, "favourites_count": 6003, "screen_name": "seancallanan", "notifications": false, "url": "http://t.co/Oojp5W9zMS", "created_at": "Sun Nov 30 22:58:03 +0000 2008", "contributors_enabled": false, "time_zone": "Melbourne", "protected": false, "default_profile": false, "is_translator": false}, "geo": null, "in_reply_to_user_id_str": null, "lang": "en", "created_at": "Mon Dec 15 01:09:19 +0000 2014", "in_reply_to_status_id_str": null, "place": null}