{"contributors":null,"truncated":false,"text":"This is not going to end well in Sydney . Wake up Britain it's coming here.","in_reply_to_status_id":null,"id":544275733607366656,"favorite_count":86,"source":"<a href=\"http:\/\/twitter.com\/download\/iphone\" rel=\"nofollow\">Twitter for iPhone<\/a>","retweeted":false,"coordinates":null,"entities":{"symbols":[],"user_mentions":[],"hashtags":[],"urls":[]},"in_reply_to_screen_name":null,"id_str":"544275733607366656","retweet_count":121,"in_reply_to_user_id":null,"favorited":false,"user":{"follow_request_sent":false,"profile_use_background_image":true,"profile_text_color":"333333","default_profile_image":false,"id":374712154,"profile_background_image_url_https":"https:\/\/pbs.twimg.com\/profile_background_images\/378800000091148976\/e3260dabed10866078218b034f58e9b8.png","verified":false,"profile_location":null,"profile_image_url_https":"https:\/\/pbs.twimg.com\/profile_images\/555830859593711616\/__WnxRUn_normal.jpeg","profile_sidebar_fill_color":"DDEEF6","entities":{"url":{"urls":[{"url":"http:\/\/t.co\/UWPn80YeGV","indices":[0,22],"expanded_url":"http:\/\/tommyrobinson.co.uk","display_url":"tommyrobinson.co.uk"}]},"description":{"urls":[{"url":"http:\/\/t.co\/UWPn80YeGV","indices":[53,75],"expanded_url":"http:\/\/tommyrobinson.co.uk","display_url":"tommyrobinson.co.uk"}]}},"followers_count":93651,"profile_sidebar_border_color":"FFFFFF","id_str":"374712154","profile_background_color":"C0DEED","listed_count":358,"is_translation_enabled":false,"utc_offset":0,"statuses_count":32377,"description":"Founder and ex leader of the English Defence League. http:\/\/t.co\/UWPn80YeGV\r\nPLEASE CONTACT ME ON THE EMAIL BELOW\r\nEMAIL: stephenyaxlennon@btinternet.com","friends_count":4311,"location":"Luton England ","profile_link_color":"0084B4","profile_image_url":"http:\/\/pbs.twimg.com\/profile_images\/555830859593711616\/__WnxRUn_normal.jpeg","following":false,"geo_enabled":true,"profile_banner_url":"https:\/\/pbs.twimg.com\/profile_banners\/374712154\/1408804377","profile_background_image_url":"http:\/\/pbs.twimg.com\/profile_background_images\/378800000091148976\/e3260dabed10866078218b034f58e9b8.png","name":"Tommy Robinson","lang":"en","profile_background_tile":true,"favourites_count":12235,"screen_name":"TRobinsonNewEra","notifications":false,"url":"http:\/\/t.co\/UWPn80YeGV","created_at":"Fri Sep 16 20:07:22 +0000 2011","contributors_enabled":false,"time_zone":"London","protected":false,"default_profile":false,"is_translator":false},"geo":null,"in_reply_to_user_id_str":null,"lang":"en","created_at":"Sun Dec 14 23:40:21 +0000 2014","in_reply_to_status_id_str":null,"place":null}