{"contributors":null,"truncated":false,"text":"Several people being held hostage at a Sydney cafe. Australian tv showing people with  hands up against a window: http:\/\/t.co\/AD2PR4OPFq","in_reply_to_status_id":null,"id":544274934835707905,"favorite_count":113,"source":"<a href=\"http:\/\/www.socialflow.com\" rel=\"nofollow\">SocialFlow<\/a>","retweeted":false,"coordinates":null,"entities":{"symbols":[],"user_mentions":[],"hashtags":[],"urls":[{"url":"http:\/\/t.co\/AD2PR4OPFq","indices":[114,136],"expanded_url":"http:\/\/bbc.in\/1ssDEJ0","display_url":"bbc.in\/1ssDEJ0"}]},"in_reply_to_screen_name":null,"id_str":"544274934835707905","retweet_count":762,"in_reply_to_user_id":null,"favorited":false,"user":{"follow_request_sent":false,"profile_use_background_image":true,"profile_text_color":"5A5A5A","default_profile_image":false,"id":742143,"profile_background_image_url_https":"https:\/\/pbs.twimg.com\/profile_background_images\/459295591915204608\/P0byaGJj.jpeg","verified":true,"profile_location":null,"profile_image_url_https":"https:\/\/pbs.twimg.com\/profile_images\/522359986324643842\/QVNpxIrk_normal.jpeg","profile_sidebar_fill_color":"FFFFFF","entities":{"url":{"urls":[{"url":"http:\/\/t.co\/hqt08RrbCA","indices":[0,22],"expanded_url":"http:\/\/www.bbc.com\/news","display_url":"bbc.com\/news"}]},"description":{"urls":[{"url":"http:\/\/t.co\/JnU7o4nQJx","indices":[35,57],"expanded_url":"http:\/\/bbc.in\/worldnews","display_url":"bbc.in\/worldnews"}]}},"followers_count":8175508,"profile_sidebar_border_color":"FFFFFF","id_str":"742143","profile_background_color":"FFFFFF","listed_count":83149,"is_translation_enabled":true,"utc_offset":0,"statuses_count":187166,"description":"World News, features and analysis (http:\/\/t.co\/JnU7o4nQJx). For UK news, follow @BBCNews. For breaking news, follow @BBCBreaking. Latest sport news @BBCSport.","friends_count":61,"location":"London, UK","profile_link_color":"1F527B","profile_image_url":"http:\/\/pbs.twimg.com\/profile_images\/522359986324643842\/QVNpxIrk_normal.jpeg","following":false,"geo_enabled":false,"profile_banner_url":"https:\/\/pbs.twimg.com\/profile_banners\/742143\/1398339487","profile_background_image_url":"http:\/\/pbs.twimg.com\/profile_background_images\/459295591915204608\/P0byaGJj.jpeg","name":"BBC News (World)","lang":"en","profile_background_tile":false,"favourites_count":0,"screen_name":"BBCWorld","notifications":false,"url":"http:\/\/t.co\/hqt08RrbCA","created_at":"Thu Feb 01 07:44:29 +0000 2007","contributors_enabled":false,"time_zone":"London","protected":false,"default_profile":false,"is_translator":false},"geo":null,"in_reply_to_user_id_str":null,"possibly_sensitive":false,"lang":"en","created_at":"Sun Dec 14 23:37:11 +0000 2014","in_reply_to_status_id_str":null,"place":null}