{"contributors":null,"truncated":false,"text":"The PM's office releases a statement about  #sydneysiege. http:\/\/t.co\/7NdqPYhwcY http:\/\/t.co\/jeYdlwywO7","in_reply_to_status_id":null,"id":544289880805605376,"favorite_count":194,"source":"<a href=\"https:\/\/about.twitter.com\/products\/tweetdeck\" rel=\"nofollow\">TweetDeck<\/a>","retweeted":false,"coordinates":null,"entities":{"symbols":[],"user_mentions":[],"hashtags":[{"indices":[44,56],"text":"sydneysiege"}],"urls":[{"url":"http:\/\/t.co\/7NdqPYhwcY","indices":[58,80],"expanded_url":"http:\/\/ab.co\/1zmdiru","display_url":"ab.co\/1zmdiru"}],"media":[{"expanded_url":"http:\/\/twitter.com\/abcnews\/status\/544289880805605376\/photo\/1","display_url":"pic.twitter.com\/jeYdlwywO7","url":"http:\/\/t.co\/jeYdlwywO7","media_url_https":"https:\/\/pbs.twimg.com\/media\/B420wL3CcAA5QSc.jpg","id_str":"544289869892055040","sizes":{"small":{"h":237,"resize":"fit","w":340},"large":{"h":673,"resize":"fit","w":964},"medium":{"h":418,"resize":"fit","w":600},"thumb":{"h":150,"resize":"crop","w":150}},"indices":[81,103],"type":"photo","id":544289869892055040,"media_url":"http:\/\/pbs.twimg.com\/media\/B420wL3CcAA5QSc.jpg"}]},"in_reply_to_screen_name":null,"id_str":"544289880805605376","retweet_count":572,"in_reply_to_user_id":null,"favorited":false,"user":{"follow_request_sent":false,"profile_use_background_image":true,"profile_text_color":"000000","default_profile_image":false,"id":2768501,"profile_background_image_url_https":"https:\/\/pbs.twimg.com\/profile_background_images\/384697135\/News_Twitter-background.jpg","verified":true,"profile_location":null,"profile_image_url_https":"https:\/\/pbs.twimg.com\/profile_images\/2926053458\/8447650cdcc90a0dfdc522b8f6f06173_normal.jpeg","profile_sidebar_fill_color":"C8C8C8","entities":{"url":{"urls":[{"url":"http:\/\/t.co\/knlFvfwxkf","indices":[0,22],"expanded_url":"http:\/\/www.abc.net.au\/news","display_url":"abc.net.au\/news"}]},"description":{"urls":[]}},"followers_count":490028,"profile_sidebar_border_color":"CCCCCC","id_str":"2768501","profile_background_color":"000000","listed_count":8458,"is_translation_enabled":false,"utc_offset":39600,"statuses_count":141687,"description":"Latest news updates from the Australian Broadcasting Corp. This is an official @abcaustralia account.","friends_count":1063,"location":"Australia","profile_link_color":"0000FF","profile_image_url":"http:\/\/pbs.twimg.com\/profile_images\/2926053458\/8447650cdcc90a0dfdc522b8f6f06173_normal.jpeg","following":false,"geo_enabled":true,"profile_banner_url":"https:\/\/pbs.twimg.com\/profile_banners\/2768501\/1413770066","profile_background_image_url":"http:\/\/pbs.twimg.com\/profile_background_images\/384697135\/News_Twitter-background.jpg","name":"ABC News","lang":"en","profile_background_tile":false,"favourites_count":1530,"screen_name":"abcnews","notifications":false,"url":"http:\/\/t.co\/knlFvfwxkf","created_at":"Thu Mar 29 02:15:36 +0000 2007","contributors_enabled":false,"time_zone":"Sydney","protected":false,"default_profile":false,"is_translator":false},"geo":null,"in_reply_to_user_id_str":null,"possibly_sensitive":false,"lang":"en","created_at":"Mon Dec 15 00:36:34 +0000 2014","in_reply_to_status_id_str":null,"place":null,"extended_entities":{"media":[{"expanded_url":"http:\/\/twitter.com\/abcnews\/status\/544289880805605376\/photo\/1","display_url":"pic.twitter.com\/jeYdlwywO7","url":"http:\/\/t.co\/jeYdlwywO7","media_url_https":"https:\/\/pbs.twimg.com\/media\/B420wL3CcAA5QSc.jpg","id_str":"544289869892055040","sizes":{"small":{"h":237,"resize":"fit","w":340},"large":{"h":673,"resize":"fit","w":964},"medium":{"h":418,"resize":"fit","w":600},"thumb":{"h":150,"resize":"crop","w":150}},"indices":[81,103],"type":"photo","id":544289869892055040,"media_url":"http:\/\/pbs.twimg.com\/media\/B420wL3CcAA5QSc.jpg"}]}}