{"contributors":null,"truncated":false,"text":"Did somebody forget to tell that radical Islamist that guns are banned in Australia?!?! #BadGuysDontFollowGunLaws. #sydneysiege","in_reply_to_status_id":null,"id":544296465619619840,"favorite_count":54,"source":"<a href=\"http:\/\/twitter.com\" rel=\"nofollow\">Twitter Web Client<\/a>","retweeted":false,"coordinates":null,"entities":{"symbols":[],"user_mentions":[],"hashtags":[{"indices":[88,113],"text":"BadGuysDontFollowGunLaws"},{"indices":[115,127],"text":"sydneysiege"}],"urls":[]},"in_reply_to_screen_name":null,"id_str":"544296465619619840","retweet_count":103,"in_reply_to_user_id":null,"favorited":false,"user":{"follow_request_sent":false,"profile_use_background_image":true,"profile_text_color":"362720","default_profile_image":false,"id":19806962,"profile_background_image_url_https":"https:\/\/abs.twimg.com\/images\/themes\/theme11\/bg.gif","verified":false,"profile_location":null,"profile_image_url_https":"https:\/\/pbs.twimg.com\/profile_images\/584541405353127936\/gbIVcQYG_normal.jpg","profile_sidebar_fill_color":"E5507E","entities":{"description":{"urls":[]}},"followers_count":19519,"profile_sidebar_border_color":"CC3366","id_str":"19806962","profile_background_color":"FF6699","listed_count":445,"is_translation_enabled":false,"utc_offset":-21600,"statuses_count":85629,"description":"It rubs the lotion on its skin or else it gets the hose again.","friends_count":1228,"location":"No DMs","profile_link_color":"B40B43","profile_image_url":"http:\/\/pbs.twimg.com\/profile_images\/584541405353127936\/gbIVcQYG_normal.jpg","following":false,"geo_enabled":false,"profile_banner_url":"https:\/\/pbs.twimg.com\/profile_banners\/19806962\/1405976590","profile_background_image_url":"http:\/\/abs.twimg.com\/images\/themes\/theme11\/bg.gif","name":"Jalen ","lang":"en","profile_background_tile":true,"favourites_count":30945,"screen_name":"GOPMommy","notifications":false,"url":null,"created_at":"Sat Jan 31 05:55:21 +0000 2009","contributors_enabled":false,"time_zone":"Central Time (US & Canada)","protected":false,"default_profile":false,"is_translator":false},"geo":null,"in_reply_to_user_id_str":null,"lang":"en","created_at":"Mon Dec 15 01:02:44 +0000 2014","in_reply_to_status_id_str":null,"place":null}