{"contributors":null,"truncated":false,"text":"BREAKING NEWS: All Qantas flights are diverting around Sydney CBD but are operating as per schedule at this stage","in_reply_to_status_id":null,"id":544287902079803392,"favorite_count":126,"source":"<a href=\"http:\/\/twitter.com\" rel=\"nofollow\">Twitter Web Client<\/a>","retweeted":false,"coordinates":null,"entities":{"symbols":[],"user_mentions":[],"hashtags":[],"urls":[]},"in_reply_to_screen_name":null,"id_str":"544287902079803392","retweet_count":461,"in_reply_to_user_id":null,"favorited":false,"user":{"follow_request_sent":false,"profile_use_background_image":true,"profile_text_color":"565656","default_profile_image":false,"id":218730857,"profile_background_image_url_https":"https:\/\/pbs.twimg.com\/profile_background_images\/440632291950219264\/qF03ixI3.png","verified":true,"profile_location":null,"profile_image_url_https":"https:\/\/pbs.twimg.com\/profile_images\/583742858219261952\/AurhxPUn_normal.png","profile_sidebar_fill_color":"F2F2F2","entities":{"url":{"urls":[{"url":"http:\/\/t.co\/mc12gZH3hV","indices":[0,22],"expanded_url":"http:\/\/qantas.com.au","display_url":"qantas.com.au"}]},"description":{"urls":[]}},"followers_count":232497,"profile_sidebar_border_color":"000000","id_str":"218730857","profile_background_color":"212121","listed_count":1790,"is_translation_enabled":false,"utc_offset":39600,"statuses_count":58748,"description":"The official Qantas Twitter page to share information & get feedback. We\u2019re online from 7am\u20139pm AEST Mon\u2013Fri and 9am\u20135.30pm AEST Sat-Sun.","friends_count":4571,"location":"Australia","profile_link_color":"E0001A","profile_image_url":"http:\/\/pbs.twimg.com\/profile_images\/583742858219261952\/AurhxPUn_normal.png","following":false,"geo_enabled":false,"profile_banner_url":"https:\/\/pbs.twimg.com\/profile_banners\/218730857\/1417906752","profile_background_image_url":"http:\/\/pbs.twimg.com\/profile_background_images\/440632291950219264\/qF03ixI3.png","name":"Qantas ","lang":"en","profile_background_tile":false,"favourites_count":422,"screen_name":"Qantas","notifications":false,"url":"http:\/\/t.co\/mc12gZH3hV","created_at":"Tue Nov 23 03:29:25 +0000 2010","contributors_enabled":false,"time_zone":"Sydney","protected":false,"default_profile":false,"is_translator":false},"geo":null,"in_reply_to_user_id_str":null,"lang":"en","created_at":"Mon Dec 15 00:28:42 +0000 2014","in_reply_to_status_id_str":null,"place":null}