[{"contributors":null,"truncated":false,"text":"@PzFeed too early to speculate on Islamic flag.","in_reply_to_status_id":544284577318318080,"id":544284829559169024,"favorite_count":0,"source":"<a href=\"http://twitter.com/#!/download/ipad\" rel=\"nofollow\">Twitter for iPad</a>","retweeted":false,"coordinates":null,"entities":{"symbols":[],"user_mentions":[{"id":292777349,"indices":[0,7],"id_str":"292777349","screen_name":"PzFeed","name":"PzFeed Top News"}],"hashtags":[],"urls":[]},"in_reply_to_screen_name":"PzFeed","id_str":"544284829559169024","retweet_count":0,"in_reply_to_user_id":292777349,"favorited":false,"user":{"follow_request_sent":false,"profile_use_background_image":true,"profile_text_color":"666666","default_profile_image":false,"id":185472553,"profile_background_image_url_https":"https://abs.twimg.com/images/themes/theme9/bg.gif","verified":false,"profile_location":null,"profile_image_url_https":"https://pbs.twimg.com/profile_images/587750620943089664/lJvgTgCk_normal.jpg","profile_sidebar_fill_color":"252429","entities":{"url":{"urls":[{"url":"http://t.co/QrPsTOopdR","indices":[0,22],"expanded_url":"http://bit.ly/Sweatlodge","display_url":"bit.ly/Sweatlodge"}]},"description":{"urls":[]}},"followers_count":2440,"profile_sidebar_border_color":"FFFFFF","id_str":"185472553","profile_background_color":"1A1B1F","listed_count":67,"is_translation_enabled":false,"utc_offset":-21600,"statuses_count":126168,"description":"A coyote adopted by wolves. Expect High ⚡️Voltage Politics and humour. #indigneousdemocracy #rockthevote #vote16","friends_count":1121,"location":" ▇ུ","profile_link_color":"2FC2EF","profile_image_url":"http://pbs.twimg.com/profile_images/587750620943089664/lJvgTgCk_normal.jpg","following":false,"geo_enabled":false,"profile_banner_url":"https://pbs.twimg.com/profile_banners/185472553/1417841851","profile_background_image_url":"http://abs.twimg.com/images/themes/theme9/bg.gif","name":"Agent 301","lang":"en","profile_background_tile":false,"favourites_count":44836,"screen_name":"KAL301","notifications":false,"url":"http://t.co/QrPsTOopdR","created_at":"Wed Sep 01 01:57:47 +0000 2010","contributors_enabled":false,"time_zone":"Central Time (US & Canada)","protected":false,"default_profile":false,"is_translator":false},"geo":null,"in_reply_to_user_id_str":"292777349","lang":"en","created_at":"Mon Dec 15 00:16:30 +0000 2014","in_reply_to_status_id_str":"544284577318318080","place":null},
{"contributors":null,"truncated":false,"text":"@PzFeed the flag appears to be associated with a terrorist organization.","in_reply_to_status_id":544284577318318080,"id":544284947058417665,"favorite_count":0,"source":"<a href=\"http://twitter.com/#!/download/ipad\" rel=\"nofollow\">Twitter for iPad</a>","retweeted":false,"coordinates":null,"entities":{"symbols":[],"user_mentions":[{"id":292777349,"indices":[0,7],"id_str":"292777349","screen_name":"PzFeed","name":"PzFeed Top News"}],"hashtags":[],"urls":[]},"in_reply_to_screen_name":"PzFeed","id_str":"544284947058417665","retweet_count":0,"in_reply_to_user_id":292777349,"favorited":false,"user":{"follow_request_sent":false,"profile_use_background_image":true,"profile_text_color":"666666","default_profile_image":false,"id":185472553,"profile_background_image_url_https":"https://abs.twimg.com/images/themes/theme9/bg.gif","verified":false,"profile_location":null,"profile_image_url_https":"https://pbs.twimg.com/profile_images/587750620943089664/lJvgTgCk_normal.jpg","profile_sidebar_fill_color":"252429","entities":{"url":{"urls":[{"url":"http://t.co/QrPsTOopdR","indices":[0,22],"expanded_url":"http://bit.ly/Sweatlodge","display_url":"bit.ly/Sweatlodge"}]},"description":{"urls":[]}},"followers_count":2440,"profile_sidebar_border_color":"FFFFFF","id_str":"185472553","profile_background_color":"1A1B1F","listed_count":67,"is_translation_enabled":false,"utc_offset":-21600,"statuses_count":126168,"description":"A coyote adopted by wolves. Expect High ⚡️Voltage Politics and humour. #indigneousdemocracy #rockthevote #vote16","friends_count":1121,"location":" ▇ུ","profile_link_color":"2FC2EF","profile_image_url":"http://pbs.twimg.com/profile_images/587750620943089664/lJvgTgCk_normal.jpg","following":false,"geo_enabled":false,"profile_banner_url":"https://pbs.twimg.com/profile_banners/185472553/1417841851","profile_background_image_url":"http://abs.twimg.com/images/themes/theme9/bg.gif","name":"Agent 301","lang":"en","profile_background_tile":false,"favourites_count":44836,"screen_name":"KAL301","notifications":false,"url":"http://t.co/QrPsTOopdR","created_at":"Wed Sep 01 01:57:47 +0000 2010","contributors_enabled":false,"time_zone":"Central Time (US & Canada)","protected":false,"default_profile":false,"is_translator":false},"geo":null,"in_reply_to_user_id_str":"292777349","lang":"en","created_at":"Mon Dec 15 00:16:58 +0000 2014","in_reply_to_status_id_str":"544284577318318080","place":null},
{"contributors":null,"truncated":false,"text":"“@PzFeed: BREAKING PHOTO: Gunmen take hostages at Sydney cafe, wave Islamic flag http://t.co/UxxV0fIpet http://t.co/FRLamH6EOl”","in_reply_to_status_id":544284577318318080,"id":544285114034032640,"favorite_count":0,"source":"<a href=\"http://twitter.com/download/iphone\" rel=\"nofollow\">Twitter for iPhone</a>","retweeted":false,"coordinates":null,"entities":{"symbols":[],"user_mentions":[{"id":292777349,"indices":[1,8],"id_str":"292777349","screen_name":"PzFeed","name":"PzFeed Top News"}],"hashtags":[],"urls":[{"url":"http://t.co/UxxV0fIpet","indices":[81,103],"expanded_url":"http://tinyurl.com/qgkakkm","display_url":"tinyurl.com/qgkakkm"}],"media":[{"source_user_id":292777349,"source_status_id_str":"544284577318318080","expanded_url":"http://twitter.com/PzFeed/status/544284577318318080/photo/1","display_url":"pic.twitter.com/FRLamH6EOl","url":"http://t.co/FRLamH6EOl","media_url_https":"https://pbs.twimg.com/media/B42v74qCUAAVckX.jpg","source_user_id_str":"292777349","source_status_id":544284577318318080,"id_str":"544284573337538560","sizes":{"large":{"h":270,"resize":"fit","w":504},"small":{"h":182,"resize":"fit","w":340},"medium":{"h":270,"resize":"fit","w":504},"thumb":{"h":150,"resize":"crop","w":150}},"indices":[104,126],"type":"photo","id":544284573337538560,"media_url":"http://pbs.twimg.com/media/B42v74qCUAAVckX.jpg"}]},"in_reply_to_screen_name":"PzFeed","id_str":"544285114034032640","retweet_count":3,"in_reply_to_user_id":292777349,"favorited":false,"user":{"follow_request_sent":false,"profile_use_background_image":true,"profile_text_color":"CB141E","default_profile_image":false,"id":117110737,"profile_background_image_url_https":"https://pbs.twimg.com/profile_background_images/378800000008087890/ae0ba8a5730ae7e0866a271707e1625a.jpeg","verified":false,"profile_location":null,"profile_image_url_https":"https://pbs.twimg.com/profile_images/585899357817479168/_8KkZHBl_normal.jpg","profile_sidebar_fill_color":"A1324F","entities":{"description":{"urls":[]}},"followers_count":6640,"profile_sidebar_border_color":"FFFFFF","id_str":"117110737","profile_background_color":"FCFCFC","listed_count":336,"is_translation_enabled":false,"utc_offset":-7200,"statuses_count":119650,"description":"Libertaria, Humanista, Apartidária e Sem Fronteiras.Dependente de palavras,açúcar e afeto. ♥️ Made in Brazil ♥️","friends_count":2780,"location":"","profile_link_color":"050100","profile_image_url":"http://pbs.twimg.com/profile_images/585899357817479168/_8KkZHBl_normal.jpg","following":false,"geo_enabled":true,"profile_banner_url":"https://pbs.twimg.com/profile_banners/117110737/1416701521","profile_background_image_url":"http://pbs.twimg.com/profile_background_images/378800000008087890/ae0ba8a5730ae7e0866a271707e1625a.jpeg","name":"Teresa Santos","lang":"pt","profile_background_tile":false,"favourites_count":336,"screen_name":"teresamsm","notifications":false,"url":null,"created_at":"Wed Feb 24 15:30:50 +0000 2010","contributors_enabled":false,"time_zone":"Brasilia","protected":false,"default_profile":false,"is_translator":false},"geo":null,"in_reply_to_user_id_str":"292777349","possibly_sensitive":false,"lang":"en","created_at":"Mon Dec 15 00:17:38 +0000 2014","in_reply_to_status_id_str":"544284577318318080","place":null,"extended_entities":{"media":[{"source_user_id":292777349,"source_status_id_str":"544284577318318080","expanded_url":"http://twitter.com/PzFeed/status/544284577318318080/photo/1","display_url":"pic.twitter.com/FRLamH6EOl","url":"http://t.co/FRLamH6EOl","media_url_https":"https://pbs.twimg.com/media/B42v74qCUAAVckX.jpg","source_user_id_str":"292777349","source_status_id":544284577318318080,"id_str":"544284573337538560","sizes":{"large":{"h":270,"resize":"fit","w":504},"small":{"h":182,"resize":"fit","w":340},"medium":{"h":270,"resize":"fit","w":504},"thumb":{"h":150,"resize":"crop","w":150}},"indices":[104,126],"type":"photo","id":544284573337538560,"media_url":"http://pbs.twimg.com/media/B42v74qCUAAVckX.jpg"}]}},
{"contributors":null,"truncated":false,"text":"“@PzFeed: BREAKING PHOTO: Gunmen take hostages at Sydney cafe, wave Islamic flag http://t.co/5TMI24ebWr http://t.co/E1Yseum2gv” oh noooo","in_reply_to_status_id":544284577318318080,"id":544285486488256512,"favorite_count":0,"source":"<a href=\"http://twitter.com/download/iphone\" rel=\"nofollow\">Twitter for iPhone</a>","retweeted":false,"coordinates":null,"entities":{"symbols":[],"user_mentions":[{"id":292777349,"indices":[1,8],"id_str":"292777349","screen_name":"PzFeed","name":"PzFeed Top News"}],"hashtags":[],"urls":[{"url":"http://t.co/5TMI24ebWr","indices":[81,103],"expanded_url":"http://tinyurl.com/qgkakkm","display_url":"tinyurl.com/qgkakkm"}],"media":[{"source_user_id":292777349,"source_status_id_str":"544284577318318080","expanded_url":"http://twitter.com/PzFeed/status/544284577318318080/photo/1","display_url":"pic.twitter.com/E1Yseum2gv","url":"http://t.co/E1Yseum2gv","media_url_https":"https://pbs.twimg.com/media/B42v74qCUAAVckX.jpg","source_user_id_str":"292777349","source_status_id":544284577318318080,"id_str":"544284573337538560","sizes":{"large":{"h":270,"resize":"fit","w":504},"small":{"h":182,"resize":"fit","w":340},"medium":{"h":270,"resize":"fit","w":504},"thumb":{"h":150,"resize":"crop","w":150}},"indices":[104,126],"type":"photo","id":544284573337538560,"media_url":"http://pbs.twimg.com/media/B42v74qCUAAVckX.jpg"}]},"in_reply_to_screen_name":"PzFeed","id_str":"544285486488256512","retweet_count":1,"in_reply_to_user_id":292777349,"favorited":false,"user":{"follow_request_sent":false,"profile_use_background_image":true,"profile_text_color":"333333","default_profile_image":false,"id":240008537,"profile_background_image_url_https":"https://abs.twimg.com/images/themes/theme1/bg.png","verified":false,"profile_location":null,"profile_image_url_https":"https://pbs.twimg.com/profile_images/589521330636267520/ZyOQTk1W_normal.jpg","profile_sidebar_fill_color":"DDEEF6","entities":{"description":{"urls":[]}},"followers_count":803,"profile_sidebar_border_color":"C0DEED","id_str":"240008537","profile_background_color":"C0DEED","listed_count":8,"is_translation_enabled":false,"utc_offset":null,"statuses_count":35937,"description":"A Marylander with a slightly sarcastic, slightly cynical, yet enthusiastic view on life. Love the Orioles and Ravens...also like random fun times.","friends_count":955,"location":"","profile_link_color":"0084B4","profile_image_url":"http://pbs.twimg.com/profile_images/589521330636267520/ZyOQTk1W_normal.jpg","following":false,"geo_enabled":false,"profile_banner_url":"https://pbs.twimg.com/profile_banners/240008537/1411608169","profile_background_image_url":"http://abs.twimg.com/images/themes/theme1/bg.png","name":"Vasanthi Who","lang":"en","profile_background_tile":false,"favourites_count":15165,"screen_name":"purplephenom","notifications":false,"url":null,"created_at":"Tue Jan 18 23:28:25 +0000 2011","contributors_enabled":false,"time_zone":null,"protected":false,"default_profile":true,"is_translator":false},"geo":null,"in_reply_to_user_id_str":"292777349","possibly_sensitive":false,"lang":"en","created_at":"Mon Dec 15 00:19:06 +0000 2014","in_reply_to_status_id_str":"544284577318318080","place":null,"extended_entities":{"media":[{"source_user_id":292777349,"source_status_id_str":"544284577318318080","expanded_url":"http://twitter.com/PzFeed/status/544284577318318080/photo/1","display_url":"pic.twitter.com/E1Yseum2gv","url":"http://t.co/E1Yseum2gv","media_url_https":"https://pbs.twimg.com/media/B42v74qCUAAVckX.jpg","source_user_id_str":"292777349","source_status_id":544284577318318080,"id_str":"544284573337538560","sizes":{"large":{"h":270,"resize":"fit","w":504},"small":{"h":182,"resize":"fit","w":340},"medium":{"h":270,"resize":"fit","w":504},"thumb":{"h":150,"resize":"crop","w":150}},"indices":[104,126],"type":"photo","id":544284573337538560,"media_url":"http://pbs.twimg.com/media/B42v74qCUAAVckX.jpg"}]}},
{"contributors":null,"truncated":false,"text":"@PzFeed ⬅️ al nursa and ISIS ➡️\nAnd flag at Lindt http://t.co/A9hR6Rlim9","in_reply_to_status_id":544284577318318080,"id":544285588107436032,"favorite_count":0,"source":"<a href=\"http://twitter.com/#!/download/ipad\" rel=\"nofollow\">Twitter for iPad</a>","retweeted":false,"coordinates":null,"entities":{"symbols":[],"user_mentions":[{"id":292777349,"indices":[0,7],"id_str":"292777349","screen_name":"PzFeed","name":"PzFeed Top News"}],"hashtags":[],"urls":[],"media":[{"expanded_url":"http://twitter.com/KAL301/status/544285588107436032/photo/1","display_url":"pic.twitter.com/A9hR6Rlim9","url":"http://t.co/A9hR6Rlim9","media_url_https":"https://pbs.twimg.com/media/B42w2ruCcAAK6hJ.jpg","id_str":"544285583476944896","sizes":{"large":{"h":116,"resize":"fit","w":195},"small":{"h":116,"resize":"fit","w":195},"medium":{"h":116,"resize":"fit","w":195},"thumb":{"h":116,"resize":"crop","w":150}},"indices":[50,72],"type":"photo","id":544285583476944896,"media_url":"http://pbs.twimg.com/media/B42w2ruCcAAK6hJ.jpg"}]},"in_reply_to_screen_name":"PzFeed","id_str":"544285588107436032","retweet_count":0,"in_reply_to_user_id":292777349,"favorited":false,"user":{"follow_request_sent":false,"profile_use_background_image":true,"profile_text_color":"666666","default_profile_image":false,"id":185472553,"profile_background_image_url_https":"https://abs.twimg.com/images/themes/theme9/bg.gif","verified":false,"profile_location":null,"profile_image_url_https":"https://pbs.twimg.com/profile_images/587750620943089664/lJvgTgCk_normal.jpg","profile_sidebar_fill_color":"252429","entities":{"url":{"urls":[{"url":"http://t.co/QrPsTOopdR","indices":[0,22],"expanded_url":"http://bit.ly/Sweatlodge","display_url":"bit.ly/Sweatlodge"}]},"description":{"urls":[]}},"followers_count":2440,"profile_sidebar_border_color":"FFFFFF","id_str":"185472553","profile_background_color":"1A1B1F","listed_count":67,"is_translation_enabled":false,"utc_offset":-21600,"statuses_count":126168,"description":"A coyote adopted by wolves. Expect High ⚡️Voltage Politics and humour. #indigneousdemocracy #rockthevote #vote16","friends_count":1121,"location":" ▇ུ","profile_link_color":"2FC2EF","profile_image_url":"http://pbs.twimg.com/profile_images/587750620943089664/lJvgTgCk_normal.jpg","following":false,"geo_enabled":false,"profile_banner_url":"https://pbs.twimg.com/profile_banners/185472553/1417841851","profile_background_image_url":"http://abs.twimg.com/images/themes/theme9/bg.gif","name":"Agent 301","lang":"en","profile_background_tile":false,"favourites_count":44836,"screen_name":"KAL301","notifications":false,"url":"http://t.co/QrPsTOopdR","created_at":"Wed Sep 01 01:57:47 +0000 2010","contributors_enabled":false,"time_zone":"Central Time (US & Canada)","protected":false,"default_profile":false,"is_translator":false},"geo":null,"in_reply_to_user_id_str":"292777349","possibly_sensitive":false,"lang":"en","created_at":"Mon Dec 15 00:19:31 +0000 2014","in_reply_to_status_id_str":"544284577318318080","place":null,"extended_entities":{"media":[{"expanded_url":"http://twitter.com/KAL301/status/544285588107436032/photo/1","display_url":"pic.twitter.com/A9hR6Rlim9","url":"http://t.co/A9hR6Rlim9","media_url_https":"https://pbs.twimg.com/media/B42w2ruCcAAK6hJ.jpg","id_str":"544285583476944896","sizes":{"large":{"h":116,"resize":"fit","w":195},"small":{"h":116,"resize":"fit","w":195},"medium":{"h":116,"resize":"fit","w":195},"thumb":{"h":116,"resize":"crop","w":150}},"indices":[50,72],"type":"photo","id":544285583476944896,"media_url":"http://pbs.twimg.com/media/B42w2ruCcAAK6hJ.jpg"},{"expanded_url":"http://twitter.com/KAL301/status/544285588107436032/photo/1","display_url":"pic.twitter.com/A9hR6Rlim9","url":"http://t.co/A9hR6Rlim9","media_url_https":"https://pbs.twimg.com/media/B42w2r0CMAAPxJD.jpg","id_str":"544285583502094336","sizes":{"small":{"h":190,"resize":"fit","w":340},"large":{"h":325,"resize":"fit","w":580},"medium":{"h":325,"resize":"fit","w":580},"thumb":{"h":150,"resize":"crop","w":150}},"indices":[50,72],"type":"photo","id":544285583502094336,"media_url":"http://pbs.twimg.com/media/B42w2r0CMAAPxJD.jpg"},{"expanded_url":"http://twitter.com/KAL301/status/544285588107436032/photo/1","display_url":"pic.twitter.com/A9hR6Rlim9","url":"http://t.co/A9hR6Rlim9","media_url_https":"https://pbs.twimg.com/media/B42w2r0CAAAYwrP.jpg","id_str":"544285583502082048","sizes":{"small":{"h":254,"resize":"fit","w":340},"large":{"h":350,"resize":"fit","w":468},"medium":{"h":350,"resize":"fit","w":468},"thumb":{"h":150,"resize":"crop","w":150}},"indices":[50,72],"type":"photo","id":544285583502082048,"media_url":"http://pbs.twimg.com/media/B42w2r0CAAAYwrP.jpg"}]}},
{"contributors":null,"truncated":false,"text":"@PzFeed Australian SAS 😦","in_reply_to_status_id":544284577318318080,"id":544287895704453120,"favorite_count":0,"source":"<a href=\"http://twitter.com/download/iphone\" rel=\"nofollow\">Twitter for iPhone</a>","retweeted":false,"coordinates":null,"entities":{"symbols":[],"user_mentions":[{"id":292777349,"indices":[0,7],"id_str":"292777349","screen_name":"PzFeed","name":"PzFeed Top News"}],"hashtags":[],"urls":[]},"in_reply_to_screen_name":"PzFeed","id_str":"544287895704453120","retweet_count":0,"in_reply_to_user_id":292777349,"favorited":false,"user":{"follow_request_sent":false,"profile_use_background_image":true,"profile_text_color":"3C3940","default_profile_image":false,"id":138498490,"profile_background_image_url_https":"https://pbs.twimg.com/profile_background_images/537118198529679361/_DIMD-il.jpeg","verified":false,"profile_location":null,"profile_image_url_https":"https://pbs.twimg.com/profile_images/581525716300210178/6bJHW559_normal.jpg","profile_sidebar_fill_color":"95E8EC","entities":{"description":{"urls":[]}},"followers_count":789,"profile_sidebar_border_color":"FFFFFF","id_str":"138498490","profile_background_color":"0099B9","listed_count":1,"is_translation_enabled":false,"utc_offset":-21600,"statuses_count":71705,"description":"TexasTrill//xxii","friends_count":730,"location":"","profile_link_color":"0099B9","profile_image_url":"http://pbs.twimg.com/profile_images/581525716300210178/6bJHW559_normal.jpg","following":false,"geo_enabled":true,"profile_banner_url":"https://pbs.twimg.com/profile_banners/138498490/1417382627","profile_background_image_url":"http://pbs.twimg.com/profile_background_images/537118198529679361/_DIMD-il.jpeg","name":"〰","lang":"en","profile_background_tile":true,"favourites_count":20655,"screen_name":"Da_Tempest","notifications":false,"url":null,"created_at":"Thu Apr 29 18:26:00 +0000 2010","contributors_enabled":false,"time_zone":"Central Time (US & Canada)","protected":false,"default_profile":false,"is_translator":false},"geo":null,"in_reply_to_user_id_str":"292777349","lang":"es","created_at":"Mon Dec 15 00:28:41 +0000 2014","in_reply_to_status_id_str":"544284577318318080","place":null},
{"contributors":null,"truncated":false,"text":"#MartinPlace PHOTO: Gunmen take hostages at #Sydney cafe, wave Islamic flag http://t.co/1HuBFbgYKu  http://t.co/U5LDb4sz1s v.@PzFeed","in_reply_to_status_id":544284577318318080,"id":544288209807474690,"favorite_count":0,"source":"<a href=\"http://twitter.com\" rel=\"nofollow\">Twitter Web Client</a>","retweeted":false,"coordinates":null,"entities":{"symbols":[],"user_mentions":[{"id":292777349,"indices":[125,132],"id_str":"292777349","screen_name":"PzFeed","name":"PzFeed Top News"}],"hashtags":[{"indices":[0,12],"text":"MartinPlace"},{"indices":[44,51],"text":"Sydney"}],"urls":[{"url":"http://t.co/1HuBFbgYKu","indices":[76,98],"expanded_url":"http://tinyurl.com/qgkakkm","display_url":"tinyurl.com/qgkakkm"}],"media":[{"source_user_id":292777349,"source_status_id_str":"544284577318318080","expanded_url":"http://twitter.com/PzFeed/status/544284577318318080/photo/1","display_url":"pic.twitter.com/U5LDb4sz1s","url":"http://t.co/U5LDb4sz1s","media_url_https":"https://pbs.twimg.com/media/B42v74qCUAAVckX.jpg","source_user_id_str":"292777349","source_status_id":544284577318318080,"id_str":"544284573337538560","sizes":{"large":{"h":270,"resize":"fit","w":504},"small":{"h":182,"resize":"fit","w":340},"medium":{"h":270,"resize":"fit","w":504},"thumb":{"h":150,"resize":"crop","w":150}},"indices":[100,122],"type":"photo","id":544284573337538560,"media_url":"http://pbs.twimg.com/media/B42v74qCUAAVckX.jpg"}]},"in_reply_to_screen_name":"PzFeed","id_str":"544288209807474690","retweet_count":1,"in_reply_to_user_id":292777349,"favorited":false,"user":{"follow_request_sent":false,"profile_use_background_image":true,"profile_text_color":"333333","default_profile_image":false,"id":114115853,"profile_background_image_url_https":"https://pbs.twimg.com/profile_background_images/472180263229743104/s8KV6oO5.jpeg","verified":false,"profile_location":null,"profile_image_url_https":"https://pbs.twimg.com/profile_images/546925660040462336/0KjyMs8g_normal.jpeg","profile_sidebar_fill_color":"FFFDD1","entities":{"description":{"urls":[]}},"followers_count":2312,"profile_sidebar_border_color":"FFFFFF","id_str":"114115853","profile_background_color":"352726","listed_count":103,"is_translation_enabled":false,"utc_offset":-21600,"statuses_count":38076,"description":"Equal Rights, Human Rights, Liberal Bias  #AntiApartheid #FactsMatter","friends_count":2270,"location":"planet earth, save it, save us","profile_link_color":"184712","profile_image_url":"http://pbs.twimg.com/profile_images/546925660040462336/0KjyMs8g_normal.jpeg","following":false,"geo_enabled":false,"profile_banner_url":"https://pbs.twimg.com/profile_banners/114115853/1417711245","profile_background_image_url":"http://pbs.twimg.com/profile_background_images/472180263229743104/s8KV6oO5.jpeg","name":"kaza","lang":"en","profile_background_tile":true,"favourites_count":9181,"screen_name":"greenmitera","notifications":false,"url":null,"created_at":"Sun Feb 14 05:41:32 +0000 2010","contributors_enabled":false,"time_zone":"Central Time (US & Canada)","protected":false,"default_profile":false,"is_translator":false},"geo":null,"in_reply_to_user_id_str":"292777349","possibly_sensitive":false,"lang":"en","created_at":"Mon Dec 15 00:29:56 +0000 2014","in_reply_to_status_id_str":"544284577318318080","place":null,"extended_entities":{"media":[{"source_user_id":292777349,"source_status_id_str":"544284577318318080","expanded_url":"http://twitter.com/PzFeed/status/544284577318318080/photo/1","display_url":"pic.twitter.com/U5LDb4sz1s","url":"http://t.co/U5LDb4sz1s","media_url_https":"https://pbs.twimg.com/media/B42v74qCUAAVckX.jpg","source_user_id_str":"292777349","source_status_id":544284577318318080,"id_str":"544284573337538560","sizes":{"large":{"h":270,"resize":"fit","w":504},"small":{"h":182,"resize":"fit","w":340},"medium":{"h":270,"resize":"fit","w":504},"thumb":{"h":150,"resize":"crop","w":150}},"indices":[100,122],"type":"photo","id":544284573337538560,"media_url":"http://pbs.twimg.com/media/B42v74qCUAAVckX.jpg"}]}},
{"contributors":null,"truncated":false,"text":"“@PzFeed: BREAKING PHOTO: Gunmen take hostages at Sydney cafe, wave Islamic flag http://t.co/cwzo2Gme9a http://t.co/MYMjUA1vgt”","in_reply_to_status_id":544284577318318080,"id":544288342406606848,"favorite_count":0,"source":"<a href=\"http://twitter.com/download/iphone\" rel=\"nofollow\">Twitter for iPhone</a>","retweeted":false,"coordinates":null,"entities":{"symbols":[],"user_mentions":[{"id":292777349,"indices":[1,8],"id_str":"292777349","screen_name":"PzFeed","name":"PzFeed Top News"}],"hashtags":[],"urls":[{"url":"http://t.co/cwzo2Gme9a","indices":[81,103],"expanded_url":"http://tinyurl.com/qgkakkm","display_url":"tinyurl.com/qgkakkm"}],"media":[{"source_user_id":292777349,"source_status_id_str":"544284577318318080","expanded_url":"http://twitter.com/PzFeed/status/544284577318318080/photo/1","display_url":"pic.twitter.com/MYMjUA1vgt","url":"http://t.co/MYMjUA1vgt","media_url_https":"https://pbs.twimg.com/media/B42v74qCUAAVckX.jpg","source_user_id_str":"292777349","source_status_id":544284577318318080,"id_str":"544284573337538560","sizes":{"large":{"h":270,"resize":"fit","w":504},"small":{"h":182,"resize":"fit","w":340},"medium":{"h":270,"resize":"fit","w":504},"thumb":{"h":150,"resize":"crop","w":150}},"indices":[104,126],"type":"photo","id":544284573337538560,"media_url":"http://pbs.twimg.com/media/B42v74qCUAAVckX.jpg"}]},"in_reply_to_screen_name":"PzFeed","id_str":"544288342406606848","retweet_count":0,"in_reply_to_user_id":292777349,"favorited":false,"user":{"follow_request_sent":false,"profile_use_background_image":false,"profile_text_color":"333333","default_profile_image":false,"id":20797669,"profile_background_image_url_https":"https://pbs.twimg.com/profile_background_images/465569652244893696/-2lV_Ga7.jpeg","verified":false,"profile_location":null,"profile_image_url_https":"https://pbs.twimg.com/profile_images/465567075566497795/bfYw1y3H_normal.jpeg","profile_sidebar_fill_color":"DDEEF6","entities":{"description":{"urls":[]}},"followers_count":157,"profile_sidebar_border_color":"FFFFFF","id_str":"20797669","profile_background_color":"C0DEED","listed_count":7,"is_translation_enabled":false,"utc_offset":-18000,"statuses_count":2674,"description":"","friends_count":435,"location":"Toms River ","profile_link_color":"0084B4","profile_image_url":"http://pbs.twimg.com/profile_images/465567075566497795/bfYw1y3H_normal.jpeg","following":false,"geo_enabled":false,"profile_banner_url":"https://pbs.twimg.com/profile_banners/20797669/1379960328","profile_background_image_url":"http://pbs.twimg.com/profile_background_images/465569652244893696/-2lV_Ga7.jpeg","name":"william cahill","lang":"en","profile_background_tile":false,"favourites_count":48,"screen_name":"BillyLiNY","notifications":false,"url":null,"created_at":"Fri Feb 13 19:25:13 +0000 2009","contributors_enabled":false,"time_zone":"Eastern Time (US & Canada)","protected":false,"default_profile":false,"is_translator":false},"geo":null,"in_reply_to_user_id_str":"292777349","possibly_sensitive":false,"lang":"en","created_at":"Mon Dec 15 00:30:27 +0000 2014","in_reply_to_status_id_str":"544284577318318080","place":null,"extended_entities":{"media":[{"source_user_id":292777349,"source_status_id_str":"544284577318318080","expanded_url":"http://twitter.com/PzFeed/status/544284577318318080/photo/1","display_url":"pic.twitter.com/MYMjUA1vgt","url":"http://t.co/MYMjUA1vgt","media_url_https":"https://pbs.twimg.com/media/B42v74qCUAAVckX.jpg","source_user_id_str":"292777349","source_status_id":544284577318318080,"id_str":"544284573337538560","sizes":{"large":{"h":270,"resize":"fit","w":504},"small":{"h":182,"resize":"fit","w":340},"medium":{"h":270,"resize":"fit","w":504},"thumb":{"h":150,"resize":"crop","w":150}},"indices":[104,126],"type":"photo","id":544284573337538560,"media_url":"http://pbs.twimg.com/media/B42v74qCUAAVckX.jpg"}]}},
{"contributors":null,"truncated":false,"text":"@PzFeed @MichaelSkolnik our whole city centre has gone into lockdown. Scary.","in_reply_to_status_id":544284577318318080,"id":544288779171659776,"favorite_count":0,"source":"<a href=\"http://twitter.com/download/iphone\" rel=\"nofollow\">Twitter for iPhone</a>","retweeted":false,"coordinates":{"type":"Point","coordinates":[151.15684769,-33.89481676]},"entities":{"symbols":[],"user_mentions":[{"id":292777349,"indices":[0,7],"id_str":"292777349","screen_name":"PzFeed","name":"PzFeed Top News"},{"id":24165761,"indices":[8,23],"id_str":"24165761","screen_name":"MichaelSkolnik","name":"Michael Skolnik"}],"hashtags":[],"urls":[]},"in_reply_to_screen_name":"PzFeed","id_str":"544288779171659776","retweet_count":1,"in_reply_to_user_id":292777349,"favorited":false,"user":{"follow_request_sent":false,"profile_use_background_image":true,"profile_text_color":"333333","default_profile_image":false,"id":28680064,"profile_background_image_url_https":"https://abs.twimg.com/images/themes/theme1/bg.png","verified":false,"profile_location":null,"profile_image_url_https":"https://pbs.twimg.com/profile_images/3599094850/2b622ed82495318653156b39c59def06_normal.jpeg","profile_sidebar_fill_color":"DDEEF6","entities":{"description":{"urls":[]}},"followers_count":90,"profile_sidebar_border_color":"C0DEED","id_str":"28680064","profile_background_color":"C0DEED","listed_count":1,"is_translation_enabled":false,"utc_offset":39600,"statuses_count":903,"description":"","friends_count":369,"location":"Sydney, Australia","profile_link_color":"0084B4","profile_image_url":"http://pbs.twimg.com/profile_images/3599094850/2b622ed82495318653156b39c59def06_normal.jpeg","following":false,"geo_enabled":true,"profile_banner_url":"https://pbs.twimg.com/profile_banners/28680064/1359852634","profile_background_image_url":"http://abs.twimg.com/images/themes/theme1/bg.png","name":"Steve Adams","lang":"en","profile_background_tile":false,"favourites_count":485,"screen_name":"Bondisteve","notifications":false,"url":null,"created_at":"Fri Apr 03 23:06:40 +0000 2009","contributors_enabled":false,"time_zone":"New Caledonia","protected":false,"default_profile":true,"is_translator":false},"geo":{"type":"Point","coordinates":[-33.89481676,151.15684769]},"in_reply_to_user_id_str":"292777349","lang":"en","created_at":"Mon Dec 15 00:32:12 +0000 2014","in_reply_to_status_id_str":"544284577318318080","place":{"full_name":"Sydney, New South Wales","url":"https://api.twitter.com/1.1/geo/id/0073b76548e5984f.json","country":"Australia","place_type":"city","bounding_box":{"type":"Polygon","coordinates":[[[150.520928608,-34.1183470085],[151.343020992,-34.1183470085],[151.343020992,-33.578140996],[150.520928608,-33.578140996]]]},"contained_within":[],"country_code":"AU","attributes":{},"id":"0073b76548e5984f","name":"Sydney"}},
{"contributors":null,"truncated":false,"text":"@PzFeed @AmericanHawkTPJ more #NWO false flags to further remove rights?","in_reply_to_status_id":544284577318318080,"id":544291169384267776,"favorite_count":1,"source":"<a href=\"http://twitter.com/download/iphone\" rel=\"nofollow\">Twitter for iPhone</a>","retweeted":false,"coordinates":null,"entities":{"symbols":[],"user_mentions":[{"id":292777349,"indices":[0,7],"id_str":"292777349","screen_name":"PzFeed","name":"PzFeed Top News"},{"id":49690284,"indices":[8,24],"id_str":"49690284","screen_name":"AmericanHawkTPJ","name":"Patriotic Resistance"}],"hashtags":[{"indices":[30,34],"text":"NWO"}],"urls":[]},"in_reply_to_screen_name":"PzFeed","id_str":"544291169384267776","retweet_count":0,"in_reply_to_user_id":292777349,"favorited":false,"user":{"follow_request_sent":false,"profile_use_background_image":false,"profile_text_color":"000000","default_profile_image":false,"id":2489876530,"profile_background_image_url_https":"https://abs.twimg.com/images/themes/theme14/bg.gif","verified":false,"profile_location":null,"profile_image_url_https":"https://pbs.twimg.com/profile_images/589524878274867202/tWVLu--7_normal.jpg","profile_sidebar_fill_color":"000000","entities":{"description":{"urls":[]}},"followers_count":836,"profile_sidebar_border_color":"000000","id_str":"2489876530","profile_background_color":"000000","listed_count":11,"is_translation_enabled":false,"utc_offset":null,"statuses_count":9579,"description":"Libertarian/Independent #NWO #PoliceState #Agenda21 #Geoengineering #911Truth Don't play nice with shills & trolls #KravMaga #Christ is King! Religion's corrupt","friends_count":884,"location":"Chi-Town","profile_link_color":"3B94D9","profile_image_url":"http://pbs.twimg.com/profile_images/589524878274867202/tWVLu--7_normal.jpg","following":false,"geo_enabled":true,"profile_banner_url":"https://pbs.twimg.com/profile_banners/2489876530/1410363420","profile_background_image_url":"http://abs.twimg.com/images/themes/theme14/bg.gif","name":"Shawn C's the #Truth","lang":"en","profile_background_tile":false,"favourites_count":4374,"screen_name":"ShawnSt51128037","notifications":false,"url":null,"created_at":"Thu Apr 17 13:20:05 +0000 2014","contributors_enabled":false,"time_zone":null,"protected":false,"default_profile":false,"is_translator":false},"geo":null,"in_reply_to_user_id_str":"292777349","lang":"en","created_at":"Mon Dec 15 00:41:41 +0000 2014","in_reply_to_status_id_str":"544284577318318080","place":null},
{"contributors":null,"truncated":false,"text":"@PzFeed @katyhunty My thoughts and prayers to those involved.","in_reply_to_status_id":544284577318318080,"id":544291985449037824,"favorite_count":1,"source":"<a href=\"https://twitter.com/download/android\" rel=\"nofollow\">Twitter for Android Tablets</a>","retweeted":false,"coordinates":{"type":"Point","coordinates":[-124.1569051,40.8612749]},"entities":{"symbols":[],"user_mentions":[{"id":292777349,"indices":[0,7],"id_str":"292777349","screen_name":"PzFeed","name":"PzFeed Top News"},{"id":2188698663,"indices":[8,18],"id_str":"2188698663","screen_name":"katyhunty","name":"M.I.A. stan"}],"hashtags":[],"urls":[]},"in_reply_to_screen_name":"PzFeed","id_str":"544291985449037824","retweet_count":0,"in_reply_to_user_id":292777349,"favorited":false,"user":{"follow_request_sent":false,"profile_use_background_image":true,"profile_text_color":"3D1957","default_profile_image":false,"id":615799477,"profile_background_image_url_https":"https://pbs.twimg.com/profile_background_images/800341025/464ae05b72e90b6f69fd8226cd4ff2c7.jpeg","verified":false,"profile_location":null,"profile_image_url_https":"https://pbs.twimg.com/profile_images/482456591589863424/akHpuYjv_normal.jpeg","profile_sidebar_fill_color":"7AC3EE","entities":{"description":{"urls":[]}},"followers_count":870,"profile_sidebar_border_color":"FFFFFF","id_str":"615799477","profile_background_color":"642D8B","listed_count":4,"is_translation_enabled":false,"utc_offset":-28800,"statuses_count":22657,"description":"I 'm a Marine veteran, KatyCat, surfer, Gamer, & apprentice luthier. Love Katy & crew Katy's music saved my life and gave me hope. Thank you so much Katy.","friends_count":1480,"location":"Manila, Candyfornia","profile_link_color":"F200FF","profile_image_url":"http://pbs.twimg.com/profile_images/482456591589863424/akHpuYjv_normal.jpeg","following":false,"geo_enabled":true,"profile_banner_url":"https://pbs.twimg.com/profile_banners/615799477/1366169666","profile_background_image_url":"http://pbs.twimg.com/profile_background_images/800341025/464ae05b72e90b6f69fd8226cd4ff2c7.jpeg","name":"Michael A. Chandler","lang":"en","profile_background_tile":true,"favourites_count":15120,"screen_name":"KatyHawke010167","notifications":false,"url":null,"created_at":"Sat Jun 23 04:23:26 +0000 2012","contributors_enabled":false,"time_zone":"Pacific Time (US & Canada)","protected":false,"default_profile":false,"is_translator":false},"geo":{"type":"Point","coordinates":[40.8612749,-124.1569051]},"in_reply_to_user_id_str":"292777349","lang":"en","created_at":"Mon Dec 15 00:44:56 +0000 2014","in_reply_to_status_id_str":"544284577318318080","place":{"full_name":"Manila, CA","url":"https://api.twitter.com/1.1/geo/id/009676e57c2f329c.json","country":"United States","place_type":"city","bounding_box":{"type":"Polygon","coordinates":[[[-124.173823,40.836921],[-124.147391,40.836921],[-124.147391,40.864956],[-124.173823,40.864956]]]},"contained_within":[],"country_code":"US","attributes":{},"id":"009676e57c2f329c","name":"Manila"}},
{"contributors":null,"truncated":false,"text":"@PzFeed @MichaelSkolnik when something like this happens who u going to call @TheRevAl  or the #NYPD ?\n\nThink about it and all lives matter","in_reply_to_status_id":544284577318318080,"id":544292529123115009,"favorite_count":0,"source":"<a href=\"http://twitter.com/#!/download/ipad\" rel=\"nofollow\">Twitter for iPad</a>","retweeted":false,"coordinates":null,"entities":{"symbols":[],"user_mentions":[{"id":292777349,"indices":[0,7],"id_str":"292777349","screen_name":"PzFeed","name":"PzFeed Top News"},{"id":24165761,"indices":[8,23],"id_str":"24165761","screen_name":"MichaelSkolnik","name":"Michael Skolnik"},{"id":42389136,"indices":[77,86],"id_str":"42389136","screen_name":"TheRevAl","name":"Reverend Al Sharpton"}],"hashtags":[{"indices":[95,100],"text":"NYPD"}],"urls":[]},"in_reply_to_screen_name":"PzFeed","id_str":"544292529123115009","retweet_count":0,"in_reply_to_user_id":292777349,"favorited":false,"user":{"follow_request_sent":false,"profile_use_background_image":true,"profile_text_color":"333333","default_profile_image":false,"id":1213237104,"profile_background_image_url_https":"https://abs.twimg.com/images/themes/theme1/bg.png","verified":false,"profile_location":null,"profile_image_url_https":"https://pbs.twimg.com/profile_images/3465236707/ca7323d37c52f06910d523d098962fec_normal.jpeg","profile_sidebar_fill_color":"DDEEF6","entities":{"url":{"urls":[{"url":"http://t.co/LeFKCvnkg1","indices":[0,22],"expanded_url":"http://www.vjmachiavelli.blogspot.com","display_url":"vjmachiavelli.blogspot.com"}]},"description":{"urls":[]}},"followers_count":969,"profile_sidebar_border_color":"C0DEED","id_str":"1213237104","profile_background_color":"C0DEED","listed_count":18,"is_translation_enabled":false,"utc_offset":-14400,"statuses_count":29609,"description":"Before there was the Oracle of Delphi there was Count Vampire J. Machiavelli\r\nBlogger, Commentator, Fashionista, Nano Technologist, Arm-Wrestlerologist,","friends_count":1596,"location":"","profile_link_color":"0084B4","profile_image_url":"http://pbs.twimg.com/profile_images/3465236707/ca7323d37c52f06910d523d098962fec_normal.jpeg","following":false,"geo_enabled":false,"profile_banner_url":"https://pbs.twimg.com/profile_banners/1213237104/1371586661","profile_background_image_url":"http://abs.twimg.com/images/themes/theme1/bg.png","name":"VJ Machiavelli","lang":"en","profile_background_tile":false,"favourites_count":155,"screen_name":"VJMachiavelli","notifications":false,"url":"http://t.co/LeFKCvnkg1","created_at":"Sat Feb 23 18:50:28 +0000 2013","contributors_enabled":false,"time_zone":"Atlantic Time (Canada)","protected":false,"default_profile":true,"is_translator":false},"geo":null,"in_reply_to_user_id_str":"292777349","lang":"en","created_at":"Mon Dec 15 00:47:06 +0000 2014","in_reply_to_status_id_str":"544284577318318080","place":null},
{"contributors":null,"truncated":false,"text":"@PzFeed @AmericanHawkTPJ I hope they don't injure any terrorists to get information to save the hostages.","in_reply_to_status_id":544284577318318080,"id":544295652084432896,"favorite_count":0,"source":"<a href=\"http://twitter.com\" rel=\"nofollow\">Twitter Web Client</a>","retweeted":false,"coordinates":null,"entities":{"symbols":[],"user_mentions":[{"id":292777349,"indices":[0,7],"id_str":"292777349","screen_name":"PzFeed","name":"PzFeed Top News"},{"id":49690284,"indices":[8,24],"id_str":"49690284","screen_name":"AmericanHawkTPJ","name":"Patriotic Resistance"}],"hashtags":[],"urls":[]},"in_reply_to_screen_name":"PzFeed","id_str":"544295652084432896","retweet_count":0,"in_reply_to_user_id":292777349,"favorited":false,"user":{"follow_request_sent":false,"profile_use_background_image":true,"profile_text_color":"666666","default_profile_image":false,"id":106547728,"profile_background_image_url_https":"https://pbs.twimg.com/profile_background_images/560977270/ins.gif","verified":false,"profile_location":null,"profile_image_url_https":"https://pbs.twimg.com/profile_images/662097507/aeye_normal.jpg","profile_sidebar_fill_color":"252429","entities":{"url":{"urls":[{"url":"http://t.co/CXz6ZXrS4n","indices":[0,22],"expanded_url":"http://www.freerepublic.com/~icwhatudo/","display_url":"freerepublic.com/~icwhatudo/"}]},"description":{"urls":[]}},"followers_count":525,"profile_sidebar_border_color":"181A1E","id_str":"106547728","profile_background_color":"C6E2EE","listed_count":13,"is_translation_enabled":false,"utc_offset":-18000,"statuses_count":13318,"description":"Conservative. Created firestorm in Washington-ABC News. FreeRepublic member icwhatudo asks the tough questions the mainstream media won't ask- Michelle Malkin","friends_count":100,"location":"","profile_link_color":"1F98C7","profile_image_url":"http://pbs.twimg.com/profile_images/662097507/aeye_normal.jpg","following":false,"geo_enabled":false,"profile_banner_url":"https://pbs.twimg.com/profile_banners/106547728/1397342907","profile_background_image_url":"http://pbs.twimg.com/profile_background_images/560977270/ins.gif","name":"Icwhatudo","lang":"en","profile_background_tile":true,"favourites_count":36,"screen_name":"icwhatudo","notifications":false,"url":"http://t.co/CXz6ZXrS4n","created_at":"Tue Jan 19 22:43:57 +0000 2010","contributors_enabled":false,"time_zone":"Eastern Time (US & Canada)","protected":false,"default_profile":false,"is_translator":false},"geo":null,"in_reply_to_user_id_str":"292777349","lang":"en","created_at":"Mon Dec 15 00:59:30 +0000 2014","in_reply_to_status_id_str":"544284577318318080","place":null},
{"contributors":null,"truncated":false,"text":"@PzFeed @_yoyo_ono fucking insane. Just read this a couple of minutes ago.","in_reply_to_status_id":544284577318318080,"id":544306114276241408,"favorite_count":0,"source":"<a href=\"http://twitter.com/download/iphone\" rel=\"nofollow\">Twitter for iPhone</a>","retweeted":false,"coordinates":null,"entities":{"symbols":[],"user_mentions":[{"id":292777349,"indices":[0,7],"id_str":"292777349","screen_name":"PzFeed","name":"PzFeed Top News"},{"id":110916514,"indices":[8,18],"id_str":"110916514","screen_name":"_yoyo_ono","name":"Yoprah Winfrey"}],"hashtags":[],"urls":[]},"in_reply_to_screen_name":"PzFeed","id_str":"544306114276241408","retweet_count":0,"in_reply_to_user_id":292777349,"favorited":false,"user":{"follow_request_sent":false,"profile_use_background_image":true,"profile_text_color":"0A000A","default_profile_image":false,"id":50594316,"profile_background_image_url_https":"https://pbs.twimg.com/profile_background_images/361991745/pur1.jpg","verified":false,"profile_location":null,"profile_image_url_https":"https://pbs.twimg.com/profile_images/483363570688614401/JqIaQ6RE_normal.jpeg","profile_sidebar_fill_color":"8D13D4","entities":{"description":{"urls":[]}},"followers_count":159,"profile_sidebar_border_color":"106635","id_str":"50594316","profile_background_color":"CFA3A7","listed_count":0,"is_translation_enabled":false,"utc_offset":-18000,"statuses_count":4482,"description":"Seek for the beauty, and seek for the innocence in everything.","friends_count":230,"location":"Orlando, Florida","profile_link_color":"D98911","profile_image_url":"http://pbs.twimg.com/profile_images/483363570688614401/JqIaQ6RE_normal.jpeg","following":false,"geo_enabled":true,"profile_banner_url":"https://pbs.twimg.com/profile_banners/50594316/1390953987","profile_background_image_url":"http://pbs.twimg.com/profile_background_images/361991745/pur1.jpg","name":"Pachiie","lang":"en","profile_background_tile":false,"favourites_count":1653,"screen_name":"pachiie","notifications":false,"url":null,"created_at":"Thu Jun 25 08:51:39 +0000 2009","contributors_enabled":false,"time_zone":"Eastern Time (US & Canada)","protected":false,"default_profile":false,"is_translator":false},"geo":null,"in_reply_to_user_id_str":"292777349","lang":"en","created_at":"Mon Dec 15 01:41:05 +0000 2014","in_reply_to_status_id_str":"544284577318318080","place":null}
]