[{"contributors":null,"truncated":false,"text":"@JFXM That is not a bullet-proof vest.  That appears to be a plain old vest.","in_reply_to_status_id":544294794139533313,"id":544295070556749826,"favorite_count":1,"source":"<a href=\"http://twitter.com\" rel=\"nofollow\">Twitter Web Client</a>","retweeted":false,"coordinates":null,"entities":{"symbols":[],"user_mentions":[{"id":20639175,"indices":[0,5],"id_str":"20639175","screen_name":"JFXM","name":"Jack Moore"}],"hashtags":[],"urls":[]},"in_reply_to_screen_name":"JFXM","id_str":"544295070556749826","retweet_count":0,"in_reply_to_user_id":20639175,"favorited":false,"user":{"follow_request_sent":false,"profile_use_background_image":false,"profile_text_color":"000000","default_profile_image":false,"id":48278272,"profile_background_image_url_https":"https://abs.twimg.com/images/themes/theme1/bg.png","verified":false,"profile_location":null,"profile_image_url_https":"https://pbs.twimg.com/profile_images/578446657777356800/0W7aDCsB_normal.jpeg","profile_sidebar_fill_color":"000000","entities":{"description":{"urls":[]}},"followers_count":1282,"profile_sidebar_border_color":"000000","id_str":"48278272","profile_background_color":"000000","listed_count":32,"is_translation_enabled":false,"utc_offset":null,"statuses_count":24226,"description":"Mother, artist, civilian | M.P.A | Senior Pimp of #GirlChat | Human rights and social justice from Gaza to Ferguson | vampire | Your #1 fan | #BlockTheBoat","friends_count":905,"location":"In your mentions","profile_link_color":"4A913C","profile_image_url":"http://pbs.twimg.com/profile_images/578446657777356800/0W7aDCsB_normal.jpeg","following":false,"geo_enabled":true,"profile_banner_url":"https://pbs.twimg.com/profile_banners/48278272/1416908565","profile_background_image_url":"http://abs.twimg.com/images/themes/theme1/bg.png","name":"Mirah ","lang":"en","profile_background_tile":false,"favourites_count":14889,"screen_name":"mirahwood","notifications":false,"url":null,"created_at":"Thu Jun 18 07:19:08 +0000 2009","contributors_enabled":false,"time_zone":null,"protected":false,"default_profile":false,"is_translator":false},"geo":null,"in_reply_to_user_id_str":"20639175","lang":"en","created_at":"Mon Dec 15 00:57:11 +0000 2014","in_reply_to_status_id_str":"544294794139533313","place":null},
{"contributors":null,"truncated":false,"text":"URGENTE: primeira foto de um dos terroristas em Sidney. via @JFXM http://t.co/OlNbc76AfF","in_reply_to_status_id":544294794139533313,"id":544295274769043456,"favorite_count":0,"source":"<a href=\"http://twitter.com/#!/download/ipad\" rel=\"nofollow\">Twitter for iPad</a>","retweeted":false,"coordinates":null,"entities":{"symbols":[],"user_mentions":[{"id":20639175,"indices":[60,65],"id_str":"20639175","screen_name":"JFXM","name":"Jack Moore"}],"hashtags":[],"urls":[],"media":[{"expanded_url":"http://twitter.com/CapSpaulding01/status/544295274769043456/photo/1","display_url":"pic.twitter.com/OlNbc76AfF","url":"http://t.co/OlNbc76AfF","media_url_https":"https://pbs.twimg.com/media/B425qkVIAAAbuBp.jpg","id_str":"544295270939623424","sizes":{"large":{"h":283,"resize":"fit","w":639},"small":{"h":150,"resize":"fit","w":340},"medium":{"h":265,"resize":"fit","w":600},"thumb":{"h":150,"resize":"crop","w":150}},"indices":[66,88],"type":"photo","id":544295270939623424,"media_url":"http://pbs.twimg.com/media/B425qkVIAAAbuBp.jpg"}]},"in_reply_to_screen_name":"JFXM","id_str":"544295274769043456","retweet_count":0,"in_reply_to_user_id":20639175,"favorited":false,"user":{"follow_request_sent":false,"profile_use_background_image":true,"profile_text_color":"333333","default_profile_image":false,"id":269112578,"profile_background_image_url_https":"https://abs.twimg.com/images/themes/theme1/bg.png","verified":false,"profile_location":null,"profile_image_url_https":"https://pbs.twimg.com/profile_images/497278513939234816/GzJKhh-t_normal.jpeg","profile_sidebar_fill_color":"DDEEF6","entities":{"description":{"urls":[]}},"followers_count":1265,"profile_sidebar_border_color":"C0DEED","id_str":"269112578","profile_background_color":"C0DEED","listed_count":28,"is_translation_enabled":false,"utc_offset":-10800,"statuses_count":98400,"description":"Notícias. Economia, Política, Direito e PETROLÃO. News, economics, politics, eurocrisis and ebolacrisis. Português, Español and English. Rio de Janeiro, Brasil","friends_count":1910,"location":"","profile_link_color":"0084B4","profile_image_url":"http://pbs.twimg.com/profile_images/497278513939234816/GzJKhh-t_normal.jpeg","following":false,"geo_enabled":true,"profile_banner_url":"https://pbs.twimg.com/profile_banners/269112578/1407000358","profile_background_image_url":"http://abs.twimg.com/images/themes/theme1/bg.png","name":"Brazil News","lang":"en","profile_background_tile":false,"favourites_count":4383,"screen_name":"CapSpaulding01","notifications":false,"url":null,"created_at":"Sun Mar 20 03:45:28 +0000 2011","contributors_enabled":false,"time_zone":"Greenland","protected":false,"default_profile":true,"is_translator":false},"geo":null,"in_reply_to_user_id_str":"20639175","possibly_sensitive":false,"lang":"pt","created_at":"Mon Dec 15 00:58:00 +0000 2014","in_reply_to_status_id_str":"544294794139533313","place":null,"extended_entities":{"media":[{"expanded_url":"http://twitter.com/CapSpaulding01/status/544295274769043456/photo/1","display_url":"pic.twitter.com/OlNbc76AfF","url":"http://t.co/OlNbc76AfF","media_url_https":"https://pbs.twimg.com/media/B425qkVIAAAbuBp.jpg","id_str":"544295270939623424","sizes":{"large":{"h":283,"resize":"fit","w":639},"small":{"h":150,"resize":"fit","w":340},"medium":{"h":265,"resize":"fit","w":600},"thumb":{"h":150,"resize":"crop","w":150}},"indices":[66,88],"type":"photo","id":544295270939623424,"media_url":"http://pbs.twimg.com/media/B425qkVIAAAbuBp.jpg"}]}},
{"contributors":null,"truncated":false,"text":"@JFXM he's too feckin auld to be sporting a bandana? Who does he think he is, Willie Nelson?","in_reply_to_status_id":544294794139533313,"id":544295401462177792,"favorite_count":0,"source":"<a href=\"http://twitter.com/#!/download/ipad\" rel=\"nofollow\">Twitter for iPad</a>","retweeted":false,"coordinates":null,"entities":{"symbols":[],"user_mentions":[{"id":20639175,"indices":[0,5],"id_str":"20639175","screen_name":"JFXM","name":"Jack Moore"}],"hashtags":[],"urls":[]},"in_reply_to_screen_name":"JFXM","id_str":"544295401462177792","retweet_count":0,"in_reply_to_user_id":20639175,"favorited":false,"user":{"follow_request_sent":false,"profile_use_background_image":true,"profile_text_color":"634047","default_profile_image":false,"id":569900167,"profile_background_image_url_https":"https://pbs.twimg.com/profile_background_images/515900161382285313/uHMi2BCT.jpeg","verified":false,"profile_location":null,"profile_image_url_https":"https://pbs.twimg.com/profile_images/589209202234499072/n_ACvcbY_normal.png","profile_sidebar_fill_color":"E3E2DE","entities":{"description":{"urls":[]}},"followers_count":3373,"profile_sidebar_border_color":"FFFFFF","id_str":"569900167","profile_background_color":"EDECE9","listed_count":25,"is_translation_enabled":false,"utc_offset":0,"statuses_count":55941,"description":"Oppose War / Bigotry / Racism / Animal Cruelty / Tory Government. Labour Traitors. #Fracking\r\nOpinionated auld bastard.   Prone to profanity.  Be Warned!","friends_count":3090,"location":"Glasgow  ","profile_link_color":"088253","profile_image_url":"http://pbs.twimg.com/profile_images/589209202234499072/n_ACvcbY_normal.png","following":false,"geo_enabled":false,"profile_banner_url":"https://pbs.twimg.com/profile_banners/569900167/1411784212","profile_background_image_url":"http://pbs.twimg.com/profile_background_images/515900161382285313/uHMi2BCT.jpeg","name":"Stan Le Man 45","lang":"en","profile_background_tile":true,"favourites_count":38404,"screen_name":"RFCSwitcheroo","notifications":false,"url":null,"created_at":"Thu May 03 11:30:33 +0000 2012","contributors_enabled":false,"time_zone":"Edinburgh","protected":false,"default_profile":false,"is_translator":false},"geo":null,"in_reply_to_user_id_str":"20639175","lang":"en","created_at":"Mon Dec 15 00:58:30 +0000 2014","in_reply_to_status_id_str":"544294794139533313","place":null},
{"contributors":null,"truncated":false,"text":"@JFXM My understanding is that NSW police have asked media, esp social media, not to do this.","in_reply_to_status_id":544294794139533313,"id":544295429504892928,"favorite_count":3,"source":"<a href=\"http://twitter.com\" rel=\"nofollow\">Twitter Web Client</a>","retweeted":false,"coordinates":null,"entities":{"symbols":[],"user_mentions":[{"id":20639175,"indices":[0,5],"id_str":"20639175","screen_name":"JFXM","name":"Jack Moore"}],"hashtags":[],"urls":[]},"in_reply_to_screen_name":"JFXM","id_str":"544295429504892928","retweet_count":1,"in_reply_to_user_id":20639175,"favorited":false,"user":{"follow_request_sent":false,"profile_use_background_image":true,"profile_text_color":"333333","default_profile_image":false,"id":1536019639,"profile_background_image_url_https":"https://abs.twimg.com/images/themes/theme1/bg.png","verified":false,"profile_location":null,"profile_image_url_https":"https://pbs.twimg.com/profile_images/556688780334084099/d7wdICfy_normal.jpeg","profile_sidebar_fill_color":"DDEEF6","entities":{"description":{"urls":[]}},"followers_count":496,"profile_sidebar_border_color":"C0DEED","id_str":"1536019639","profile_background_color":"C0DEED","listed_count":6,"is_translation_enabled":false,"utc_offset":39600,"statuses_count":6438,"description":"Doesn't think a return to a Dickensian landscape is really all that visionary. Tweets to Oz Protectionist are mostly things that never were.","friends_count":974,"location":"nsw","profile_link_color":"0084B4","profile_image_url":"http://pbs.twimg.com/profile_images/556688780334084099/d7wdICfy_normal.jpeg","following":false,"geo_enabled":false,"profile_background_image_url":"http://abs.twimg.com/images/themes/theme1/bg.png","name":"ilpleut","lang":"en","profile_background_tile":false,"favourites_count":4889,"screen_name":"_pommedeguerre","notifications":false,"url":null,"created_at":"Fri Jun 21 07:51:50 +0000 2013","contributors_enabled":false,"time_zone":"Solomon Is.","protected":false,"default_profile":true,"is_translator":false},"geo":null,"in_reply_to_user_id_str":"20639175","lang":"en","created_at":"Mon Dec 15 00:58:37 +0000 2014","in_reply_to_status_id_str":"544294794139533313","place":null},
{"contributors":null,"truncated":false,"text":"@JFXM Winnie the Pooh?","in_reply_to_status_id":544294794139533313,"id":544295614847401984,"favorite_count":0,"source":"<a href=\"http://twitter.com/download/android\" rel=\"nofollow\">Twitter for Android</a>","retweeted":false,"coordinates":null,"entities":{"symbols":[],"user_mentions":[{"id":20639175,"indices":[0,5],"id_str":"20639175","screen_name":"JFXM","name":"Jack Moore"}],"hashtags":[],"urls":[]},"in_reply_to_screen_name":"JFXM","id_str":"544295614847401984","retweet_count":0,"in_reply_to_user_id":20639175,"favorited":false,"user":{"follow_request_sent":false,"profile_use_background_image":true,"profile_text_color":"333333","default_profile_image":false,"id":1475898865,"profile_background_image_url_https":"https://pbs.twimg.com/profile_background_images/459714447490035714/lAngMGyi.jpeg","verified":false,"profile_location":null,"profile_image_url_https":"https://pbs.twimg.com/profile_images/543789410635247616/PyQZH_Ia_normal.jpeg","profile_sidebar_fill_color":"EFEFEF","entities":{"description":{"urls":[]}},"followers_count":615,"profile_sidebar_border_color":"FFFFFF","id_str":"1475898865","profile_background_color":"131516","listed_count":5,"is_translation_enabled":false,"utc_offset":0,"statuses_count":10294,"description":"Captain Smart or General Tart? You decide! #Pompey, #Stags, #Cricket, #LawUnderGraduate.             Recycled ♻ Views","friends_count":876,"location":"Sherwood Forest","profile_link_color":"181E9E","profile_image_url":"http://pbs.twimg.com/profile_images/543789410635247616/PyQZH_Ia_normal.jpeg","following":false,"geo_enabled":true,"profile_banner_url":"https://pbs.twimg.com/profile_banners/1475898865/1398438981","profile_background_image_url":"http://pbs.twimg.com/profile_background_images/459714447490035714/lAngMGyi.jpeg","name":"Bah Humbug","lang":"en","profile_background_tile":true,"favourites_count":5120,"screen_name":"Robinhood_68","notifications":false,"url":null,"created_at":"Sat Jun 01 22:59:12 +0000 2013","contributors_enabled":false,"time_zone":"London","protected":false,"default_profile":false,"is_translator":false},"geo":null,"in_reply_to_user_id_str":"20639175","lang":"en","created_at":"Mon Dec 15 00:59:21 +0000 2014","in_reply_to_status_id_str":"544294794139533313","place":null},
{"contributors":null,"truncated":false,"text":"@JFXM the police are requesting no pictures of the cafe be shown on social media. Way to go idiot.","in_reply_to_status_id":544294794139533313,"id":544296981452324864,"favorite_count":0,"source":"<a href=\"http://twitter.com\" rel=\"nofollow\">Twitter Web Client</a>","retweeted":false,"coordinates":null,"entities":{"symbols":[],"user_mentions":[{"id":20639175,"indices":[0,5],"id_str":"20639175","screen_name":"JFXM","name":"Jack Moore"}],"hashtags":[],"urls":[]},"in_reply_to_screen_name":"JFXM","id_str":"544296981452324864","retweet_count":0,"in_reply_to_user_id":20639175,"favorited":false,"user":{"follow_request_sent":false,"profile_use_background_image":true,"profile_text_color":"333333","default_profile_image":false,"id":2836917903,"profile_background_image_url_https":"https://abs.twimg.com/images/themes/theme1/bg.png","verified":false,"profile_location":null,"profile_image_url_https":"https://pbs.twimg.com/profile_images/528397153282961409/60DtiXeE_normal.jpeg","profile_sidebar_fill_color":"DDEEF6","entities":{"description":{"urls":[]}},"followers_count":16,"profile_sidebar_border_color":"C0DEED","id_str":"2836917903","profile_background_color":"C0DEED","listed_count":0,"is_translation_enabled":false,"utc_offset":null,"statuses_count":271,"description":"Music and comedy fan. If you are offended by something on the internet, log out you crying bitch.","friends_count":48,"location":"Surrounded by red clay.","profile_link_color":"0084B4","profile_image_url":"http://pbs.twimg.com/profile_images/528397153282961409/60DtiXeE_normal.jpeg","following":false,"geo_enabled":false,"profile_banner_url":"https://pbs.twimg.com/profile_banners/2836917903/1414814895","profile_background_image_url":"http://abs.twimg.com/images/themes/theme1/bg.png","name":"Michael Howell","lang":"en","profile_background_tile":false,"favourites_count":58,"screen_name":"metaldog62","notifications":false,"url":null,"created_at":"Sun Oct 19 07:58:23 +0000 2014","contributors_enabled":false,"time_zone":null,"protected":false,"default_profile":true,"is_translator":false},"geo":null,"in_reply_to_user_id_str":"20639175","lang":"en","created_at":"Mon Dec 15 01:04:47 +0000 2014","in_reply_to_status_id_str":"544294794139533313","place":null},
{"contributors":null,"truncated":false,"text":"@JFXM @Rene_gadeCowboy  looks like they had a clear shot to me","in_reply_to_status_id":544294794139533313,"id":544297493497139201,"favorite_count":1,"source":"<a href=\"http://twitter.com/download/iphone\" rel=\"nofollow\">Twitter for iPhone</a>","retweeted":false,"coordinates":null,"entities":{"symbols":[],"user_mentions":[{"id":20639175,"indices":[0,5],"id_str":"20639175","screen_name":"JFXM","name":"Jack Moore"},{"id":21155483,"indices":[6,22],"id_str":"21155483","screen_name":"Rene_gadeCowboy","name":"Renegade Cowboy"}],"hashtags":[],"urls":[]},"in_reply_to_screen_name":"JFXM","id_str":"544297493497139201","retweet_count":0,"in_reply_to_user_id":20639175,"favorited":false,"user":{"follow_request_sent":false,"profile_use_background_image":true,"profile_text_color":"333333","default_profile_image":false,"id":2884710657,"profile_background_image_url_https":"https://abs.twimg.com/images/themes/theme1/bg.png","verified":false,"profile_location":null,"profile_image_url_https":"https://pbs.twimg.com/profile_images/584824710141206528/dxMQ5hlj_normal.jpg","profile_sidebar_fill_color":"DDEEF6","entities":{"description":{"urls":[]}},"followers_count":42,"profile_sidebar_border_color":"C0DEED","id_str":"2884710657","profile_background_color":"C0DEED","listed_count":1,"is_translation_enabled":false,"utc_offset":null,"statuses_count":736,"description":"","friends_count":79,"location":"","profile_link_color":"0084B4","profile_image_url":"http://pbs.twimg.com/profile_images/584824710141206528/dxMQ5hlj_normal.jpg","following":false,"geo_enabled":false,"profile_banner_url":"https://pbs.twimg.com/profile_banners/2884710657/1418132355","profile_background_image_url":"http://abs.twimg.com/images/themes/theme1/bg.png","name":"cynthia2000","lang":"en","profile_background_tile":false,"favourites_count":305,"screen_name":"cynthia231997","notifications":false,"url":null,"created_at":"Wed Nov 19 20:45:11 +0000 2014","contributors_enabled":false,"time_zone":null,"protected":false,"default_profile":true,"is_translator":false},"geo":null,"in_reply_to_user_id_str":"20639175","lang":"en","created_at":"Mon Dec 15 01:06:49 +0000 2014","in_reply_to_status_id_str":"544294794139533313","place":null},
{"contributors":null,"truncated":false,"text":"@metaldog62 What's that on the photo? Australian outlet 7 News..","in_reply_to_status_id":544296981452324864,"id":544298057354207232,"favorite_count":1,"source":"<a href=\"http://twitter.com\" rel=\"nofollow\">Twitter Web Client</a>","retweeted":false,"coordinates":null,"entities":{"symbols":[],"user_mentions":[{"id":2836917903,"indices":[0,11],"id_str":"2836917903","screen_name":"metaldog62","name":"Michael Howell"}],"hashtags":[],"urls":[]},"in_reply_to_screen_name":"metaldog62","id_str":"544298057354207232","retweet_count":0,"in_reply_to_user_id":2836917903,"favorited":false,"user":{"follow_request_sent":false,"profile_use_background_image":false,"profile_text_color":"000000","default_profile_image":false,"id":20639175,"profile_background_image_url_https":"https://pbs.twimg.com/profile_background_images/190240728/twit.jpg","verified":false,"profile_location":null,"profile_image_url_https":"https://pbs.twimg.com/profile_images/522849139000745984/pdTYRvW8_normal.jpeg","profile_sidebar_fill_color":"C4B5C4","entities":{"url":{"urls":[{"url":"http://t.co/HQVOgGmmHa","indices":[0,22],"expanded_url":"http://jackfxmoore.com","display_url":"jackfxmoore.com"}]},"description":{"urls":[]}},"followers_count":18071,"profile_sidebar_border_color":"050505","id_str":"20639175","profile_background_color":"0A0A0A","listed_count":289,"is_translation_enabled":false,"utc_offset":0,"statuses_count":15249,"description":"Foreign Reporter, @IBTimesUK. Back from the Middle East. Soon-to-be-reporter at @NewsweekEurope. Born at a very young age. Views my own.","friends_count":7809,"location":"London","profile_link_color":"2FC2EF","profile_image_url":"http://pbs.twimg.com/profile_images/522849139000745984/pdTYRvW8_normal.jpeg","following":false,"geo_enabled":false,"profile_banner_url":"https://pbs.twimg.com/profile_banners/20639175/1403183171","profile_background_image_url":"http://pbs.twimg.com/profile_background_images/190240728/twit.jpg","name":"Jack Moore","lang":"en","profile_background_tile":false,"favourites_count":1708,"screen_name":"JFXM","notifications":false,"url":"http://t.co/HQVOgGmmHa","created_at":"Wed Feb 11 23:20:57 +0000 2009","contributors_enabled":false,"time_zone":"London","protected":false,"default_profile":false,"is_translator":false},"geo":null,"in_reply_to_user_id_str":"2836917903","lang":"en","created_at":"Mon Dec 15 01:09:04 +0000 2014","in_reply_to_status_id_str":"544296981452324864","place":null},
{"contributors":null,"truncated":false,"text":"@JFXM Yeah but whose name is on the twitter post?","in_reply_to_status_id":544298057354207232,"id":544298431825862656,"favorite_count":0,"source":"<a href=\"http://twitter.com\" rel=\"nofollow\">Twitter Web Client</a>","retweeted":false,"coordinates":null,"entities":{"symbols":[],"user_mentions":[{"id":20639175,"indices":[0,5],"id_str":"20639175","screen_name":"JFXM","name":"Jack Moore"}],"hashtags":[],"urls":[]},"in_reply_to_screen_name":"JFXM","id_str":"544298431825862656","retweet_count":0,"in_reply_to_user_id":20639175,"favorited":false,"user":{"follow_request_sent":false,"profile_use_background_image":true,"profile_text_color":"333333","default_profile_image":false,"id":2836917903,"profile_background_image_url_https":"https://abs.twimg.com/images/themes/theme1/bg.png","verified":false,"profile_location":null,"profile_image_url_https":"https://pbs.twimg.com/profile_images/528397153282961409/60DtiXeE_normal.jpeg","profile_sidebar_fill_color":"DDEEF6","entities":{"description":{"urls":[]}},"followers_count":16,"profile_sidebar_border_color":"C0DEED","id_str":"2836917903","profile_background_color":"C0DEED","listed_count":0,"is_translation_enabled":false,"utc_offset":null,"statuses_count":271,"description":"Music and comedy fan. If you are offended by something on the internet, log out you crying bitch.","friends_count":48,"location":"Surrounded by red clay.","profile_link_color":"0084B4","profile_image_url":"http://pbs.twimg.com/profile_images/528397153282961409/60DtiXeE_normal.jpeg","following":false,"geo_enabled":false,"profile_banner_url":"https://pbs.twimg.com/profile_banners/2836917903/1414814895","profile_background_image_url":"http://abs.twimg.com/images/themes/theme1/bg.png","name":"Michael Howell","lang":"en","profile_background_tile":false,"favourites_count":58,"screen_name":"metaldog62","notifications":false,"url":null,"created_at":"Sun Oct 19 07:58:23 +0000 2014","contributors_enabled":false,"time_zone":null,"protected":false,"default_profile":true,"is_translator":false},"geo":null,"in_reply_to_user_id_str":"20639175","lang":"en","created_at":"Mon Dec 15 01:10:33 +0000 2014","in_reply_to_status_id_str":"544298057354207232","place":null},
{"contributors":null,"truncated":false,"text":"@JFXM @ladynra1 too bad that wasnt the view through a Rifle scope, Could have been \"minus 1 Scumbag\"","in_reply_to_status_id":544294794139533313,"id":544298894725632000,"favorite_count":0,"source":"<a href=\"http://twitter.com\" rel=\"nofollow\">Twitter Web Client</a>","retweeted":false,"coordinates":null,"entities":{"symbols":[],"user_mentions":[{"id":20639175,"indices":[0,5],"id_str":"20639175","screen_name":"JFXM","name":"Jack Moore"},{"id":88861467,"indices":[6,15],"id_str":"88861467","screen_name":"ladynra1","name":"S Rhea"}],"hashtags":[],"urls":[]},"in_reply_to_screen_name":"JFXM","id_str":"544298894725632000","retweet_count":0,"in_reply_to_user_id":20639175,"favorited":false,"user":{"follow_request_sent":false,"profile_use_background_image":true,"profile_text_color":"333333","default_profile_image":false,"id":874734408,"profile_background_image_url_https":"https://pbs.twimg.com/profile_background_images/782402299/471d44e1f98c7278ab1a829b6c071807.jpeg","verified":false,"profile_location":null,"profile_image_url_https":"https://pbs.twimg.com/profile_images/3630338978/5377601230884144d312be1f6a9f4bb2_normal.jpeg","profile_sidebar_fill_color":"DDEEF6","entities":{"description":{"urls":[]}},"followers_count":1353,"profile_sidebar_border_color":"FFFFFF","id_str":"874734408","profile_background_color":"C0DEED","listed_count":20,"is_translation_enabled":false,"utc_offset":-21600,"statuses_count":2787,"description":"An Actual Red Blooded American Conservative,NOT RINO, #TGDN #IDF #tcot #2A Gun owner, Smartass, Stubborn, Hell of a Cook, Food lover, and YES, Its a #JEEP Thing","friends_count":1923,"location":"Oklahoma","profile_link_color":"0084B4","profile_image_url":"http://pbs.twimg.com/profile_images/3630338978/5377601230884144d312be1f6a9f4bb2_normal.jpeg","following":false,"geo_enabled":false,"profile_banner_url":"https://pbs.twimg.com/profile_banners/874734408/1358955458","profile_background_image_url":"http://pbs.twimg.com/profile_background_images/782402299/471d44e1f98c7278ab1a829b6c071807.jpeg","name":"M Reno","lang":"en","profile_background_tile":true,"favourites_count":209,"screen_name":"yungun007","notifications":false,"url":null,"created_at":"Fri Oct 12 02:02:17 +0000 2012","contributors_enabled":false,"time_zone":"Central Time (US & Canada)","protected":false,"default_profile":false,"is_translator":false},"geo":null,"in_reply_to_user_id_str":"20639175","lang":"en","created_at":"Mon Dec 15 01:12:23 +0000 2014","in_reply_to_status_id_str":"544294794139533313","place":null},
{"contributors":null,"truncated":false,"text":"@metaldog62 Pretty sure if Aus police didn't want it shown, Aus media would not show images. Live filming has stopped for op reasons.","in_reply_to_status_id":544298431825862656,"id":544298945762299905,"favorite_count":0,"source":"<a href=\"http://twitter.com\" rel=\"nofollow\">Twitter Web Client</a>","retweeted":false,"coordinates":null,"entities":{"symbols":[],"user_mentions":[{"id":2836917903,"indices":[0,11],"id_str":"2836917903","screen_name":"metaldog62","name":"Michael Howell"}],"hashtags":[],"urls":[]},"in_reply_to_screen_name":"metaldog62","id_str":"544298945762299905","retweet_count":0,"in_reply_to_user_id":2836917903,"favorited":false,"user":{"follow_request_sent":false,"profile_use_background_image":false,"profile_text_color":"000000","default_profile_image":false,"id":20639175,"profile_background_image_url_https":"https://pbs.twimg.com/profile_background_images/190240728/twit.jpg","verified":false,"profile_location":null,"profile_image_url_https":"https://pbs.twimg.com/profile_images/522849139000745984/pdTYRvW8_normal.jpeg","profile_sidebar_fill_color":"C4B5C4","entities":{"url":{"urls":[{"url":"http://t.co/HQVOgGmmHa","indices":[0,22],"expanded_url":"http://jackfxmoore.com","display_url":"jackfxmoore.com"}]},"description":{"urls":[]}},"followers_count":18071,"profile_sidebar_border_color":"050505","id_str":"20639175","profile_background_color":"0A0A0A","listed_count":289,"is_translation_enabled":false,"utc_offset":0,"statuses_count":15249,"description":"Foreign Reporter, @IBTimesUK. Back from the Middle East. Soon-to-be-reporter at @NewsweekEurope. Born at a very young age. Views my own.","friends_count":7809,"location":"London","profile_link_color":"2FC2EF","profile_image_url":"http://pbs.twimg.com/profile_images/522849139000745984/pdTYRvW8_normal.jpeg","following":false,"geo_enabled":false,"profile_banner_url":"https://pbs.twimg.com/profile_banners/20639175/1403183171","profile_background_image_url":"http://pbs.twimg.com/profile_background_images/190240728/twit.jpg","name":"Jack Moore","lang":"en","profile_background_tile":false,"favourites_count":1708,"screen_name":"JFXM","notifications":false,"url":"http://t.co/HQVOgGmmHa","created_at":"Wed Feb 11 23:20:57 +0000 2009","contributors_enabled":false,"time_zone":"London","protected":false,"default_profile":false,"is_translator":false},"geo":null,"in_reply_to_user_id_str":"2836917903","lang":"en","created_at":"Mon Dec 15 01:12:35 +0000 2014","in_reply_to_status_id_str":"544298431825862656","place":null},
{"contributors":null,"truncated":false,"text":"@_pommedeguerre @JFXM Not to post police mvmts or positions was my understanding. Pic of the degenerate scumbag seems OK IMO.","in_reply_to_status_id":544295429504892928,"id":544299015400349699,"favorite_count":0,"source":"<a href=\"http://twitter.com\" rel=\"nofollow\">Twitter Web Client</a>","retweeted":false,"coordinates":null,"entities":{"symbols":[],"user_mentions":[{"id":1536019639,"indices":[0,15],"id_str":"1536019639","screen_name":"_pommedeguerre","name":"ilpleut"},{"id":20639175,"indices":[16,21],"id_str":"20639175","screen_name":"JFXM","name":"Jack Moore"}],"hashtags":[],"urls":[]},"in_reply_to_screen_name":"_pommedeguerre","id_str":"544299015400349699","retweet_count":0,"in_reply_to_user_id":1536019639,"favorited":false,"user":{"follow_request_sent":false,"profile_use_background_image":true,"profile_text_color":"333333","default_profile_image":false,"id":531897219,"profile_background_image_url_https":"https://abs.twimg.com/images/themes/theme1/bg.png","verified":false,"profile_location":null,"profile_image_url_https":"https://pbs.twimg.com/profile_images/587632052532568064/439_mR6Y_normal.jpg","profile_sidebar_fill_color":"DDEEF6","entities":{"description":{"urls":[]}},"followers_count":69,"profile_sidebar_border_color":"C0DEED","id_str":"531897219","profile_background_color":"C0DEED","listed_count":2,"is_translation_enabled":false,"utc_offset":-18000,"statuses_count":3779,"description":"Bleed #ScarletandGray and #RocktheRed. #IndiansOnTheWarpath2014","friends_count":262,"location":"Cleveland, OH","profile_link_color":"0084B4","profile_image_url":"http://pbs.twimg.com/profile_images/587632052532568064/439_mR6Y_normal.jpg","following":false,"geo_enabled":true,"profile_background_image_url":"http://abs.twimg.com/images/themes/theme1/bg.png","name":"Pete Chmielecki","lang":"en","profile_background_tile":false,"favourites_count":31,"screen_name":"buckeyecapsfan","notifications":false,"url":null,"created_at":"Wed Mar 21 01:18:27 +0000 2012","contributors_enabled":false,"time_zone":"Eastern Time (US & Canada)","protected":false,"default_profile":true,"is_translator":false},"geo":null,"in_reply_to_user_id_str":"1536019639","lang":"en","created_at":"Mon Dec 15 01:12:52 +0000 2014","in_reply_to_status_id_str":"544295429504892928","place":{"full_name":"Cleveland, OH","url":"https://api.twitter.com/1.1/geo/id/0eb9676d24b211f1.json","country":"United States","place_type":"city","bounding_box":{"type":"Polygon","coordinates":[[[-81.877771,41.392684],[-81.5331634,41.392684],[-81.5331634,41.599195],[-81.877771,41.599195]]]},"contained_within":[],"country_code":"US","attributes":{},"id":"0eb9676d24b211f1","name":"Cleveland"}},
{"contributors":null,"truncated":false,"text":"@mirahwood @JFXM npthign a well placed head Shot cant solve","in_reply_to_status_id":544295070556749826,"id":544299037130620928,"favorite_count":1,"source":"<a href=\"http://twitter.com\" rel=\"nofollow\">Twitter Web Client</a>","retweeted":false,"coordinates":null,"entities":{"symbols":[],"user_mentions":[{"id":48278272,"indices":[0,10],"id_str":"48278272","screen_name":"mirahwood","name":"Mirah "},{"id":20639175,"indices":[11,16],"id_str":"20639175","screen_name":"JFXM","name":"Jack Moore"}],"hashtags":[],"urls":[]},"in_reply_to_screen_name":"mirahwood","id_str":"544299037130620928","retweet_count":0,"in_reply_to_user_id":48278272,"favorited":false,"user":{"follow_request_sent":false,"profile_use_background_image":true,"profile_text_color":"333333","default_profile_image":false,"id":874734408,"profile_background_image_url_https":"https://pbs.twimg.com/profile_background_images/782402299/471d44e1f98c7278ab1a829b6c071807.jpeg","verified":false,"profile_location":null,"profile_image_url_https":"https://pbs.twimg.com/profile_images/3630338978/5377601230884144d312be1f6a9f4bb2_normal.jpeg","profile_sidebar_fill_color":"DDEEF6","entities":{"description":{"urls":[]}},"followers_count":1353,"profile_sidebar_border_color":"FFFFFF","id_str":"874734408","profile_background_color":"C0DEED","listed_count":20,"is_translation_enabled":false,"utc_offset":-21600,"statuses_count":2787,"description":"An Actual Red Blooded American Conservative,NOT RINO, #TGDN #IDF #tcot #2A Gun owner, Smartass, Stubborn, Hell of a Cook, Food lover, and YES, Its a #JEEP Thing","friends_count":1923,"location":"Oklahoma","profile_link_color":"0084B4","profile_image_url":"http://pbs.twimg.com/profile_images/3630338978/5377601230884144d312be1f6a9f4bb2_normal.jpeg","following":false,"geo_enabled":false,"profile_banner_url":"https://pbs.twimg.com/profile_banners/874734408/1358955458","profile_background_image_url":"http://pbs.twimg.com/profile_background_images/782402299/471d44e1f98c7278ab1a829b6c071807.jpeg","name":"M Reno","lang":"en","profile_background_tile":true,"favourites_count":209,"screen_name":"yungun007","notifications":false,"url":null,"created_at":"Fri Oct 12 02:02:17 +0000 2012","contributors_enabled":false,"time_zone":"Central Time (US & Canada)","protected":false,"default_profile":false,"is_translator":false},"geo":null,"in_reply_to_user_id_str":"48278272","lang":"en","created_at":"Mon Dec 15 01:12:57 +0000 2014","in_reply_to_status_id_str":"544295070556749826","place":null},
{"contributors":null,"truncated":false,"text":"@metaldog62 Fair enough. Do you know why?","in_reply_to_status_id":544296981452324864,"id":544299303251243008,"favorite_count":0,"source":"<a href=\"http://twitter.com\" rel=\"nofollow\">Twitter Web Client</a>","retweeted":false,"coordinates":null,"entities":{"symbols":[],"user_mentions":[{"id":2836917903,"indices":[0,11],"id_str":"2836917903","screen_name":"metaldog62","name":"Michael Howell"}],"hashtags":[],"urls":[]},"in_reply_to_screen_name":"metaldog62","id_str":"544299303251243008","retweet_count":0,"in_reply_to_user_id":2836917903,"favorited":false,"user":{"follow_request_sent":false,"profile_use_background_image":false,"profile_text_color":"000000","default_profile_image":false,"id":2561008639,"profile_background_image_url_https":"https://abs.twimg.com/images/themes/theme1/bg.png","verified":false,"profile_location":null,"profile_image_url_https":"https://pbs.twimg.com/profile_images/513096253589057537/kTJ7Z38f_normal.jpeg","profile_sidebar_fill_color":"000000","entities":{"description":{"urls":[]}},"followers_count":23,"profile_sidebar_border_color":"000000","id_str":"2561008639","profile_background_color":"000000","listed_count":2,"is_translation_enabled":false,"utc_offset":null,"statuses_count":832,"description":"A #realist: Practical #environmentalist; true #feminist (equality for all); with a low tolerance for religion used to justify human rights abuses.","friends_count":77,"location":"UK","profile_link_color":"00B380","profile_image_url":"http://pbs.twimg.com/profile_images/513096253589057537/kTJ7Z38f_normal.jpeg","following":false,"geo_enabled":false,"profile_banner_url":"https://pbs.twimg.com/profile_banners/2561008639/1408395721","profile_background_image_url":"http://abs.twimg.com/images/themes/theme1/bg.png","name":"BearTruth","lang":"en","profile_background_tile":false,"favourites_count":319,"screen_name":"BearyTruth","notifications":false,"url":null,"created_at":"Wed Jun 11 09:32:07 +0000 2014","contributors_enabled":false,"time_zone":null,"protected":false,"default_profile":false,"is_translator":false},"geo":null,"in_reply_to_user_id_str":"2836917903","lang":"en","created_at":"Mon Dec 15 01:14:01 +0000 2014","in_reply_to_status_id_str":"544296981452324864","place":null},
{"contributors":null,"truncated":false,"text":"@BearyTruth They didn't say. And now I can't find that post that said not to post images.","in_reply_to_status_id":544299303251243008,"id":544300692622831616,"favorite_count":0,"source":"<a href=\"http://twitter.com\" rel=\"nofollow\">Twitter Web Client</a>","retweeted":false,"coordinates":null,"entities":{"symbols":[],"user_mentions":[{"id":2561008639,"indices":[0,11],"id_str":"2561008639","screen_name":"BearyTruth","name":"BearTruth"}],"hashtags":[],"urls":[]},"in_reply_to_screen_name":"BearyTruth","id_str":"544300692622831616","retweet_count":0,"in_reply_to_user_id":2561008639,"favorited":false,"user":{"follow_request_sent":false,"profile_use_background_image":true,"profile_text_color":"333333","default_profile_image":false,"id":2836917903,"profile_background_image_url_https":"https://abs.twimg.com/images/themes/theme1/bg.png","verified":false,"profile_location":null,"profile_image_url_https":"https://pbs.twimg.com/profile_images/528397153282961409/60DtiXeE_normal.jpeg","profile_sidebar_fill_color":"DDEEF6","entities":{"description":{"urls":[]}},"followers_count":16,"profile_sidebar_border_color":"C0DEED","id_str":"2836917903","profile_background_color":"C0DEED","listed_count":0,"is_translation_enabled":false,"utc_offset":null,"statuses_count":271,"description":"Music and comedy fan. If you are offended by something on the internet, log out you crying bitch.","friends_count":48,"location":"Surrounded by red clay.","profile_link_color":"0084B4","profile_image_url":"http://pbs.twimg.com/profile_images/528397153282961409/60DtiXeE_normal.jpeg","following":false,"geo_enabled":false,"profile_banner_url":"https://pbs.twimg.com/profile_banners/2836917903/1414814895","profile_background_image_url":"http://abs.twimg.com/images/themes/theme1/bg.png","name":"Michael Howell","lang":"en","profile_background_tile":false,"favourites_count":58,"screen_name":"metaldog62","notifications":false,"url":null,"created_at":"Sun Oct 19 07:58:23 +0000 2014","contributors_enabled":false,"time_zone":null,"protected":false,"default_profile":true,"is_translator":false},"geo":null,"in_reply_to_user_id_str":"2561008639","lang":"en","created_at":"Mon Dec 15 01:19:32 +0000 2014","in_reply_to_status_id_str":"544299303251243008","place":null},
{"contributors":null,"truncated":false,"text":"@metaldog62 Probably safest so that the public don't interfere. Lets just hoping it is resolved peacefully and no one is harmed.","in_reply_to_status_id":544300692622831616,"id":544301800179113984,"favorite_count":0,"source":"<a href=\"http://twitter.com\" rel=\"nofollow\">Twitter Web Client</a>","retweeted":false,"coordinates":null,"entities":{"symbols":[],"user_mentions":[{"id":2836917903,"indices":[0,11],"id_str":"2836917903","screen_name":"metaldog62","name":"Michael Howell"}],"hashtags":[],"urls":[]},"in_reply_to_screen_name":"metaldog62","id_str":"544301800179113984","retweet_count":0,"in_reply_to_user_id":2836917903,"favorited":false,"user":{"follow_request_sent":false,"profile_use_background_image":false,"profile_text_color":"000000","default_profile_image":false,"id":2561008639,"profile_background_image_url_https":"https://abs.twimg.com/images/themes/theme1/bg.png","verified":false,"profile_location":null,"profile_image_url_https":"https://pbs.twimg.com/profile_images/513096253589057537/kTJ7Z38f_normal.jpeg","profile_sidebar_fill_color":"000000","entities":{"description":{"urls":[]}},"followers_count":23,"profile_sidebar_border_color":"000000","id_str":"2561008639","profile_background_color":"000000","listed_count":2,"is_translation_enabled":false,"utc_offset":null,"statuses_count":832,"description":"A #realist: Practical #environmentalist; true #feminist (equality for all); with a low tolerance for religion used to justify human rights abuses.","friends_count":77,"location":"UK","profile_link_color":"00B380","profile_image_url":"http://pbs.twimg.com/profile_images/513096253589057537/kTJ7Z38f_normal.jpeg","following":false,"geo_enabled":false,"profile_banner_url":"https://pbs.twimg.com/profile_banners/2561008639/1408395721","profile_background_image_url":"http://abs.twimg.com/images/themes/theme1/bg.png","name":"BearTruth","lang":"en","profile_background_tile":false,"favourites_count":319,"screen_name":"BearyTruth","notifications":false,"url":null,"created_at":"Wed Jun 11 09:32:07 +0000 2014","contributors_enabled":false,"time_zone":null,"protected":false,"default_profile":false,"is_translator":false},"geo":null,"in_reply_to_user_id_str":"2836917903","lang":"en","created_at":"Mon Dec 15 01:23:56 +0000 2014","in_reply_to_status_id_str":"544300692622831616","place":null},
{"contributors":null,"truncated":false,"text":"@buckeyecapsfan @JFXM Well, it's great to have your opinion all the way from Cleveland and I'm sure it will really help.","in_reply_to_status_id":544299015400349699,"id":544303292356890624,"favorite_count":0,"source":"<a href=\"http://twitter.com\" rel=\"nofollow\">Twitter Web Client</a>","retweeted":false,"coordinates":null,"entities":{"symbols":[],"user_mentions":[{"id":531897219,"indices":[0,15],"id_str":"531897219","screen_name":"buckeyecapsfan","name":"Pete Chmielecki"},{"id":20639175,"indices":[16,21],"id_str":"20639175","screen_name":"JFXM","name":"Jack Moore"}],"hashtags":[],"urls":[]},"in_reply_to_screen_name":"buckeyecapsfan","id_str":"544303292356890624","retweet_count":0,"in_reply_to_user_id":531897219,"favorited":false,"user":{"follow_request_sent":false,"profile_use_background_image":true,"profile_text_color":"333333","default_profile_image":false,"id":1536019639,"profile_background_image_url_https":"https://abs.twimg.com/images/themes/theme1/bg.png","verified":false,"profile_location":null,"profile_image_url_https":"https://pbs.twimg.com/profile_images/556688780334084099/d7wdICfy_normal.jpeg","profile_sidebar_fill_color":"DDEEF6","entities":{"description":{"urls":[]}},"followers_count":496,"profile_sidebar_border_color":"C0DEED","id_str":"1536019639","profile_background_color":"C0DEED","listed_count":6,"is_translation_enabled":false,"utc_offset":39600,"statuses_count":6438,"description":"Doesn't think a return to a Dickensian landscape is really all that visionary. Tweets to Oz Protectionist are mostly things that never were.","friends_count":974,"location":"nsw","profile_link_color":"0084B4","profile_image_url":"http://pbs.twimg.com/profile_images/556688780334084099/d7wdICfy_normal.jpeg","following":false,"geo_enabled":false,"profile_background_image_url":"http://abs.twimg.com/images/themes/theme1/bg.png","name":"ilpleut","lang":"en","profile_background_tile":false,"favourites_count":4889,"screen_name":"_pommedeguerre","notifications":false,"url":null,"created_at":"Fri Jun 21 07:51:50 +0000 2013","contributors_enabled":false,"time_zone":"Solomon Is.","protected":false,"default_profile":true,"is_translator":false},"geo":null,"in_reply_to_user_id_str":"531897219","lang":"en","created_at":"Mon Dec 15 01:29:52 +0000 2014","in_reply_to_status_id_str":"544299015400349699","place":null},
{"contributors":null,"truncated":false,"text":"@BearyTruth Probably best. Misinformation gets around pretty fast on social media sites.","in_reply_to_status_id":544301800179113984,"id":544304171147870208,"favorite_count":1,"source":"<a href=\"http://twitter.com\" rel=\"nofollow\">Twitter Web Client</a>","retweeted":false,"coordinates":null,"entities":{"symbols":[],"user_mentions":[{"id":2561008639,"indices":[0,11],"id_str":"2561008639","screen_name":"BearyTruth","name":"BearTruth"}],"hashtags":[],"urls":[]},"in_reply_to_screen_name":"BearyTruth","id_str":"544304171147870208","retweet_count":0,"in_reply_to_user_id":2561008639,"favorited":false,"user":{"follow_request_sent":false,"profile_use_background_image":true,"profile_text_color":"333333","default_profile_image":false,"id":2836917903,"profile_background_image_url_https":"https://abs.twimg.com/images/themes/theme1/bg.png","verified":false,"profile_location":null,"profile_image_url_https":"https://pbs.twimg.com/profile_images/528397153282961409/60DtiXeE_normal.jpeg","profile_sidebar_fill_color":"DDEEF6","entities":{"description":{"urls":[]}},"followers_count":16,"profile_sidebar_border_color":"C0DEED","id_str":"2836917903","profile_background_color":"C0DEED","listed_count":0,"is_translation_enabled":false,"utc_offset":null,"statuses_count":271,"description":"Music and comedy fan. If you are offended by something on the internet, log out you crying bitch.","friends_count":48,"location":"Surrounded by red clay.","profile_link_color":"0084B4","profile_image_url":"http://pbs.twimg.com/profile_images/528397153282961409/60DtiXeE_normal.jpeg","following":false,"geo_enabled":false,"profile_banner_url":"https://pbs.twimg.com/profile_banners/2836917903/1414814895","profile_background_image_url":"http://abs.twimg.com/images/themes/theme1/bg.png","name":"Michael Howell","lang":"en","profile_background_tile":false,"favourites_count":58,"screen_name":"metaldog62","notifications":false,"url":null,"created_at":"Sun Oct 19 07:58:23 +0000 2014","contributors_enabled":false,"time_zone":null,"protected":false,"default_profile":true,"is_translator":false},"geo":null,"in_reply_to_user_id_str":"2561008639","lang":"en","created_at":"Mon Dec 15 01:33:21 +0000 2014","in_reply_to_status_id_str":"544301800179113984","place":null},
{"contributors":null,"truncated":false,"text":"@JFXM @primetimecrime Sniper, bullet, over!","in_reply_to_status_id":544294794139533313,"id":544304272914272257,"favorite_count":0,"source":"<a href=\"http://twitter.com/download/iphone\" rel=\"nofollow\">Twitter for iPhone</a>","retweeted":false,"coordinates":null,"entities":{"symbols":[],"user_mentions":[{"id":20639175,"indices":[0,5],"id_str":"20639175","screen_name":"JFXM","name":"Jack Moore"},{"id":62617728,"indices":[6,21],"id_str":"62617728","screen_name":"primetimecrime","name":"Leo Knight"}],"hashtags":[],"urls":[]},"in_reply_to_screen_name":"JFXM","id_str":"544304272914272257","retweet_count":0,"in_reply_to_user_id":20639175,"favorited":false,"user":{"follow_request_sent":false,"profile_use_background_image":true,"profile_text_color":"004358","default_profile_image":false,"id":107794362,"profile_background_image_url_https":"https://pbs.twimg.com/profile_background_images/233270797/xd551875093043cbd1fa12196ef2acb0.jpg","verified":false,"profile_location":null,"profile_image_url_https":"https://pbs.twimg.com/profile_images/378800000738929768/4a54bb27eb9871b961566145415d4dbe_normal.jpeg","profile_sidebar_fill_color":"000B17","entities":{"description":{"urls":[]}},"followers_count":811,"profile_sidebar_border_color":"F7B565","id_str":"107794362","profile_background_color":"001329","listed_count":30,"is_translation_enabled":false,"utc_offset":-18000,"statuses_count":31143,"description":"Retired Senior Information Systems Analyst, active road/trail biker,  x-country skier, black belt","friends_count":617,"location":"Port Elgin, Ontario, Canada","profile_link_color":"448668","profile_image_url":"http://pbs.twimg.com/profile_images/378800000738929768/4a54bb27eb9871b961566145415d4dbe_normal.jpeg","following":false,"geo_enabled":true,"profile_banner_url":"https://pbs.twimg.com/profile_banners/107794362/1357826002","profile_background_image_url":"http://pbs.twimg.com/profile_background_images/233270797/xd551875093043cbd1fa12196ef2acb0.jpg","name":"Allan Wood","lang":"en","profile_background_tile":false,"favourites_count":35,"screen_name":"RunnertheFirst","notifications":false,"url":null,"created_at":"Sat Jan 23 19:21:59 +0000 2010","contributors_enabled":false,"time_zone":"Eastern Time (US & Canada)","protected":false,"default_profile":false,"is_translator":false},"geo":null,"in_reply_to_user_id_str":"20639175","lang":"no","created_at":"Mon Dec 15 01:33:46 +0000 2014","in_reply_to_status_id_str":"544294794139533313","place":null}
]