{"contributors":null,"truncated":false,"text":"Please don't post \/share tactical information\/police movements on social media! #sydneysiege","in_reply_to_status_id":null,"id":544293069957259264,"favorite_count":122,"source":"<a href=\"http:\/\/twitter.com\" rel=\"nofollow\">Twitter Web Client<\/a>","retweeted":false,"coordinates":null,"entities":{"symbols":[],"user_mentions":[],"hashtags":[{"indices":[80,92],"text":"sydneysiege"}],"urls":[]},"in_reply_to_screen_name":null,"id_str":"544293069957259264","retweet_count":147,"in_reply_to_user_id":null,"favorited":false,"user":{"follow_request_sent":false,"profile_use_background_image":true,"profile_text_color":"3D1957","default_profile_image":false,"id":20512260,"profile_background_image_url_https":"https:\/\/pbs.twimg.com\/profile_background_images\/489018268208726017\/qpTQXzNr.jpeg","verified":false,"profile_location":null,"profile_image_url_https":"https:\/\/pbs.twimg.com\/profile_images\/578301860815052800\/lCkks1eW_normal.jpeg","profile_sidebar_fill_color":"927CED","entities":{"url":{"urls":[{"url":"http:\/\/t.co\/u9XNpLY4S9","indices":[0,22],"expanded_url":"http:\/\/www.raejohnston.com","display_url":"raejohnston.com"}]},"description":{"urls":[]}},"followers_count":9588,"profile_sidebar_border_color":"FFFFFF","id_str":"20512260","profile_background_color":"FCFCFC","listed_count":271,"is_translation_enabled":false,"utc_offset":36000,"statuses_count":14238,"description":"Geek Mum. Wiradjuri Wonder Woman. @Mornings9's tech expert. Commercial Editor\/Writer @KotakuAU @GizmodoAU @LifehackerAU @BusInsiderAU & @PopsugarAU.","friends_count":1520,"location":"Sydney, Australia","profile_link_color":"6D239E","profile_image_url":"http:\/\/pbs.twimg.com\/profile_images\/578301860815052800\/lCkks1eW_normal.jpeg","following":false,"geo_enabled":false,"profile_banner_url":"https:\/\/pbs.twimg.com\/profile_banners\/20512260\/1398216901","profile_background_image_url":"http:\/\/pbs.twimg.com\/profile_background_images\/489018268208726017\/qpTQXzNr.jpeg","name":"Rae Johnston","lang":"en","profile_background_tile":true,"favourites_count":5481,"screen_name":"miss_raej","notifications":false,"url":"http:\/\/t.co\/u9XNpLY4S9","created_at":"Tue Feb 10 13:17:41 +0000 2009","contributors_enabled":false,"time_zone":"Brisbane","protected":false,"default_profile":false,"is_translator":false},"geo":null,"in_reply_to_user_id_str":null,"lang":"en","created_at":"Mon Dec 15 00:49:15 +0000 2014","in_reply_to_status_id_str":null,"place":null}