[{"contributors":null,"truncated":false,"text":"@TheAnonMessage what happened","in_reply_to_status_id":544290780991725568,"id":544291371797204992,"favorite_count":0,"source":"<a href=\"http://twitter.com/download/android\" rel=\"nofollow\">Twitter for Android</a>","retweeted":false,"coordinates":null,"entities":{"symbols":[],"user_mentions":[{"id":423662810,"indices":[0,15],"id_str":"423662810","screen_name":"TheAnonMessage","name":"TheAnonMessage"}],"hashtags":[],"urls":[]},"in_reply_to_screen_name":"TheAnonMessage","id_str":"544291371797204992","retweet_count":0,"in_reply_to_user_id":423662810,"favorited":false,"user":{"follow_request_sent":false,"profile_use_background_image":true,"profile_text_color":"5505AD","default_profile_image":false,"id":708086066,"profile_background_image_url_https":"https://pbs.twimg.com/profile_background_images/436645854644957184/WyWNuqA4.jpeg","verified":false,"profile_location":null,"profile_image_url_https":"https://pbs.twimg.com/profile_images/580839688795222016/NB5SHuro_normal.jpg","profile_sidebar_fill_color":"43CFFA","entities":{"description":{"urls":[]}},"followers_count":362,"profile_sidebar_border_color":"000000","id_str":"708086066","profile_background_color":"E612BC","listed_count":0,"is_translation_enabled":false,"utc_offset":-25200,"statuses_count":7516,"description":"Find yourself","friends_count":274,"location":"","profile_link_color":"FF40D6","profile_image_url":"http://pbs.twimg.com/profile_images/580839688795222016/NB5SHuro_normal.jpg","following":false,"geo_enabled":true,"profile_banner_url":"https://pbs.twimg.com/profile_banners/708086066/1415378669","profile_background_image_url":"http://pbs.twimg.com/profile_background_images/436645854644957184/WyWNuqA4.jpeg","name":" ☯","lang":"en","profile_background_tile":true,"favourites_count":5674,"screen_name":"Captainchelsea_","notifications":false,"url":null,"created_at":"Sat Jul 21 00:54:35 +0000 2012","contributors_enabled":false,"time_zone":"Arizona","protected":false,"default_profile":false,"is_translator":false},"geo":null,"in_reply_to_user_id_str":"423662810","lang":"en","created_at":"Mon Dec 15 00:42:30 +0000 2014","in_reply_to_status_id_str":"544290780991725568","place":null},
{"contributors":null,"truncated":false,"text":"@TheAnonMessage Where did You get this news from ? Please don't speculate.","in_reply_to_status_id":544290780991725568,"id":544291386191646721,"favorite_count":0,"source":"<a href=\"http://twitter.com\" rel=\"nofollow\">Twitter Web Client</a>","retweeted":false,"coordinates":null,"entities":{"symbols":[],"user_mentions":[{"id":423662810,"indices":[0,15],"id_str":"423662810","screen_name":"TheAnonMessage","name":"TheAnonMessage"}],"hashtags":[],"urls":[]},"in_reply_to_screen_name":"TheAnonMessage","id_str":"544291386191646721","retweet_count":0,"in_reply_to_user_id":423662810,"favorited":false,"user":{"follow_request_sent":false,"profile_use_background_image":true,"profile_text_color":"333333","default_profile_image":false,"id":2195487036,"profile_background_image_url_https":"https://pbs.twimg.com/profile_background_images/481305308057182208/x9lr2sp6.jpeg","verified":false,"profile_location":null,"profile_image_url_https":"https://pbs.twimg.com/profile_images/438086287547826176/JTyg_XpQ_normal.jpeg","profile_sidebar_fill_color":"EFEFEF","entities":{"description":{"urls":[]}},"followers_count":48,"profile_sidebar_border_color":"000000","id_str":"2195487036","profile_background_color":"131516","listed_count":1,"is_translation_enabled":false,"utc_offset":39600,"statuses_count":72,"description":"","friends_count":695,"location":"@ the shebeen","profile_link_color":"000D99","profile_image_url":"http://pbs.twimg.com/profile_images/438086287547826176/JTyg_XpQ_normal.jpeg","following":false,"geo_enabled":false,"profile_banner_url":"https://pbs.twimg.com/profile_banners/2195487036/1403554747","profile_background_image_url":"http://pbs.twimg.com/profile_background_images/481305308057182208/x9lr2sp6.jpeg","name":"Hank Scofflaw","lang":"en-gb","profile_background_tile":true,"favourites_count":228,"screen_name":"HankScofflaw","notifications":false,"url":null,"created_at":"Fri Nov 15 06:36:17 +0000 2013","contributors_enabled":false,"time_zone":"Melbourne","protected":false,"default_profile":false,"is_translator":false},"geo":null,"in_reply_to_user_id_str":"423662810","lang":"en","created_at":"Mon Dec 15 00:42:33 +0000 2014","in_reply_to_status_id_str":"544290780991725568","place":null},
{"contributors":null,"truncated":false,"text":"@TheAnonMessage is happening","in_reply_to_status_id":544290780991725568,"id":544291397302767616,"favorite_count":0,"source":"<a href=\"http://twitter.com/download/android\" rel=\"nofollow\">Twitter for Android</a>","retweeted":false,"coordinates":null,"entities":{"symbols":[],"user_mentions":[{"id":423662810,"indices":[0,15],"id_str":"423662810","screen_name":"TheAnonMessage","name":"TheAnonMessage"}],"hashtags":[],"urls":[]},"in_reply_to_screen_name":"TheAnonMessage","id_str":"544291397302767616","retweet_count":0,"in_reply_to_user_id":423662810,"favorited":false,"user":{"follow_request_sent":false,"profile_use_background_image":true,"profile_text_color":"5505AD","default_profile_image":false,"id":708086066,"profile_background_image_url_https":"https://pbs.twimg.com/profile_background_images/436645854644957184/WyWNuqA4.jpeg","verified":false,"profile_location":null,"profile_image_url_https":"https://pbs.twimg.com/profile_images/580839688795222016/NB5SHuro_normal.jpg","profile_sidebar_fill_color":"43CFFA","entities":{"description":{"urls":[]}},"followers_count":362,"profile_sidebar_border_color":"000000","id_str":"708086066","profile_background_color":"E612BC","listed_count":0,"is_translation_enabled":false,"utc_offset":-25200,"statuses_count":7516,"description":"Find yourself","friends_count":274,"location":"","profile_link_color":"FF40D6","profile_image_url":"http://pbs.twimg.com/profile_images/580839688795222016/NB5SHuro_normal.jpg","following":false,"geo_enabled":true,"profile_banner_url":"https://pbs.twimg.com/profile_banners/708086066/1415378669","profile_background_image_url":"http://pbs.twimg.com/profile_background_images/436645854644957184/WyWNuqA4.jpeg","name":" ☯","lang":"en","profile_background_tile":true,"favourites_count":5674,"screen_name":"Captainchelsea_","notifications":false,"url":null,"created_at":"Sat Jul 21 00:54:35 +0000 2012","contributors_enabled":false,"time_zone":"Arizona","protected":false,"default_profile":false,"is_translator":false},"geo":null,"in_reply_to_user_id_str":"423662810","lang":"en","created_at":"Mon Dec 15 00:42:36 +0000 2014","in_reply_to_status_id_str":"544290780991725568","place":null},
{"contributors":null,"truncated":false,"text":"@TheAnonMessage airspace hasn't been closed, it's diverted. It's speculated they are armed, not official.\nStop trying to hype.","in_reply_to_status_id":544290780991725568,"id":544291660000010240,"favorite_count":0,"source":"<a href=\"http://twitter.com\" rel=\"nofollow\">Twitter Web Client</a>","retweeted":false,"coordinates":null,"entities":{"symbols":[],"user_mentions":[{"id":423662810,"indices":[0,15],"id_str":"423662810","screen_name":"TheAnonMessage","name":"TheAnonMessage"}],"hashtags":[],"urls":[]},"in_reply_to_screen_name":"TheAnonMessage","id_str":"544291660000010240","retweet_count":0,"in_reply_to_user_id":423662810,"favorited":false,"user":{"follow_request_sent":false,"profile_use_background_image":true,"profile_text_color":"333333","default_profile_image":false,"id":289352032,"profile_background_image_url_https":"https://abs.twimg.com/images/themes/theme15/bg.png","verified":false,"profile_location":null,"profile_image_url_https":"https://pbs.twimg.com/profile_images/576357656459276288/1_hqOiSH_normal.jpg","profile_sidebar_fill_color":"C0DFEC","entities":{"url":{"urls":[{"url":"http://t.co/7Y3PDV4ZtX","indices":[0,22],"expanded_url":"http://maizewallin.com","display_url":"maizewallin.com"}]},"description":{"urls":[]}},"followers_count":637,"profile_sidebar_border_color":"A8C7F7","id_str":"289352032","profile_background_color":"022330","listed_count":18,"is_translation_enabled":false,"utc_offset":39600,"statuses_count":8853,"description":"Interactive Arts Composer and Curator || music, performance, science, technology","friends_count":1369,"location":"Melbourne, AUS","profile_link_color":"DE0000","profile_image_url":"http://pbs.twimg.com/profile_images/576357656459276288/1_hqOiSH_normal.jpg","following":false,"geo_enabled":true,"profile_banner_url":"https://pbs.twimg.com/profile_banners/289352032/1416560975","profile_background_image_url":"http://abs.twimg.com/images/themes/theme15/bg.png","name":"Maize ⶀⶐⶩ","lang":"en","profile_background_tile":false,"favourites_count":2833,"screen_name":"MaizeWallin","notifications":false,"url":"http://t.co/7Y3PDV4ZtX","created_at":"Thu Apr 28 14:01:55 +0000 2011","contributors_enabled":false,"time_zone":"Melbourne","protected":false,"default_profile":false,"is_translator":false},"geo":null,"in_reply_to_user_id_str":"423662810","lang":"en","created_at":"Mon Dec 15 00:43:38 +0000 2014","in_reply_to_status_id_str":"544290780991725568","place":null},
{"contributors":null,"truncated":false,"text":"@TheAnonMessage @BigBlackBarry Plus there is the hostage thing in the cafe.","in_reply_to_status_id":544290780991725568,"id":544292101840961536,"favorite_count":0,"source":"<a href=\"http://twitter.com/download/android\" rel=\"nofollow\">Twitter for Android</a>","retweeted":false,"coordinates":null,"entities":{"symbols":[],"user_mentions":[{"id":423662810,"indices":[0,15],"id_str":"423662810","screen_name":"TheAnonMessage","name":"TheAnonMessage"},{"id":372026745,"indices":[16,30],"id_str":"372026745","screen_name":"BigBlackBarry","name":"BigBlackBarry"}],"hashtags":[],"urls":[]},"in_reply_to_screen_name":"TheAnonMessage","id_str":"544292101840961536","retweet_count":0,"in_reply_to_user_id":423662810,"favorited":false,"user":{"follow_request_sent":false,"profile_use_background_image":true,"profile_text_color":"52555C","default_profile_image":false,"id":175176750,"profile_background_image_url_https":"https://pbs.twimg.com/profile_background_images/603824027/6frs29i90okshn62ynai.jpeg","verified":false,"profile_location":null,"profile_image_url_https":"https://pbs.twimg.com/profile_images/583748084603027456/K8tsld0H_normal.png","profile_sidebar_fill_color":"061127","entities":{"url":{"urls":[{"url":"http://t.co/Bo6bsIX4I8","indices":[0,22],"expanded_url":"http://petchary.wordpress.com","display_url":"petchary.wordpress.com"}]},"description":{"urls":[]}},"followers_count":4553,"profile_sidebar_border_color":"000515","id_str":"175176750","profile_background_color":"59472F","listed_count":116,"is_translation_enabled":false,"utc_offset":-21600,"statuses_count":146824,"description":"London-born Oxford graduate, in Jamaica for 26 years. Blogger. Argumentative Gooner.  I write. Advocate for human rights, justice, family, truth, love.","friends_count":4341,"location":"Kingston, Jamaica","profile_link_color":"827972","profile_image_url":"http://pbs.twimg.com/profile_images/583748084603027456/K8tsld0H_normal.png","following":false,"geo_enabled":true,"profile_banner_url":"https://pbs.twimg.com/profile_banners/175176750/1418297665","profile_background_image_url":"http://pbs.twimg.com/profile_background_images/603824027/6frs29i90okshn62ynai.jpeg","name":"Emma Lewis","lang":"en","profile_background_tile":false,"favourites_count":8419,"screen_name":"Petchary","notifications":false,"url":"http://t.co/Bo6bsIX4I8","created_at":"Thu Aug 05 20:57:37 +0000 2010","contributors_enabled":false,"time_zone":"Central Time (US & Canada)","protected":false,"default_profile":false,"is_translator":false},"geo":null,"in_reply_to_user_id_str":"423662810","lang":"en","created_at":"Mon Dec 15 00:45:24 +0000 2014","in_reply_to_status_id_str":"544290780991725568","place":null},
{"contributors":null,"truncated":false,"text":"@TheAnonMessage your previous tweet was asking what happening, now you are informing everyone a load of BS. Stop speculating","in_reply_to_status_id":544290780991725568,"id":544292435103186945,"favorite_count":0,"source":"<a href=\"http://twitter.com/download/iphone\" rel=\"nofollow\">Twitter for iPhone</a>","retweeted":false,"coordinates":null,"entities":{"symbols":[],"user_mentions":[{"id":423662810,"indices":[0,15],"id_str":"423662810","screen_name":"TheAnonMessage","name":"TheAnonMessage"}],"hashtags":[],"urls":[]},"in_reply_to_screen_name":"TheAnonMessage","id_str":"544292435103186945","retweet_count":0,"in_reply_to_user_id":423662810,"favorited":false,"user":{"follow_request_sent":false,"profile_use_background_image":true,"profile_text_color":"333333","default_profile_image":false,"id":47473609,"profile_background_image_url_https":"https://abs.twimg.com/images/themes/theme1/bg.png","verified":false,"profile_location":null,"profile_image_url_https":"https://pbs.twimg.com/profile_images/457858674145624064/wC0e4QNA_normal.jpeg","profile_sidebar_fill_color":"DDEEF6","entities":{"description":{"urls":[]}},"followers_count":113,"profile_sidebar_border_color":"C0DEED","id_str":"47473609","profile_background_color":"C0DEED","listed_count":0,"is_translation_enabled":false,"utc_offset":null,"statuses_count":877,"description":"All thoughts are my own unless someone told me to say it","friends_count":249,"location":"Southampton","profile_link_color":"0084B4","profile_image_url":"http://pbs.twimg.com/profile_images/457858674145624064/wC0e4QNA_normal.jpeg","following":false,"geo_enabled":false,"profile_banner_url":"https://pbs.twimg.com/profile_banners/47473609/1397996988","profile_background_image_url":"http://abs.twimg.com/images/themes/theme1/bg.png","name":"jordan brewer","lang":"en","profile_background_tile":false,"favourites_count":169,"screen_name":"jordbrewer","notifications":false,"url":null,"created_at":"Mon Jun 15 23:07:42 +0000 2009","contributors_enabled":false,"time_zone":null,"protected":false,"default_profile":true,"is_translator":false},"geo":null,"in_reply_to_user_id_str":"423662810","lang":"en","created_at":"Mon Dec 15 00:46:43 +0000 2014","in_reply_to_status_id_str":"544290780991725568","place":null},
{"contributors":null,"truncated":false,"text":"@TheAnonMessage  I take that back, my apologies.","in_reply_to_status_id":544291386191646721,"id":544293897908662273,"favorite_count":0,"source":"<a href=\"http://twitter.com\" rel=\"nofollow\">Twitter Web Client</a>","retweeted":false,"coordinates":null,"entities":{"symbols":[],"user_mentions":[{"id":423662810,"indices":[0,15],"id_str":"423662810","screen_name":"TheAnonMessage","name":"TheAnonMessage"}],"hashtags":[],"urls":[]},"in_reply_to_screen_name":"HankScofflaw","id_str":"544293897908662273","retweet_count":0,"in_reply_to_user_id":2195487036,"favorited":false,"user":{"follow_request_sent":false,"profile_use_background_image":true,"profile_text_color":"333333","default_profile_image":false,"id":2195487036,"profile_background_image_url_https":"https://pbs.twimg.com/profile_background_images/481305308057182208/x9lr2sp6.jpeg","verified":false,"profile_location":null,"profile_image_url_https":"https://pbs.twimg.com/profile_images/438086287547826176/JTyg_XpQ_normal.jpeg","profile_sidebar_fill_color":"EFEFEF","entities":{"description":{"urls":[]}},"followers_count":48,"profile_sidebar_border_color":"000000","id_str":"2195487036","profile_background_color":"131516","listed_count":1,"is_translation_enabled":false,"utc_offset":39600,"statuses_count":72,"description":"","friends_count":695,"location":"@ the shebeen","profile_link_color":"000D99","profile_image_url":"http://pbs.twimg.com/profile_images/438086287547826176/JTyg_XpQ_normal.jpeg","following":false,"geo_enabled":false,"profile_banner_url":"https://pbs.twimg.com/profile_banners/2195487036/1403554747","profile_background_image_url":"http://pbs.twimg.com/profile_background_images/481305308057182208/x9lr2sp6.jpeg","name":"Hank Scofflaw","lang":"en-gb","profile_background_tile":true,"favourites_count":228,"screen_name":"HankScofflaw","notifications":false,"url":null,"created_at":"Fri Nov 15 06:36:17 +0000 2013","contributors_enabled":false,"time_zone":"Melbourne","protected":false,"default_profile":false,"is_translator":false},"geo":null,"in_reply_to_user_id_str":"2195487036","lang":"en","created_at":"Mon Dec 15 00:52:32 +0000 2014","in_reply_to_status_id_str":"544291386191646721","place":null},
{"contributors":null,"truncated":false,"text":"@TheAnonMessage This was misinformation since discounted. At this stage hostage situation only.","in_reply_to_status_id":544290780991725568,"id":544295127506616320,"favorite_count":0,"source":"<a href=\"https://about.twitter.com/products/tweetdeck\" rel=\"nofollow\">TweetDeck</a>","retweeted":false,"coordinates":null,"entities":{"symbols":[],"user_mentions":[{"id":423662810,"indices":[0,15],"id_str":"423662810","screen_name":"TheAnonMessage","name":"TheAnonMessage"}],"hashtags":[],"urls":[]},"in_reply_to_screen_name":"TheAnonMessage","id_str":"544295127506616320","retweet_count":0,"in_reply_to_user_id":423662810,"favorited":false,"user":{"follow_request_sent":false,"profile_use_background_image":true,"profile_text_color":"333333","default_profile_image":false,"id":29891281,"profile_background_image_url_https":"https://abs.twimg.com/images/themes/theme1/bg.png","verified":false,"profile_location":null,"profile_image_url_https":"https://pbs.twimg.com/profile_images/1688353694/th_ebel_discovery_normal.jpg","profile_sidebar_fill_color":"DDEEF6","entities":{"url":{"urls":[{"url":"http://t.co/mneApFxnsa","indices":[0,22],"expanded_url":"http://replica-watch.info/","display_url":"replica-watch.info"}]},"description":{"urls":[]}},"followers_count":803,"profile_sidebar_border_color":"C0DEED","id_str":"29891281","profile_background_color":"C0DEED","listed_count":14,"is_translation_enabled":false,"utc_offset":36000,"statuses_count":5739,"description":"The biggest replica watch info source on the internet! Come on over to The Darkside.","friends_count":190,"location":"Guangzhou","profile_link_color":"0084B4","profile_image_url":"http://pbs.twimg.com/profile_images/1688353694/th_ebel_discovery_normal.jpg","following":false,"geo_enabled":false,"profile_background_image_url":"http://abs.twimg.com/images/themes/theme1/bg.png","name":" The Darkside forum.","lang":"en","profile_background_tile":false,"favourites_count":17,"screen_name":"replica_watch","notifications":false,"url":"http://t.co/mneApFxnsa","created_at":"Thu Apr 09 02:05:15 +0000 2009","contributors_enabled":false,"time_zone":"Brisbane","protected":false,"default_profile":true,"is_translator":false},"geo":null,"in_reply_to_user_id_str":"423662810","lang":"en","created_at":"Mon Dec 15 00:57:25 +0000 2014","in_reply_to_status_id_str":"544290780991725568","place":null},
{"contributors":null,"truncated":false,"text":"@TheAnonMessage @BRIGHTPRIMATE this information is incorrect.","in_reply_to_status_id":544290780991725568,"id":544303549547421696,"favorite_count":0,"source":"<a href=\"http://twitter.com\" rel=\"nofollow\">Twitter Web Client</a>","retweeted":false,"coordinates":null,"entities":{"symbols":[],"user_mentions":[{"id":423662810,"indices":[0,15],"id_str":"423662810","screen_name":"TheAnonMessage","name":"TheAnonMessage"},{"id":251992389,"indices":[16,30],"id_str":"251992389","screen_name":"BRIGHTPRIMATE","name":"BR1GHT PR1MATE"}],"hashtags":[],"urls":[]},"in_reply_to_screen_name":"TheAnonMessage","id_str":"544303549547421696","retweet_count":0,"in_reply_to_user_id":423662810,"favorited":false,"user":{"follow_request_sent":false,"profile_use_background_image":true,"profile_text_color":"333333","default_profile_image":false,"id":867201332,"profile_background_image_url_https":"https://abs.twimg.com/images/themes/theme15/bg.png","verified":false,"profile_location":null,"profile_image_url_https":"https://pbs.twimg.com/profile_images/534344292358053891/nxexi0v8_normal.jpeg","profile_sidebar_fill_color":"C0DFEC","entities":{"description":{"urls":[]}},"followers_count":181,"profile_sidebar_border_color":"A8C7F7","id_str":"867201332","profile_background_color":"022330","listed_count":2,"is_translation_enabled":false,"utc_offset":28800,"statuses_count":5427,"description":"Professional enthusiast. Strategic partner. Proven track record holder. I own a lot of hats.","friends_count":195,"location":"Perth, Western Australia","profile_link_color":"0084B4","profile_image_url":"http://pbs.twimg.com/profile_images/534344292358053891/nxexi0v8_normal.jpeg","following":false,"geo_enabled":false,"profile_banner_url":"https://pbs.twimg.com/profile_banners/867201332/1395812177","profile_background_image_url":"http://abs.twimg.com/images/themes/theme15/bg.png","name":"Luke Snadden","lang":"en","profile_background_tile":false,"favourites_count":3814,"screen_name":"_machiep","notifications":false,"url":null,"created_at":"Mon Oct 08 00:57:49 +0000 2012","contributors_enabled":false,"time_zone":"Perth","protected":false,"default_profile":false,"is_translator":false},"geo":null,"in_reply_to_user_id_str":"423662810","lang":"en","created_at":"Mon Dec 15 01:30:53 +0000 2014","in_reply_to_status_id_str":"544290780991725568","place":null},
{"contributors":null,"truncated":false,"text":"@_machiep @TheAnonMessage glad to hear that! yikes","in_reply_to_status_id":544303549547421696,"id":544329083862409216,"favorite_count":1,"source":"<a href=\"http://twitter.com\" rel=\"nofollow\">Twitter Web Client</a>","retweeted":false,"coordinates":null,"entities":{"symbols":[],"user_mentions":[{"id":867201332,"indices":[0,9],"id_str":"867201332","screen_name":"_machiep","name":"Luke Snadden"},{"id":423662810,"indices":[10,25],"id_str":"423662810","screen_name":"TheAnonMessage","name":"TheAnonMessage"}],"hashtags":[],"urls":[]},"in_reply_to_screen_name":"_machiep","id_str":"544329083862409216","retweet_count":0,"in_reply_to_user_id":867201332,"favorited":false,"user":{"follow_request_sent":false,"profile_use_background_image":true,"profile_text_color":"333333","default_profile_image":false,"id":251992389,"profile_background_image_url_https":"https://pbs.twimg.com/profile_background_images/207306362/BeamupSide.png","verified":true,"profile_location":null,"profile_image_url_https":"https://pbs.twimg.com/profile_images/552308695170699264/kooq8ayc_normal.png","profile_sidebar_fill_color":"F0EDF0","entities":{"url":{"urls":[{"url":"http://t.co/XNoHE1LrjP","indices":[0,22],"expanded_url":"http://brightprimate.tk","display_url":"brightprimate.tk"}]},"description":{"urls":[]}},"followers_count":61105,"profile_sidebar_border_color":"EBE6EB","id_str":"251992389","profile_background_color":"131516","listed_count":316,"is_translation_enabled":false,"utc_offset":-18000,"statuses_count":10931,"description":"chiptune / videocult. rainworld.","friends_count":14642,"location":"the internet","profile_link_color":"941E1E","profile_image_url":"http://pbs.twimg.com/profile_images/552308695170699264/kooq8ayc_normal.png","following":false,"geo_enabled":false,"profile_banner_url":"https://pbs.twimg.com/profile_banners/251992389/1401427426","profile_background_image_url":"http://pbs.twimg.com/profile_background_images/207306362/BeamupSide.png","name":"BR1GHT PR1MATE","lang":"en","profile_background_tile":true,"favourites_count":7836,"screen_name":"BRIGHTPRIMATE","notifications":false,"url":"http://t.co/XNoHE1LrjP","created_at":"Mon Feb 14 07:48:19 +0000 2011","contributors_enabled":false,"time_zone":"Eastern Time (US & Canada)","protected":false,"default_profile":false,"is_translator":false},"geo":null,"in_reply_to_user_id_str":"867201332","lang":"en","created_at":"Mon Dec 15 03:12:21 +0000 2014","in_reply_to_status_id_str":"544303549547421696","place":null},
{"contributors":null,"truncated":false,"text":"@Captainchelsea_ @TheAnonMessage Most likely Muslims. Almost all of them are terrorists. #tcot #ccot","in_reply_to_status_id":544291371797204992,"id":544340407686291456,"favorite_count":0,"source":"<a href=\"http://twitter.com/download/iphone\" rel=\"nofollow\">Twitter for iPhone</a>","retweeted":false,"coordinates":null,"entities":{"symbols":[],"user_mentions":[{"id":708086066,"indices":[0,16],"id_str":"708086066","screen_name":"Captainchelsea_","name":" ☯"},{"id":423662810,"indices":[17,32],"id_str":"423662810","screen_name":"TheAnonMessage","name":"TheAnonMessage"}],"hashtags":[{"indices":[89,94],"text":"tcot"},{"indices":[95,100],"text":"ccot"}],"urls":[]},"in_reply_to_screen_name":"Captainchelsea_","id_str":"544340407686291456","retweet_count":0,"in_reply_to_user_id":708086066,"favorited":false,"user":{"follow_request_sent":false,"profile_use_background_image":true,"profile_text_color":"333333","default_profile_image":false,"id":2883185098,"profile_background_image_url_https":"https://abs.twimg.com/images/themes/theme1/bg.png","verified":false,"profile_location":null,"profile_image_url_https":"https://pbs.twimg.com/profile_images/534844306541264896/ExhqOKHA_normal.jpeg","profile_sidebar_fill_color":"DDEEF6","entities":{"description":{"urls":[]}},"followers_count":56,"profile_sidebar_border_color":"C0DEED","id_str":"2883185098","profile_background_color":"C0DEED","listed_count":0,"is_translation_enabled":false,"utc_offset":null,"statuses_count":59,"description":"Pro segregation. Execute gays. Deport the wetbacks, Catholics and all non Protestant Christians. Repeal the 19th amendment.","friends_count":99,"location":"Geneva, Alabama","profile_link_color":"0084B4","profile_image_url":"http://pbs.twimg.com/profile_images/534844306541264896/ExhqOKHA_normal.jpeg","following":false,"geo_enabled":false,"profile_banner_url":"https://pbs.twimg.com/profile_banners/2883185098/1416427036","profile_background_image_url":"http://abs.twimg.com/images/themes/theme1/bg.png","name":"William Smith","lang":"en","profile_background_tile":false,"favourites_count":1,"screen_name":"whitepatriot1","notifications":false,"url":null,"created_at":"Tue Nov 18 21:21:58 +0000 2014","contributors_enabled":false,"time_zone":null,"protected":false,"default_profile":true,"is_translator":false},"geo":null,"in_reply_to_user_id_str":"708086066","lang":"en","created_at":"Mon Dec 15 03:57:21 +0000 2014","in_reply_to_status_id_str":"544291371797204992","place":null}
]