{"contributors":null,"truncated":false,"text":"Islamists are holding people hostage in a cafe in Sydney, Australia. Meanwhile, we wet our pants over pouring water on a terrorist\u2019s face.","in_reply_to_status_id":null,"id":544286172109758464,"favorite_count":106,"source":"<a href=\"http:\/\/tapbots.com\/software\/tweetbot\/mac\" rel=\"nofollow\">Tweetbot for Mac<\/a>","retweeted":false,"coordinates":null,"entities":{"symbols":[],"user_mentions":[],"hashtags":[],"urls":[]},"in_reply_to_screen_name":null,"id_str":"544286172109758464","retweet_count":164,"in_reply_to_user_id":null,"favorited":false,"user":{"follow_request_sent":false,"profile_use_background_image":true,"profile_text_color":"333333","default_profile_image":false,"id":182251918,"profile_background_image_url_https":"https:\/\/abs.twimg.com\/images\/themes\/theme15\/bg.png","verified":false,"profile_location":null,"profile_image_url_https":"https:\/\/pbs.twimg.com\/profile_images\/3598317918\/d6d7e89e2a491e6f3fe74867965c3493_normal.jpeg","profile_sidebar_fill_color":"C0DFEC","entities":{"url":{"urls":[{"url":"http:\/\/t.co\/3srhYugTcO","indices":[0,22],"expanded_url":"http:\/\/www.facebook.com\/kesgardner12","display_url":"facebook.com\/kesgardner12"}]},"description":{"urls":[]}},"followers_count":30964,"profile_sidebar_border_color":"A8C7F7","id_str":"182251918","profile_background_color":"022330","listed_count":1247,"is_translation_enabled":false,"utc_offset":-21600,"statuses_count":223407,"description":"I support individual rights and limited government. I tweet mostly about politics and current events, but sometimes other topics as well. Aristotle over Plato.","friends_count":739,"location":"Texas, USA","profile_link_color":"0084B4","profile_image_url":"http:\/\/pbs.twimg.com\/profile_images\/3598317918\/d6d7e89e2a491e6f3fe74867965c3493_normal.jpeg","following":false,"geo_enabled":false,"profile_banner_url":"https:\/\/pbs.twimg.com\/profile_banners\/182251918\/1365061640","profile_background_image_url":"http:\/\/abs.twimg.com\/images\/themes\/theme15\/bg.png","name":"Ken Gardner","lang":"en","profile_background_tile":false,"favourites_count":30874,"screen_name":"kesgardner","notifications":false,"url":"http:\/\/t.co\/3srhYugTcO","created_at":"Tue Aug 24 05:11:56 +0000 2010","contributors_enabled":false,"time_zone":"Central Time (US & Canada)","protected":false,"default_profile":false,"is_translator":false},"geo":null,"in_reply_to_user_id_str":null,"lang":"en","created_at":"Mon Dec 15 00:21:50 +0000 2014","in_reply_to_status_id_str":null,"place":null}