{"contributors":null,"truncated":false,"text":"\u201cThis is obviously a deeply concerning incident,\u201d Australian Prime Minister says on unfolding situation in Sydney. http:\/\/t.co\/02SVSxOrFt","in_reply_to_status_id":null,"id":544298334354411521,"favorite_count":290,"source":"<a href=\"http:\/\/twitter.com\" rel=\"nofollow\">Twitter Web Client<\/a>","retweeted":false,"coordinates":null,"entities":{"symbols":[],"user_mentions":[],"hashtags":[],"urls":[{"url":"http:\/\/t.co\/02SVSxOrFt","indices":[115,137],"expanded_url":"http:\/\/cnn.it\/1wxhCTG","display_url":"cnn.it\/1wxhCTG"}]},"in_reply_to_screen_name":null,"id_str":"544298334354411521","retweet_count":647,"in_reply_to_user_id":null,"favorited":false,"user":{"follow_request_sent":false,"profile_use_background_image":true,"profile_text_color":"000000","default_profile_image":false,"id":428333,"profile_background_image_url_https":"https:\/\/pbs.twimg.com\/profile_background_images\/17349501\/CNN_Twitter_Background_05.2009.GIF","verified":true,"profile_location":null,"profile_image_url_https":"https:\/\/pbs.twimg.com\/profile_images\/550063386914852865\/4JHr5H_Y_normal.jpeg","profile_sidebar_fill_color":"EEEEEE","entities":{"url":{"urls":[{"url":"http:\/\/t.co\/HjKR4r61U5","indices":[0,22],"expanded_url":"http:\/\/cnn.com\/","display_url":"cnn.com"}]},"description":{"urls":[]}},"followers_count":21717839,"profile_sidebar_border_color":"DADADA","id_str":"428333","profile_background_color":"323232","listed_count":160152,"is_translation_enabled":true,"utc_offset":-18000,"statuses_count":36658,"description":"Breaking news from reporters and editors on the CNN Digital news team. Now 21M strong. Check @cnn for all things CNN, breaking and more.","friends_count":109,"location":"Everywhere","profile_link_color":"004287","profile_image_url":"http:\/\/pbs.twimg.com\/profile_images\/550063386914852865\/4JHr5H_Y_normal.jpeg","following":false,"geo_enabled":false,"profile_background_image_url":"http:\/\/pbs.twimg.com\/profile_background_images\/17349501\/CNN_Twitter_Background_05.2009.GIF","name":"CNN Breaking News","lang":"en","profile_background_tile":false,"favourites_count":13,"screen_name":"cnnbrk","notifications":false,"url":"http:\/\/t.co\/HjKR4r61U5","created_at":"Tue Jan 02 01:48:14 +0000 2007","contributors_enabled":false,"time_zone":"Eastern Time (US & Canada)","protected":false,"default_profile":false,"is_translator":false},"geo":null,"in_reply_to_user_id_str":null,"possibly_sensitive":false,"lang":"en","created_at":"Mon Dec 15 01:10:10 +0000 2014","in_reply_to_status_id_str":null,"place":null}