{"contributors":null,"truncated":false,"text":"BREAKING: Live coverage of hostage situation unfolding in Sydney's Martin Place http:\/\/t.co\/TTG8ye71Zg http:\/\/t.co\/iTwradHTb3","in_reply_to_status_id":null,"id":544269749405097984,"favorite_count":88,"source":"<a href=\"http:\/\/www.socialflow.com\" rel=\"nofollow\">SocialFlow<\/a>","retweeted":false,"coordinates":null,"entities":{"symbols":[],"user_mentions":[],"hashtags":[],"urls":[{"url":"http:\/\/t.co\/TTG8ye71Zg","indices":[80,102],"expanded_url":"http:\/\/bit.ly\/1wQXa3G","display_url":"bit.ly\/1wQXa3G"}],"media":[{"expanded_url":"http:\/\/twitter.com\/newscomauHQ\/status\/544269749405097984\/photo\/1","display_url":"pic.twitter.com\/iTwradHTb3","url":"http:\/\/t.co\/iTwradHTb3","media_url_https":"https:\/\/pbs.twimg.com\/media\/B42idA0IgAEcGCz.jpg","id_str":"544269749300264961","sizes":{"large":{"h":541,"resize":"fit","w":814},"small":{"h":225,"resize":"fit","w":340},"medium":{"h":398,"resize":"fit","w":600},"thumb":{"h":150,"resize":"crop","w":150}},"indices":[103,125],"type":"photo","id":544269749300264961,"media_url":"http:\/\/pbs.twimg.com\/media\/B42idA0IgAEcGCz.jpg"}]},"in_reply_to_screen_name":null,"id_str":"544269749405097984","retweet_count":483,"in_reply_to_user_id":null,"favorited":false,"user":{"follow_request_sent":false,"profile_use_background_image":true,"profile_text_color":"000000","default_profile_image":false,"id":15250661,"profile_background_image_url_https":"https:\/\/pbs.twimg.com\/profile_background_images\/324056025\/twitter_background-news.jpg","verified":true,"profile_location":null,"profile_image_url_https":"https:\/\/pbs.twimg.com\/profile_images\/552230406930432000\/xBIGVtYz_normal.jpeg","profile_sidebar_fill_color":"EDEDED","entities":{"url":{"urls":[{"url":"http:\/\/t.co\/2imUDH2wDK","indices":[0,22],"expanded_url":"http:\/\/www.news.com.au","display_url":"news.com.au"}]},"description":{"urls":[]}},"followers_count":170463,"profile_sidebar_border_color":"FFFFFF","id_str":"15250661","profile_background_color":"FFFFFF","listed_count":2226,"is_translation_enabled":false,"utc_offset":39600,"statuses_count":104317,"description":"Australia's most popular news site. Bringing you the latest breaking news from Australia and around the world.","friends_count":4176,"location":"Australia","profile_link_color":"0A6395","profile_image_url":"http:\/\/pbs.twimg.com\/profile_images\/552230406930432000\/xBIGVtYz_normal.jpeg","following":false,"geo_enabled":true,"profile_banner_url":"https:\/\/pbs.twimg.com\/profile_banners\/15250661\/1416186197","profile_background_image_url":"http:\/\/pbs.twimg.com\/profile_background_images\/324056025\/twitter_background-news.jpg","name":"news.com.au","lang":"en","profile_background_tile":false,"favourites_count":858,"screen_name":"newscomauHQ","notifications":false,"url":"http:\/\/t.co\/2imUDH2wDK","created_at":"Fri Jun 27 02:03:07 +0000 2008","contributors_enabled":false,"time_zone":"Sydney","protected":false,"default_profile":false,"is_translator":false},"geo":null,"in_reply_to_user_id_str":null,"possibly_sensitive":false,"lang":"en","created_at":"Sun Dec 14 23:16:34 +0000 2014","in_reply_to_status_id_str":null,"place":null,"extended_entities":{"media":[{"expanded_url":"http:\/\/twitter.com\/newscomauHQ\/status\/544269749405097984\/photo\/1","display_url":"pic.twitter.com\/iTwradHTb3","url":"http:\/\/t.co\/iTwradHTb3","media_url_https":"https:\/\/pbs.twimg.com\/media\/B42idA0IgAEcGCz.jpg","id_str":"544269749300264961","sizes":{"large":{"h":541,"resize":"fit","w":814},"small":{"h":225,"resize":"fit","w":340},"medium":{"h":398,"resize":"fit","w":600},"thumb":{"h":150,"resize":"crop","w":150}},"indices":[103,125],"type":"photo","id":544269749300264961,"media_url":"http:\/\/pbs.twimg.com\/media\/B42idA0IgAEcGCz.jpg"}]}}