{"contributors":null,"truncated":false,"text":"A police operation is underway in Martin Place, Sydney's CBD. People are advised to avoid the area.","in_reply_to_status_id":null,"id":544266241511133186,"favorite_count":47,"source":"<a href=\"http:\/\/twitter.com\" rel=\"nofollow\">Twitter Web Client<\/a>","retweeted":false,"coordinates":null,"entities":{"symbols":[],"user_mentions":[],"hashtags":[],"urls":[]},"in_reply_to_screen_name":null,"id_str":"544266241511133186","retweet_count":248,"in_reply_to_user_id":null,"favorited":false,"user":{"follow_request_sent":false,"profile_use_background_image":true,"profile_text_color":"333333","default_profile_image":false,"id":23041630,"profile_background_image_url_https":"https:\/\/pbs.twimg.com\/profile_background_images\/861571673\/43de8d3823c7be6e0271612c5ebbef6f.jpeg","verified":true,"profile_location":null,"profile_image_url_https":"https:\/\/pbs.twimg.com\/profile_images\/543256331205894144\/ot8C_tqJ_normal.jpeg","profile_sidebar_fill_color":"DDFFCC","entities":{"url":{"urls":[{"url":"http:\/\/t.co\/XAX3VXLJDz","indices":[0,22],"expanded_url":"http:\/\/www.police.nsw.gov.au","display_url":"police.nsw.gov.au"}]},"description":{"urls":[]}},"followers_count":78981,"profile_sidebar_border_color":"FFFFFF","id_str":"23041630","profile_background_color":"9AE4E8","listed_count":1221,"is_translation_enabled":false,"utc_offset":39600,"statuses_count":27217,"description":"The Official Twitter account of the NSW Police Force. Please do not report crime here. For emergencies, contact 000 or 131 444 for non urgent matters.","friends_count":572,"location":"Sydney, Australia","profile_link_color":"0084B4","profile_image_url":"http:\/\/pbs.twimg.com\/profile_images\/543256331205894144\/ot8C_tqJ_normal.jpeg","following":false,"geo_enabled":false,"profile_banner_url":"https:\/\/pbs.twimg.com\/profile_banners\/23041630\/1418268357","profile_background_image_url":"http:\/\/pbs.twimg.com\/profile_background_images\/861571673\/43de8d3823c7be6e0271612c5ebbef6f.jpeg","name":"NSW Police","lang":"en","profile_background_tile":false,"favourites_count":217,"screen_name":"nswpolice","notifications":false,"url":"http:\/\/t.co\/XAX3VXLJDz","created_at":"Fri Mar 06 07:19:24 +0000 2009","contributors_enabled":false,"time_zone":"Sydney","protected":false,"default_profile":false,"is_translator":false},"geo":null,"in_reply_to_user_id_str":null,"lang":"en","created_at":"Sun Dec 14 23:02:38 +0000 2014","in_reply_to_status_id_str":null,"place":null}