{"contributors":null,"truncated":false,"text":"Breaking: Reports that the Sydney Opera House has now been evacuated due to findings of a suspicious package. More to come.","in_reply_to_status_id":null,"id":544281014768795649,"favorite_count":27,"source":"<a href=\"http:\/\/www.facebook.com\/twitter\" rel=\"nofollow\">Facebook<\/a>","retweeted":false,"coordinates":null,"entities":{"symbols":[],"user_mentions":[],"hashtags":[],"urls":[]},"in_reply_to_screen_name":null,"id_str":"544281014768795649","retweet_count":145,"in_reply_to_user_id":null,"favorited":false,"user":{"follow_request_sent":false,"profile_use_background_image":true,"profile_text_color":"333333","default_profile_image":false,"id":48626190,"profile_background_image_url_https":"https:\/\/pbs.twimg.com\/profile_background_images\/334836583\/twitter_background.png","verified":false,"profile_location":null,"profile_image_url_https":"https:\/\/pbs.twimg.com\/profile_images\/579233889723375616\/Cl1PIUC__normal.png","profile_sidebar_fill_color":"F3F3F3","entities":{"url":{"urls":[{"url":"http:\/\/t.co\/4fR51Bkpg4","indices":[0,22],"expanded_url":"http:\/\/facebook.com\/nswincidents","display_url":"facebook.com\/nswincidents"}]},"description":{"urls":[]}},"followers_count":16744,"profile_sidebar_border_color":"DFDFDF","id_str":"48626190","profile_background_color":"FFFFFF","listed_count":347,"is_translation_enabled":false,"utc_offset":39600,"statuses_count":5222,"description":"News, Updates and Multimedia from incidents happening throughout NSW. See or hear something happening Tweet us #nswia","friends_count":439,"location":"NSW, Australia","profile_link_color":"B31A1A","profile_image_url":"http:\/\/pbs.twimg.com\/profile_images\/579233889723375616\/Cl1PIUC__normal.png","following":false,"geo_enabled":true,"profile_banner_url":"https:\/\/pbs.twimg.com\/profile_banners\/48626190\/1361266512","profile_background_image_url":"http:\/\/pbs.twimg.com\/profile_background_images\/334836583\/twitter_background.png","name":"NSW Incident Alerts","lang":"en","profile_background_tile":false,"favourites_count":303,"screen_name":"nswincidents","notifications":false,"url":"http:\/\/t.co\/4fR51Bkpg4","created_at":"Fri Jun 19 05:56:39 +0000 2009","contributors_enabled":false,"time_zone":"Sydney","protected":false,"default_profile":false,"is_translator":false},"geo":null,"in_reply_to_user_id_str":null,"lang":"en","created_at":"Mon Dec 15 00:01:20 +0000 2014","in_reply_to_status_id_str":null,"place":null}