[{"contributors":null,"truncated":false,"text":"“@FoxNews: #Breaking: Hostage situation reportedly unfolding in #Sydney chocolate shop http://t.co/f8OpY50EjN”I'd kill someone for chocolate","in_reply_to_status_id":544285245600989184,"id":544285360529100800,"favorite_count":1,"source":"<a href=\"http://twitter.com/download/iphone\" rel=\"nofollow\">Twitter for iPhone</a>","retweeted":false,"coordinates":null,"entities":{"symbols":[],"user_mentions":[{"id":1367531,"indices":[1,9],"id_str":"1367531","screen_name":"FoxNews","name":"Fox News"}],"hashtags":[{"indices":[11,20],"text":"Breaking"},{"indices":[64,71],"text":"Sydney"}],"urls":[{"url":"http://t.co/f8OpY50EjN","indices":[87,109],"expanded_url":"http://fxn.ws/1xiQxGQ","display_url":"fxn.ws/1xiQxGQ"}]},"in_reply_to_screen_name":"FoxNews","id_str":"544285360529100800","retweet_count":0,"in_reply_to_user_id":1367531,"favorited":false,"user":{"follow_request_sent":false,"profile_use_background_image":true,"profile_text_color":"333333","default_profile_image":false,"id":334290988,"profile_background_image_url_https":"https://abs.twimg.com/images/themes/theme1/bg.png","verified":false,"profile_location":null,"profile_image_url_https":"https://pbs.twimg.com/profile_images/583805001061048321/CVWyqZwC_normal.jpg","profile_sidebar_fill_color":"DDEEF6","entities":{"description":{"urls":[]}},"followers_count":333,"profile_sidebar_border_color":"C0DEED","id_str":"334290988","profile_background_color":"C0DEED","listed_count":1,"is_translation_enabled":false,"utc_offset":null,"statuses_count":6055,"description":"Family, friends, sports - Albright football\n                    410BALTIMORE","friends_count":397,"location":"","profile_link_color":"0084B4","profile_image_url":"http://pbs.twimg.com/profile_images/583805001061048321/CVWyqZwC_normal.jpg","following":false,"geo_enabled":true,"profile_banner_url":"https://pbs.twimg.com/profile_banners/334290988/1415626662","profile_background_image_url":"http://abs.twimg.com/images/themes/theme1/bg.png","name":"DonnyG","lang":"en","profile_background_tile":false,"favourites_count":2735,"screen_name":"DonnyG93","notifications":false,"url":null,"created_at":"Tue Jul 12 21:29:46 +0000 2011","contributors_enabled":false,"time_zone":null,"protected":false,"default_profile":true,"is_translator":false},"geo":null,"in_reply_to_user_id_str":"1367531","possibly_sensitive":false,"lang":"en","created_at":"Mon Dec 15 00:18:36 +0000 2014","in_reply_to_status_id_str":"544285245600989184","place":null},
{"contributors":null,"truncated":false,"text":"@FoxNews you are catching on","in_reply_to_status_id":544285245600989184,"id":544285374475153408,"favorite_count":2,"source":"<a href=\"http://twitter.com/download/iphone\" rel=\"nofollow\">Twitter for iPhone</a>","retweeted":false,"coordinates":null,"entities":{"symbols":[],"user_mentions":[{"id":1367531,"indices":[0,8],"id_str":"1367531","screen_name":"FoxNews","name":"Fox News"}],"hashtags":[],"urls":[]},"in_reply_to_screen_name":"FoxNews","id_str":"544285374475153408","retweet_count":1,"in_reply_to_user_id":1367531,"favorited":false,"user":{"follow_request_sent":false,"profile_use_background_image":true,"profile_text_color":"3C3940","default_profile_image":false,"id":19750998,"profile_background_image_url_https":"https://abs.twimg.com/images/themes/theme4/bg.gif","verified":false,"profile_location":null,"profile_image_url_https":"https://pbs.twimg.com/profile_images/589042331967361025/zTsF-K7f_normal.jpg","profile_sidebar_fill_color":"95E8EC","entities":{"description":{"urls":[]}},"followers_count":2943,"profile_sidebar_border_color":"5ED4DC","id_str":"19750998","profile_background_color":"0099B9","listed_count":71,"is_translation_enabled":false,"utc_offset":-28800,"statuses_count":15089,"description":"Conservative gal, left the land of liberals, now a Texan! God Bless Texas","friends_count":1635,"location":"Austin, TX ","profile_link_color":"0099B9","profile_image_url":"http://pbs.twimg.com/profile_images/589042331967361025/zTsF-K7f_normal.jpg","following":false,"geo_enabled":false,"profile_banner_url":"https://pbs.twimg.com/profile_banners/19750998/1356886361","profile_background_image_url":"http://abs.twimg.com/images/themes/theme4/bg.gif","name":"Reaganette","lang":"en","profile_background_tile":false,"favourites_count":2774,"screen_name":"Ezinger44","notifications":false,"url":null,"created_at":"Fri Jan 30 03:01:45 +0000 2009","contributors_enabled":false,"time_zone":"Pacific Time (US & Canada)","protected":false,"default_profile":false,"is_translator":false},"geo":null,"in_reply_to_user_id_str":"1367531","lang":"en","created_at":"Mon Dec 15 00:18:40 +0000 2014","in_reply_to_status_id_str":"544285245600989184","place":null},
{"contributors":null,"truncated":false,"text":"@FoxNews  BREAKING: The Sydney Opera House is reportedly in danger. Staff are currently in lockdown, suspicious package.","in_reply_to_status_id":544285245600989184,"id":544285428766244864,"favorite_count":1,"source":"<a href=\"http://twitter.com/download/android\" rel=\"nofollow\">Twitter for Android</a>","retweeted":false,"coordinates":null,"entities":{"symbols":[],"user_mentions":[{"id":1367531,"indices":[0,8],"id_str":"1367531","screen_name":"FoxNews","name":"Fox News"}],"hashtags":[],"urls":[]},"in_reply_to_screen_name":"FoxNews","id_str":"544285428766244864","retweet_count":0,"in_reply_to_user_id":1367531,"favorited":false,"user":{"follow_request_sent":false,"profile_use_background_image":true,"profile_text_color":"333333","default_profile_image":false,"id":232215648,"profile_background_image_url_https":"https://abs.twimg.com/images/themes/theme1/bg.png","verified":false,"profile_location":null,"profile_image_url_https":"https://pbs.twimg.com/profile_images/2715254223/eda0dcf7db692cfdb13cafdcfce01cd4_normal.jpeg","profile_sidebar_fill_color":"DDEEF6","entities":{"description":{"urls":[]}},"followers_count":127,"profile_sidebar_border_color":"C0DEED","id_str":"232215648","profile_background_color":"C0DEED","listed_count":2,"is_translation_enabled":false,"utc_offset":null,"statuses_count":9384,"description":"Love politics love life and love sports","friends_count":360,"location":"NYC ","profile_link_color":"0084B4","profile_image_url":"http://pbs.twimg.com/profile_images/2715254223/eda0dcf7db692cfdb13cafdcfce01cd4_normal.jpeg","following":false,"geo_enabled":false,"profile_background_image_url":"http://abs.twimg.com/images/themes/theme1/bg.png","name":"chaimNYC","lang":"en","profile_background_tile":false,"favourites_count":30,"screen_name":"chaim7785","notifications":false,"url":null,"created_at":"Thu Dec 30 15:09:02 +0000 2010","contributors_enabled":false,"time_zone":null,"protected":false,"default_profile":true,"is_translator":false},"geo":null,"in_reply_to_user_id_str":"1367531","lang":"en","created_at":"Mon Dec 15 00:18:53 +0000 2014","in_reply_to_status_id_str":"544285245600989184","place":null},
{"contributors":null,"truncated":false,"text":"@FoxNews but 50,000 marchers in our nation's largest &amp; most influential city wasn't worth covering...","in_reply_to_status_id":544285245600989184,"id":544285908749787136,"favorite_count":1,"source":"<a href=\"http://twitter.com/download/iphone\" rel=\"nofollow\">Twitter for iPhone</a>","retweeted":false,"coordinates":null,"entities":{"symbols":[],"user_mentions":[{"id":1367531,"indices":[0,8],"id_str":"1367531","screen_name":"FoxNews","name":"Fox News"}],"hashtags":[],"urls":[]},"in_reply_to_screen_name":"FoxNews","id_str":"544285908749787136","retweet_count":1,"in_reply_to_user_id":1367531,"favorited":false,"user":{"follow_request_sent":false,"profile_use_background_image":true,"profile_text_color":"333333","default_profile_image":false,"id":1007239393,"profile_background_image_url_https":"https://abs.twimg.com/images/themes/theme1/bg.png","verified":false,"profile_location":null,"profile_image_url_https":"https://pbs.twimg.com/profile_images/588750045844897792/bapHgke2_normal.jpg","profile_sidebar_fill_color":"DDEEF6","entities":{"url":{"urls":[{"url":"http://t.co/79Q1dgnfzv","indices":[0,22],"expanded_url":"http://henryandjuneatl.com","display_url":"henryandjuneatl.com"}]},"description":{"urls":[]}},"followers_count":437,"profile_sidebar_border_color":"C0DEED","id_str":"1007239393","profile_background_color":"C0DEED","listed_count":10,"is_translation_enabled":false,"utc_offset":-18000,"statuses_count":4264,"description":"Writer. Owner @henryjuneatl. Anti-Imperialist. Palestine Solidarity. Harm Reduction. Radical Politik. Sex-positive. Dad to 3 beauties. Lover to @foxfaceatl.","friends_count":898,"location":"GA","profile_link_color":"0084B4","profile_image_url":"http://pbs.twimg.com/profile_images/588750045844897792/bapHgke2_normal.jpg","following":false,"geo_enabled":false,"profile_banner_url":"https://pbs.twimg.com/profile_banners/1007239393/1418081499","profile_background_image_url":"http://abs.twimg.com/images/themes/theme1/bg.png","name":"Jim Chambers","lang":"en","profile_background_tile":false,"favourites_count":4298,"screen_name":"jccfergie","notifications":false,"url":"http://t.co/79Q1dgnfzv","created_at":"Wed Dec 12 20:23:20 +0000 2012","contributors_enabled":false,"time_zone":"Eastern Time (US & Canada)","protected":false,"default_profile":true,"is_translator":false},"geo":null,"in_reply_to_user_id_str":"1367531","lang":"en","created_at":"Mon Dec 15 00:20:47 +0000 2014","in_reply_to_status_id_str":"544285245600989184","place":null},
{"contributors":null,"truncated":false,"text":"“@FoxNews: #Breaking: Hostage situation reportedly unfolding in #Sydney chocolate shop http://t.co/uhbRY0gRSP”@HenryVotesUKIP","in_reply_to_status_id":544285245600989184,"id":544285962449465345,"favorite_count":0,"source":"<a href=\"http://twitter.com/download/iphone\" rel=\"nofollow\">Twitter for iPhone</a>","retweeted":false,"coordinates":null,"entities":{"symbols":[],"user_mentions":[{"id":1367531,"indices":[1,9],"id_str":"1367531","screen_name":"FoxNews","name":"Fox News"},{"id":2904599122,"indices":[110,125],"id_str":"2904599122","screen_name":"HenryVotesUKIP","name":"♔Henry of Lancaster†"}],"hashtags":[{"indices":[11,20],"text":"Breaking"},{"indices":[64,71],"text":"Sydney"}],"urls":[{"url":"http://t.co/uhbRY0gRSP","indices":[87,109],"expanded_url":"http://fxn.ws/1xiQxGQ","display_url":"fxn.ws/1xiQxGQ"}]},"in_reply_to_screen_name":"FoxNews","id_str":"544285962449465345","retweet_count":0,"in_reply_to_user_id":1367531,"favorited":false,"user":{"follow_request_sent":false,"profile_use_background_image":true,"profile_text_color":"480B5F","default_profile_image":false,"id":166263516,"profile_background_image_url_https":"https://pbs.twimg.com/profile_background_images/593503991/pu471op0e9viuhycjifp.jpeg","verified":false,"profile_location":null,"profile_image_url_https":"https://pbs.twimg.com/profile_images/588883172642967552/rFFfyTHk_normal.jpg","profile_sidebar_fill_color":"E46311","entities":{"url":{"urls":[{"url":"http://t.co/RWhPl6i09j","indices":[0,22],"expanded_url":"http://twoshotsfabulous.tumblr.com/","display_url":"twoshotsfabulous.tumblr.com"}]},"description":{"urls":[]}},"followers_count":289,"profile_sidebar_border_color":"C3A807","id_str":"166263516","profile_background_color":"23192D","listed_count":3,"is_translation_enabled":false,"utc_offset":null,"statuses_count":4204,"description":"Christian and Daughter of the KING. Conservative. @ClemsonUniv Alumna. @LibertyLaw 1L. Bluegrass Singer. ΜΟΛΩΝ ΛΑΒΕ. Proud South Carolinian.","friends_count":575,"location":"Clemson, South Carolina, USA","profile_link_color":"AD0717","profile_image_url":"http://pbs.twimg.com/profile_images/588883172642967552/rFFfyTHk_normal.jpg","following":false,"geo_enabled":true,"profile_banner_url":"https://pbs.twimg.com/profile_banners/166263516/1377314001","profile_background_image_url":"http://pbs.twimg.com/profile_background_images/593503991/pu471op0e9viuhycjifp.jpeg","name":"Lauren Brown †♔ن","lang":"en","profile_background_tile":true,"favourites_count":1080,"screen_name":"laurenskywalker","notifications":false,"url":"http://t.co/RWhPl6i09j","created_at":"Tue Jul 13 18:48:32 +0000 2010","contributors_enabled":false,"time_zone":null,"protected":false,"default_profile":false,"is_translator":false},"geo":null,"in_reply_to_user_id_str":"1367531","possibly_sensitive":false,"lang":"en","created_at":"Mon Dec 15 00:21:00 +0000 2014","in_reply_to_status_id_str":"544285245600989184","place":null},
{"contributors":null,"truncated":false,"text":"@FoxNews ummm, it's still going on, not past tense.","in_reply_to_status_id":544285245600989184,"id":544286400599052288,"favorite_count":1,"source":"<a href=\"http://twitter.com\" rel=\"nofollow\">Twitter Web Client</a>","retweeted":false,"coordinates":null,"entities":{"symbols":[],"user_mentions":[{"id":1367531,"indices":[0,8],"id_str":"1367531","screen_name":"FoxNews","name":"Fox News"}],"hashtags":[],"urls":[]},"in_reply_to_screen_name":"FoxNews","id_str":"544286400599052288","retweet_count":1,"in_reply_to_user_id":1367531,"favorited":false,"user":{"follow_request_sent":false,"profile_use_background_image":true,"profile_text_color":"333333","default_profile_image":false,"id":2552698171,"profile_background_image_url_https":"https://abs.twimg.com/images/themes/theme1/bg.png","verified":false,"profile_location":null,"profile_image_url_https":"https://pbs.twimg.com/profile_images/490506969791221760/N1bMfNgD_normal.jpeg","profile_sidebar_fill_color":"DDEEF6","entities":{"description":{"urls":[]}},"followers_count":1967,"profile_sidebar_border_color":"C0DEED","id_str":"2552698171","profile_background_color":"C0DEED","listed_count":20,"is_translation_enabled":false,"utc_offset":null,"statuses_count":23840,"description":"Animals,art,science,environ.,sociology-reposts do NOT always endorse, no partyline,not a business,not extremist but read all points of view.","friends_count":1938,"location":"warning- a few graphic photos","profile_link_color":"4A913C","profile_image_url":"http://pbs.twimg.com/profile_images/490506969791221760/N1bMfNgD_normal.jpeg","following":false,"geo_enabled":false,"profile_banner_url":"https://pbs.twimg.com/profile_banners/2552698171/1416244894","profile_background_image_url":"http://abs.twimg.com/images/themes/theme1/bg.png","name":"XiXi Davey","lang":"en","profile_background_tile":false,"favourites_count":16380,"screen_name":"xhertx","notifications":false,"url":null,"created_at":"Sat Jun 07 14:12:39 +0000 2014","contributors_enabled":false,"time_zone":null,"protected":false,"default_profile":false,"is_translator":false},"geo":null,"in_reply_to_user_id_str":"1367531","lang":"en","created_at":"Mon Dec 15 00:22:44 +0000 2014","in_reply_to_status_id_str":"544285245600989184","place":null},
{"contributors":null,"truncated":false,"text":"@FoxNews @jkatrina90 *WINDED FAT MANS VOICE...* I want a rascal out front in the next thirty minuts... FULLY CHARGED!  and some insulin","in_reply_to_status_id":544285245600989184,"id":544286926686007296,"favorite_count":2,"source":"<a href=\"http://twitter.com\" rel=\"nofollow\">Twitter Web Client</a>","retweeted":false,"coordinates":null,"entities":{"symbols":[],"user_mentions":[{"id":1367531,"indices":[0,8],"id_str":"1367531","screen_name":"FoxNews","name":"Fox News"},{"id":478137343,"indices":[9,20],"id_str":"478137343","screen_name":"jkatrina90","name":"Katrina M."}],"hashtags":[],"urls":[]},"in_reply_to_screen_name":"FoxNews","id_str":"544286926686007296","retweet_count":0,"in_reply_to_user_id":1367531,"favorited":false,"user":{"follow_request_sent":false,"profile_use_background_image":true,"profile_text_color":"333333","default_profile_image":false,"id":1776800904,"profile_background_image_url_https":"https://pbs.twimg.com/profile_background_images/378800000076748300/77474bdfd8762e3dbf9e8d4e2c829b21.jpeg","verified":false,"profile_location":null,"profile_image_url_https":"https://pbs.twimg.com/profile_images/579109620603445248/fgK3Cjtm_normal.jpg","profile_sidebar_fill_color":"DDEEF6","entities":{"description":{"urls":[]}},"followers_count":48,"profile_sidebar_border_color":"FFFFFF","id_str":"1776800904","profile_background_color":"C0DEED","listed_count":0,"is_translation_enabled":false,"utc_offset":null,"statuses_count":4230,"description":"","friends_count":103,"location":"","profile_link_color":"0084B4","profile_image_url":"http://pbs.twimg.com/profile_images/579109620603445248/fgK3Cjtm_normal.jpg","following":false,"geo_enabled":true,"profile_banner_url":"https://pbs.twimg.com/profile_banners/1776800904/1412897961","profile_background_image_url":"http://pbs.twimg.com/profile_background_images/378800000076748300/77474bdfd8762e3dbf9e8d4e2c829b21.jpeg","name":"taz","lang":"en","profile_background_tile":false,"favourites_count":1197,"screen_name":"P0Pholdinitdown","notifications":false,"url":null,"created_at":"Sat Sep 07 21:16:26 +0000 2013","contributors_enabled":false,"time_zone":null,"protected":false,"default_profile":false,"is_translator":false},"geo":null,"in_reply_to_user_id_str":"1367531","lang":"en","created_at":"Mon Dec 15 00:24:50 +0000 2014","in_reply_to_status_id_str":"544285245600989184","place":null},
{"contributors":null,"truncated":false,"text":"@FoxNews The writing is the Shahada, also seen on Saudi Arabian flag, which states \"There's no God but Allah, and Muhammad is his messenger\"","in_reply_to_status_id":544285245600989184,"id":544286941429002240,"favorite_count":0,"source":"<a href=\"http://twitter.com\" rel=\"nofollow\">Twitter Web Client</a>","retweeted":false,"coordinates":null,"entities":{"symbols":[],"user_mentions":[{"id":1367531,"indices":[0,8],"id_str":"1367531","screen_name":"FoxNews","name":"Fox News"}],"hashtags":[],"urls":[]},"in_reply_to_screen_name":"FoxNews","id_str":"544286941429002240","retweet_count":0,"in_reply_to_user_id":1367531,"favorited":false,"user":{"follow_request_sent":false,"profile_use_background_image":true,"profile_text_color":"333333","default_profile_image":false,"id":746919546,"profile_background_image_url_https":"https://abs.twimg.com/images/themes/theme1/bg.png","verified":false,"profile_location":null,"profile_image_url_https":"https://pbs.twimg.com/profile_images/2484927013/untitled_normal.JPG","profile_sidebar_fill_color":"DDEEF6","entities":{"description":{"urls":[]}},"followers_count":19,"profile_sidebar_border_color":"C0DEED","id_str":"746919546","profile_background_color":"C0DEED","listed_count":0,"is_translation_enabled":false,"utc_offset":19800,"statuses_count":775,"description":"Another Day, Another Me.","friends_count":72,"location":"","profile_link_color":"0084B4","profile_image_url":"http://pbs.twimg.com/profile_images/2484927013/untitled_normal.JPG","following":false,"geo_enabled":false,"profile_background_image_url":"http://abs.twimg.com/images/themes/theme1/bg.png","name":"Patrick","lang":"en","profile_background_tile":false,"favourites_count":257,"screen_name":"C95Pat","notifications":false,"url":null,"created_at":"Thu Aug 09 09:36:15 +0000 2012","contributors_enabled":false,"time_zone":"Chennai","protected":false,"default_profile":true,"is_translator":false},"geo":null,"in_reply_to_user_id_str":"1367531","lang":"en","created_at":"Mon Dec 15 00:24:53 +0000 2014","in_reply_to_status_id_str":"544285245600989184","place":null},
{"contributors":null,"truncated":false,"text":"@jccfergie @FoxNews this could potentially be a massacre. There are more countries then just america.","in_reply_to_status_id":544285908749787136,"id":544287041630916608,"favorite_count":1,"source":"<a href=\"http://twitter.com\" rel=\"nofollow\">Twitter Web Client</a>","retweeted":false,"coordinates":null,"entities":{"symbols":[],"user_mentions":[{"id":1007239393,"indices":[0,10],"id_str":"1007239393","screen_name":"jccfergie","name":"Jim Chambers"},{"id":1367531,"indices":[11,19],"id_str":"1367531","screen_name":"FoxNews","name":"Fox News"}],"hashtags":[],"urls":[]},"in_reply_to_screen_name":"jccfergie","id_str":"544287041630916608","retweet_count":0,"in_reply_to_user_id":1007239393,"favorited":false,"user":{"follow_request_sent":false,"profile_use_background_image":true,"profile_text_color":"333333","default_profile_image":false,"id":2484962204,"profile_background_image_url_https":"https://pbs.twimg.com/profile_background_images/489690106114998273/KSjsgcbu.jpeg","verified":false,"profile_location":null,"profile_image_url_https":"https://pbs.twimg.com/profile_images/512921300080152576/JWKBNyuD_normal.jpeg","profile_sidebar_fill_color":"DDEEF6","entities":{"description":{"urls":[]}},"followers_count":14,"profile_sidebar_border_color":"FFFFFF","id_str":"2484962204","profile_background_color":"DBE9ED","listed_count":1,"is_translation_enabled":false,"utc_offset":null,"statuses_count":53,"description":"Too young to have a bio.","friends_count":73,"location":"Melbourne, Australia ","profile_link_color":"C71E1E","profile_image_url":"http://pbs.twimg.com/profile_images/512921300080152576/JWKBNyuD_normal.jpeg","following":false,"geo_enabled":false,"profile_banner_url":"https://pbs.twimg.com/profile_banners/2484962204/1411124946","profile_background_image_url":"http://pbs.twimg.com/profile_background_images/489690106114998273/KSjsgcbu.jpeg","name":"Ben","lang":"en","profile_background_tile":false,"favourites_count":38,"screen_name":"w84u2cy","notifications":false,"url":null,"created_at":"Fri May 09 07:05:59 +0000 2014","contributors_enabled":false,"time_zone":null,"protected":false,"default_profile":false,"is_translator":false},"geo":null,"in_reply_to_user_id_str":"1007239393","lang":"en","created_at":"Mon Dec 15 00:25:17 +0000 2014","in_reply_to_status_id_str":"544285908749787136","place":null},
{"contributors":null,"truncated":false,"text":"@FoxNews So the Jr. Varsity has gone pro. Obama is responsible for this!","in_reply_to_status_id":544285245600989184,"id":544287085491138560,"favorite_count":3,"source":"<a href=\"http://twitter.com\" rel=\"nofollow\">Twitter Web Client</a>","retweeted":false,"coordinates":null,"entities":{"symbols":[],"user_mentions":[{"id":1367531,"indices":[0,8],"id_str":"1367531","screen_name":"FoxNews","name":"Fox News"}],"hashtags":[],"urls":[]},"in_reply_to_screen_name":"FoxNews","id_str":"544287085491138560","retweet_count":2,"in_reply_to_user_id":1367531,"favorited":false,"user":{"follow_request_sent":false,"profile_use_background_image":true,"profile_text_color":"333333","default_profile_image":false,"id":135376922,"profile_background_image_url_https":"https://pbs.twimg.com/profile_background_images/162458302/2010-10-16_23-31-05_72.129.92.115.jpg","verified":false,"profile_location":null,"profile_image_url_https":"https://pbs.twimg.com/profile_images/2714583242/97d401d536a571fc970bce863396684c_normal.jpeg","profile_sidebar_fill_color":"DDFFCD","entities":{"url":{"urls":[{"url":"http://t.co/XFqAlWheHo","indices":[0,22],"expanded_url":"http://www.4mostcoach.com","display_url":"4mostcoach.com"}]},"description":{"urls":[]}},"followers_count":680,"profile_sidebar_border_color":"FFFFFF","id_str":"135376922","profile_background_color":"000000","listed_count":7,"is_translation_enabled":false,"utc_offset":-28800,"statuses_count":2789,"description":"Specializing in private transportation\nOld-fashioned, personalized customer service!\n$85 LAX to Disneyland  \ndispatch@4mostcoach.com Conservative Small Business","friends_count":1993,"location":"Anaheim, Disneyland, CA","profile_link_color":"FF0000","profile_image_url":"http://pbs.twimg.com/profile_images/2714583242/97d401d536a571fc970bce863396684c_normal.jpeg","following":false,"geo_enabled":true,"profile_banner_url":"https://pbs.twimg.com/profile_banners/135376922/1354998102","profile_background_image_url":"http://pbs.twimg.com/profile_background_images/162458302/2010-10-16_23-31-05_72.129.92.115.jpg","name":"4Most Coach Shuttle","lang":"en","profile_background_tile":false,"favourites_count":331,"screen_name":"4mostcoach","notifications":false,"url":"http://t.co/XFqAlWheHo","created_at":"Wed Apr 21 04:00:54 +0000 2010","contributors_enabled":false,"time_zone":"Pacific Time (US & Canada)","protected":false,"default_profile":false,"is_translator":false},"geo":null,"in_reply_to_user_id_str":"1367531","lang":"en","created_at":"Mon Dec 15 00:25:28 +0000 2014","in_reply_to_status_id_str":"544285245600989184","place":null},
{"contributors":null,"truncated":false,"text":".@FoxNews My guess is customers have been known to clean their hands there with alcohol handi-wipes after sampling chocolate covered bacon.","in_reply_to_status_id":544285245600989184,"id":544287093816430592,"favorite_count":0,"source":"<a href=\"http://twitter.com\" rel=\"nofollow\">Twitter Web Client</a>","retweeted":false,"coordinates":null,"entities":{"symbols":[],"user_mentions":[{"id":1367531,"indices":[1,9],"id_str":"1367531","screen_name":"FoxNews","name":"Fox News"}],"hashtags":[],"urls":[]},"in_reply_to_screen_name":"FoxNews","id_str":"544287093816430592","retweet_count":0,"in_reply_to_user_id":1367531,"favorited":false,"user":{"follow_request_sent":false,"profile_use_background_image":true,"profile_text_color":"333333","default_profile_image":false,"id":1482440491,"profile_background_image_url_https":"https://abs.twimg.com/images/themes/theme1/bg.png","verified":false,"profile_location":null,"profile_image_url_https":"https://pbs.twimg.com/profile_images/582126443041165312/ksp9mjHO_normal.jpg","profile_sidebar_fill_color":"DDEEF6","entities":{"description":{"urls":[]}},"followers_count":404,"profile_sidebar_border_color":"C0DEED","id_str":"1482440491","profile_background_color":"C0DEED","listed_count":6,"is_translation_enabled":false,"utc_offset":-28800,"statuses_count":13536,"description":"My first twenty years, Illinois. My last thirty-five years, California. Aside my somewhat Ominous appearance, No Drugs, No Alcohol & Well, little to No Religion","friends_count":579,"location":"Fullerton, California","profile_link_color":"0084B4","profile_image_url":"http://pbs.twimg.com/profile_images/582126443041165312/ksp9mjHO_normal.jpg","following":false,"geo_enabled":false,"profile_banner_url":"https://pbs.twimg.com/profile_banners/1482440491/1407489794","profile_background_image_url":"http://abs.twimg.com/images/themes/theme1/bg.png","name":"Brad Anderson","lang":"en","profile_background_tile":false,"favourites_count":174,"screen_name":"007darB","notifications":false,"url":null,"created_at":"Tue Jun 04 14:29:03 +0000 2013","contributors_enabled":false,"time_zone":"Pacific Time (US & Canada)","protected":false,"default_profile":true,"is_translator":false},"geo":null,"in_reply_to_user_id_str":"1367531","lang":"en","created_at":"Mon Dec 15 00:25:30 +0000 2014","in_reply_to_status_id_str":"544285245600989184","place":null},
{"contributors":null,"truncated":false,"text":"“@FoxNews: #Breaking: Hostage situation reportedly unfolding in #Sydney chocolate shop http://t.co/i0nkeJURQs” @DRUDGE_REPORT","in_reply_to_status_id":544285245600989184,"id":544288006115700737,"favorite_count":0,"source":"<a href=\"http://twitter.com/download/iphone\" rel=\"nofollow\">Twitter for iPhone</a>","retweeted":false,"coordinates":null,"entities":{"symbols":[],"user_mentions":[{"id":1367531,"indices":[1,9],"id_str":"1367531","screen_name":"FoxNews","name":"Fox News"},{"id":14669951,"indices":[111,125],"id_str":"14669951","screen_name":"DRUDGE_REPORT","name":"DRUDGE REPORT"}],"hashtags":[{"indices":[11,20],"text":"Breaking"},{"indices":[64,71],"text":"Sydney"}],"urls":[{"url":"http://t.co/i0nkeJURQs","indices":[87,109],"expanded_url":"http://fxn.ws/1xiQxGQ","display_url":"fxn.ws/1xiQxGQ"}]},"in_reply_to_screen_name":"FoxNews","id_str":"544288006115700737","retweet_count":0,"in_reply_to_user_id":1367531,"favorited":false,"user":{"follow_request_sent":false,"profile_use_background_image":true,"profile_text_color":"333333","default_profile_image":false,"id":738723848,"profile_background_image_url_https":"https://pbs.twimg.com/profile_background_images/819449182/9a90cd256cead947fe87a7c7990329cc.jpeg","verified":false,"profile_location":null,"profile_image_url_https":"https://pbs.twimg.com/profile_images/550104395501682688/-sdTZOCi_normal.jpeg","profile_sidebar_fill_color":"DDEEF6","entities":{"url":{"urls":[{"url":"http://t.co/2z9fZn4Nii","indices":[0,22],"expanded_url":"http://facebook.com/williamsroom","display_url":"facebook.com/williamsroom"}]},"description":{"urls":[]}},"followers_count":217,"profile_sidebar_border_color":"FFFFFF","id_str":"738723848","profile_background_color":"396AD4","listed_count":5,"is_translation_enabled":false,"utc_offset":-14400,"statuses_count":6451,"description":"The New Media; News, Sports, and Technology. #williamsroom Faith Looks Forward.","friends_count":175,"location":"ÜT: 35.7806°, 78.6389° ","profile_link_color":"1D2A7A","profile_image_url":"http://pbs.twimg.com/profile_images/550104395501682688/-sdTZOCi_normal.jpeg","following":false,"geo_enabled":false,"profile_banner_url":"https://pbs.twimg.com/profile_banners/738723848/1411954238","profile_background_image_url":"http://pbs.twimg.com/profile_background_images/819449182/9a90cd256cead947fe87a7c7990329cc.jpeg","name":"WilliamsRoom","lang":"en","profile_background_tile":false,"favourites_count":3082,"screen_name":"williamsroom","notifications":false,"url":"http://t.co/2z9fZn4Nii","created_at":"Sun Aug 05 15:02:57 +0000 2012","contributors_enabled":false,"time_zone":"Atlantic Time (Canada)","protected":false,"default_profile":false,"is_translator":false},"geo":null,"in_reply_to_user_id_str":"1367531","possibly_sensitive":false,"lang":"en","created_at":"Mon Dec 15 00:29:07 +0000 2014","in_reply_to_status_id_str":"544285245600989184","place":null},
{"contributors":null,"truncated":false,"text":"RT: @FoxNews: #Breaking: Hostage situation reportedly unfolding in #Sydney chocolate shop http://t.co/3pCnK60OWV”","in_reply_to_status_id":544285245600989184,"id":544288317211414528,"favorite_count":0,"source":"<a href=\"http://twitter.com/#!/download/ipad\" rel=\"nofollow\">Twitter for iPad</a>","retweeted":false,"coordinates":null,"entities":{"symbols":[],"user_mentions":[{"id":1367531,"indices":[4,12],"id_str":"1367531","screen_name":"FoxNews","name":"Fox News"}],"hashtags":[{"indices":[14,23],"text":"Breaking"},{"indices":[67,74],"text":"Sydney"}],"urls":[{"url":"http://t.co/3pCnK60OWV","indices":[90,112],"expanded_url":"http://fxn.ws/1xiQxGQ","display_url":"fxn.ws/1xiQxGQ"}]},"in_reply_to_screen_name":"FoxNews","id_str":"544288317211414528","retweet_count":0,"in_reply_to_user_id":1367531,"favorited":false,"user":{"follow_request_sent":false,"profile_use_background_image":true,"profile_text_color":"333333","default_profile_image":false,"id":273025101,"profile_background_image_url_https":"https://abs.twimg.com/images/themes/theme16/bg.gif","verified":false,"profile_location":null,"profile_image_url_https":"https://pbs.twimg.com/profile_images/578725028046462976/TJ0lqg-9_normal.jpeg","profile_sidebar_fill_color":"DDFFCC","entities":{"url":{"urls":[{"url":"http://t.co/7TNwkvtp1t","indices":[0,22],"expanded_url":"http://www.ramzanchandio.blogspot.com","display_url":"ramzanchandio.blogspot.com"}]},"description":{"urls":[]}},"followers_count":622,"profile_sidebar_border_color":"BDDCAD","id_str":"273025101","profile_background_color":"9AE4E8","listed_count":8,"is_translation_enabled":false,"utc_offset":-28800,"statuses_count":3419,"description":"Journalist from Karachi, Sindh, Pakistan","friends_count":326,"location":"Lives in NewYork, USA","profile_link_color":"0084B4","profile_image_url":"http://pbs.twimg.com/profile_images/578725028046462976/TJ0lqg-9_normal.jpeg","following":false,"geo_enabled":true,"profile_banner_url":"https://pbs.twimg.com/profile_banners/273025101/1396198790","profile_background_image_url":"http://abs.twimg.com/images/themes/theme16/bg.gif","name":"Ramzan Chandio","lang":"en","profile_background_tile":false,"favourites_count":273,"screen_name":"ramzanchandioj","notifications":false,"url":"http://t.co/7TNwkvtp1t","created_at":"Sun Mar 27 17:31:34 +0000 2011","contributors_enabled":false,"time_zone":"Pacific Time (US & Canada)","protected":false,"default_profile":false,"is_translator":false},"geo":null,"in_reply_to_user_id_str":"1367531","possibly_sensitive":false,"lang":"en","created_at":"Mon Dec 15 00:30:21 +0000 2014","in_reply_to_status_id_str":"544285245600989184","place":null},
{"contributors":null,"truncated":false,"text":"@FoxNews @RT_com _Looks like a copycat from movie THE SIEGE-1998. Terrorists on bus made all put hands on bus windows.","in_reply_to_status_id":544285245600989184,"id":544289739579596800,"favorite_count":0,"source":"<a href=\"http://twitter.com/download/android\" rel=\"nofollow\">Twitter for Android</a>","retweeted":false,"coordinates":null,"entities":{"symbols":[],"user_mentions":[{"id":1367531,"indices":[0,8],"id_str":"1367531","screen_name":"FoxNews","name":"Fox News"},{"id":64643056,"indices":[9,16],"id_str":"64643056","screen_name":"RT_com","name":"RT"}],"hashtags":[],"urls":[]},"in_reply_to_screen_name":"FoxNews","id_str":"544289739579596800","retweet_count":0,"in_reply_to_user_id":1367531,"favorited":false,"user":{"follow_request_sent":false,"profile_use_background_image":true,"profile_text_color":"333333","default_profile_image":false,"id":2187582525,"profile_background_image_url_https":"https://abs.twimg.com/images/themes/theme1/bg.png","verified":false,"profile_location":null,"profile_image_url_https":"https://pbs.twimg.com/profile_images/446786753819869184/zNRE3m0z_normal.jpeg","profile_sidebar_fill_color":"DDEEF6","entities":{"description":{"urls":[]}},"followers_count":463,"profile_sidebar_border_color":"C0DEED","id_str":"2187582525","profile_background_color":"C0DEED","listed_count":7,"is_translation_enabled":false,"utc_offset":null,"statuses_count":4311,"description":"Believer, Patriot, Married to Cmbat Vet(SF-Airbrn-Rngr)/World Traveler. If you're a conspiracy nut or want to sell me something,  I'm blocking you.","friends_count":502,"location":"Everywhere, Protecting America","profile_link_color":"0084B4","profile_image_url":"http://pbs.twimg.com/profile_images/446786753819869184/zNRE3m0z_normal.jpeg","following":false,"geo_enabled":false,"profile_banner_url":"https://pbs.twimg.com/profile_banners/2187582525/1411421622","profile_background_image_url":"http://abs.twimg.com/images/themes/theme1/bg.png","name":"RisingCelt","lang":"en","profile_background_tile":false,"favourites_count":2345,"screen_name":"RisingCelt","notifications":false,"url":null,"created_at":"Tue Nov 19 16:22:12 +0000 2013","contributors_enabled":false,"time_zone":null,"protected":false,"default_profile":true,"is_translator":false},"geo":null,"in_reply_to_user_id_str":"1367531","lang":"en","created_at":"Mon Dec 15 00:36:00 +0000 2014","in_reply_to_status_id_str":"544285245600989184","place":null},
{"contributors":null,"truncated":false,"text":"Prayers for those in #Sydney RT @FoxNews: #Breaking: Hostage situation reportedly unfolding in #Sydney, Australia  http://t.co/FMqgAsYDpX","in_reply_to_status_id":544285245600989184,"id":544289986766733312,"favorite_count":21,"source":"<a href=\"http://twitter.com/download/iphone\" rel=\"nofollow\">Twitter for iPhone</a>","retweeted":false,"coordinates":null,"entities":{"symbols":[],"user_mentions":[{"id":1367531,"indices":[32,40],"id_str":"1367531","screen_name":"FoxNews","name":"Fox News"}],"hashtags":[{"indices":[21,28],"text":"Sydney"},{"indices":[42,51],"text":"Breaking"},{"indices":[95,102],"text":"Sydney"}],"urls":[{"url":"http://t.co/FMqgAsYDpX","indices":[115,137],"expanded_url":"http://fxn.ws/1xiQxGQ","display_url":"fxn.ws/1xiQxGQ"}]},"in_reply_to_screen_name":"FoxNews","id_str":"544289986766733312","retweet_count":41,"in_reply_to_user_id":1367531,"favorited":false,"user":{"follow_request_sent":false,"profile_use_background_image":true,"profile_text_color":"333333","default_profile_image":false,"id":22055226,"profile_background_image_url_https":"https://pbs.twimg.com/profile_background_images/206013680/texas_flag.jpg","verified":true,"profile_location":null,"profile_image_url_https":"https://pbs.twimg.com/profile_images/378800000474059588/ae423b08bb7a6e382fbd54184d3257a9_normal.jpeg","profile_sidebar_fill_color":"EFEFEF","entities":{"url":{"urls":[{"url":"http://t.co/dvOOcVB1hy","indices":[0,22],"expanded_url":"http://gohmert.house.gov","display_url":"gohmert.house.gov"}]},"description":{"urls":[]}},"followers_count":37428,"profile_sidebar_border_color":"EEEEEE","id_str":"22055226","profile_background_color":"131516","listed_count":1219,"is_translation_enabled":false,"utc_offset":-18000,"statuses_count":2964,"description":"Member of Congress, representing the first district of Texas which encompasses over 12 counties stretching nearly 120 miles down the eastern border of Texas.","friends_count":398,"location":"","profile_link_color":"009999","profile_image_url":"http://pbs.twimg.com/profile_images/378800000474059588/ae423b08bb7a6e382fbd54184d3257a9_normal.jpeg","following":false,"geo_enabled":false,"profile_banner_url":"https://pbs.twimg.com/profile_banners/22055226/1405454469","profile_background_image_url":"http://pbs.twimg.com/profile_background_images/206013680/texas_flag.jpg","name":"Louie Gohmert","lang":"en","profile_background_tile":true,"favourites_count":0,"screen_name":"replouiegohmert","notifications":false,"url":"http://t.co/dvOOcVB1hy","created_at":"Thu Feb 26 20:14:28 +0000 2009","contributors_enabled":false,"time_zone":"Eastern Time (US & Canada)","protected":false,"default_profile":false,"is_translator":false},"geo":null,"in_reply_to_user_id_str":"1367531","possibly_sensitive":false,"lang":"en","created_at":"Mon Dec 15 00:36:59 +0000 2014","in_reply_to_status_id_str":"544285245600989184","place":null},
{"contributors":null,"truncated":false,"text":"@replouiegohmert @FoxNews Nothing to do with Islam, right?","in_reply_to_status_id":544289986766733312,"id":544290278903791616,"favorite_count":0,"source":"<a href=\"http://twitter.com/download/iphone\" rel=\"nofollow\">Twitter for iPhone</a>","retweeted":false,"coordinates":null,"entities":{"symbols":[],"user_mentions":[{"id":22055226,"indices":[0,16],"id_str":"22055226","screen_name":"replouiegohmert","name":"Louie Gohmert"},{"id":1367531,"indices":[17,25],"id_str":"1367531","screen_name":"FoxNews","name":"Fox News"}],"hashtags":[],"urls":[]},"in_reply_to_screen_name":"replouiegohmert","id_str":"544290278903791616","retweet_count":0,"in_reply_to_user_id":22055226,"favorited":false,"user":{"follow_request_sent":false,"profile_use_background_image":true,"profile_text_color":"333333","default_profile_image":false,"id":1621733996,"profile_background_image_url_https":"https://abs.twimg.com/images/themes/theme1/bg.png","verified":false,"profile_location":null,"profile_image_url_https":"https://pbs.twimg.com/profile_images/378800000189059529/2c2cfafe70b9f0023d3fe64c0fda29fa_normal.jpeg","profile_sidebar_fill_color":"DDEEF6","entities":{"description":{"urls":[]}},"followers_count":402,"profile_sidebar_border_color":"C0DEED","id_str":"1621733996","profile_background_color":"C0DEED","listed_count":7,"is_translation_enabled":false,"utc_offset":null,"statuses_count":13002,"description":"Retired Soldier. Writer. (Photo: Crossing the Congo at Kisangani) ΜΟΛΩΝ ΛΑΒE \nI am AIPAC","friends_count":460,"location":"Fort Worth, Texas","profile_link_color":"0084B4","profile_image_url":"http://pbs.twimg.com/profile_images/378800000189059529/2c2cfafe70b9f0023d3fe64c0fda29fa_normal.jpeg","following":false,"geo_enabled":true,"profile_background_image_url":"http://abs.twimg.com/images/themes/theme1/bg.png","name":"Martin Reddy","lang":"en","profile_background_tile":false,"favourites_count":1966,"screen_name":"MartinReddy3","notifications":false,"url":null,"created_at":"Fri Jul 26 01:43:23 +0000 2013","contributors_enabled":false,"time_zone":null,"protected":false,"default_profile":true,"is_translator":false},"geo":null,"in_reply_to_user_id_str":"22055226","lang":"en","created_at":"Mon Dec 15 00:38:09 +0000 2014","in_reply_to_status_id_str":"544289986766733312","place":null},
{"contributors":null,"truncated":false,"text":"@FoxNews hope they will be safe","in_reply_to_status_id":544285245600989184,"id":544290317265272832,"favorite_count":0,"source":"<a href=\"http://twitter.com\" rel=\"nofollow\">Twitter Web Client</a>","retweeted":false,"coordinates":null,"entities":{"symbols":[],"user_mentions":[{"id":1367531,"indices":[0,8],"id_str":"1367531","screen_name":"FoxNews","name":"Fox News"}],"hashtags":[],"urls":[]},"in_reply_to_screen_name":"FoxNews","id_str":"544290317265272832","retweet_count":0,"in_reply_to_user_id":1367531,"favorited":false,"user":{"follow_request_sent":false,"profile_use_background_image":true,"profile_text_color":"333333","default_profile_image":false,"id":154138113,"profile_background_image_url_https":"https://abs.twimg.com/images/themes/theme1/bg.png","verified":false,"profile_location":null,"profile_image_url_https":"https://pbs.twimg.com/profile_images/512719458918359041/1f5pRokH_normal.jpeg","profile_sidebar_fill_color":"DDEEF6","entities":{"description":{"urls":[]}},"followers_count":148,"profile_sidebar_border_color":"C0DEED","id_str":"154138113","profile_background_color":"C0DEED","listed_count":2,"is_translation_enabled":false,"utc_offset":-18000,"statuses_count":12621,"description":"Love chatting with people; all ages, religions, political affiliations, love diversity.","friends_count":214,"location":"","profile_link_color":"0084B4","profile_image_url":"http://pbs.twimg.com/profile_images/512719458918359041/1f5pRokH_normal.jpeg","following":false,"geo_enabled":false,"profile_background_image_url":"http://abs.twimg.com/images/themes/theme1/bg.png","name":"Margaret Harrington","lang":"en","profile_background_tile":false,"favourites_count":44,"screen_name":"62jerseygirl","notifications":false,"url":null,"created_at":"Thu Jun 10 13:29:57 +0000 2010","contributors_enabled":false,"time_zone":"Eastern Time (US & Canada)","protected":false,"default_profile":true,"is_translator":false},"geo":null,"in_reply_to_user_id_str":"1367531","lang":"en","created_at":"Mon Dec 15 00:38:18 +0000 2014","in_reply_to_status_id_str":"544285245600989184","place":null},
{"contributors":null,"truncated":false,"text":"@replouiegohmert @FoxNews Well, this incident of probable Islamo-fascist terrorism is being reported by Fox. So it's like it's not happening","in_reply_to_status_id":544289986766733312,"id":544290400429568001,"favorite_count":0,"source":"<a href=\"http://twitter.com\" rel=\"nofollow\">Twitter Web Client</a>","retweeted":false,"coordinates":null,"entities":{"symbols":[],"user_mentions":[{"id":22055226,"indices":[0,16],"id_str":"22055226","screen_name":"replouiegohmert","name":"Louie Gohmert"},{"id":1367531,"indices":[17,25],"id_str":"1367531","screen_name":"FoxNews","name":"Fox News"}],"hashtags":[],"urls":[]},"in_reply_to_screen_name":"replouiegohmert","id_str":"544290400429568001","retweet_count":0,"in_reply_to_user_id":22055226,"favorited":false,"user":{"follow_request_sent":false,"profile_use_background_image":true,"profile_text_color":"333333","default_profile_image":false,"id":2568107372,"profile_background_image_url_https":"https://abs.twimg.com/images/themes/theme1/bg.png","verified":false,"profile_location":null,"profile_image_url_https":"https://pbs.twimg.com/profile_images/478343211564298240/cYVlE8k__normal.jpeg","profile_sidebar_fill_color":"DDEEF6","entities":{"description":{"urls":[]}},"followers_count":212,"profile_sidebar_border_color":"C0DEED","id_str":"2568107372","profile_background_color":"C0DEED","listed_count":3,"is_translation_enabled":false,"utc_offset":null,"statuses_count":357,"description":"It's a miracle. If it's a miracle, Colour Sergeant, it's a short chamber Boxer Henry point 45 caliber miracle.And a bayonet, sir, with some guts behind.","friends_count":259,"location":"Texas","profile_link_color":"5FB300","profile_image_url":"http://pbs.twimg.com/profile_images/478343211564298240/cYVlE8k__normal.jpeg","following":false,"geo_enabled":false,"profile_banner_url":"https://pbs.twimg.com/profile_banners/2568107372/1402880221","profile_background_image_url":"http://abs.twimg.com/images/themes/theme1/bg.png","name":"Dave_Smith","lang":"en","profile_background_tile":false,"favourites_count":4,"screen_name":"GhostDanceBob","notifications":false,"url":null,"created_at":"Sun Jun 15 01:42:13 +0000 2014","contributors_enabled":false,"time_zone":null,"protected":false,"default_profile":false,"is_translator":false},"geo":null,"in_reply_to_user_id_str":"22055226","lang":"en","created_at":"Mon Dec 15 00:38:38 +0000 2014","in_reply_to_status_id_str":"544289986766733312","place":null},
{"contributors":null,"truncated":false,"text":"@jccfergie @FoxNews what R U talking about.........Fox was all over DC and other cities marches","in_reply_to_status_id":544285908749787136,"id":544290463965261825,"favorite_count":0,"source":"<a href=\"http://twitter.com\" rel=\"nofollow\">Twitter Web Client</a>","retweeted":false,"coordinates":null,"entities":{"symbols":[],"user_mentions":[{"id":1007239393,"indices":[0,10],"id_str":"1007239393","screen_name":"jccfergie","name":"Jim Chambers"},{"id":1367531,"indices":[11,19],"id_str":"1367531","screen_name":"FoxNews","name":"Fox News"}],"hashtags":[],"urls":[]},"in_reply_to_screen_name":"jccfergie","id_str":"544290463965261825","retweet_count":0,"in_reply_to_user_id":1007239393,"favorited":false,"user":{"follow_request_sent":false,"profile_use_background_image":true,"profile_text_color":"333333","default_profile_image":false,"id":154138113,"profile_background_image_url_https":"https://abs.twimg.com/images/themes/theme1/bg.png","verified":false,"profile_location":null,"profile_image_url_https":"https://pbs.twimg.com/profile_images/512719458918359041/1f5pRokH_normal.jpeg","profile_sidebar_fill_color":"DDEEF6","entities":{"description":{"urls":[]}},"followers_count":148,"profile_sidebar_border_color":"C0DEED","id_str":"154138113","profile_background_color":"C0DEED","listed_count":2,"is_translation_enabled":false,"utc_offset":-18000,"statuses_count":12620,"description":"Love chatting with people; all ages, religions, political affiliations, love diversity.","friends_count":214,"location":"","profile_link_color":"0084B4","profile_image_url":"http://pbs.twimg.com/profile_images/512719458918359041/1f5pRokH_normal.jpeg","following":false,"geo_enabled":false,"profile_background_image_url":"http://abs.twimg.com/images/themes/theme1/bg.png","name":"Margaret Harrington","lang":"en","profile_background_tile":false,"favourites_count":44,"screen_name":"62jerseygirl","notifications":false,"url":null,"created_at":"Thu Jun 10 13:29:57 +0000 2010","contributors_enabled":false,"time_zone":"Eastern Time (US & Canada)","protected":false,"default_profile":true,"is_translator":false},"geo":null,"in_reply_to_user_id_str":"1007239393","lang":"en","created_at":"Mon Dec 15 00:38:53 +0000 2014","in_reply_to_status_id_str":"544285908749787136","place":null},
{"contributors":null,"truncated":false,"text":"@replouiegohmert I will pray. Only a matter of time before that happens here w/this POTUS who prefers to coddle and apologize to the enemy.","in_reply_to_status_id":544289986766733312,"id":544291014391779328,"favorite_count":1,"source":"<a href=\"http://blackberry.com/twitter\" rel=\"nofollow\">Twitter for BlackBerry®</a>","retweeted":false,"coordinates":null,"entities":{"symbols":[],"user_mentions":[{"id":22055226,"indices":[0,16],"id_str":"22055226","screen_name":"replouiegohmert","name":"Louie Gohmert"}],"hashtags":[],"urls":[]},"in_reply_to_screen_name":"replouiegohmert","id_str":"544291014391779328","retweet_count":0,"in_reply_to_user_id":22055226,"favorited":false,"user":{"follow_request_sent":false,"profile_use_background_image":true,"profile_text_color":"333333","default_profile_image":false,"id":1503164911,"profile_background_image_url_https":"https://pbs.twimg.com/profile_background_images/471103183654109184/0bPpASoV.jpeg","verified":false,"profile_location":null,"profile_image_url_https":"https://pbs.twimg.com/profile_images/378800000178481017/2388f9f2e14c6372b8e57524e9012dcd_normal.jpeg","profile_sidebar_fill_color":"DDEEF6","entities":{"description":{"urls":[]}},"followers_count":382,"profile_sidebar_border_color":"000000","id_str":"1503164911","profile_background_color":"121014","listed_count":3,"is_translation_enabled":false,"utc_offset":null,"statuses_count":1509,"description":"Conservative Independent, work in healthcare, love exploring new towns I've never been to before. GOD BLESS AMERICA!","friends_count":774,"location":"TX-US","profile_link_color":"3F00B3","profile_image_url":"http://pbs.twimg.com/profile_images/378800000178481017/2388f9f2e14c6372b8e57524e9012dcd_normal.jpeg","following":false,"geo_enabled":false,"profile_background_image_url":"http://pbs.twimg.com/profile_background_images/471103183654109184/0bPpASoV.jpeg","name":"TammyS","lang":"en","profile_background_tile":false,"favourites_count":961,"screen_name":"TammySt48668451","notifications":false,"url":null,"created_at":"Tue Jun 11 13:19:23 +0000 2013","contributors_enabled":false,"time_zone":null,"protected":false,"default_profile":false,"is_translator":false},"geo":null,"in_reply_to_user_id_str":"22055226","lang":"en","created_at":"Mon Dec 15 00:41:04 +0000 2014","in_reply_to_status_id_str":"544289986766733312","place":null},
{"contributors":null,"truncated":false,"text":"@replouiegohmert cc: @PresidentADL @europeanfi #SION @newzealblog","in_reply_to_status_id":544289986766733312,"id":544294807301279744,"favorite_count":0,"source":"<a href=\"http://twitter.com/download/iphone\" rel=\"nofollow\">Twitter for iPhone</a>","retweeted":false,"coordinates":null,"entities":{"symbols":[],"user_mentions":[{"id":22055226,"indices":[0,16],"id_str":"22055226","screen_name":"replouiegohmert","name":"Louie Gohmert"},{"id":1463180684,"indices":[21,34],"id_str":"1463180684","screen_name":"PresidentADL","name":"President ADL"},{"id":354813693,"indices":[35,46],"id_str":"354813693","screen_name":"europeanfi","name":"steve simmons"},{"id":91907660,"indices":[53,65],"id_str":"91907660","screen_name":"newzealblog","name":"Trevor Loudon"}],"hashtags":[{"indices":[47,52],"text":"SION"}],"urls":[]},"in_reply_to_screen_name":"replouiegohmert","id_str":"544294807301279744","retweet_count":0,"in_reply_to_user_id":22055226,"favorited":false,"user":{"follow_request_sent":false,"profile_use_background_image":true,"profile_text_color":"333333","default_profile_image":false,"id":2367650918,"profile_background_image_url_https":"https://pbs.twimg.com/profile_background_images/442062018724384768/dcfGZW8T.jpeg","verified":false,"profile_location":null,"profile_image_url_https":"https://pbs.twimg.com/profile_images/558084731745472512/kt_WKRwX_normal.jpeg","profile_sidebar_fill_color":"DDEEF6","entities":{"url":{"urls":[{"url":"http://t.co/W7Ijqb5FPS","indices":[0,22],"expanded_url":"http://youtu.be/DaBLJJWIzq0","display_url":"youtu.be/DaBLJJWIzq0"}]},"description":{"urls":[{"url":"http://t.co/MRqkRqpwNX","indices":[114,136],"expanded_url":"http://www.theblaze.com/news/for-the-record","display_url":"theblaze.com/news/for-the-r…"},{"url":"http://t.co/9MNc9m7v2S","indices":[137,159],"expanded_url":"http://www.theblaze.com/fortherecord","display_url":"theblaze.com/fortherecord"}]}},"followers_count":225,"profile_sidebar_border_color":"FFFFFF","id_str":"2367650918","profile_background_color":"C0DEED","listed_count":7,"is_translation_enabled":false,"utc_offset":null,"statuses_count":32707,"description":"Disclaimer: RT/Follow does not = endorsement. Not responsible for content. Anything here is 4 entertainment only. http://t.co/MRqkRqpwNX http://t.co/9MNc9m7v2S","friends_count":336,"location":"www.tommyrobinson.co.uk","profile_link_color":"1886AB","profile_image_url":"http://pbs.twimg.com/profile_images/558084731745472512/kt_WKRwX_normal.jpeg","following":false,"geo_enabled":true,"profile_banner_url":"https://pbs.twimg.com/profile_banners/2367650918/1410735593","profile_background_image_url":"http://pbs.twimg.com/profile_background_images/442062018724384768/dcfGZW8T.jpeg","name":"js (not Sykes-Picot)","lang":"en","profile_background_tile":true,"favourites_count":80569,"screen_name":"randomrid2","notifications":false,"url":"http://t.co/W7Ijqb5FPS","created_at":"Sat Mar 01 21:31:35 +0000 2014","contributors_enabled":false,"time_zone":null,"protected":false,"default_profile":false,"is_translator":false},"geo":null,"in_reply_to_user_id_str":"22055226","lang":"und","created_at":"Mon Dec 15 00:56:09 +0000 2014","in_reply_to_status_id_str":"544289986766733312","place":null},
{"contributors":null,"truncated":false,"text":"@replouiegohmert @FoxNews blame Obama?","in_reply_to_status_id":544289986766733312,"id":544296045061369858,"favorite_count":0,"source":"<a href=\"http://twitter.com/download/iphone\" rel=\"nofollow\">Twitter for iPhone</a>","retweeted":false,"coordinates":{"type":"Point","coordinates":[-80.14008567,26.15283318]},"entities":{"symbols":[],"user_mentions":[{"id":22055226,"indices":[0,16],"id_str":"22055226","screen_name":"replouiegohmert","name":"Louie Gohmert"},{"id":1367531,"indices":[17,25],"id_str":"1367531","screen_name":"FoxNews","name":"Fox News"}],"hashtags":[],"urls":[]},"in_reply_to_screen_name":"replouiegohmert","id_str":"544296045061369858","retweet_count":0,"in_reply_to_user_id":22055226,"favorited":false,"user":{"follow_request_sent":false,"profile_use_background_image":true,"profile_text_color":"333333","default_profile_image":false,"id":16635996,"profile_background_image_url_https":"https://abs.twimg.com/images/themes/theme1/bg.png","verified":false,"profile_location":null,"profile_image_url_https":"https://pbs.twimg.com/profile_images/442091118524903425/Bh4QF9Ye_normal.jpeg","profile_sidebar_fill_color":"DDEEF6","entities":{"description":{"urls":[]}},"followers_count":68,"profile_sidebar_border_color":"C0DEED","id_str":"16635996","profile_background_color":"C0DEED","listed_count":7,"is_translation_enabled":false,"utc_offset":-18000,"statuses_count":5841,"description":"Lets stop being selfish. Think of your fellow man and not just yourself. I cant understand right wing politics. Sounds so selfish.","friends_count":148,"location":"south florida","profile_link_color":"0084B4","profile_image_url":"http://pbs.twimg.com/profile_images/442091118524903425/Bh4QF9Ye_normal.jpeg","following":false,"geo_enabled":true,"profile_background_image_url":"http://abs.twimg.com/images/themes/theme1/bg.png","name":"moderatepatriot","lang":"en","profile_background_tile":false,"favourites_count":136,"screen_name":"moderatepatriot","notifications":false,"url":null,"created_at":"Tue Oct 07 20:04:50 +0000 2008","contributors_enabled":false,"time_zone":"Eastern Time (US & Canada)","protected":false,"default_profile":true,"is_translator":false},"geo":{"type":"Point","coordinates":[26.15283318,-80.14008567]},"in_reply_to_user_id_str":"22055226","lang":"en","created_at":"Mon Dec 15 01:01:04 +0000 2014","in_reply_to_status_id_str":"544289986766733312","place":{"full_name":"Fort Lauderdale, FL","url":"https://api.twitter.com/1.1/geo/id/6c686af766d8429c.json","country":"United States","place_type":"city","bounding_box":{"type":"Polygon","coordinates":[[[-80.20811,26.080935],[-80.0902351,26.080935],[-80.0902351,26.219801],[-80.20811,26.219801]]]},"contained_within":[],"country_code":"US","attributes":{},"id":"6c686af766d8429c","name":"Fort Lauderdale"}},
{"contributors":null,"truncated":false,"text":"@replouiegohmert @FoxNews don't let it happen here let our people take the gloves off the hell being PC USA matters","in_reply_to_status_id":544289986766733312,"id":544296591436578816,"favorite_count":0,"source":"<a href=\"http://twitter.com/download/iphone\" rel=\"nofollow\">Twitter for iPhone</a>","retweeted":false,"coordinates":null,"entities":{"symbols":[],"user_mentions":[{"id":22055226,"indices":[0,16],"id_str":"22055226","screen_name":"replouiegohmert","name":"Louie Gohmert"},{"id":1367531,"indices":[17,25],"id_str":"1367531","screen_name":"FoxNews","name":"Fox News"}],"hashtags":[],"urls":[]},"in_reply_to_screen_name":"replouiegohmert","id_str":"544296591436578816","retweet_count":0,"in_reply_to_user_id":22055226,"favorited":false,"user":{"follow_request_sent":false,"profile_use_background_image":true,"profile_text_color":"333333","default_profile_image":true,"id":2752192451,"profile_background_image_url_https":"https://abs.twimg.com/images/themes/theme1/bg.png","verified":false,"profile_location":null,"profile_image_url_https":"https://abs.twimg.com/sticky/default_profile_images/default_profile_1_normal.png","profile_sidebar_fill_color":"DDEEF6","entities":{"description":{"urls":[]}},"followers_count":102,"profile_sidebar_border_color":"C0DEED","id_str":"2752192451","profile_background_color":"C0DEED","listed_count":2,"is_translation_enabled":false,"utc_offset":null,"statuses_count":1440,"description":"","friends_count":174,"location":"","profile_link_color":"0084B4","profile_image_url":"http://abs.twimg.com/sticky/default_profile_images/default_profile_1_normal.png","following":false,"geo_enabled":false,"profile_background_image_url":"http://abs.twimg.com/images/themes/theme1/bg.png","name":"Anthony Mentillo","lang":"en","profile_background_tile":false,"favourites_count":233,"screen_name":"amentilone","notifications":false,"url":null,"created_at":"Wed Aug 27 01:41:11 +0000 2014","contributors_enabled":false,"time_zone":null,"protected":false,"default_profile":true,"is_translator":false},"geo":null,"in_reply_to_user_id_str":"22055226","lang":"en","created_at":"Mon Dec 15 01:03:14 +0000 2014","in_reply_to_status_id_str":"544289986766733312","place":null},
{"contributors":null,"truncated":false,"text":"@laurenskywalker @FoxNews Why do so many people keep misinterpreting this peaceful faith!?!","in_reply_to_status_id":544285962449465345,"id":544296862019514368,"favorite_count":1,"source":"<a href=\"http://twitter.com\" rel=\"nofollow\">Twitter Web Client</a>","retweeted":false,"coordinates":null,"entities":{"symbols":[],"user_mentions":[{"id":166263516,"indices":[0,16],"id_str":"166263516","screen_name":"laurenskywalker","name":"Lauren Brown †♔ن"},{"id":1367531,"indices":[17,25],"id_str":"1367531","screen_name":"FoxNews","name":"Fox News"}],"hashtags":[],"urls":[]},"in_reply_to_screen_name":"laurenskywalker","id_str":"544296862019514368","retweet_count":0,"in_reply_to_user_id":166263516,"favorited":false,"user":{"follow_request_sent":false,"profile_use_background_image":true,"profile_text_color":"333333","default_profile_image":false,"id":2904599122,"profile_background_image_url_https":"https://abs.twimg.com/images/themes/theme1/bg.png","verified":false,"profile_location":null,"profile_image_url_https":"https://pbs.twimg.com/profile_images/540323501404454912/0Biq5nQM_normal.jpeg","profile_sidebar_fill_color":"DDEEF6","entities":{"url":{"urls":[{"url":"http://t.co/d0ihtevgUK","indices":[0,22],"expanded_url":"http://www.ukip.org","display_url":"ukip.org"}]},"description":{"urls":[]}},"followers_count":815,"profile_sidebar_border_color":"C0DEED","id_str":"2904599122","profile_background_color":"C0DEED","listed_count":8,"is_translation_enabled":false,"utc_offset":0,"statuses_count":2228,"description":"Conservative ن, cynic, raving fruitcake and swivel-eyed loon, salvaging what's left of Britannia. Cry freedom! Vote Nige.","friends_count":1692,"location":"Luton","profile_link_color":"0084B4","profile_image_url":"http://pbs.twimg.com/profile_images/540323501404454912/0Biq5nQM_normal.jpeg","following":false,"geo_enabled":false,"profile_banner_url":"https://pbs.twimg.com/profile_banners/2904599122/1417659337","profile_background_image_url":"http://abs.twimg.com/images/themes/theme1/bg.png","name":"♔Henry of Lancaster†","lang":"en","profile_background_tile":false,"favourites_count":352,"screen_name":"KingFruitcake","notifications":false,"url":"http://t.co/d0ihtevgUK","created_at":"Thu Dec 04 01:52:49 +0000 2014","contributors_enabled":false,"time_zone":"London","protected":false,"default_profile":true,"is_translator":false},"geo":null,"in_reply_to_user_id_str":"166263516","lang":"en","created_at":"Mon Dec 15 01:04:19 +0000 2014","in_reply_to_status_id_str":"544285962449465345","place":null},
{"contributors":null,"truncated":false,"text":"@replouiegohmert @FoxNews if prayers helped, this shit wouldn't happen!","in_reply_to_status_id":544289986766733312,"id":544640529418702848,"favorite_count":0,"source":"<a href=\"http://twitter.com/download/iphone\" rel=\"nofollow\">Twitter for iPhone</a>","retweeted":false,"coordinates":null,"entities":{"symbols":[],"user_mentions":[{"id":22055226,"indices":[0,16],"id_str":"22055226","screen_name":"replouiegohmert","name":"Louie Gohmert"},{"id":1367531,"indices":[17,25],"id_str":"1367531","screen_name":"FoxNews","name":"Fox News"}],"hashtags":[],"urls":[]},"in_reply_to_screen_name":"replouiegohmert","id_str":"544640529418702848","retweet_count":0,"in_reply_to_user_id":22055226,"favorited":false,"user":{"follow_request_sent":false,"profile_use_background_image":false,"profile_text_color":"000000","default_profile_image":false,"id":1209637092,"profile_background_image_url_https":"https://abs.twimg.com/images/themes/theme1/bg.png","verified":false,"profile_location":null,"profile_image_url_https":"https://pbs.twimg.com/profile_images/529429356872232961/9jk66Zni_normal.jpeg","profile_sidebar_fill_color":"000000","entities":{"description":{"urls":[]}},"followers_count":2,"profile_sidebar_border_color":"000000","id_str":"1209637092","profile_background_color":"000000","listed_count":0,"is_translation_enabled":false,"utc_offset":null,"statuses_count":63,"description":"speaker of truth","friends_count":17,"location":"Ohio","profile_link_color":"FA743E","profile_image_url":"http://pbs.twimg.com/profile_images/529429356872232961/9jk66Zni_normal.jpeg","following":false,"geo_enabled":false,"profile_background_image_url":"http://abs.twimg.com/images/themes/theme1/bg.png","name":"Matt Lambert","lang":"en","profile_background_tile":false,"favourites_count":1,"screen_name":"mattlambert33","notifications":false,"url":null,"created_at":"Fri Feb 22 20:00:23 +0000 2013","contributors_enabled":false,"time_zone":null,"protected":false,"default_profile":false,"is_translator":false},"geo":null,"in_reply_to_user_id_str":"22055226","lang":"en","created_at":"Mon Dec 15 23:49:55 +0000 2014","in_reply_to_status_id_str":"544289986766733312","place":null},
{"contributors":null,"truncated":false,"text":"@P0Pholdinitdown @FoxNews huh chocolate *breathes heavy*","in_reply_to_status_id":544286926686007296,"id":544651599457431552,"favorite_count":0,"source":"<a href=\"http://twitter.com/download/iphone\" rel=\"nofollow\">Twitter for iPhone</a>","retweeted":false,"coordinates":null,"entities":{"symbols":[],"user_mentions":[{"id":1776800904,"indices":[0,16],"id_str":"1776800904","screen_name":"P0Pholdinitdown","name":"taz"},{"id":1367531,"indices":[17,25],"id_str":"1367531","screen_name":"FoxNews","name":"Fox News"}],"hashtags":[],"urls":[]},"in_reply_to_screen_name":"P0Pholdinitdown","id_str":"544651599457431552","retweet_count":0,"in_reply_to_user_id":1776800904,"favorited":false,"user":{"follow_request_sent":false,"profile_use_background_image":true,"profile_text_color":"333333","default_profile_image":false,"id":478137343,"profile_background_image_url_https":"https://abs.twimg.com/images/themes/theme1/bg.png","verified":false,"profile_location":null,"profile_image_url_https":"https://pbs.twimg.com/profile_images/560323937570406400/2DvecndZ_normal.jpeg","profile_sidebar_fill_color":"DDEEF6","entities":{"description":{"urls":[]}},"followers_count":106,"profile_sidebar_border_color":"C0DEED","id_str":"478137343","profile_background_color":"C0DEED","listed_count":0,"is_translation_enabled":false,"utc_offset":-28800,"statuses_count":8452,"description":"Life's too short to even care at all ☮ ♡✌️ Questorm","friends_count":133,"location":"","profile_link_color":"0084B4","profile_image_url":"http://pbs.twimg.com/profile_images/560323937570406400/2DvecndZ_normal.jpeg","following":false,"geo_enabled":false,"profile_banner_url":"https://pbs.twimg.com/profile_banners/478137343/1418362360","profile_background_image_url":"http://abs.twimg.com/images/themes/theme1/bg.png","name":"Katrina M.","lang":"en","profile_background_tile":false,"favourites_count":2059,"screen_name":"jkatrina90","notifications":false,"url":null,"created_at":"Sun Jan 29 23:21:58 +0000 2012","contributors_enabled":false,"time_zone":"Pacific Time (US & Canada)","protected":false,"default_profile":true,"is_translator":false},"geo":null,"in_reply_to_user_id_str":"1776800904","lang":"en","created_at":"Tue Dec 16 00:33:55 +0000 2014","in_reply_to_status_id_str":"544286926686007296","place":null}
]