[{"contributors":null,"truncated":false,"text":"@JFXM wow","in_reply_to_status_id":544287165912735744,"id":544287324612612096,"favorite_count":0,"source":"<a href=\"http://twitter.com\" rel=\"nofollow\">Twitter Web Client</a>","retweeted":false,"coordinates":null,"entities":{"symbols":[],"user_mentions":[{"id":20639175,"indices":[0,5],"id_str":"20639175","screen_name":"JFXM","name":"Jack Moore"}],"hashtags":[],"urls":[]},"in_reply_to_screen_name":"JFXM","id_str":"544287324612612096","retweet_count":0,"in_reply_to_user_id":20639175,"favorited":false,"user":{"follow_request_sent":false,"profile_use_background_image":true,"profile_text_color":"333333","default_profile_image":false,"id":398464203,"profile_background_image_url_https":"https://pbs.twimg.com/profile_background_images/387184643/408828_10150432687970770_518835769_8980084_278838801_n.jpg","verified":false,"profile_location":null,"profile_image_url_https":"https://pbs.twimg.com/profile_images/419913078902231040/M9xhFgYW_normal.jpeg","profile_sidebar_fill_color":"DDEEF6","entities":{"url":{"urls":[{"url":"http://t.co/cPfwxa5jnt","indices":[0,22],"expanded_url":"http://postmodernwitness.blogspot.com/","display_url":"postmodernwitness.blogspot.com"}]},"description":{"urls":[]}},"followers_count":280,"profile_sidebar_border_color":"C0DEED","id_str":"398464203","profile_background_color":"C0DEED","listed_count":4,"is_translation_enabled":false,"utc_offset":-18000,"statuses_count":7829,"description":"writer, free-thinker, political junkie, environmentalist, student of the world.","friends_count":477,"location":"Boston, MA","profile_link_color":"4772DE","profile_image_url":"http://pbs.twimg.com/profile_images/419913078902231040/M9xhFgYW_normal.jpeg","following":false,"geo_enabled":false,"profile_banner_url":"https://pbs.twimg.com/profile_banners/398464203/1395294368","profile_background_image_url":"http://pbs.twimg.com/profile_background_images/387184643/408828_10150432687970770_518835769_8980084_278838801_n.jpg","name":"Baumer Kid","lang":"en","profile_background_tile":false,"favourites_count":156,"screen_name":"bostonsboy87","notifications":false,"url":"http://t.co/cPfwxa5jnt","created_at":"Wed Oct 26 03:00:00 +0000 2011","contributors_enabled":false,"time_zone":"Eastern Time (US & Canada)","protected":false,"default_profile":false,"is_translator":false},"geo":null,"in_reply_to_user_id_str":"20639175","lang":"und","created_at":"Mon Dec 15 00:26:25 +0000 2014","in_reply_to_status_id_str":"544287165912735744","place":null},
{"contributors":null,"truncated":false,"text":"@JFXM Crikey","in_reply_to_status_id":544287165912735744,"id":544287645959200768,"favorite_count":0,"source":"<a href=\"http://twitter.com\" rel=\"nofollow\">Twitter Web Client</a>","retweeted":false,"coordinates":null,"entities":{"symbols":[],"user_mentions":[{"id":20639175,"indices":[0,5],"id_str":"20639175","screen_name":"JFXM","name":"Jack Moore"}],"hashtags":[],"urls":[]},"in_reply_to_screen_name":"JFXM","id_str":"544287645959200768","retweet_count":0,"in_reply_to_user_id":20639175,"favorited":false,"user":{"follow_request_sent":false,"profile_use_background_image":false,"profile_text_color":"000000","default_profile_image":false,"id":1498224577,"profile_background_image_url_https":"https://abs.twimg.com/images/themes/theme1/bg.png","verified":false,"profile_location":null,"profile_image_url_https":"https://pbs.twimg.com/profile_images/502155959880265728/-ErXZ6Bu_normal.jpeg","profile_sidebar_fill_color":"000000","entities":{"description":{"urls":[]}},"followers_count":140,"profile_sidebar_border_color":"000000","id_str":"1498224577","profile_background_color":"000000","listed_count":2,"is_translation_enabled":false,"utc_offset":null,"statuses_count":1844,"description":"Don't fall for the big lie…What is the big lie?. Just about everything you have ever been told.   Free thinker,  Zundel admirer.  UK based.","friends_count":308,"location":"","profile_link_color":"992288","profile_image_url":"http://pbs.twimg.com/profile_images/502155959880265728/-ErXZ6Bu_normal.jpeg","following":false,"geo_enabled":false,"profile_background_image_url":"http://abs.twimg.com/images/themes/theme1/bg.png","name":"gary lindsay","lang":"en","profile_background_tile":false,"favourites_count":1236,"screen_name":"glindsay34","notifications":false,"url":null,"created_at":"Mon Jun 10 12:38:56 +0000 2013","contributors_enabled":false,"time_zone":null,"protected":false,"default_profile":false,"is_translator":false},"geo":null,"in_reply_to_user_id_str":"20639175","lang":"en","created_at":"Mon Dec 15 00:27:41 +0000 2014","in_reply_to_status_id_str":"544287165912735744","place":null},
{"contributors":null,"truncated":false,"text":"@JFXM @RenaNetjes https://t.co/GJwKR55Yp0 not heard on here","in_reply_to_status_id":544287165912735744,"id":544288135350583296,"favorite_count":0,"source":"<a href=\"http://twitter.com\" rel=\"nofollow\">Twitter Web Client</a>","retweeted":false,"coordinates":null,"entities":{"symbols":[],"user_mentions":[{"id":20639175,"indices":[0,5],"id_str":"20639175","screen_name":"JFXM","name":"Jack Moore"},{"id":19417982,"indices":[6,17],"id_str":"19417982","screen_name":"RenaNetjes","name":"Rena Netjes"}],"hashtags":[],"urls":[{"url":"https://t.co/GJwKR55Yp0","indices":[18,41],"expanded_url":"https://au.news.yahoo.com/video/watch/17174725/yahoo-7-live-sydney/?cmp=twitter","display_url":"au.news.yahoo.com/video/watch/17…"}]},"in_reply_to_screen_name":"JFXM","id_str":"544288135350583296","retweet_count":0,"in_reply_to_user_id":20639175,"favorited":false,"user":{"follow_request_sent":false,"profile_use_background_image":true,"profile_text_color":"333333","default_profile_image":false,"id":147910192,"profile_background_image_url_https":"https://pbs.twimg.com/profile_background_images/105612491/2305_990x742-cb1263224481.jpg","verified":false,"profile_location":null,"profile_image_url_https":"https://pbs.twimg.com/profile_images/378800000783675394/b7a31d2e082b9038ebc4a259c59184d2_normal.jpeg","profile_sidebar_fill_color":"DDEEF6","entities":{"description":{"urls":[]}},"followers_count":155,"profile_sidebar_border_color":"C0DEED","id_str":"147910192","profile_background_color":"C0DEED","listed_count":3,"is_translation_enabled":false,"utc_offset":-10800,"statuses_count":6113,"description":"Never give up. Not all retweets and follows are endorsements.","friends_count":723,"location":"Netherlands","profile_link_color":"0084B4","profile_image_url":"http://pbs.twimg.com/profile_images/378800000783675394/b7a31d2e082b9038ebc4a259c59184d2_normal.jpeg","following":false,"geo_enabled":false,"profile_banner_url":"https://pbs.twimg.com/profile_banners/147910192/1417294153","profile_background_image_url":"http://pbs.twimg.com/profile_background_images/105612491/2305_990x742-cb1263224481.jpg","name":"Inna Nutshell","lang":"en","profile_background_tile":true,"favourites_count":1725,"screen_name":"Inna_Nutshell","notifications":false,"url":null,"created_at":"Tue May 25 10:43:53 +0000 2010","contributors_enabled":false,"time_zone":"Greenland","protected":false,"default_profile":false,"is_translator":false},"geo":null,"in_reply_to_user_id_str":"20639175","possibly_sensitive":false,"lang":"en","created_at":"Mon Dec 15 00:29:38 +0000 2014","in_reply_to_status_id_str":"544287165912735744","place":null},
{"contributors":null,"truncated":false,"text":"Suspeito em Sidney alega ter bombas em vários pontos da cidade via @JFXM #Austrália","in_reply_to_status_id":544287165912735744,"id":544288144729067520,"favorite_count":1,"source":"<a href=\"http://twitter.com/#!/download/ipad\" rel=\"nofollow\">Twitter for iPad</a>","retweeted":false,"coordinates":null,"entities":{"symbols":[],"user_mentions":[{"id":20639175,"indices":[67,72],"id_str":"20639175","screen_name":"JFXM","name":"Jack Moore"}],"hashtags":[{"indices":[73,83],"text":"Austrália"}],"urls":[]},"in_reply_to_screen_name":"JFXM","id_str":"544288144729067520","retweet_count":0,"in_reply_to_user_id":20639175,"favorited":false,"user":{"follow_request_sent":false,"profile_use_background_image":true,"profile_text_color":"333333","default_profile_image":false,"id":269112578,"profile_background_image_url_https":"https://abs.twimg.com/images/themes/theme1/bg.png","verified":false,"profile_location":null,"profile_image_url_https":"https://pbs.twimg.com/profile_images/497278513939234816/GzJKhh-t_normal.jpeg","profile_sidebar_fill_color":"DDEEF6","entities":{"description":{"urls":[]}},"followers_count":1266,"profile_sidebar_border_color":"C0DEED","id_str":"269112578","profile_background_color":"C0DEED","listed_count":28,"is_translation_enabled":false,"utc_offset":-10800,"statuses_count":98453,"description":"Notícias. Economia, Política, Direito e PETROLÃO. News, economics, politics, eurocrisis and ebolacrisis. Português, Español and English. Rio de Janeiro, Brasil","friends_count":1913,"location":"","profile_link_color":"0084B4","profile_image_url":"http://pbs.twimg.com/profile_images/497278513939234816/GzJKhh-t_normal.jpeg","following":false,"geo_enabled":true,"profile_banner_url":"https://pbs.twimg.com/profile_banners/269112578/1407000358","profile_background_image_url":"http://abs.twimg.com/images/themes/theme1/bg.png","name":"Brazil News","lang":"en","profile_background_tile":false,"favourites_count":4384,"screen_name":"CapSpaulding01","notifications":false,"url":null,"created_at":"Sun Mar 20 03:45:28 +0000 2011","contributors_enabled":false,"time_zone":"Greenland","protected":false,"default_profile":true,"is_translator":false},"geo":null,"in_reply_to_user_id_str":"20639175","lang":"pt","created_at":"Mon Dec 15 00:29:40 +0000 2014","in_reply_to_status_id_str":"544287165912735744","place":null},
{"contributors":null,"truncated":false,"text":"@Inna_Nutshell @JFXM thanks, i only couldn't open it :(","in_reply_to_status_id":544288135350583296,"id":544288655914045440,"favorite_count":0,"source":"<a href=\"http://twitter.com\" rel=\"nofollow\">Twitter Web Client</a>","retweeted":false,"coordinates":null,"entities":{"symbols":[],"user_mentions":[{"id":147910192,"indices":[0,14],"id_str":"147910192","screen_name":"Inna_Nutshell","name":"Inna Nutshell"},{"id":20639175,"indices":[15,20],"id_str":"20639175","screen_name":"JFXM","name":"Jack Moore"}],"hashtags":[],"urls":[]},"in_reply_to_screen_name":"Inna_Nutshell","id_str":"544288655914045440","retweet_count":0,"in_reply_to_user_id":147910192,"favorited":false,"user":{"follow_request_sent":false,"profile_use_background_image":true,"profile_text_color":"333333","default_profile_image":false,"id":19417982,"profile_background_image_url_https":"https://abs.twimg.com/images/themes/theme1/bg.png","verified":false,"profile_location":null,"profile_image_url_https":"https://pbs.twimg.com/profile_images/3655535852/5628d2340f468b3c134d6b469e278abf_normal.png","profile_sidebar_fill_color":"DDEEF6","entities":{"url":{"urls":[{"url":"http://t.co/Pe209PEVAL","indices":[0,22],"expanded_url":"http://nieuwsuur.nl/video/665477-rena-netjes-over-haar-veroordeling.html","display_url":"nieuwsuur.nl/video/665477-r…"}]},"description":{"urls":[]}},"followers_count":9087,"profile_sidebar_border_color":"C0DEED","id_str":"19417982","profile_background_color":"C0DEED","listed_count":406,"is_translation_enabled":false,"utc_offset":7200,"statuses_count":62704,"description":"Arabist: Egypt & Libya Correspondent BNR, Parool, TPOnl. Views, clues are my own. RT isn't endorsement. +31687694996 netjes.rena@gmail.com","friends_count":3089,"location":"Amsterdam","profile_link_color":"0084B4","profile_image_url":"http://pbs.twimg.com/profile_images/3655535852/5628d2340f468b3c134d6b469e278abf_normal.png","following":false,"geo_enabled":true,"profile_background_image_url":"http://abs.twimg.com/images/themes/theme1/bg.png","name":"Rena Netjes","lang":"en","profile_background_tile":false,"favourites_count":3688,"screen_name":"RenaNetjes","notifications":false,"url":"http://t.co/Pe209PEVAL","created_at":"Fri Jan 23 22:31:33 +0000 2009","contributors_enabled":false,"time_zone":"Cairo","protected":false,"default_profile":true,"is_translator":false},"geo":null,"in_reply_to_user_id_str":"147910192","lang":"en","created_at":"Mon Dec 15 00:31:42 +0000 2014","in_reply_to_status_id_str":"544288135350583296","place":{"full_name":"Amsterdam, North Holland","url":"https://api.twitter.com/1.1/geo/id/99cdab25eddd6bce.json","country":"Nederland","place_type":"city","bounding_box":{"type":"Polygon","coordinates":[[[4.7288999,52.2782266],[5.0792072,52.2782266],[5.0792072,52.4312289],[4.7288999,52.4312289]]]},"contained_within":[],"country_code":"NL","attributes":{},"id":"99cdab25eddd6bce","name":"Amsterdam"}},
{"contributors":null,"truncated":false,"text":"@RenaNetjes @JFXM That's odd, I checked it again, works fine for me.","in_reply_to_status_id":544288655914045440,"id":544288920083922944,"favorite_count":0,"source":"<a href=\"http://twitter.com\" rel=\"nofollow\">Twitter Web Client</a>","retweeted":false,"coordinates":null,"entities":{"symbols":[],"user_mentions":[{"id":19417982,"indices":[0,11],"id_str":"19417982","screen_name":"RenaNetjes","name":"Rena Netjes"},{"id":20639175,"indices":[12,17],"id_str":"20639175","screen_name":"JFXM","name":"Jack Moore"}],"hashtags":[],"urls":[]},"in_reply_to_screen_name":"RenaNetjes","id_str":"544288920083922944","retweet_count":0,"in_reply_to_user_id":19417982,"favorited":false,"user":{"follow_request_sent":false,"profile_use_background_image":true,"profile_text_color":"333333","default_profile_image":false,"id":147910192,"profile_background_image_url_https":"https://pbs.twimg.com/profile_background_images/105612491/2305_990x742-cb1263224481.jpg","verified":false,"profile_location":null,"profile_image_url_https":"https://pbs.twimg.com/profile_images/378800000783675394/b7a31d2e082b9038ebc4a259c59184d2_normal.jpeg","profile_sidebar_fill_color":"DDEEF6","entities":{"description":{"urls":[]}},"followers_count":155,"profile_sidebar_border_color":"C0DEED","id_str":"147910192","profile_background_color":"C0DEED","listed_count":3,"is_translation_enabled":false,"utc_offset":-10800,"statuses_count":6113,"description":"Never give up. Not all retweets and follows are endorsements.","friends_count":723,"location":"Netherlands","profile_link_color":"0084B4","profile_image_url":"http://pbs.twimg.com/profile_images/378800000783675394/b7a31d2e082b9038ebc4a259c59184d2_normal.jpeg","following":false,"geo_enabled":false,"profile_banner_url":"https://pbs.twimg.com/profile_banners/147910192/1417294153","profile_background_image_url":"http://pbs.twimg.com/profile_background_images/105612491/2305_990x742-cb1263224481.jpg","name":"Inna Nutshell","lang":"en","profile_background_tile":true,"favourites_count":1725,"screen_name":"Inna_Nutshell","notifications":false,"url":null,"created_at":"Tue May 25 10:43:53 +0000 2010","contributors_enabled":false,"time_zone":"Greenland","protected":false,"default_profile":false,"is_translator":false},"geo":null,"in_reply_to_user_id_str":"19417982","lang":"en","created_at":"Mon Dec 15 00:32:45 +0000 2014","in_reply_to_status_id_str":"544288655914045440","place":null},
{"contributors":null,"truncated":false,"text":"@Inna_Nutshell @JFXM probably here the problem.","in_reply_to_status_id":544288920083922944,"id":544289072316166144,"favorite_count":0,"source":"<a href=\"http://twitter.com\" rel=\"nofollow\">Twitter Web Client</a>","retweeted":false,"coordinates":null,"entities":{"symbols":[],"user_mentions":[{"id":147910192,"indices":[0,14],"id_str":"147910192","screen_name":"Inna_Nutshell","name":"Inna Nutshell"},{"id":20639175,"indices":[15,20],"id_str":"20639175","screen_name":"JFXM","name":"Jack Moore"}],"hashtags":[],"urls":[]},"in_reply_to_screen_name":"Inna_Nutshell","id_str":"544289072316166144","retweet_count":0,"in_reply_to_user_id":147910192,"favorited":false,"user":{"follow_request_sent":false,"profile_use_background_image":true,"profile_text_color":"333333","default_profile_image":false,"id":19417982,"profile_background_image_url_https":"https://abs.twimg.com/images/themes/theme1/bg.png","verified":false,"profile_location":null,"profile_image_url_https":"https://pbs.twimg.com/profile_images/3655535852/5628d2340f468b3c134d6b469e278abf_normal.png","profile_sidebar_fill_color":"DDEEF6","entities":{"url":{"urls":[{"url":"http://t.co/Pe209PEVAL","indices":[0,22],"expanded_url":"http://nieuwsuur.nl/video/665477-rena-netjes-over-haar-veroordeling.html","display_url":"nieuwsuur.nl/video/665477-r…"}]},"description":{"urls":[]}},"followers_count":9087,"profile_sidebar_border_color":"C0DEED","id_str":"19417982","profile_background_color":"C0DEED","listed_count":406,"is_translation_enabled":false,"utc_offset":7200,"statuses_count":62704,"description":"Arabist: Egypt & Libya Correspondent BNR, Parool, TPOnl. Views, clues are my own. RT isn't endorsement. +31687694996 netjes.rena@gmail.com","friends_count":3089,"location":"Amsterdam","profile_link_color":"0084B4","profile_image_url":"http://pbs.twimg.com/profile_images/3655535852/5628d2340f468b3c134d6b469e278abf_normal.png","following":false,"geo_enabled":true,"profile_background_image_url":"http://abs.twimg.com/images/themes/theme1/bg.png","name":"Rena Netjes","lang":"en","profile_background_tile":false,"favourites_count":3688,"screen_name":"RenaNetjes","notifications":false,"url":"http://t.co/Pe209PEVAL","created_at":"Fri Jan 23 22:31:33 +0000 2009","contributors_enabled":false,"time_zone":"Cairo","protected":false,"default_profile":true,"is_translator":false},"geo":null,"in_reply_to_user_id_str":"147910192","lang":"en","created_at":"Mon Dec 15 00:33:21 +0000 2014","in_reply_to_status_id_str":"544288920083922944","place":{"full_name":"Amsterdam, North Holland","url":"https://api.twitter.com/1.1/geo/id/99cdab25eddd6bce.json","country":"Nederland","place_type":"city","bounding_box":{"type":"Polygon","coordinates":[[[4.7288999,52.2782266],[5.0792072,52.2782266],[5.0792072,52.4312289],[4.7288999,52.4312289]]]},"contained_within":[],"country_code":"NL","attributes":{},"id":"99cdab25eddd6bce","name":"Amsterdam"}},
{"contributors":null,"truncated":false,"text":"@RenaNetjes @JFXM maybe via this one? http://t.co/Efp0GNDn27","in_reply_to_status_id":544288655914045440,"id":544289346246164481,"favorite_count":1,"source":"<a href=\"http://twitter.com\" rel=\"nofollow\">Twitter Web Client</a>","retweeted":false,"coordinates":null,"entities":{"symbols":[],"user_mentions":[{"id":19417982,"indices":[0,11],"id_str":"19417982","screen_name":"RenaNetjes","name":"Rena Netjes"},{"id":20639175,"indices":[12,17],"id_str":"20639175","screen_name":"JFXM","name":"Jack Moore"}],"hashtags":[],"urls":[{"url":"http://t.co/Efp0GNDn27","indices":[38,60],"expanded_url":"http://www.3news.co.nz/video/livestream-martin-pl-sydney-hostage-crisis-2014121512","display_url":"3news.co.nz/video/livestre…"}]},"in_reply_to_screen_name":"RenaNetjes","id_str":"544289346246164481","retweet_count":0,"in_reply_to_user_id":19417982,"favorited":false,"user":{"follow_request_sent":false,"profile_use_background_image":true,"profile_text_color":"333333","default_profile_image":false,"id":147910192,"profile_background_image_url_https":"https://pbs.twimg.com/profile_background_images/105612491/2305_990x742-cb1263224481.jpg","verified":false,"profile_location":null,"profile_image_url_https":"https://pbs.twimg.com/profile_images/378800000783675394/b7a31d2e082b9038ebc4a259c59184d2_normal.jpeg","profile_sidebar_fill_color":"DDEEF6","entities":{"description":{"urls":[]}},"followers_count":155,"profile_sidebar_border_color":"C0DEED","id_str":"147910192","profile_background_color":"C0DEED","listed_count":3,"is_translation_enabled":false,"utc_offset":-10800,"statuses_count":6113,"description":"Never give up. Not all retweets and follows are endorsements.","friends_count":723,"location":"Netherlands","profile_link_color":"0084B4","profile_image_url":"http://pbs.twimg.com/profile_images/378800000783675394/b7a31d2e082b9038ebc4a259c59184d2_normal.jpeg","following":false,"geo_enabled":false,"profile_banner_url":"https://pbs.twimg.com/profile_banners/147910192/1417294153","profile_background_image_url":"http://pbs.twimg.com/profile_background_images/105612491/2305_990x742-cb1263224481.jpg","name":"Inna Nutshell","lang":"en","profile_background_tile":true,"favourites_count":1725,"screen_name":"Inna_Nutshell","notifications":false,"url":null,"created_at":"Tue May 25 10:43:53 +0000 2010","contributors_enabled":false,"time_zone":"Greenland","protected":false,"default_profile":false,"is_translator":false},"geo":null,"in_reply_to_user_id_str":"19417982","possibly_sensitive":false,"lang":"en","created_at":"Mon Dec 15 00:34:27 +0000 2014","in_reply_to_status_id_str":"544288655914045440","place":null},
{"contributors":null,"truncated":false,"text":"@JFXM @HalaJaber sounds like a person needing mental health care? urgently. how did he get a gun.","in_reply_to_status_id":544287165912735744,"id":544289754305425408,"favorite_count":0,"source":"<a href=\"http://twitter.com\" rel=\"nofollow\">Twitter Web Client</a>","retweeted":false,"coordinates":null,"entities":{"symbols":[],"user_mentions":[{"id":20639175,"indices":[0,5],"id_str":"20639175","screen_name":"JFXM","name":"Jack Moore"},{"id":39237910,"indices":[6,16],"id_str":"39237910","screen_name":"HalaJaber","name":"Hala Jaber"}],"hashtags":[],"urls":[]},"in_reply_to_screen_name":"JFXM","id_str":"544289754305425408","retweet_count":0,"in_reply_to_user_id":20639175,"favorited":false,"user":{"follow_request_sent":false,"profile_use_background_image":true,"profile_text_color":"333333","default_profile_image":true,"id":22095149,"profile_background_image_url_https":"https://abs.twimg.com/images/themes/theme1/bg.png","verified":false,"profile_location":null,"profile_image_url_https":"https://abs.twimg.com/sticky/default_profile_images/default_profile_6_normal.png","profile_sidebar_fill_color":"DDEEF6","entities":{"description":{"urls":[]}},"followers_count":232,"profile_sidebar_border_color":"C0DEED","id_str":"22095149","profile_background_color":"C0DEED","listed_count":5,"is_translation_enabled":false,"utc_offset":-36000,"statuses_count":13994,"description":"","friends_count":654,"location":"","profile_link_color":"0084B4","profile_image_url":"http://abs.twimg.com/sticky/default_profile_images/default_profile_6_normal.png","following":false,"geo_enabled":false,"profile_background_image_url":"http://abs.twimg.com/images/themes/theme1/bg.png","name":"rose lane","lang":"en","profile_background_tile":false,"favourites_count":5,"screen_name":"pully8","notifications":false,"url":null,"created_at":"Fri Feb 27 02:09:30 +0000 2009","contributors_enabled":false,"time_zone":"Hawaii","protected":false,"default_profile":true,"is_translator":false},"geo":null,"in_reply_to_user_id_str":"20639175","lang":"en","created_at":"Mon Dec 15 00:36:04 +0000 2014","in_reply_to_status_id_str":"544287165912735744","place":null},
{"contributors":null,"truncated":false,"text":"@JFXM @HalaJaber this begins to sound less credible as a planned act of terrorism.","in_reply_to_status_id":544287165912735744,"id":544290017808752640,"favorite_count":3,"source":"<a href=\"http://twitter.com/download/android\" rel=\"nofollow\">Twitter for Android</a>","retweeted":false,"coordinates":null,"entities":{"symbols":[],"user_mentions":[{"id":20639175,"indices":[0,5],"id_str":"20639175","screen_name":"JFXM","name":"Jack Moore"},{"id":39237910,"indices":[6,16],"id_str":"39237910","screen_name":"HalaJaber","name":"Hala Jaber"}],"hashtags":[],"urls":[]},"in_reply_to_screen_name":"JFXM","id_str":"544290017808752640","retweet_count":0,"in_reply_to_user_id":20639175,"favorited":false,"user":{"follow_request_sent":false,"profile_use_background_image":true,"profile_text_color":"333333","default_profile_image":false,"id":17879224,"profile_background_image_url_https":"https://abs.twimg.com/images/themes/theme1/bg.png","verified":false,"profile_location":null,"profile_image_url_https":"https://pbs.twimg.com/profile_images/2175126934/Eric_Jan_17_2012_normal.jpg","profile_sidebar_fill_color":"DDEEF6","entities":{"url":{"urls":[{"url":"https://t.co/VbOL0zD3g0","indices":[0,23],"expanded_url":"https://plus.google.com/u/0/photos/116888146386898848586/albums","display_url":"plus.google.com/u/0/photos/116…"}]},"description":{"urls":[]}},"followers_count":302,"profile_sidebar_border_color":"C0DEED","id_str":"17879224","profile_background_color":"C0DEED","listed_count":14,"is_translation_enabled":false,"utc_offset":-18000,"statuses_count":13250,"description":"Co-chair Security Studies Cttee (Royal Canadian Military Inst @rcmiHQ); About to release book on Roman foreign relations.","friends_count":192,"location":"Toronto","profile_link_color":"0084B4","profile_image_url":"http://pbs.twimg.com/profile_images/2175126934/Eric_Jan_17_2012_normal.jpg","following":false,"geo_enabled":true,"profile_background_image_url":"http://abs.twimg.com/images/themes/theme1/bg.png","name":"Eric Morse","lang":"en","profile_background_tile":false,"favourites_count":1548,"screen_name":"eriq49","notifications":false,"url":"https://t.co/VbOL0zD3g0","created_at":"Thu Dec 04 21:10:36 +0000 2008","contributors_enabled":false,"time_zone":"Eastern Time (US & Canada)","protected":false,"default_profile":true,"is_translator":false},"geo":null,"in_reply_to_user_id_str":"20639175","lang":"en","created_at":"Mon Dec 15 00:37:07 +0000 2014","in_reply_to_status_id_str":"544287165912735744","place":null},
{"contributors":null,"truncated":false,"text":"@JFXM send the gunman to hell and tell him \"PISS ON U\" 😜","in_reply_to_status_id":544287165912735744,"id":544300244393930752,"favorite_count":0,"source":"<a href=\"http://twitter.com/download/iphone\" rel=\"nofollow\">Twitter for iPhone</a>","retweeted":false,"coordinates":null,"entities":{"symbols":[],"user_mentions":[{"id":20639175,"indices":[0,5],"id_str":"20639175","screen_name":"JFXM","name":"Jack Moore"}],"hashtags":[],"urls":[]},"in_reply_to_screen_name":"JFXM","id_str":"544300244393930752","retweet_count":0,"in_reply_to_user_id":20639175,"favorited":false,"user":{"follow_request_sent":false,"profile_use_background_image":true,"profile_text_color":"333333","default_profile_image":false,"id":2608761522,"profile_background_image_url_https":"https://abs.twimg.com/images/themes/theme1/bg.png","verified":false,"profile_location":null,"profile_image_url_https":"https://pbs.twimg.com/profile_images/583598022434496512/DlY9j1fe_normal.jpg","profile_sidebar_fill_color":"DDEEF6","entities":{"description":{"urls":[]}},"followers_count":93,"profile_sidebar_border_color":"C0DEED","id_str":"2608761522","profile_background_color":"C0DEED","listed_count":0,"is_translation_enabled":false,"utc_offset":null,"statuses_count":1708,"description":"No ifs No Butts, only Buttz - Gullu Buttz","friends_count":388,"location":"Entire Pakistan","profile_link_color":"0084B4","profile_image_url":"http://pbs.twimg.com/profile_images/583598022434496512/DlY9j1fe_normal.jpg","following":false,"geo_enabled":false,"profile_banner_url":"https://pbs.twimg.com/profile_banners/2608761522/1418432752","profile_background_image_url":"http://abs.twimg.com/images/themes/theme1/bg.png","name":"RESTLESS SOUL","lang":"en","profile_background_tile":false,"favourites_count":2769,"screen_name":"GulluButtz","notifications":false,"url":null,"created_at":"Mon Jul 07 02:48:56 +0000 2014","contributors_enabled":false,"time_zone":null,"protected":false,"default_profile":true,"is_translator":false},"geo":null,"in_reply_to_user_id_str":"20639175","lang":"en","created_at":"Mon Dec 15 01:17:45 +0000 2014","in_reply_to_status_id_str":"544287165912735744","place":null},
{"contributors":null,"truncated":false,"text":"@JFXM @Que_Bueno I'm calling his bluff!!!","in_reply_to_status_id":544287165912735744,"id":544300817285541888,"favorite_count":0,"source":"<a href=\"http://twitter.com/download/iphone\" rel=\"nofollow\">Twitter for iPhone</a>","retweeted":false,"coordinates":null,"entities":{"symbols":[],"user_mentions":[{"id":20639175,"indices":[0,5],"id_str":"20639175","screen_name":"JFXM","name":"Jack Moore"},{"id":32583066,"indices":[6,16],"id_str":"32583066","screen_name":"Que_Bueno","name":"Mr. Coffee"}],"hashtags":[],"urls":[]},"in_reply_to_screen_name":"JFXM","id_str":"544300817285541888","retweet_count":0,"in_reply_to_user_id":20639175,"favorited":false,"user":{"follow_request_sent":false,"profile_use_background_image":true,"profile_text_color":"333333","default_profile_image":false,"id":329454031,"profile_background_image_url_https":"https://abs.twimg.com/images/themes/theme1/bg.png","verified":false,"profile_location":null,"profile_image_url_https":"https://pbs.twimg.com/profile_images/3368410295/3f1e274ba5fc66d7672da753c7a6dc96_normal.jpeg","profile_sidebar_fill_color":"DDEEF6","entities":{"description":{"urls":[]}},"followers_count":88,"profile_sidebar_border_color":"C0DEED","id_str":"329454031","profile_background_color":"C0DEED","listed_count":0,"is_translation_enabled":false,"utc_offset":null,"statuses_count":2401,"description":"","friends_count":711,"location":"","profile_link_color":"0084B4","profile_image_url":"http://pbs.twimg.com/profile_images/3368410295/3f1e274ba5fc66d7672da753c7a6dc96_normal.jpeg","following":false,"geo_enabled":true,"profile_banner_url":"https://pbs.twimg.com/profile_banners/329454031/1362969720","profile_background_image_url":"http://abs.twimg.com/images/themes/theme1/bg.png","name":" bigcliner69er","lang":"en","profile_background_tile":false,"favourites_count":483,"screen_name":"bigcliner69er","notifications":false,"url":null,"created_at":"Tue Jul 05 03:15:24 +0000 2011","contributors_enabled":false,"time_zone":null,"protected":false,"default_profile":true,"is_translator":false},"geo":null,"in_reply_to_user_id_str":"20639175","lang":"en","created_at":"Mon Dec 15 01:20:02 +0000 2014","in_reply_to_status_id_str":"544287165912735744","place":null},
{"contributors":null,"truncated":false,"text":"@bigcliner69er I worry that the fact he has the hostages in the window for all to see and holding terroristic flags means he isn't bluffing","in_reply_to_status_id":544300817285541888,"id":544303022491582464,"favorite_count":0,"source":"<a href=\"http://twitter.com/#!/download/ipad\" rel=\"nofollow\">Twitter for iPad</a>","retweeted":false,"coordinates":null,"entities":{"symbols":[],"user_mentions":[{"id":329454031,"indices":[0,14],"id_str":"329454031","screen_name":"bigcliner69er","name":" bigcliner69er"}],"hashtags":[],"urls":[]},"in_reply_to_screen_name":"bigcliner69er","id_str":"544303022491582464","retweet_count":0,"in_reply_to_user_id":329454031,"favorited":false,"user":{"follow_request_sent":false,"profile_use_background_image":false,"profile_text_color":"7A5C45","default_profile_image":false,"id":32583066,"profile_background_image_url_https":"https://pbs.twimg.com/profile_background_images/509388025004974081/CRC2lQz9.jpeg","verified":false,"profile_location":null,"profile_image_url_https":"https://pbs.twimg.com/profile_images/586231744543657984/v8MWjrmx_normal.jpg","profile_sidebar_fill_color":"281E17","entities":{"description":{"urls":[]}},"followers_count":392,"profile_sidebar_border_color":"7A5C45","id_str":"32583066","profile_background_color":"3C2C22","listed_count":4,"is_translation_enabled":false,"utc_offset":-18000,"statuses_count":44033,"description":"All this SEC Speed is slowing me down \r\n#BBN","friends_count":767,"location":"Lexington, Kentucky ","profile_link_color":"54493E","profile_image_url":"http://pbs.twimg.com/profile_images/586231744543657984/v8MWjrmx_normal.jpg","following":false,"geo_enabled":false,"profile_banner_url":"https://pbs.twimg.com/profile_banners/32583066/1409779812","profile_background_image_url":"http://pbs.twimg.com/profile_background_images/509388025004974081/CRC2lQz9.jpeg","name":"Mr. Coffee","lang":"en","profile_background_tile":false,"favourites_count":2854,"screen_name":"Que_Bueno","notifications":false,"url":null,"created_at":"Fri Apr 17 21:03:58 +0000 2009","contributors_enabled":false,"time_zone":"Eastern Time (US & Canada)","protected":false,"default_profile":false,"is_translator":false},"geo":null,"in_reply_to_user_id_str":"329454031","lang":"en","created_at":"Mon Dec 15 01:28:47 +0000 2014","in_reply_to_status_id_str":"544300817285541888","place":null},
{"contributors":null,"truncated":false,"text":"@bigcliner69er In other words he ***may*** want the world to see what's about to happen.\n\nLet's hope not.","in_reply_to_status_id":544300817285541888,"id":544303299055587330,"favorite_count":0,"source":"<a href=\"http://twitter.com/#!/download/ipad\" rel=\"nofollow\">Twitter for iPad</a>","retweeted":false,"coordinates":null,"entities":{"symbols":[],"user_mentions":[{"id":329454031,"indices":[0,14],"id_str":"329454031","screen_name":"bigcliner69er","name":" bigcliner69er"}],"hashtags":[],"urls":[]},"in_reply_to_screen_name":"bigcliner69er","id_str":"544303299055587330","retweet_count":0,"in_reply_to_user_id":329454031,"favorited":false,"user":{"follow_request_sent":false,"profile_use_background_image":false,"profile_text_color":"7A5C45","default_profile_image":false,"id":32583066,"profile_background_image_url_https":"https://pbs.twimg.com/profile_background_images/509388025004974081/CRC2lQz9.jpeg","verified":false,"profile_location":null,"profile_image_url_https":"https://pbs.twimg.com/profile_images/586231744543657984/v8MWjrmx_normal.jpg","profile_sidebar_fill_color":"281E17","entities":{"description":{"urls":[]}},"followers_count":392,"profile_sidebar_border_color":"7A5C45","id_str":"32583066","profile_background_color":"3C2C22","listed_count":4,"is_translation_enabled":false,"utc_offset":-18000,"statuses_count":44033,"description":"All this SEC Speed is slowing me down \r\n#BBN","friends_count":767,"location":"Lexington, Kentucky ","profile_link_color":"54493E","profile_image_url":"http://pbs.twimg.com/profile_images/586231744543657984/v8MWjrmx_normal.jpg","following":false,"geo_enabled":false,"profile_banner_url":"https://pbs.twimg.com/profile_banners/32583066/1409779812","profile_background_image_url":"http://pbs.twimg.com/profile_background_images/509388025004974081/CRC2lQz9.jpeg","name":"Mr. Coffee","lang":"en","profile_background_tile":false,"favourites_count":2854,"screen_name":"Que_Bueno","notifications":false,"url":null,"created_at":"Fri Apr 17 21:03:58 +0000 2009","contributors_enabled":false,"time_zone":"Eastern Time (US & Canada)","protected":false,"default_profile":false,"is_translator":false},"geo":null,"in_reply_to_user_id_str":"329454031","lang":"en","created_at":"Mon Dec 15 01:29:53 +0000 2014","in_reply_to_status_id_str":"544300817285541888","place":null},
{"contributors":null,"truncated":false,"text":"Prise d'#otage à #Sydney : L'angoisse se prolonge - “@JFXM: Gunman in #SydneySiege has told police he has \"devices all over the city\" .","in_reply_to_status_id":544287165912735744,"id":544303482984214528,"favorite_count":1,"source":"<a href=\"http://twitter.com/download/iphone\" rel=\"nofollow\">Twitter for iPhone</a>","retweeted":false,"coordinates":null,"entities":{"symbols":[],"user_mentions":[{"id":20639175,"indices":[53,58],"id_str":"20639175","screen_name":"JFXM","name":"Jack Moore"}],"hashtags":[{"indices":[8,14],"text":"otage"},{"indices":[17,24],"text":"Sydney"},{"indices":[70,82],"text":"SydneySiege"}],"urls":[]},"in_reply_to_screen_name":"JFXM","id_str":"544303482984214528","retweet_count":0,"in_reply_to_user_id":20639175,"favorited":false,"user":{"follow_request_sent":false,"profile_use_background_image":true,"profile_text_color":"333333","default_profile_image":false,"id":174050336,"profile_background_image_url_https":"https://abs.twimg.com/images/themes/theme1/bg.png","verified":false,"profile_location":null,"profile_image_url_https":"https://pbs.twimg.com/profile_images/582707974734520320/5aSQecWs_normal.jpg","profile_sidebar_fill_color":"DDEEF6","entities":{"description":{"urls":[]}},"followers_count":751,"profile_sidebar_border_color":"C0DEED","id_str":"174050336","profile_background_color":"C0DEED","listed_count":19,"is_translation_enabled":false,"utc_offset":-36000,"statuses_count":1425,"description":"Journaliste - Real-time #news at @itele -@Canalplus - @D8 // ex-@RTLFrance (@Hondelatte girl) : #justice #faitsdivers// Diplômée en Criminologie","friends_count":1891,"location":"Paris, Earth ","profile_link_color":"0084B4","profile_image_url":"http://pbs.twimg.com/profile_images/582707974734520320/5aSQecWs_normal.jpg","following":false,"geo_enabled":true,"profile_banner_url":"https://pbs.twimg.com/profile_banners/174050336/1376298429","profile_background_image_url":"http://abs.twimg.com/images/themes/theme1/bg.png","name":"Sabrina Bierlein","lang":"fr","profile_background_tile":false,"favourites_count":756,"screen_name":"sabrinabierlein","notifications":false,"url":null,"created_at":"Tue Aug 03 00:18:31 +0000 2010","contributors_enabled":false,"time_zone":"Hawaii","protected":false,"default_profile":true,"is_translator":false},"geo":null,"in_reply_to_user_id_str":"20639175","lang":"fr","created_at":"Mon Dec 15 01:30:37 +0000 2014","in_reply_to_status_id_str":"544287165912735744","place":null},
{"contributors":null,"truncated":false,"text":"@Que_Bueno-most impt is how we treat this terrorist once captured. Can only pray it's with the respect and dignity that terrorists deserve.","in_reply_to_status_id":544303299055587330,"id":544303939911303169,"favorite_count":0,"source":"<a href=\"http://twitter.com/download/iphone\" rel=\"nofollow\">Twitter for iPhone</a>","retweeted":false,"coordinates":null,"entities":{"symbols":[],"user_mentions":[{"id":32583066,"indices":[0,10],"id_str":"32583066","screen_name":"Que_Bueno","name":"Mr. Coffee"}],"hashtags":[],"urls":[]},"in_reply_to_screen_name":"Que_Bueno","id_str":"544303939911303169","retweet_count":0,"in_reply_to_user_id":32583066,"favorited":false,"user":{"follow_request_sent":false,"profile_use_background_image":true,"profile_text_color":"333333","default_profile_image":false,"id":329454031,"profile_background_image_url_https":"https://abs.twimg.com/images/themes/theme1/bg.png","verified":false,"profile_location":null,"profile_image_url_https":"https://pbs.twimg.com/profile_images/3368410295/3f1e274ba5fc66d7672da753c7a6dc96_normal.jpeg","profile_sidebar_fill_color":"DDEEF6","entities":{"description":{"urls":[]}},"followers_count":88,"profile_sidebar_border_color":"C0DEED","id_str":"329454031","profile_background_color":"C0DEED","listed_count":0,"is_translation_enabled":false,"utc_offset":null,"statuses_count":2401,"description":"","friends_count":711,"location":"","profile_link_color":"0084B4","profile_image_url":"http://pbs.twimg.com/profile_images/3368410295/3f1e274ba5fc66d7672da753c7a6dc96_normal.jpeg","following":false,"geo_enabled":true,"profile_banner_url":"https://pbs.twimg.com/profile_banners/329454031/1362969720","profile_background_image_url":"http://abs.twimg.com/images/themes/theme1/bg.png","name":" bigcliner69er","lang":"en","profile_background_tile":false,"favourites_count":483,"screen_name":"bigcliner69er","notifications":false,"url":null,"created_at":"Tue Jul 05 03:15:24 +0000 2011","contributors_enabled":false,"time_zone":null,"protected":false,"default_profile":true,"is_translator":false},"geo":null,"in_reply_to_user_id_str":"32583066","lang":"en","created_at":"Mon Dec 15 01:32:26 +0000 2014","in_reply_to_status_id_str":"544303299055587330","place":null},
{"contributors":null,"truncated":false,"text":"@JFXM run @MuneraIsFab","in_reply_to_status_id":544287165912735744,"id":544308074991726592,"favorite_count":0,"source":"<a href=\"http://twitter.com/download/iphone\" rel=\"nofollow\">Twitter for iPhone</a>","retweeted":false,"coordinates":null,"entities":{"symbols":[],"user_mentions":[{"id":20639175,"indices":[0,5],"id_str":"20639175","screen_name":"JFXM","name":"Jack Moore"},{"id":326936495,"indices":[10,22],"id_str":"326936495","screen_name":"MuneraIsFab","name":"DR▲GON FOOT HOE"}],"hashtags":[],"urls":[]},"in_reply_to_screen_name":"JFXM","id_str":"544308074991726592","retweet_count":0,"in_reply_to_user_id":20639175,"favorited":false,"user":{"follow_request_sent":false,"profile_use_background_image":true,"profile_text_color":"333333","default_profile_image":false,"id":2448677148,"profile_background_image_url_https":"https://abs.twimg.com/images/themes/theme1/bg.png","verified":false,"profile_location":null,"profile_image_url_https":"https://pbs.twimg.com/profile_images/589437612835741696/a2EGqOar_normal.jpg","profile_sidebar_fill_color":"DDEEF6","entities":{"url":{"urls":[{"url":"http://t.co/u44ndeltb9","indices":[0,22],"expanded_url":"http://youtu.be/uZER2wHyvVs","display_url":"youtu.be/uZER2wHyvVs"}]},"description":{"urls":[]}},"followers_count":1487,"profile_sidebar_border_color":"C0DEED","id_str":"2448677148","profile_background_color":"C0DEED","listed_count":1,"is_translation_enabled":false,"utc_offset":-25200,"statuses_count":1216,"description":"","friends_count":110,"location":"","profile_link_color":"0084B4","profile_image_url":"http://pbs.twimg.com/profile_images/589437612835741696/a2EGqOar_normal.jpg","following":false,"geo_enabled":false,"profile_banner_url":"https://pbs.twimg.com/profile_banners/2448677148/1417590505","profile_background_image_url":"http://abs.twimg.com/images/themes/theme1/bg.png","name":"slayvergent","lang":"en","profile_background_tile":false,"favourites_count":7493,"screen_name":"slayvergent","notifications":false,"url":"http://t.co/u44ndeltb9","created_at":"Thu Apr 17 03:15:47 +0000 2014","contributors_enabled":false,"time_zone":"Arizona","protected":false,"default_profile":true,"is_translator":false},"geo":null,"in_reply_to_user_id_str":"20639175","lang":"und","created_at":"Mon Dec 15 01:48:52 +0000 2014","in_reply_to_status_id_str":"544287165912735744","place":null},
{"contributors":null,"truncated":false,"text":"@JFXM @Zaibyx dis seems sm cheap popularity stunt","in_reply_to_status_id":544287165912735744,"id":544318362952531968,"favorite_count":0,"source":"<a href=\"http://twitter.com/download/iphone\" rel=\"nofollow\">Twitter for iPhone</a>","retweeted":false,"coordinates":null,"entities":{"symbols":[],"user_mentions":[{"id":20639175,"indices":[0,5],"id_str":"20639175","screen_name":"JFXM","name":"Jack Moore"},{"id":92508097,"indices":[6,13],"id_str":"92508097","screen_name":"Zaibyx","name":"✨Rajkumari✨"}],"hashtags":[],"urls":[]},"in_reply_to_screen_name":"JFXM","id_str":"544318362952531968","retweet_count":0,"in_reply_to_user_id":20639175,"favorited":false,"user":{"follow_request_sent":false,"profile_use_background_image":true,"profile_text_color":"333333","default_profile_image":false,"id":234469670,"profile_background_image_url_https":"https://pbs.twimg.com/profile_background_images/715236909/3bbba0cb502e2588b0237b7ce51d23b0.jpeg","verified":false,"profile_location":null,"profile_image_url_https":"https://pbs.twimg.com/profile_images/580030460425732096/8MYWdAJc_normal.jpg","profile_sidebar_fill_color":"DDFFCC","entities":{"description":{"urls":[]}},"followers_count":250,"profile_sidebar_border_color":"FFFFFF","id_str":"234469670","profile_background_color":"9AE4E8","listed_count":1,"is_translation_enabled":false,"utc_offset":18000,"statuses_count":19294,"description":"Mobilinker... Alamgirian... NUSTian...Die hard fan ov Chelsea FC...Interested in news and sports gossip.","friends_count":758,"location":"Rawalpindi","profile_link_color":"0084B4","profile_image_url":"http://pbs.twimg.com/profile_images/580030460425732096/8MYWdAJc_normal.jpg","following":false,"geo_enabled":true,"profile_banner_url":"https://pbs.twimg.com/profile_banners/234469670/1353270735","profile_background_image_url":"http://pbs.twimg.com/profile_background_images/715236909/3bbba0cb502e2588b0237b7ce51d23b0.jpeg","name":"Kashif Siraj","lang":"en","profile_background_tile":true,"favourites_count":4073,"screen_name":"kashifsiraj23","notifications":false,"url":null,"created_at":"Wed Jan 05 18:54:07 +0000 2011","contributors_enabled":false,"time_zone":"Islamabad","protected":false,"default_profile":false,"is_translator":false},"geo":null,"in_reply_to_user_id_str":"20639175","lang":"en","created_at":"Mon Dec 15 02:29:45 +0000 2014","in_reply_to_status_id_str":"544287165912735744","place":null}
]