{"contributors": null, "truncated": false, "text": "UPDATE: An ISIS flag is being displayed in the window of a caf\u00e9 under siege in Sydney\u2019s Martin Place. #9News", "in_reply_to_status_id": null, "id": 544268637134393344, "favorite_count": 39, "source": "<a href=\"http://www.hootsuite.com\" rel=\"nofollow\">Hootsuite</a>", "retweeted": false, "coordinates": null, "entities": {"symbols": [], "user_mentions": [], "hashtags": [{"indices": [102, 108], "text": "9News"}], "urls": []}, "in_reply_to_screen_name": null, "id_str": "544268637134393344", "retweet_count": 202, "in_reply_to_user_id": null, "favorited": false, "user": {"follow_request_sent": false, "profile_use_background_image": true, "profile_text_color": "333333", "default_profile_image": false, "id": 171802941, "profile_background_image_url_https": "https://pbs.twimg.com/profile_background_images/410174525/101.jpg", "verified": true, "profile_location": null, "profile_image_url_https": "https://pbs.twimg.com/profile_images/2908412290/1e38e184949f80bd82524e3f73b6bc21_normal.jpeg", "profile_sidebar_fill_color": "DDEEF6", "entities": {"url": {"urls": [{"url": "http://t.co/eLn1hH0tdL", "indices": [0, 22], "expanded_url": "http://www.facebook.com/9News", "display_url": "facebook.com/9News"}]}, "description": {"urls": [{"url": "http://t.co/UNg2GQKagK", "indices": [90, 112], "expanded_url": "http://ninem.sn/YOP2TBk", "display_url": "ninem.sn/YOP2TBk"}]}}, "followers_count": 26903, "profile_sidebar_border_color": "C0DEED", "id_str": "171802941", "profile_background_color": "0D0165", "listed_count": 363, "is_translation_enabled": false, "utc_offset": 39600, "statuses_count": 64227, "description": "Sydney's No.1 News with @PeterOverton, nightly at 6pm on @Channel9. Community Guidelines: http://t.co/UNg2GQKagK\u00a0", "friends_count": 1644, "location": "Sydney, Australia ", "profile_link_color": "0084B4", "profile_image_url": "http://pbs.twimg.com/profile_images/2908412290/1e38e184949f80bd82524e3f73b6bc21_normal.jpeg", "following": false, "geo_enabled": false, "profile_banner_url": "https://pbs.twimg.com/profile_banners/171802941/1379397880", "profile_background_image_url": "http://pbs.twimg.com/profile_background_images/410174525/101.jpg", "name": "Nine News Sydney", "lang": "en", "profile_background_tile": false, "favourites_count": 337, "screen_name": "9NewsSyd", "notifications": false, "url": "http://t.co/eLn1hH0tdL", "created_at": "Wed Jul 28 05:48:13 +0000 2010", "contributors_enabled": false, "time_zone": "Sydney", "protected": false, "default_profile": false, "is_translator": false}, "geo": null, "in_reply_to_user_id_str": null, "lang": "en", "created_at": "Sun Dec 14 23:12:09 +0000 2014", "in_reply_to_status_id_str": null, "place": null}