{"contributors": null, "truncated": false, "text": "Are you in #Sydney? Have you witnessed the #MartinPlaceSiege? Tweet us NOW at @BBC_HaveYourSay #sydneysiege http://t.co/NBveZGlDni", "in_reply_to_status_id": null, "id": 544288009747566592, "favorite_count": 43, "source": "<a href=\"https://about.twitter.com/products/tweetdeck\" rel=\"nofollow\">TweetDeck</a>", "retweeted": false, "coordinates": null, "entities": {"symbols": [], "user_mentions": [{"id": 14154272, "indices": [78, 94], "id_str": "14154272", "screen_name": "BBC_HaveYourSay", "name": "BBC_HaveYourSay"}], "hashtags": [{"indices": [11, 18], "text": "Sydney"}, {"indices": [43, 60], "text": "MartinPlaceSiege"}, {"indices": [95, 107], "text": "sydneysiege"}], "urls": [{"url": "http://t.co/NBveZGlDni", "indices": [108, 130], "expanded_url": "http://bbc.in/1ssFSYV", "display_url": "bbc.in/1ssFSYV"}]}, "in_reply_to_screen_name": null, "id_str": "544288009747566592", "retweet_count": 103, "in_reply_to_user_id": null, "favorited": false, "user": {"follow_request_sent": false, "profile_use_background_image": true, "profile_text_color": "333333", "default_profile_image": false, "id": 2799960092, "profile_background_image_url_https": "https://pbs.twimg.com/profile_background_images/524211266177339393/CPcYE6dQ.jpeg", "verified": true, "profile_location": null, "profile_image_url_https": "https://pbs.twimg.com/profile_images/522360216923279361/M7cj_Bq5_normal.jpeg", "profile_sidebar_fill_color": "DDEEF6", "entities": {"url": {"urls": [{"url": "http://t.co/BpE9AXyAQz", "indices": [0, 22], "expanded_url": "http://www.bbc.com/news/world/australia/", "display_url": "bbc.com/news/world/aus\u2026"}]}, "description": {"urls": []}}, "followers_count": 12345, "profile_sidebar_border_color": "FFFFFF", "id_str": "2799960092", "profile_background_color": "FFFFFF", "listed_count": 169, "is_translation_enabled": false, "utc_offset": 0, "statuses_count": 1035, "description": "Bringing you the latest news, features, videos and analysis pieces from the BBC down under.", "friends_count": 31, "location": "Sydney", "profile_link_color": "1F527B", "profile_image_url": "http://pbs.twimg.com/profile_images/522360216923279361/M7cj_Bq5_normal.jpeg", "following": false, "geo_enabled": false, "profile_banner_url": "https://pbs.twimg.com/profile_banners/2799960092/1413816410", "profile_background_image_url": "http://pbs.twimg.com/profile_background_images/524211266177339393/CPcYE6dQ.jpeg", "name": "BBC News Australia", "lang": "en", "profile_background_tile": false, "favourites_count": 41, "screen_name": "BBCNewsAus", "notifications": false, "url": "http://t.co/BpE9AXyAQz", "created_at": "Tue Sep 09 13:55:45 +0000 2014", "contributors_enabled": false, "time_zone": "London", "protected": false, "default_profile": false, "is_translator": false}, "geo": null, "in_reply_to_user_id_str": null, "possibly_sensitive": false, "lang": "en", "created_at": "Mon Dec 15 00:29:08 +0000 2014", "in_reply_to_status_id_str": null, "place": null}