[{"contributors":null,"truncated":false,"text":"@Newsweek :(","in_reply_to_status_id":544285194815942657,"id":544285395383754753,"favorite_count":0,"source":"<a href=\"https://about.twitter.com/products/tweetdeck\" rel=\"nofollow\">TweetDeck</a>","retweeted":false,"coordinates":null,"entities":{"symbols":[],"user_mentions":[{"id":2884771,"indices":[0,9],"id_str":"2884771","screen_name":"Newsweek","name":"Newsweek"}],"hashtags":[],"urls":[]},"in_reply_to_screen_name":"Newsweek","id_str":"544285395383754753","retweet_count":0,"in_reply_to_user_id":2884771,"favorited":false,"user":{"follow_request_sent":false,"profile_use_background_image":true,"profile_text_color":"3C3940","default_profile_image":false,"id":225018629,"profile_background_image_url_https":"https://pbs.twimg.com/profile_background_images/180090162/1.jpg","verified":false,"profile_location":null,"profile_image_url_https":"https://pbs.twimg.com/profile_images/1187164292/logo_normal.png","profile_sidebar_fill_color":"95E8EC","entities":{"url":{"urls":[{"url":"http://t.co/JFtCCfCnix","indices":[0,22],"expanded_url":"http://www.saludpanama.com","display_url":"saludpanama.com"}]},"description":{"urls":[{"url":"http://t.co/W7tnkNNKhI","indices":[0,22],"expanded_url":"http://Saludpanama.com","display_url":"Saludpanama.com"}]}},"followers_count":3699,"profile_sidebar_border_color":"5ED4DC","id_str":"225018629","profile_background_color":"0099B9","listed_count":51,"is_translation_enabled":false,"utc_offset":-18000,"statuses_count":14320,"description":"http://t.co/W7tnkNNKhI es tu vínculo vital de información de salud directamente con el doctor. Somos un punto a favor de tu salud!","friends_count":641,"location":"Panama","profile_link_color":"0099B9","profile_image_url":"http://pbs.twimg.com/profile_images/1187164292/logo_normal.png","following":false,"geo_enabled":false,"profile_banner_url":"https://pbs.twimg.com/profile_banners/225018629/1398460081","profile_background_image_url":"http://pbs.twimg.com/profile_background_images/180090162/1.jpg","name":"Revista Saludpanama","lang":"es","profile_background_tile":true,"favourites_count":789,"screen_name":"saludpanama","notifications":false,"url":"http://t.co/JFtCCfCnix","created_at":"Fri Dec 10 13:11:56 +0000 2010","contributors_enabled":false,"time_zone":"Bogota","protected":false,"default_profile":false,"is_translator":false},"geo":null,"in_reply_to_user_id_str":"2884771","lang":"und","created_at":"Mon Dec 15 00:18:45 +0000 2014","in_reply_to_status_id_str":"544285194815942657","place":null},
{"contributors":null,"truncated":false,"text":".@Newsweek FOLLOW LIVE @WilliamsJon Siege Sydney Center. Watch our friends @9NewsSyd http://t.co/kOZ5W33ldx http://t.co/pS2KOG0624 JC Wash","in_reply_to_status_id":544285194815942657,"id":544286000030449664,"favorite_count":0,"source":"<a href=\"http://twitter.com/download/iphone\" rel=\"nofollow\">Twitter for iPhone</a>","retweeted":false,"coordinates":null,"entities":{"symbols":[],"user_mentions":[{"id":2884771,"indices":[1,10],"id_str":"2884771","screen_name":"Newsweek","name":"Newsweek"},{"id":14460241,"indices":[23,35],"id_str":"14460241","screen_name":"WilliamsJon","name":"Jon Williams"},{"id":171802941,"indices":[75,84],"id_str":"171802941","screen_name":"9NewsSyd","name":"Nine News Sydney"}],"hashtags":[],"urls":[{"url":"http://t.co/kOZ5W33ldx","indices":[85,107],"expanded_url":"http://www.9news.com.au/national/2014/12/15/10/00/major-police-operation-in-sydneys-martin-place#6Mo4xhY4cDS6jwjx.99","display_url":"9news.com.au/national/2014/…"}],"media":[{"source_user_id":14460241,"source_status_id_str":"544280707800264704","expanded_url":"http://twitter.com/WilliamsJon/status/544280707800264704/photo/1","display_url":"pic.twitter.com/pS2KOG0624","url":"http://t.co/pS2KOG0624","media_url_https":"https://pbs.twimg.com/media/B42sagEIcAA6R9C.jpg","source_user_id_str":"14460241","source_status_id":544280707800264704,"id_str":"544280701265539072","sizes":{"large":{"h":577,"resize":"fit","w":1024},"small":{"h":191,"resize":"fit","w":340},"medium":{"h":338,"resize":"fit","w":600},"thumb":{"h":150,"resize":"crop","w":150}},"indices":[108,130],"type":"photo","id":544280701265539072,"media_url":"http://pbs.twimg.com/media/B42sagEIcAA6R9C.jpg"}]},"in_reply_to_screen_name":"Newsweek","id_str":"544286000030449664","retweet_count":0,"in_reply_to_user_id":2884771,"favorited":false,"user":{"follow_request_sent":false,"profile_use_background_image":true,"profile_text_color":"333333","default_profile_image":false,"id":16737566,"profile_background_image_url_https":"https://pbs.twimg.com/profile_background_images/13907642/TWITTER_PROFILE_correct.jpg","verified":false,"profile_location":null,"profile_image_url_https":"https://pbs.twimg.com/profile_images/378800000641817282/6f958a2a9d984c08106836eae4ab8407_normal.jpeg","profile_sidebar_fill_color":"DDFFCC","entities":{"description":{"urls":[{"url":"http://t.co/sxUb48HEi8","indices":[81,103],"expanded_url":"http://www.huffingtonpost.co.uk/jonchristopher-bua/barack-obama-ebola_b_5936234.html?utm_hp_ref=uk","display_url":"huffingtonpost.co.uk/jonchristopher…"}]}},"followers_count":1645,"profile_sidebar_border_color":"BDDCAD","id_str":"16737566","profile_background_color":"9AE4E8","listed_count":102,"is_translation_enabled":false,"utc_offset":-18000,"statuses_count":18135,"description":"White House Commentator, US Political Analyst, Speaker. See My Blogs @HuffPostUK http://t.co/sxUb48HEi8 Georgetown University SFS Adjunct Professor Views Mine","friends_count":1996,"location":"Washington DC","profile_link_color":"0084B4","profile_image_url":"http://pbs.twimg.com/profile_images/378800000641817282/6f958a2a9d984c08106836eae4ab8407_normal.jpeg","following":false,"geo_enabled":true,"profile_background_image_url":"http://pbs.twimg.com/profile_background_images/13907642/TWITTER_PROFILE_correct.jpg","name":"Jon-Christopher Bua","lang":"en","profile_background_tile":false,"favourites_count":738,"screen_name":"JCBua","notifications":false,"url":null,"created_at":"Tue Oct 14 13:16:21 +0000 2008","contributors_enabled":false,"time_zone":"Eastern Time (US & Canada)","protected":false,"default_profile":false,"is_translator":false},"geo":null,"in_reply_to_user_id_str":"2884771","possibly_sensitive":false,"lang":"en","created_at":"Mon Dec 15 00:21:09 +0000 2014","in_reply_to_status_id_str":"544285194815942657","place":null,"extended_entities":{"media":[{"source_user_id":14460241,"source_status_id_str":"544280707800264704","expanded_url":"http://twitter.com/WilliamsJon/status/544280707800264704/photo/1","display_url":"pic.twitter.com/pS2KOG0624","url":"http://t.co/pS2KOG0624","media_url_https":"https://pbs.twimg.com/media/B42sagEIcAA6R9C.jpg","source_user_id_str":"14460241","source_status_id":544280707800264704,"id_str":"544280701265539072","sizes":{"large":{"h":577,"resize":"fit","w":1024},"small":{"h":191,"resize":"fit","w":340},"medium":{"h":338,"resize":"fit","w":600},"thumb":{"h":150,"resize":"crop","w":150}},"indices":[108,130],"type":"photo","id":544280701265539072,"media_url":"http://pbs.twimg.com/media/B42sagEIcAA6R9C.jpg"}]}},
{"contributors":null,"truncated":false,"text":"“13 hostages are being held in a Sydney store by apparent jihadist supporters http://t.co/qFMy4C9rRN” rt@Newsweek","in_reply_to_status_id":544285194815942657,"id":544286552739049472,"favorite_count":0,"source":"<a href=\"http://twitter.com/#!/download/ipad\" rel=\"nofollow\">Twitter for iPad</a>","retweeted":false,"coordinates":null,"entities":{"symbols":[],"user_mentions":[{"id":2884771,"indices":[104,113],"id_str":"2884771","screen_name":"Newsweek","name":"Newsweek"}],"hashtags":[],"urls":[{"url":"http://t.co/qFMy4C9rRN","indices":[78,100],"expanded_url":"http://bit.ly/1Dy2xru","display_url":"bit.ly/1Dy2xru"}]},"in_reply_to_screen_name":"Newsweek","id_str":"544286552739049472","retweet_count":2,"in_reply_to_user_id":2884771,"favorited":false,"user":{"follow_request_sent":false,"profile_use_background_image":true,"profile_text_color":"3C3940","default_profile_image":false,"id":62591883,"profile_background_image_url_https":"https://abs.twimg.com/images/themes/theme4/bg.gif","verified":false,"profile_location":null,"profile_image_url_https":"https://pbs.twimg.com/profile_images/2311438474/image_normal.jpg","profile_sidebar_fill_color":"95E8EC","entities":{"description":{"urls":[]}},"followers_count":1811,"profile_sidebar_border_color":"5ED4DC","id_str":"62591883","profile_background_color":"0099B9","listed_count":45,"is_translation_enabled":false,"utc_offset":3600,"statuses_count":166200,"description":"NEWSFACTS-PEOPLE-ANIMALS-NATURE-MUSIC-MOVIES-LOVE-PEACE-PRO-ISRAEL-PRO-AMERICA-VEGAN-SON","friends_count":1562,"location":"Nederland-TheNetherlands","profile_link_color":"0099B9","profile_image_url":"http://pbs.twimg.com/profile_images/2311438474/image_normal.jpg","following":false,"geo_enabled":false,"profile_background_image_url":"http://abs.twimg.com/images/themes/theme4/bg.gif","name":"✡ ELZA_NEWS ✡","lang":"en","profile_background_tile":false,"favourites_count":11117,"screen_name":"elza_news","notifications":false,"url":null,"created_at":"Mon Aug 03 18:59:36 +0000 2009","contributors_enabled":false,"time_zone":"Amsterdam","protected":false,"default_profile":false,"is_translator":false},"geo":null,"in_reply_to_user_id_str":"2884771","possibly_sensitive":false,"lang":"en","created_at":"Mon Dec 15 00:23:21 +0000 2014","in_reply_to_status_id_str":"544285194815942657","place":null},
{"contributors":null,"truncated":false,"text":"BREAKING NEWS: RT @Newsweek: 13 hostages being held in a #Sydney store by apparent jihadist supporters http://t.co/YYjB2NG2f1 @DaynaRoselli","in_reply_to_status_id":544285194815942657,"id":544286834759856128,"favorite_count":0,"source":"<a href=\"http://twitter.com/#!/download/ipad\" rel=\"nofollow\">Twitter for iPad</a>","retweeted":false,"coordinates":null,"entities":{"symbols":[],"user_mentions":[{"id":2884771,"indices":[18,27],"id_str":"2884771","screen_name":"Newsweek","name":"Newsweek"},{"id":15000261,"indices":[126,139],"id_str":"15000261","screen_name":"DaynaRoselli","name":"Dayna Roselli"}],"hashtags":[{"indices":[57,64],"text":"Sydney"}],"urls":[{"url":"http://t.co/YYjB2NG2f1","indices":[103,125],"expanded_url":"http://bit.ly/1Dy2xru","display_url":"bit.ly/1Dy2xru"}]},"in_reply_to_screen_name":"Newsweek","id_str":"544286834759856128","retweet_count":1,"in_reply_to_user_id":2884771,"favorited":false,"user":{"follow_request_sent":false,"profile_use_background_image":true,"profile_text_color":"333333","default_profile_image":false,"id":82217826,"profile_background_image_url_https":"https://abs.twimg.com/images/themes/theme1/bg.png","verified":false,"profile_location":null,"profile_image_url_https":"https://pbs.twimg.com/profile_images/580553861892567040/RziZrfA0_normal.jpg","profile_sidebar_fill_color":"DDEEF6","entities":{"url":{"urls":[{"url":"http://t.co/l8bKFquZ6v","indices":[0,22],"expanded_url":"http://www.dss828.blogspot.com","display_url":"dss828.blogspot.com"}]},"description":{"urls":[]}},"followers_count":627,"profile_sidebar_border_color":"C0DEED","id_str":"82217826","profile_background_color":"C0DEED","listed_count":36,"is_translation_enabled":false,"utc_offset":-18000,"statuses_count":22725,"description":"News, Sports, Televison, Music, Concerts, Radio, Howard Stern, Comedy, Media, Movies, Books, Las Vegas, Social Media & all things Pop Culture.","friends_count":491,"location":"Florida","profile_link_color":"0084B4","profile_image_url":"http://pbs.twimg.com/profile_images/580553861892567040/RziZrfA0_normal.jpg","following":false,"geo_enabled":false,"profile_background_image_url":"http://abs.twimg.com/images/themes/theme1/bg.png","name":"Dave","lang":"en","profile_background_tile":false,"favourites_count":1793,"screen_name":"DSS828","notifications":false,"url":"http://t.co/l8bKFquZ6v","created_at":"Tue Oct 13 23:11:08 +0000 2009","contributors_enabled":false,"time_zone":"Eastern Time (US & Canada)","protected":false,"default_profile":true,"is_translator":false},"geo":null,"in_reply_to_user_id_str":"2884771","possibly_sensitive":false,"lang":"en","created_at":"Mon Dec 15 00:24:28 +0000 2014","in_reply_to_status_id_str":"544285194815942657","place":null},
{"contributors":null,"truncated":false,"text":"Bir jihadist rehine olayıyla günü kapatıyoruz “@Newsweek: 13 hostages are being held in a Sydney store http://t.co/Z1HKfkFvEE”","in_reply_to_status_id":544285194815942657,"id":544286844658397184,"favorite_count":0,"source":"<a href=\"http://twitter.com/#!/download/ipad\" rel=\"nofollow\">Twitter for iPad</a>","retweeted":false,"coordinates":null,"entities":{"symbols":[],"user_mentions":[{"id":2884771,"indices":[47,56],"id_str":"2884771","screen_name":"Newsweek","name":"Newsweek"}],"hashtags":[],"urls":[{"url":"http://t.co/Z1HKfkFvEE","indices":[103,125],"expanded_url":"http://bit.ly/1Dy2xru","display_url":"bit.ly/1Dy2xru"}]},"in_reply_to_screen_name":"Newsweek","id_str":"544286844658397184","retweet_count":0,"in_reply_to_user_id":2884771,"favorited":false,"user":{"follow_request_sent":false,"profile_use_background_image":true,"profile_text_color":"333333","default_profile_image":false,"id":15126924,"profile_background_image_url_https":"https://pbs.twimg.com/profile_background_images/553437472/he_yapragi.jpg","verified":false,"profile_location":null,"profile_image_url_https":"https://pbs.twimg.com/profile_images/560807122527846401/bnaM58L6_normal.jpeg","profile_sidebar_fill_color":"F6F6F6","entities":{"url":{"urls":[{"url":"http://t.co/aOHbISYSZA","indices":[0,22],"expanded_url":"http://instagram.com/pinardemirer","display_url":"instagram.com/pinardemirer"}]},"description":{"urls":[]}},"followers_count":849,"profile_sidebar_border_color":"EEEEEE","id_str":"15126924","profile_background_color":"C0DEED","listed_count":8,"is_translation_enabled":false,"utc_offset":-18000,"statuses_count":8723,"description":"Hakikat aramakla bulunmaz, ama bulanlar sadece arayanlardir. Çerkes","friends_count":361,"location":"Izmir-Istanbul-Ankara","profile_link_color":"0084B4","profile_image_url":"http://pbs.twimg.com/profile_images/560807122527846401/bnaM58L6_normal.jpeg","following":false,"geo_enabled":true,"profile_banner_url":"https://pbs.twimg.com/profile_banners/15126924/1366108520","profile_background_image_url":"http://pbs.twimg.com/profile_background_images/553437472/he_yapragi.jpg","name":"Pinar Demir ER","lang":"en","profile_background_tile":true,"favourites_count":2287,"screen_name":"pinardtr","notifications":false,"url":"http://t.co/aOHbISYSZA","created_at":"Sun Jun 15 18:41:43 +0000 2008","contributors_enabled":false,"time_zone":"Eastern Time (US & Canada)","protected":false,"default_profile":false,"is_translator":false},"geo":null,"in_reply_to_user_id_str":"2884771","possibly_sensitive":false,"lang":"tr","created_at":"Mon Dec 15 00:24:30 +0000 2014","in_reply_to_status_id_str":"544285194815942657","place":null},
{"contributors":null,"truncated":false,"text":"@Debwilker BREAKING NEWS: RT @Newsweek: 13 hostages are being held in a #Sydney store by apparent jihadist supporters http://t.co/YYjB2NG2f1","in_reply_to_status_id":544285194815942657,"id":544287108840833024,"favorite_count":0,"source":"<a href=\"http://twitter.com/#!/download/ipad\" rel=\"nofollow\">Twitter for iPad</a>","retweeted":false,"coordinates":null,"entities":{"symbols":[],"user_mentions":[{"id":15593747,"indices":[0,10],"id_str":"15593747","screen_name":"Debwilker","name":"Deb"},{"id":2884771,"indices":[29,38],"id_str":"2884771","screen_name":"Newsweek","name":"Newsweek"}],"hashtags":[{"indices":[72,79],"text":"Sydney"}],"urls":[{"url":"http://t.co/YYjB2NG2f1","indices":[118,140],"expanded_url":"http://bit.ly/1Dy2xru","display_url":"bit.ly/1Dy2xru"}]},"in_reply_to_screen_name":"Newsweek","id_str":"544287108840833024","retweet_count":0,"in_reply_to_user_id":2884771,"favorited":false,"user":{"follow_request_sent":false,"profile_use_background_image":true,"profile_text_color":"333333","default_profile_image":false,"id":82217826,"profile_background_image_url_https":"https://abs.twimg.com/images/themes/theme1/bg.png","verified":false,"profile_location":null,"profile_image_url_https":"https://pbs.twimg.com/profile_images/580553861892567040/RziZrfA0_normal.jpg","profile_sidebar_fill_color":"DDEEF6","entities":{"url":{"urls":[{"url":"http://t.co/l8bKFquZ6v","indices":[0,22],"expanded_url":"http://www.dss828.blogspot.com","display_url":"dss828.blogspot.com"}]},"description":{"urls":[]}},"followers_count":627,"profile_sidebar_border_color":"C0DEED","id_str":"82217826","profile_background_color":"C0DEED","listed_count":36,"is_translation_enabled":false,"utc_offset":-18000,"statuses_count":22725,"description":"News, Sports, Televison, Music, Concerts, Radio, Howard Stern, Comedy, Media, Movies, Books, Las Vegas, Social Media & all things Pop Culture.","friends_count":491,"location":"Florida","profile_link_color":"0084B4","profile_image_url":"http://pbs.twimg.com/profile_images/580553861892567040/RziZrfA0_normal.jpg","following":false,"geo_enabled":false,"profile_background_image_url":"http://abs.twimg.com/images/themes/theme1/bg.png","name":"Dave","lang":"en","profile_background_tile":false,"favourites_count":1793,"screen_name":"DSS828","notifications":false,"url":"http://t.co/l8bKFquZ6v","created_at":"Tue Oct 13 23:11:08 +0000 2009","contributors_enabled":false,"time_zone":"Eastern Time (US & Canada)","protected":false,"default_profile":true,"is_translator":false},"geo":null,"in_reply_to_user_id_str":"2884771","possibly_sensitive":false,"lang":"en","created_at":"Mon Dec 15 00:25:33 +0000 2014","in_reply_to_status_id_str":"544285194815942657","place":null},
{"contributors":null,"truncated":false,"text":"Apparent presumes unconfirmed. RT @Newsweek 13 hostages being held in a Sydney store by apparent jihadist supporters http://t.co/nXmtvUNiYB","in_reply_to_status_id":544285194815942657,"id":544287679420968961,"favorite_count":0,"source":"<a href=\"http://twitter.com\" rel=\"nofollow\">Twitter Web Client</a>","retweeted":false,"coordinates":null,"entities":{"symbols":[],"user_mentions":[{"id":2884771,"indices":[34,43],"id_str":"2884771","screen_name":"Newsweek","name":"Newsweek"}],"hashtags":[],"urls":[{"url":"http://t.co/nXmtvUNiYB","indices":[117,139],"expanded_url":"http://bit.ly/1Dy2xru","display_url":"bit.ly/1Dy2xru"}]},"in_reply_to_screen_name":"Newsweek","id_str":"544287679420968961","retweet_count":1,"in_reply_to_user_id":2884771,"favorited":false,"user":{"follow_request_sent":false,"profile_use_background_image":true,"profile_text_color":"333333","default_profile_image":false,"id":114115853,"profile_background_image_url_https":"https://pbs.twimg.com/profile_background_images/472180263229743104/s8KV6oO5.jpeg","verified":false,"profile_location":null,"profile_image_url_https":"https://pbs.twimg.com/profile_images/546925660040462336/0KjyMs8g_normal.jpeg","profile_sidebar_fill_color":"FFFDD1","entities":{"description":{"urls":[]}},"followers_count":2305,"profile_sidebar_border_color":"FFFFFF","id_str":"114115853","profile_background_color":"352726","listed_count":103,"is_translation_enabled":false,"utc_offset":-21600,"statuses_count":38032,"description":"Equal Rights, Human Rights, Liberal Bias  #AntiApartheid #FactsMatter","friends_count":2267,"location":"planet earth, save it, save us","profile_link_color":"184712","profile_image_url":"http://pbs.twimg.com/profile_images/546925660040462336/0KjyMs8g_normal.jpeg","following":false,"geo_enabled":false,"profile_banner_url":"https://pbs.twimg.com/profile_banners/114115853/1417711245","profile_background_image_url":"http://pbs.twimg.com/profile_background_images/472180263229743104/s8KV6oO5.jpeg","name":"kaza","lang":"en","profile_background_tile":true,"favourites_count":9163,"screen_name":"greenmitera","notifications":false,"url":null,"created_at":"Sun Feb 14 05:41:32 +0000 2010","contributors_enabled":false,"time_zone":"Central Time (US & Canada)","protected":false,"default_profile":false,"is_translator":false},"geo":null,"in_reply_to_user_id_str":"2884771","possibly_sensitive":false,"lang":"en","created_at":"Mon Dec 15 00:27:49 +0000 2014","in_reply_to_status_id_str":"544285194815942657","place":null},
{"contributors":null,"truncated":false,"text":"@Newsweek I can only hope that SASR kills them all.","in_reply_to_status_id":544285194815942657,"id":544289120349351936,"favorite_count":0,"source":"<a href=\"http://twitter.com/download/android\" rel=\"nofollow\">Twitter for Android</a>","retweeted":false,"coordinates":null,"entities":{"symbols":[],"user_mentions":[{"id":2884771,"indices":[0,9],"id_str":"2884771","screen_name":"Newsweek","name":"Newsweek"}],"hashtags":[],"urls":[]},"in_reply_to_screen_name":"Newsweek","id_str":"544289120349351936","retweet_count":0,"in_reply_to_user_id":2884771,"favorited":false,"user":{"follow_request_sent":false,"profile_use_background_image":true,"profile_text_color":"333333","default_profile_image":false,"id":462304488,"profile_background_image_url_https":"https://abs.twimg.com/images/themes/theme1/bg.png","verified":false,"profile_location":null,"profile_image_url_https":"https://pbs.twimg.com/profile_images/543744598330593280/U-5BAS4U_normal.jpeg","profile_sidebar_fill_color":"DDEEF6","entities":{"description":{"urls":[]}},"followers_count":69,"profile_sidebar_border_color":"C0DEED","id_str":"462304488","profile_background_color":"C0DEED","listed_count":2,"is_translation_enabled":false,"utc_offset":3600,"statuses_count":4451,"description":"If music be the food of love play on give me excess of it","friends_count":189,"location":"Mandriles","profile_link_color":"0084B4","profile_image_url":"http://pbs.twimg.com/profile_images/543744598330593280/U-5BAS4U_normal.jpeg","following":false,"geo_enabled":false,"profile_banner_url":"https://pbs.twimg.com/profile_banners/462304488/1359816309","profile_background_image_url":"http://abs.twimg.com/images/themes/theme1/bg.png","name":"Victor","lang":"es","profile_background_tile":false,"favourites_count":909,"screen_name":"VictorLoVictor","notifications":false,"url":null,"created_at":"Thu Jan 12 20:18:51 +0000 2012","contributors_enabled":false,"time_zone":"Amsterdam","protected":false,"default_profile":true,"is_translator":false},"geo":null,"in_reply_to_user_id_str":"2884771","lang":"en","created_at":"Mon Dec 15 00:33:33 +0000 2014","in_reply_to_status_id_str":"544285194815942657","place":null},
{"contributors":null,"truncated":false,"text":"“@Newsweek: 13 hostages are being held in a Sydney store by apparent jihadist supporters http://t.co/HsbGMj2189”","in_reply_to_status_id":544285194815942657,"id":544289168290238464,"favorite_count":1,"source":"<a href=\"http://twitter.com/download/iphone\" rel=\"nofollow\">Twitter for iPhone</a>","retweeted":false,"coordinates":null,"entities":{"symbols":[],"user_mentions":[{"id":2884771,"indices":[1,10],"id_str":"2884771","screen_name":"Newsweek","name":"Newsweek"}],"hashtags":[],"urls":[{"url":"http://t.co/HsbGMj2189","indices":[89,111],"expanded_url":"http://bit.ly/1Dy2xru","display_url":"bit.ly/1Dy2xru"}]},"in_reply_to_screen_name":"Newsweek","id_str":"544289168290238464","retweet_count":0,"in_reply_to_user_id":2884771,"favorited":false,"user":{"follow_request_sent":false,"profile_use_background_image":true,"profile_text_color":"333333","default_profile_image":false,"id":168820035,"profile_background_image_url_https":"https://pbs.twimg.com/profile_background_images/459006527970349057/_dyBW5FM.jpeg","verified":true,"profile_location":null,"profile_image_url_https":"https://pbs.twimg.com/profile_images/589889790075674625/CbiHvglz_normal.jpg","profile_sidebar_fill_color":"EFEFEF","entities":{"url":{"urls":[{"url":"http://t.co/bmaOpkphCB","indices":[0,22],"expanded_url":"http://www.mahsasaeidi.com/about.html","display_url":"mahsasaeidi.com/about.html"}]},"description":{"urls":[]}},"followers_count":5842,"profile_sidebar_border_color":"FFFFFF","id_str":"168820035","profile_background_color":"131516","listed_count":255,"is_translation_enabled":false,"utc_offset":-18000,"statuses_count":21538,"description":"Journalist Covering NYC 4 @NY1 & SCOTUS 4 @SupremeCourtRev. Attorney, Former Prosecutor, Analyst. RT ≠ Endorsements. Tweets ≠ Employer Views. @BLSMain @UVA Grad","friends_count":1656,"location":"New York, NY","profile_link_color":"FF85B6","profile_image_url":"http://pbs.twimg.com/profile_images/589889790075674625/CbiHvglz_normal.jpg","following":false,"geo_enabled":false,"profile_banner_url":"https://pbs.twimg.com/profile_banners/168820035/1409533292","profile_background_image_url":"http://pbs.twimg.com/profile_background_images/459006527970349057/_dyBW5FM.jpeg","name":"Mahsa Saeidi","lang":"en","profile_background_tile":true,"favourites_count":2105,"screen_name":"MahsaWho","notifications":false,"url":"http://t.co/bmaOpkphCB","created_at":"Tue Jul 20 21:48:07 +0000 2010","contributors_enabled":false,"time_zone":"Eastern Time (US & Canada)","protected":false,"default_profile":false,"is_translator":false},"geo":null,"in_reply_to_user_id_str":"2884771","possibly_sensitive":false,"lang":"en","created_at":"Mon Dec 15 00:33:44 +0000 2014","in_reply_to_status_id_str":"544285194815942657","place":null},
{"contributors":null,"truncated":false,"text":"@mahsawho @newsweek lets see if the MSM really covers this","in_reply_to_status_id":544289168290238464,"id":544289310523269120,"favorite_count":0,"source":"<a href=\"http://itunes.apple.com/us/app/twitter/id409789998?mt=12\" rel=\"nofollow\">Twitter for Mac</a>","retweeted":false,"coordinates":null,"entities":{"symbols":[],"user_mentions":[{"id":168820035,"indices":[0,9],"id_str":"168820035","screen_name":"MahsaWho","name":"Mahsa Saeidi"},{"id":2884771,"indices":[10,19],"id_str":"2884771","screen_name":"Newsweek","name":"Newsweek"}],"hashtags":[],"urls":[]},"in_reply_to_screen_name":"MahsaWho","id_str":"544289310523269120","retweet_count":0,"in_reply_to_user_id":168820035,"favorited":false,"user":{"follow_request_sent":false,"profile_use_background_image":true,"profile_text_color":"333333","default_profile_image":false,"id":96440634,"profile_background_image_url_https":"https://abs.twimg.com/images/themes/theme1/bg.png","verified":false,"profile_location":null,"profile_image_url_https":"https://pbs.twimg.com/profile_images/586998115644899328/22jaEMjz_normal.jpg","profile_sidebar_fill_color":"DDEEF6","entities":{"description":{"urls":[]}},"followers_count":236,"profile_sidebar_border_color":"C0DEED","id_str":"96440634","profile_background_color":"C0DEED","listed_count":4,"is_translation_enabled":false,"utc_offset":null,"statuses_count":16857,"description":"Just when they think they got the answers, I change the questions","friends_count":1414,"location":"Shaolin","profile_link_color":"0084B4","profile_image_url":"http://pbs.twimg.com/profile_images/586998115644899328/22jaEMjz_normal.jpg","following":false,"geo_enabled":true,"profile_banner_url":"https://pbs.twimg.com/profile_banners/96440634/1391300556","profile_background_image_url":"http://abs.twimg.com/images/themes/theme1/bg.png","name":"T.L.","lang":"en","profile_background_tile":false,"favourites_count":4932,"screen_name":"TL504","notifications":false,"url":null,"created_at":"Sat Dec 12 23:26:41 +0000 2009","contributors_enabled":false,"time_zone":null,"protected":false,"default_profile":true,"is_translator":false},"geo":null,"in_reply_to_user_id_str":"168820035","lang":"en","created_at":"Mon Dec 15 00:34:18 +0000 2014","in_reply_to_status_id_str":"544289168290238464","place":null},
{"contributors":null,"truncated":false,"text":"@Newsweek #Franchisemafiosi. Too long these all too apparent criminals have managed to deceive with their phoney creeds and false faith.","in_reply_to_status_id":544285194815942657,"id":544290039187116034,"favorite_count":0,"source":"<a href=\"http://twitter.com/download/android\" rel=\"nofollow\">Twitter for Android</a>","retweeted":false,"coordinates":null,"entities":{"symbols":[],"user_mentions":[{"id":2884771,"indices":[0,9],"id_str":"2884771","screen_name":"Newsweek","name":"Newsweek"}],"hashtags":[{"indices":[10,27],"text":"Franchisemafiosi"}],"urls":[]},"in_reply_to_screen_name":"Newsweek","id_str":"544290039187116034","retweet_count":0,"in_reply_to_user_id":2884771,"favorited":false,"user":{"follow_request_sent":false,"profile_use_background_image":true,"profile_text_color":"333333","default_profile_image":false,"id":2214510864,"profile_background_image_url_https":"https://abs.twimg.com/images/themes/theme1/bg.png","verified":false,"profile_location":null,"profile_image_url_https":"https://pbs.twimg.com/profile_images/555513944383553536/p7lZEXh1_normal.jpeg","profile_sidebar_fill_color":"DDEEF6","entities":{"url":{"urls":[{"url":"https://t.co/z5d2cBHDaa","indices":[0,23],"expanded_url":"https://www.facebook.com/malachisafford1","display_url":"facebook.com/malachisafford1"}]},"description":{"urls":[]}},"followers_count":25,"profile_sidebar_border_color":"C0DEED","id_str":"2214510864","profile_background_color":"C0DEED","listed_count":2,"is_translation_enabled":false,"utc_offset":null,"statuses_count":2442,"description":"","friends_count":33,"location":"","profile_link_color":"0084B4","profile_image_url":"http://pbs.twimg.com/profile_images/555513944383553536/p7lZEXh1_normal.jpeg","following":false,"geo_enabled":true,"profile_background_image_url":"http://abs.twimg.com/images/themes/theme1/bg.png","name":"Malachi Safford","lang":"en","profile_background_tile":false,"favourites_count":12,"screen_name":"1MalachiD","notifications":false,"url":"https://t.co/z5d2cBHDaa","created_at":"Mon Nov 25 18:44:14 +0000 2013","contributors_enabled":false,"time_zone":null,"protected":false,"default_profile":true,"is_translator":false},"geo":null,"in_reply_to_user_id_str":"2884771","lang":"en","created_at":"Mon Dec 15 00:37:12 +0000 2014","in_reply_to_status_id_str":"544285194815942657","place":null},
{"contributors":null,"truncated":false,"text":"@Newsweek @sallykohn God keep them safe","in_reply_to_status_id":544285194815942657,"id":544299525150867456,"favorite_count":0,"source":"<a href=\"http://twitter.com\" rel=\"nofollow\">Twitter Web Client</a>","retweeted":false,"coordinates":null,"entities":{"symbols":[],"user_mentions":[{"id":2884771,"indices":[0,9],"id_str":"2884771","screen_name":"Newsweek","name":"Newsweek"},{"id":18978610,"indices":[10,20],"id_str":"18978610","screen_name":"sallykohn","name":"Sally Kohn"}],"hashtags":[],"urls":[]},"in_reply_to_screen_name":"Newsweek","id_str":"544299525150867456","retweet_count":0,"in_reply_to_user_id":2884771,"favorited":false,"user":{"follow_request_sent":false,"profile_use_background_image":false,"profile_text_color":"000000","default_profile_image":false,"id":2862601911,"profile_background_image_url_https":"https://abs.twimg.com/images/themes/theme1/bg.png","verified":false,"profile_location":null,"profile_image_url_https":"https://pbs.twimg.com/profile_images/583660816978743296/zLr2pgWA_normal.jpg","profile_sidebar_fill_color":"000000","entities":{"description":{"urls":[]}},"followers_count":18,"profile_sidebar_border_color":"000000","id_str":"2862601911","profile_background_color":"000000","listed_count":1,"is_translation_enabled":false,"utc_offset":-18000,"statuses_count":472,"description":"Embrace Life, be kind, live free and help others! = for all!!!","friends_count":34,"location":"","profile_link_color":"3B94D9","profile_image_url":"http://pbs.twimg.com/profile_images/583660816978743296/zLr2pgWA_normal.jpg","following":false,"geo_enabled":false,"profile_banner_url":"https://pbs.twimg.com/profile_banners/2862601911/1416511757","profile_background_image_url":"http://abs.twimg.com/images/themes/theme1/bg.png","name":"Rita Muoio","lang":"en","profile_background_tile":false,"favourites_count":587,"screen_name":"RSMuoio","notifications":false,"url":null,"created_at":"Wed Nov 05 15:03:35 +0000 2014","contributors_enabled":false,"time_zone":"Eastern Time (US & Canada)","protected":false,"default_profile":false,"is_translator":false},"geo":null,"in_reply_to_user_id_str":"2884771","lang":"en","created_at":"Mon Dec 15 01:14:54 +0000 2014","in_reply_to_status_id_str":"544285194815942657","place":null},
{"contributors":null,"truncated":false,"text":"@Newsweek why are some reports say 40 customers and ten employees.","in_reply_to_status_id":544285194815942657,"id":544333818900250624,"favorite_count":0,"source":"<a href=\"http://twitter.com/download/iphone\" rel=\"nofollow\">Twitter for iPhone</a>","retweeted":false,"coordinates":null,"entities":{"symbols":[],"user_mentions":[{"id":2884771,"indices":[0,9],"id_str":"2884771","screen_name":"Newsweek","name":"Newsweek"}],"hashtags":[],"urls":[]},"in_reply_to_screen_name":"Newsweek","id_str":"544333818900250624","retweet_count":0,"in_reply_to_user_id":2884771,"favorited":false,"user":{"follow_request_sent":false,"profile_use_background_image":true,"profile_text_color":"333333","default_profile_image":false,"id":22603238,"profile_background_image_url_https":"https://abs.twimg.com/images/themes/theme1/bg.png","verified":false,"profile_location":null,"profile_image_url_https":"https://pbs.twimg.com/profile_images/560491116101767168/LDBLzweQ_normal.jpeg","profile_sidebar_fill_color":"DDEEF6","entities":{"description":{"urls":[]}},"followers_count":26,"profile_sidebar_border_color":"C0DEED","id_str":"22603238","profile_background_color":"C0DEED","listed_count":0,"is_translation_enabled":false,"utc_offset":-28800,"statuses_count":276,"description":"Camp Fire Girl","friends_count":171,"location":"Seattle","profile_link_color":"0084B4","profile_image_url":"http://pbs.twimg.com/profile_images/560491116101767168/LDBLzweQ_normal.jpeg","following":false,"geo_enabled":false,"profile_background_image_url":"http://abs.twimg.com/images/themes/theme1/bg.png","name":"Lorrie Scott","lang":"en","profile_background_tile":false,"favourites_count":355,"screen_name":"sealthgirl","notifications":false,"url":null,"created_at":"Tue Mar 03 08:53:24 +0000 2009","contributors_enabled":false,"time_zone":"Pacific Time (US & Canada)","protected":false,"default_profile":true,"is_translator":false},"geo":null,"in_reply_to_user_id_str":"2884771","lang":"en","created_at":"Mon Dec 15 03:31:10 +0000 2014","in_reply_to_status_id_str":"544285194815942657","place":null}
]