{"contributors": null, "truncated": false, "text": "We understand there are two gunmen and up to a dozen hostages inside the cafe under siege at Sydney.. ISIS flags remain on display #7News", "in_reply_to_status_id": null, "id": 544271069146656768, "favorite_count": 20, "source": "<a href=\"http://twitter.com\" rel=\"nofollow\">Twitter Web Client</a>", "retweeted": false, "coordinates": null, "entities": {"symbols": [], "user_mentions": [], "hashtags": [{"indices": [131, 137], "text": "7News"}], "urls": []}, "in_reply_to_screen_name": null, "id_str": "544271069146656768", "retweet_count": 364, "in_reply_to_user_id": null, "favorited": false, "user": {"follow_request_sent": false, "profile_use_background_image": true, "profile_text_color": "333333", "default_profile_image": false, "id": 258627226, "profile_background_image_url_https": "https://pbs.twimg.com/profile_background_images/455968264833605632/MpbzakzP.png", "verified": true, "profile_location": null, "profile_image_url_https": "https://pbs.twimg.com/profile_images/461115199768903680/QP5_dEwk_normal.jpeg", "profile_sidebar_fill_color": "FFFFFF", "entities": {"url": {"urls": [{"url": "http://t.co/f8ZviHQgPv", "indices": [0, 22], "expanded_url": "http://7news.com.au/melbourne", "display_url": "7news.com.au/melbourne"}]}, "description": {"urls": []}}, "followers_count": 1672, "profile_sidebar_border_color": "FFFFFF", "id_str": "258627226", "profile_background_color": "B2DFDA", "listed_count": 45, "is_translation_enabled": false, "utc_offset": 39600, "statuses_count": 2475, "description": "Reporter/Assistant Chief of Staff @7NewsMelbourne. Childwise ambassador. Happy wife. Mum to sausage dog Sizzle. Love books, wine, coffee, travel. Views mine.", "friends_count": 731, "location": "Melbourne, Australia", "profile_link_color": "93A644", "profile_image_url": "http://pbs.twimg.com/profile_images/461115199768903680/QP5_dEwk_normal.jpeg", "following": false, "geo_enabled": true, "profile_banner_url": "https://pbs.twimg.com/profile_banners/258627226/1398774857", "profile_background_image_url": "http://pbs.twimg.com/profile_background_images/455968264833605632/MpbzakzP.png", "name": "Kristy Mayr", "lang": "en", "profile_background_tile": false, "favourites_count": 14, "screen_name": "KristyMayr7", "notifications": false, "url": "http://t.co/f8ZviHQgPv", "created_at": "Mon Feb 28 03:38:30 +0000 2011", "contributors_enabled": false, "time_zone": "Sydney", "protected": false, "default_profile": false, "is_translator": false}, "geo": null, "in_reply_to_user_id_str": null, "lang": "en", "created_at": "Sun Dec 14 23:21:49 +0000 2014", "in_reply_to_status_id_str": null, "place": null}