{"contributors":null,"truncated":false,"text":"The flag held in #Sydney cafe window is a Shahadah flag (left) not an ISIS flag (right) #MartinPlace #sydneysiege http:\/\/t.co\/lwbbGBRUW1","in_reply_to_status_id":null,"id":544287203728556032,"favorite_count":64,"source":"<a href=\"http:\/\/twitter.com\/download\/iphone\" rel=\"nofollow\">Twitter for iPhone<\/a>","retweeted":false,"coordinates":null,"entities":{"symbols":[],"user_mentions":[],"hashtags":[{"indices":[17,24],"text":"Sydney"},{"indices":[88,100],"text":"MartinPlace"},{"indices":[101,113],"text":"sydneysiege"}],"urls":[],"media":[{"expanded_url":"http:\/\/twitter.com\/StefSimanowitz\/status\/544287203728556032\/photo\/1","display_url":"pic.twitter.com\/lwbbGBRUW1","url":"http:\/\/t.co\/lwbbGBRUW1","media_url_https":"https:\/\/pbs.twimg.com\/media\/B42yUj5IIAASWTl.jpg","id_str":"544287196283674624","sizes":{"small":{"h":167,"resize":"fit","w":340},"large":{"h":505,"resize":"fit","w":1023},"medium":{"h":296,"resize":"fit","w":600},"thumb":{"h":150,"resize":"crop","w":150}},"indices":[114,136],"type":"photo","id":544287196283674624,"media_url":"http:\/\/pbs.twimg.com\/media\/B42yUj5IIAASWTl.jpg"}]},"in_reply_to_screen_name":null,"id_str":"544287203728556032","retweet_count":328,"in_reply_to_user_id":null,"favorited":false,"user":{"follow_request_sent":false,"profile_use_background_image":true,"profile_text_color":"333333","default_profile_image":false,"id":115393565,"profile_background_image_url_https":"https:\/\/pbs.twimg.com\/profile_background_images\/464143620669321216\/DN9j9dP1.jpeg","verified":false,"profile_location":null,"profile_image_url_https":"https:\/\/pbs.twimg.com\/profile_images\/506213952863604736\/BPf_GlUr_normal.jpeg","profile_sidebar_fill_color":"FFFFFF","entities":{"url":{"urls":[{"url":"http:\/\/t.co\/jCY0b2Ic8N","indices":[0,22],"expanded_url":"http:\/\/stefansimanowitz.com","display_url":"stefansimanowitz.com"}]},"description":{"urls":[]}},"followers_count":4489,"profile_sidebar_border_color":"FFFFFF","id_str":"115393565","profile_background_color":"131516","listed_count":154,"is_translation_enabled":false,"utc_offset":0,"statuses_count":1903,"description":"Journalist || Campaigner || Consultant || Politics - Human Rghts - Culture - Currently media\/campaigns at #AmnestyInternational","friends_count":2167,"location":"","profile_link_color":"009999","profile_image_url":"http:\/\/pbs.twimg.com\/profile_images\/506213952863604736\/BPf_GlUr_normal.jpeg","following":false,"geo_enabled":false,"profile_banner_url":"https:\/\/pbs.twimg.com\/profile_banners\/115393565\/1355243878","profile_background_image_url":"http:\/\/pbs.twimg.com\/profile_background_images\/464143620669321216\/DN9j9dP1.jpeg","name":"Stefan Simanowitz","lang":"en","profile_background_tile":false,"favourites_count":1352,"screen_name":"StefSimanowitz","notifications":false,"url":"http:\/\/t.co\/jCY0b2Ic8N","created_at":"Thu Feb 18 14:29:43 +0000 2010","contributors_enabled":false,"time_zone":"London","protected":false,"default_profile":false,"is_translator":false},"geo":null,"in_reply_to_user_id_str":null,"possibly_sensitive":false,"lang":"en","created_at":"Mon Dec 15 00:25:56 +0000 2014","in_reply_to_status_id_str":null,"place":null,"extended_entities":{"media":[{"expanded_url":"http:\/\/twitter.com\/StefSimanowitz\/status\/544287203728556032\/photo\/1","display_url":"pic.twitter.com\/lwbbGBRUW1","url":"http:\/\/t.co\/lwbbGBRUW1","media_url_https":"https:\/\/pbs.twimg.com\/media\/B42yUj5IIAASWTl.jpg","id_str":"544287196283674624","sizes":{"small":{"h":167,"resize":"fit","w":340},"large":{"h":505,"resize":"fit","w":1023},"medium":{"h":296,"resize":"fit","w":600},"thumb":{"h":150,"resize":"crop","w":150}},"indices":[114,136],"type":"photo","id":544287196283674624,"media_url":"http:\/\/pbs.twimg.com\/media\/B42yUj5IIAASWTl.jpg"},{"expanded_url":"http:\/\/twitter.com\/StefSimanowitz\/status\/544287203728556032\/photo\/1","display_url":"pic.twitter.com\/lwbbGBRUW1","url":"http:\/\/t.co\/lwbbGBRUW1","media_url_https":"https:\/\/pbs.twimg.com\/media\/B42yUkEIAAAL9jH.jpg","id_str":"544287196329803776","sizes":{"small":{"h":204,"resize":"fit","w":340},"large":{"h":566,"resize":"fit","w":941},"medium":{"h":360,"resize":"fit","w":600},"thumb":{"h":150,"resize":"crop","w":150}},"indices":[114,136],"type":"photo","id":544287196329803776,"media_url":"http:\/\/pbs.twimg.com\/media\/B42yUkEIAAAL9jH.jpg"}]}}