{"contributors":null,"truncated":false,"text":"Sydney Opera House evacuated, concourse deserted http:\/\/t.co\/NMbuLCimKV #SydneySiege (via @cberkman) http:\/\/t.co\/QYlOU0REVw","in_reply_to_status_id":null,"id":544287209730236416,"favorite_count":32,"source":"<a href=\"https:\/\/about.twitter.com\/products\/tweetdeck\" rel=\"nofollow\">TweetDeck<\/a>","retweeted":false,"coordinates":null,"entities":{"symbols":[],"user_mentions":[{"id":279258510,"indices":[90,99],"id_str":"279258510","screen_name":"cberkman","name":"Craig Berkman"}],"hashtags":[{"indices":[72,84],"text":"SydneySiege"}],"urls":[{"url":"http:\/\/t.co\/NMbuLCimKV","indices":[49,71],"expanded_url":"http:\/\/www.buzzfeed.com\/bradesposito\/martinplace","display_url":"buzzfeed.com\/bradesposito\/m\u2026"}],"media":[{"expanded_url":"http:\/\/twitter.com\/BuzzFeedOz\/status\/544287209730236416\/photo\/1","display_url":"pic.twitter.com\/QYlOU0REVw","url":"http:\/\/t.co\/QYlOU0REVw","media_url_https":"https:\/\/pbs.twimg.com\/media\/B42yVSJCMAAjICU.png","id_str":"544287208698425344","sizes":{"large":{"h":669,"resize":"fit","w":1007},"small":{"h":225,"resize":"fit","w":340},"medium":{"h":398,"resize":"fit","w":600},"thumb":{"h":150,"resize":"crop","w":150}},"indices":[101,123],"type":"photo","id":544287208698425344,"media_url":"http:\/\/pbs.twimg.com\/media\/B42yVSJCMAAjICU.png"}]},"in_reply_to_screen_name":null,"id_str":"544287209730236416","retweet_count":149,"in_reply_to_user_id":null,"favorited":false,"user":{"follow_request_sent":false,"profile_use_background_image":true,"profile_text_color":"333333","default_profile_image":false,"id":1855737487,"profile_background_image_url_https":"https:\/\/pbs.twimg.com\/profile_background_images\/515108082108485632\/Ab2f5--U.jpeg","verified":true,"profile_location":null,"profile_image_url_https":"https:\/\/pbs.twimg.com\/profile_images\/522505396947152896\/IbH9VaI6_normal.jpeg","profile_sidebar_fill_color":"DDEEF6","entities":{"url":{"urls":[{"url":"http:\/\/t.co\/iiAufeCgNi","indices":[0,22],"expanded_url":"http:\/\/buzzfeed.com","display_url":"buzzfeed.com"}]},"description":{"urls":[]}},"followers_count":15396,"profile_sidebar_border_color":"FFFFFF","id_str":"1855737487","profile_background_color":"C0DEED","listed_count":206,"is_translation_enabled":false,"utc_offset":39600,"statuses_count":6398,"description":"Australia buzz: tweets by @simoncrerar, @jennaguillaume and @markdistef","friends_count":753,"location":"Australia","profile_link_color":"235E1C","profile_image_url":"http:\/\/pbs.twimg.com\/profile_images\/522505396947152896\/IbH9VaI6_normal.jpeg","following":false,"geo_enabled":true,"profile_banner_url":"https:\/\/pbs.twimg.com\/profile_banners\/1855737487\/1396970677","profile_background_image_url":"http:\/\/pbs.twimg.com\/profile_background_images\/515108082108485632\/Ab2f5--U.jpeg","name":"BuzzFeed Australia","lang":"en","profile_background_tile":true,"favourites_count":1031,"screen_name":"BuzzFeedOz","notifications":false,"url":"http:\/\/t.co\/iiAufeCgNi","created_at":"Wed Sep 11 23:24:53 +0000 2013","contributors_enabled":false,"time_zone":"Sydney","protected":false,"default_profile":false,"is_translator":false},"geo":null,"in_reply_to_user_id_str":null,"possibly_sensitive":false,"lang":"en","created_at":"Mon Dec 15 00:25:57 +0000 2014","in_reply_to_status_id_str":null,"place":null,"extended_entities":{"media":[{"expanded_url":"http:\/\/twitter.com\/BuzzFeedOz\/status\/544287209730236416\/photo\/1","display_url":"pic.twitter.com\/QYlOU0REVw","url":"http:\/\/t.co\/QYlOU0REVw","media_url_https":"https:\/\/pbs.twimg.com\/media\/B42yVSJCMAAjICU.png","id_str":"544287208698425344","sizes":{"large":{"h":669,"resize":"fit","w":1007},"small":{"h":225,"resize":"fit","w":340},"medium":{"h":398,"resize":"fit","w":600},"thumb":{"h":150,"resize":"crop","w":150}},"indices":[101,123],"type":"photo","id":544287208698425344,"media_url":"http:\/\/pbs.twimg.com\/media\/B42yVSJCMAAjICU.png"}]}}