[{"contributors":null,"truncated":false,"text":"@cnnbrk #corruption is an act of treason, root of all evils Pl.RT to wake ppl &amp; help curb #cancerofcorruption http://t.co/SuVYKpzDz9","in_reply_to_status_id":544298334354411521,"id":544298472489222144,"favorite_count":1,"source":"<a href=\"http://twitter.com/download/android\" rel=\"nofollow\">Twitter for Android</a>","retweeted":false,"coordinates":null,"entities":{"symbols":[],"user_mentions":[{"id":428333,"indices":[0,7],"id_str":"428333","screen_name":"cnnbrk","name":"CNN Breaking News"}],"hashtags":[{"indices":[8,19],"text":"corruption"},{"indices":[94,113],"text":"cancerofcorruption"}],"urls":[],"media":[{"source_user_id":2276289300,"source_status_id_str":"482781528032677888","expanded_url":"http://twitter.com/sureshdani45/status/482781528032677888/photo/1","display_url":"pic.twitter.com/SuVYKpzDz9","url":"http://t.co/SuVYKpzDz9","media_url_https":"https://pbs.twimg.com/media/BrMvObtCEAI8tf5.jpg","source_user_id_str":"2276289300","source_status_id":482781528032677888,"id_str":"482781510060085250","sizes":{"large":{"h":560,"resize":"fit","w":464},"small":{"h":410,"resize":"fit","w":340},"medium":{"h":560,"resize":"fit","w":464},"thumb":{"h":150,"resize":"crop","w":150}},"indices":[114,136],"type":"photo","id":482781510060085250,"media_url":"http://pbs.twimg.com/media/BrMvObtCEAI8tf5.jpg"}]},"in_reply_to_screen_name":"cnnbrk","id_str":"544298472489222144","retweet_count":0,"in_reply_to_user_id":428333,"favorited":false,"user":{"follow_request_sent":false,"profile_use_background_image":true,"profile_text_color":"333333","default_profile_image":false,"id":2276289300,"profile_background_image_url_https":"https://abs.twimg.com/images/themes/theme1/bg.png","verified":false,"profile_location":null,"profile_image_url_https":"https://pbs.twimg.com/profile_images/429261371859931136/85K1H95q_normal.jpeg","profile_sidebar_fill_color":"DDEEF6","entities":{"description":{"urls":[]}},"followers_count":129,"profile_sidebar_border_color":"C0DEED","id_str":"2276289300","profile_background_color":"C0DEED","listed_count":0,"is_translation_enabled":false,"utc_offset":null,"statuses_count":2540,"description":"A Common Man. Powered by protection of Article 19(1)(a) Part lll, Constitution of India","friends_count":226,"location":"एक आम आदमी.","profile_link_color":"0084B4","profile_image_url":"http://pbs.twimg.com/profile_images/429261371859931136/85K1H95q_normal.jpeg","following":false,"geo_enabled":false,"profile_banner_url":"https://pbs.twimg.com/profile_banners/2276289300/1406015387","profile_background_image_url":"http://abs.twimg.com/images/themes/theme1/bg.png","name":"Bitter Truth","lang":"en","profile_background_tile":false,"favourites_count":2422,"screen_name":"sureshdani45","notifications":false,"url":null,"created_at":"Sat Jan 04 15:48:45 +0000 2014","contributors_enabled":false,"time_zone":null,"protected":false,"default_profile":true,"is_translator":false},"geo":null,"in_reply_to_user_id_str":"428333","possibly_sensitive":false,"lang":"en","created_at":"Mon Dec 15 01:10:43 +0000 2014","in_reply_to_status_id_str":"544298334354411521","place":null,"extended_entities":{"media":[{"source_user_id":2276289300,"source_status_id_str":"482781528032677888","expanded_url":"http://twitter.com/sureshdani45/status/482781528032677888/photo/1","display_url":"pic.twitter.com/SuVYKpzDz9","url":"http://t.co/SuVYKpzDz9","media_url_https":"https://pbs.twimg.com/media/BrMvObtCEAI8tf5.jpg","source_user_id_str":"2276289300","source_status_id":482781528032677888,"id_str":"482781510060085250","sizes":{"large":{"h":560,"resize":"fit","w":464},"small":{"h":410,"resize":"fit","w":340},"medium":{"h":560,"resize":"fit","w":464},"thumb":{"h":150,"resize":"crop","w":150}},"indices":[114,136],"type":"photo","id":482781510060085250,"media_url":"http://pbs.twimg.com/media/BrMvObtCEAI8tf5.jpg"}]}},
{"contributors":null,"truncated":false,"text":"@cnnbrk Meanwhile, we sit around and do nothing as Obama announces plans to import hundreds of thousands of Syrians into the USA.","in_reply_to_status_id":544298334354411521,"id":544298504114667520,"favorite_count":0,"source":"<a href=\"http://twitter.com\" rel=\"nofollow\">Twitter Web Client</a>","retweeted":false,"coordinates":null,"entities":{"symbols":[],"user_mentions":[{"id":428333,"indices":[0,7],"id_str":"428333","screen_name":"cnnbrk","name":"CNN Breaking News"}],"hashtags":[],"urls":[]},"in_reply_to_screen_name":"cnnbrk","id_str":"544298504114667520","retweet_count":0,"in_reply_to_user_id":428333,"favorited":false,"user":{"follow_request_sent":false,"profile_use_background_image":true,"profile_text_color":"333333","default_profile_image":false,"id":1852665702,"profile_background_image_url_https":"https://pbs.twimg.com/profile_background_images/489067874355396608/ERu0ZCXz.jpeg","verified":false,"profile_location":null,"profile_image_url_https":"https://pbs.twimg.com/profile_images/378800000440592717/10b780e702f7cab14e0e95ceb675cae6_normal.jpeg","profile_sidebar_fill_color":"DDEEF6","entities":{"url":{"urls":[{"url":"http://t.co/PXvXDCuzZR","indices":[0,22],"expanded_url":"http://www.centrafrique.com","display_url":"centrafrique.com"}]},"description":{"urls":[]}},"followers_count":126,"profile_sidebar_border_color":"FFFFFF","id_str":"1852665702","profile_background_color":"C0DEED","listed_count":9,"is_translation_enabled":false,"utc_offset":null,"statuses_count":3655,"description":"","friends_count":394,"location":"Vancouver, BC","profile_link_color":"0084B4","profile_image_url":"http://pbs.twimg.com/profile_images/378800000440592717/10b780e702f7cab14e0e95ceb675cae6_normal.jpeg","following":false,"geo_enabled":false,"profile_banner_url":"https://pbs.twimg.com/profile_banners/1852665702/1412389668","profile_background_image_url":"http://pbs.twimg.com/profile_background_images/489067874355396608/ERu0ZCXz.jpeg","name":"Brian Rubaduka ن","lang":"en","profile_background_tile":true,"favourites_count":491,"screen_name":"ivoirien_com","notifications":false,"url":"http://t.co/PXvXDCuzZR","created_at":"Tue Sep 10 22:57:52 +0000 2013","contributors_enabled":false,"time_zone":null,"protected":false,"default_profile":false,"is_translator":false},"geo":null,"in_reply_to_user_id_str":"428333","lang":"en","created_at":"Mon Dec 15 01:10:50 +0000 2014","in_reply_to_status_id_str":"544298334354411521","place":null},
{"contributors":null,"truncated":false,"text":"@cnnbrk Write your Senators and congressman, say, \"HELL NO!\" to massive population transfers from Syria!","in_reply_to_status_id":544298334354411521,"id":544298615733485569,"favorite_count":0,"source":"<a href=\"http://twitter.com\" rel=\"nofollow\">Twitter Web Client</a>","retweeted":false,"coordinates":null,"entities":{"symbols":[],"user_mentions":[{"id":428333,"indices":[0,7],"id_str":"428333","screen_name":"cnnbrk","name":"CNN Breaking News"}],"hashtags":[],"urls":[]},"in_reply_to_screen_name":"cnnbrk","id_str":"544298615733485569","retweet_count":2,"in_reply_to_user_id":428333,"favorited":false,"user":{"follow_request_sent":false,"profile_use_background_image":true,"profile_text_color":"333333","default_profile_image":false,"id":1852665702,"profile_background_image_url_https":"https://pbs.twimg.com/profile_background_images/489067874355396608/ERu0ZCXz.jpeg","verified":false,"profile_location":null,"profile_image_url_https":"https://pbs.twimg.com/profile_images/378800000440592717/10b780e702f7cab14e0e95ceb675cae6_normal.jpeg","profile_sidebar_fill_color":"DDEEF6","entities":{"url":{"urls":[{"url":"http://t.co/PXvXDCuzZR","indices":[0,22],"expanded_url":"http://www.centrafrique.com","display_url":"centrafrique.com"}]},"description":{"urls":[]}},"followers_count":126,"profile_sidebar_border_color":"FFFFFF","id_str":"1852665702","profile_background_color":"C0DEED","listed_count":9,"is_translation_enabled":false,"utc_offset":null,"statuses_count":3655,"description":"","friends_count":394,"location":"Vancouver, BC","profile_link_color":"0084B4","profile_image_url":"http://pbs.twimg.com/profile_images/378800000440592717/10b780e702f7cab14e0e95ceb675cae6_normal.jpeg","following":false,"geo_enabled":false,"profile_banner_url":"https://pbs.twimg.com/profile_banners/1852665702/1412389668","profile_background_image_url":"http://pbs.twimg.com/profile_background_images/489067874355396608/ERu0ZCXz.jpeg","name":"Brian Rubaduka ن","lang":"en","profile_background_tile":true,"favourites_count":491,"screen_name":"ivoirien_com","notifications":false,"url":"http://t.co/PXvXDCuzZR","created_at":"Tue Sep 10 22:57:52 +0000 2013","contributors_enabled":false,"time_zone":null,"protected":false,"default_profile":false,"is_translator":false},"geo":null,"in_reply_to_user_id_str":"428333","lang":"en","created_at":"Mon Dec 15 01:11:17 +0000 2014","in_reply_to_status_id_str":"544298334354411521","place":null},
{"contributors":null,"truncated":false,"text":"@cnnbrk #CaptainObvious","in_reply_to_status_id":544298334354411521,"id":544298759018909696,"favorite_count":0,"source":"<a href=\"http://twitter.com/download/iphone\" rel=\"nofollow\">Twitter for iPhone</a>","retweeted":false,"coordinates":null,"entities":{"symbols":[],"user_mentions":[{"id":428333,"indices":[0,7],"id_str":"428333","screen_name":"cnnbrk","name":"CNN Breaking News"}],"hashtags":[{"indices":[8,23],"text":"CaptainObvious"}],"urls":[]},"in_reply_to_screen_name":"cnnbrk","id_str":"544298759018909696","retweet_count":0,"in_reply_to_user_id":428333,"favorited":false,"user":{"follow_request_sent":false,"profile_use_background_image":true,"profile_text_color":"333333","default_profile_image":false,"id":142348663,"profile_background_image_url_https":"https://abs.twimg.com/images/themes/theme1/bg.png","verified":false,"profile_location":null,"profile_image_url_https":"https://pbs.twimg.com/profile_images/588543246894174209/kc8YGrSF_normal.jpg","profile_sidebar_fill_color":"DDEEF6","entities":{"url":{"urls":[{"url":"http://t.co/9d5IJ1H9ca","indices":[0,22],"expanded_url":"http://www.smi-ase.com","display_url":"smi-ase.com"}]},"description":{"urls":[]}},"followers_count":970,"profile_sidebar_border_color":"C0DEED","id_str":"142348663","profile_background_color":"C0DEED","listed_count":15,"is_translation_enabled":false,"utc_offset":-21600,"statuses_count":26328,"description":"U.C.L.A. & U.H. Born Pittsburgh Then Denver Los Angeles Phoenix Denver Seattle Houston Los Angeles Houston NFL Agent Crashing like the waves at Malibu.","friends_count":1966,"location":"Houston, Texas ","profile_link_color":"0084B4","profile_image_url":"http://pbs.twimg.com/profile_images/588543246894174209/kc8YGrSF_normal.jpg","following":false,"geo_enabled":true,"profile_banner_url":"https://pbs.twimg.com/profile_banners/142348663/1418783507","profile_background_image_url":"http://abs.twimg.com/images/themes/theme1/bg.png","name":"Robert McKenzie","lang":"en","profile_background_tile":false,"favourites_count":10017,"screen_name":"Robert1288","notifications":false,"url":"http://t.co/9d5IJ1H9ca","created_at":"Mon May 10 17:01:58 +0000 2010","contributors_enabled":false,"time_zone":"Central Time (US & Canada)","protected":false,"default_profile":true,"is_translator":false},"geo":null,"in_reply_to_user_id_str":"428333","lang":"und","created_at":"Mon Dec 15 01:11:51 +0000 2014","in_reply_to_status_id_str":"544298334354411521","place":null},
{"contributors":null,"truncated":false,"text":"@cnnbrk Yet instread of covering the story your showing Viral Videos","in_reply_to_status_id":544298334354411521,"id":544298766480973824,"favorite_count":1,"source":"<a href=\"http://twitter.com\" rel=\"nofollow\">Twitter Web Client</a>","retweeted":false,"coordinates":null,"entities":{"symbols":[],"user_mentions":[{"id":428333,"indices":[0,7],"id_str":"428333","screen_name":"cnnbrk","name":"CNN Breaking News"}],"hashtags":[],"urls":[]},"in_reply_to_screen_name":"cnnbrk","id_str":"544298766480973824","retweet_count":0,"in_reply_to_user_id":428333,"favorited":false,"user":{"follow_request_sent":false,"profile_use_background_image":true,"profile_text_color":"333333","default_profile_image":false,"id":381925289,"profile_background_image_url_https":"https://abs.twimg.com/images/themes/theme14/bg.gif","verified":false,"profile_location":null,"profile_image_url_https":"https://pbs.twimg.com/profile_images/543209657066876928/Mx401i5o_normal.jpeg","profile_sidebar_fill_color":"EFEFEF","entities":{"description":{"urls":[]}},"followers_count":299,"profile_sidebar_border_color":"FFFFFF","id_str":"381925289","profile_background_color":"131516","listed_count":3,"is_translation_enabled":false,"utc_offset":-18000,"statuses_count":5735,"description":"DIE HARD VIKINGS, GAMECOCKS, CAPS, FIGHTIN IRISH, UCONN...LOWCOUNTRY BOY. HUGE JOE MAUER FAN!!!","friends_count":1998,"location":"Hamden, Ct","profile_link_color":"750B0B","profile_image_url":"http://pbs.twimg.com/profile_images/543209657066876928/Mx401i5o_normal.jpeg","following":false,"geo_enabled":true,"profile_banner_url":"https://pbs.twimg.com/profile_banners/381925289/1402547796","profile_background_image_url":"http://abs.twimg.com/images/themes/theme14/bg.gif","name":"Lambchop1015","lang":"en","profile_background_tile":true,"favourites_count":1180,"screen_name":"Lambchop1015","notifications":false,"url":null,"created_at":"Thu Sep 29 05:35:04 +0000 2011","contributors_enabled":false,"time_zone":"Eastern Time (US & Canada)","protected":false,"default_profile":false,"is_translator":false},"geo":null,"in_reply_to_user_id_str":"428333","lang":"en","created_at":"Mon Dec 15 01:11:53 +0000 2014","in_reply_to_status_id_str":"544298334354411521","place":null},
{"contributors":null,"truncated":false,"text":"@cnnbrk \nKindly call your Army and Navy seals ... \nthese are deadly ISLAMIC terrorists who BLOW themselves ..","in_reply_to_status_id":544298334354411521,"id":544298854590328833,"favorite_count":0,"source":"<a href=\"http://twitter.com\" rel=\"nofollow\">Twitter Web Client</a>","retweeted":false,"coordinates":null,"entities":{"symbols":[],"user_mentions":[{"id":428333,"indices":[0,7],"id_str":"428333","screen_name":"cnnbrk","name":"CNN Breaking News"}],"hashtags":[],"urls":[]},"in_reply_to_screen_name":"cnnbrk","id_str":"544298854590328833","retweet_count":0,"in_reply_to_user_id":428333,"favorited":false,"user":{"follow_request_sent":false,"profile_use_background_image":true,"profile_text_color":"333333","default_profile_image":false,"id":79802631,"profile_background_image_url_https":"https://pbs.twimg.com/profile_background_images/689967490/57dc57b653a14dfde02a84cc7b50d11e.jpeg","verified":false,"profile_location":null,"profile_image_url_https":"https://pbs.twimg.com/profile_images/502776032911310849/IJEu5Yw-_normal.jpeg","profile_sidebar_fill_color":"EFEFEF","entities":{"url":{"urls":[{"url":"http://t.co/g0jxdxKy38","indices":[0,22],"expanded_url":"http://www.youtube.com/user/threefortyfive?feature=mhee","display_url":"youtube.com/user/threefort…"}]},"description":{"urls":[]}},"followers_count":1148,"profile_sidebar_border_color":"FFFFFF","id_str":"79802631","profile_background_color":"131516","listed_count":13,"is_translation_enabled":false,"utc_offset":19800,"statuses_count":128289,"description":"|| श्रीमान एक्स परिस्थितियों में ||\r\n|| सत्यम शिवम् सुन्दरम ||\r\n|| जो व्याख्या से परे हैं वह ही राम हैं ||\r\nहिन्दू धरम के सामान उच्च कोई धरम नहीं है","friends_count":1999,"location":"India","profile_link_color":"009999","profile_image_url":"http://pbs.twimg.com/profile_images/502776032911310849/IJEu5Yw-_normal.jpeg","following":false,"geo_enabled":false,"profile_banner_url":"https://pbs.twimg.com/profile_banners/79802631/1412945322","profile_background_image_url":"http://pbs.twimg.com/profile_background_images/689967490/57dc57b653a14dfde02a84cc7b50d11e.jpeg","name":"Mr. X in Situations ","lang":"en","profile_background_tile":false,"favourites_count":127040,"screen_name":"peeyushmalhotra","notifications":false,"url":"http://t.co/g0jxdxKy38","created_at":"Sun Oct 04 18:55:01 +0000 2009","contributors_enabled":false,"time_zone":"Chennai","protected":false,"default_profile":false,"is_translator":false},"geo":null,"in_reply_to_user_id_str":"428333","lang":"en","created_at":"Mon Dec 15 01:12:14 +0000 2014","in_reply_to_status_id_str":"544298334354411521","place":null},
{"contributors":null,"truncated":false,"text":"@cnnbrk why is this not breaking news on your us channel?","in_reply_to_status_id":544298334354411521,"id":544298862417289216,"favorite_count":1,"source":"<a href=\"http://twitter.com/download/android\" rel=\"nofollow\">Twitter for Android</a>","retweeted":false,"coordinates":null,"entities":{"symbols":[],"user_mentions":[{"id":428333,"indices":[0,7],"id_str":"428333","screen_name":"cnnbrk","name":"CNN Breaking News"}],"hashtags":[],"urls":[]},"in_reply_to_screen_name":"cnnbrk","id_str":"544298862417289216","retweet_count":0,"in_reply_to_user_id":428333,"favorited":false,"user":{"follow_request_sent":false,"profile_use_background_image":true,"profile_text_color":"663B12","default_profile_image":false,"id":14148401,"profile_background_image_url_https":"https://abs.twimg.com/images/themes/theme2/bg.gif","verified":false,"profile_location":null,"profile_image_url_https":"https://pbs.twimg.com/profile_images/589029249975066624/T6qsLptZ_normal.jpg","profile_sidebar_fill_color":"DAECF4","entities":{"description":{"urls":[]}},"followers_count":114,"profile_sidebar_border_color":"C6E2EE","id_str":"14148401","profile_background_color":"C6E2EE","listed_count":1,"is_translation_enabled":false,"utc_offset":-21600,"statuses_count":1011,"description":"@cubs @nhlblackhawks@chicagobearscom @umichfootball @chicagobulls @foofighters @theofficiala7x @wearestonesour @wearetheused @hoobastank @messaelizabeth7","friends_count":1023,"location":"Portage, Indiana","profile_link_color":"1F98C7","profile_image_url":"http://pbs.twimg.com/profile_images/589029249975066624/T6qsLptZ_normal.jpg","following":false,"geo_enabled":true,"profile_banner_url":"https://pbs.twimg.com/profile_banners/14148401/1418438511","profile_background_image_url":"http://abs.twimg.com/images/themes/theme2/bg.gif","name":"Brian Ayers","lang":"en","profile_background_tile":false,"favourites_count":901,"screen_name":"bayers8","notifications":false,"url":null,"created_at":"Fri Mar 14 18:21:00 +0000 2008","contributors_enabled":false,"time_zone":"Central Time (US & Canada)","protected":false,"default_profile":false,"is_translator":false},"geo":null,"in_reply_to_user_id_str":"428333","lang":"en","created_at":"Mon Dec 15 01:12:16 +0000 2014","in_reply_to_status_id_str":"544298334354411521","place":null},
{"contributors":null,"truncated":false,"text":"@RJisTrouble4U @cnnbrk The Islamic flags are covering the windows.","in_reply_to_status_id":544298587157327872,"id":544298958026448898,"favorite_count":1,"source":"<a href=\"http://twitter.com/download/iphone\" rel=\"nofollow\">Twitter for iPhone</a>","retweeted":false,"coordinates":null,"entities":{"symbols":[],"user_mentions":[{"id":262062797,"indices":[0,14],"id_str":"262062797","screen_name":"RJisTrouble4U","name":"PutiePie"},{"id":428333,"indices":[15,22],"id_str":"428333","screen_name":"cnnbrk","name":"CNN Breaking News"}],"hashtags":[],"urls":[]},"in_reply_to_screen_name":"RJisTrouble4U","id_str":"544298958026448898","retweet_count":1,"in_reply_to_user_id":262062797,"favorited":false,"user":{"follow_request_sent":false,"profile_use_background_image":true,"profile_text_color":"333333","default_profile_image":false,"id":1638700044,"profile_background_image_url_https":"https://abs.twimg.com/images/themes/theme1/bg.png","verified":false,"profile_location":null,"profile_image_url_https":"https://pbs.twimg.com/profile_images/378800000227736859/1f56e1b0313b125b3e71f5d7e748d251_normal.jpeg","profile_sidebar_fill_color":"DDEEF6","entities":{"description":{"urls":[]}},"followers_count":79,"profile_sidebar_border_color":"C0DEED","id_str":"1638700044","profile_background_color":"C0DEED","listed_count":5,"is_translation_enabled":false,"utc_offset":null,"statuses_count":1931,"description":"History is written by the winners.","friends_count":253,"location":"United Kingdom, England","profile_link_color":"0084B4","profile_image_url":"http://pbs.twimg.com/profile_images/378800000227736859/1f56e1b0313b125b3e71f5d7e748d251_normal.jpeg","following":false,"geo_enabled":true,"profile_banner_url":"https://pbs.twimg.com/profile_banners/1638700044/1375391874","profile_background_image_url":"http://abs.twimg.com/images/themes/theme1/bg.png","name":"JohnM96","lang":"en","profile_background_tile":false,"favourites_count":142,"screen_name":"TheWolfBoyy","notifications":false,"url":null,"created_at":"Thu Aug 01 19:56:53 +0000 2013","contributors_enabled":false,"time_zone":null,"protected":false,"default_profile":true,"is_translator":false},"geo":null,"in_reply_to_user_id_str":"262062797","lang":"en","created_at":"Mon Dec 15 01:12:38 +0000 2014","in_reply_to_status_id_str":"544298587157327872","place":null},
{"contributors":null,"truncated":false,"text":"@cnnbrk \nthis is a commando situation and not SWAT situation... these are suicide bombers .. they will blow themselves and others too","in_reply_to_status_id":544298334354411521,"id":544298980801134593,"favorite_count":0,"source":"<a href=\"http://twitter.com\" rel=\"nofollow\">Twitter Web Client</a>","retweeted":false,"coordinates":null,"entities":{"symbols":[],"user_mentions":[{"id":428333,"indices":[0,7],"id_str":"428333","screen_name":"cnnbrk","name":"CNN Breaking News"}],"hashtags":[],"urls":[]},"in_reply_to_screen_name":"cnnbrk","id_str":"544298980801134593","retweet_count":0,"in_reply_to_user_id":428333,"favorited":false,"user":{"follow_request_sent":false,"profile_use_background_image":true,"profile_text_color":"333333","default_profile_image":false,"id":79802631,"profile_background_image_url_https":"https://pbs.twimg.com/profile_background_images/689967490/57dc57b653a14dfde02a84cc7b50d11e.jpeg","verified":false,"profile_location":null,"profile_image_url_https":"https://pbs.twimg.com/profile_images/502776032911310849/IJEu5Yw-_normal.jpeg","profile_sidebar_fill_color":"EFEFEF","entities":{"url":{"urls":[{"url":"http://t.co/g0jxdxKy38","indices":[0,22],"expanded_url":"http://www.youtube.com/user/threefortyfive?feature=mhee","display_url":"youtube.com/user/threefort…"}]},"description":{"urls":[]}},"followers_count":1148,"profile_sidebar_border_color":"FFFFFF","id_str":"79802631","profile_background_color":"131516","listed_count":13,"is_translation_enabled":false,"utc_offset":19800,"statuses_count":128289,"description":"|| श्रीमान एक्स परिस्थितियों में ||\r\n|| सत्यम शिवम् सुन्दरम ||\r\n|| जो व्याख्या से परे हैं वह ही राम हैं ||\r\nहिन्दू धरम के सामान उच्च कोई धरम नहीं है","friends_count":1999,"location":"India","profile_link_color":"009999","profile_image_url":"http://pbs.twimg.com/profile_images/502776032911310849/IJEu5Yw-_normal.jpeg","following":false,"geo_enabled":false,"profile_banner_url":"https://pbs.twimg.com/profile_banners/79802631/1412945322","profile_background_image_url":"http://pbs.twimg.com/profile_background_images/689967490/57dc57b653a14dfde02a84cc7b50d11e.jpeg","name":"Mr. X in Situations ","lang":"en","profile_background_tile":false,"favourites_count":127040,"screen_name":"peeyushmalhotra","notifications":false,"url":"http://t.co/g0jxdxKy38","created_at":"Sun Oct 04 18:55:01 +0000 2009","contributors_enabled":false,"time_zone":"Chennai","protected":false,"default_profile":false,"is_translator":false},"geo":null,"in_reply_to_user_id_str":"428333","lang":"en","created_at":"Mon Dec 15 01:12:44 +0000 2014","in_reply_to_status_id_str":"544298334354411521","place":null},
{"contributors":null,"truncated":false,"text":"@TheWolfBoyy @cnnbrk infared? Drill a hole in the wall? Teargas? Too bad one of the hostages wasn't armed","in_reply_to_status_id":544298958026448898,"id":544299185588019200,"favorite_count":0,"source":"<a href=\"http://twitter.com/download/iphone\" rel=\"nofollow\">Twitter for iPhone</a>","retweeted":false,"coordinates":null,"entities":{"symbols":[],"user_mentions":[{"id":1638700044,"indices":[0,12],"id_str":"1638700044","screen_name":"TheWolfBoyy","name":"JohnM96"},{"id":428333,"indices":[13,20],"id_str":"428333","screen_name":"cnnbrk","name":"CNN Breaking News"}],"hashtags":[],"urls":[]},"in_reply_to_screen_name":"TheWolfBoyy","id_str":"544299185588019200","retweet_count":0,"in_reply_to_user_id":1638700044,"favorited":false,"user":{"follow_request_sent":false,"profile_use_background_image":true,"profile_text_color":"333333","default_profile_image":false,"id":262062797,"profile_background_image_url_https":"https://abs.twimg.com/images/themes/theme1/bg.png","verified":false,"profile_location":null,"profile_image_url_https":"https://pbs.twimg.com/profile_images/543443252326588416/jKWWXUdf_normal.jpeg","profile_sidebar_fill_color":"DDEEF6","entities":{"description":{"urls":[]}},"followers_count":9972,"profile_sidebar_border_color":"C0DEED","id_str":"262062797","profile_background_color":"C0DEED","listed_count":14,"is_translation_enabled":false,"utc_offset":-21600,"statuses_count":69087,"description":"Psychology,Criminology,Modelling,Writer,Gamer, Ukrainian and French (France) Canadian. Ask for my Path, Tumblr, IG and KIK/LINE/BBM","friends_count":10171,"location":"Canada","profile_link_color":"0084B4","profile_image_url":"http://pbs.twimg.com/profile_images/543443252326588416/jKWWXUdf_normal.jpeg","following":false,"geo_enabled":false,"profile_banner_url":"https://pbs.twimg.com/profile_banners/262062797/1407893905","profile_background_image_url":"http://abs.twimg.com/images/themes/theme1/bg.png","name":"PutiePie","lang":"en","profile_background_tile":false,"favourites_count":10901,"screen_name":"RJisTrouble4U","notifications":false,"url":null,"created_at":"Mon Mar 07 08:04:43 +0000 2011","contributors_enabled":false,"time_zone":"Saskatchewan","protected":false,"default_profile":true,"is_translator":false},"geo":null,"in_reply_to_user_id_str":"1638700044","lang":"en","created_at":"Mon Dec 15 01:13:33 +0000 2014","in_reply_to_status_id_str":"544298958026448898","place":null},
{"contributors":null,"truncated":false,"text":"@RJisTrouble4U @cnnbrk Can't. Hostages are in all the windows holding an Islamic flag. No clear shot, and two targets.","in_reply_to_status_id":544298587157327872,"id":544299203988848640,"favorite_count":0,"source":"<a href=\"http://twitter.com/download/android\" rel=\"nofollow\">Twitter for Android</a>","retweeted":false,"coordinates":null,"entities":{"symbols":[],"user_mentions":[{"id":262062797,"indices":[0,14],"id_str":"262062797","screen_name":"RJisTrouble4U","name":"PutiePie"},{"id":428333,"indices":[15,22],"id_str":"428333","screen_name":"cnnbrk","name":"CNN Breaking News"}],"hashtags":[],"urls":[]},"in_reply_to_screen_name":"RJisTrouble4U","id_str":"544299203988848640","retweet_count":0,"in_reply_to_user_id":262062797,"favorited":false,"user":{"follow_request_sent":false,"profile_use_background_image":false,"profile_text_color":"000000","default_profile_image":false,"id":2723735572,"profile_background_image_url_https":"https://abs.twimg.com/images/themes/theme1/bg.png","verified":false,"profile_location":null,"profile_image_url_https":"https://pbs.twimg.com/profile_images/578997534573666304/DMNGE9LV_normal.jpeg","profile_sidebar_fill_color":"000000","entities":{"url":{"urls":[{"url":"http://t.co/oV5ySdeVc7","indices":[0,22],"expanded_url":"http://FaithBased92.wordpress.com","display_url":"FaithBased92.wordpress.com"}]},"description":{"urls":[]}},"followers_count":423,"profile_sidebar_border_color":"000000","id_str":"2723735572","profile_background_color":"000000","listed_count":5,"is_translation_enabled":false,"utc_offset":null,"statuses_count":32308,"description":"Favorite/RT doesn't mean I agree with tweet. Who is like the Lord? In Him I stand, and whom shall I fear?","friends_count":142,"location":"","profile_link_color":"085C00","profile_image_url":"http://pbs.twimg.com/profile_images/578997534573666304/DMNGE9LV_normal.jpeg","following":false,"geo_enabled":false,"profile_banner_url":"https://pbs.twimg.com/profile_banners/2723735572/1412992099","profile_background_image_url":"http://abs.twimg.com/images/themes/theme1/bg.png","name":"FaithBased","lang":"en","profile_background_tile":false,"favourites_count":3667,"screen_name":"FaithBased92","notifications":false,"url":"http://t.co/oV5ySdeVc7","created_at":"Fri Jul 25 02:07:28 +0000 2014","contributors_enabled":false,"time_zone":null,"protected":false,"default_profile":false,"is_translator":false},"geo":null,"in_reply_to_user_id_str":"262062797","lang":"en","created_at":"Mon Dec 15 01:13:37 +0000 2014","in_reply_to_status_id_str":"544298587157327872","place":null},
{"contributors":null,"truncated":false,"text":"@RJisTrouble4U @cnnbrk Leftist idiot logic: Because I'm not a Native American, who am I to refuse mass immigration from extremist societies?","in_reply_to_status_id":544298746243055619,"id":544299210104115200,"favorite_count":0,"source":"<a href=\"http://twitter.com\" rel=\"nofollow\">Twitter Web Client</a>","retweeted":false,"coordinates":null,"entities":{"symbols":[],"user_mentions":[{"id":262062797,"indices":[0,14],"id_str":"262062797","screen_name":"RJisTrouble4U","name":"PutiePie"},{"id":428333,"indices":[15,22],"id_str":"428333","screen_name":"cnnbrk","name":"CNN Breaking News"}],"hashtags":[],"urls":[]},"in_reply_to_screen_name":"RJisTrouble4U","id_str":"544299210104115200","retweet_count":0,"in_reply_to_user_id":262062797,"favorited":false,"user":{"follow_request_sent":false,"profile_use_background_image":true,"profile_text_color":"333333","default_profile_image":false,"id":1852665702,"profile_background_image_url_https":"https://pbs.twimg.com/profile_background_images/489067874355396608/ERu0ZCXz.jpeg","verified":false,"profile_location":null,"profile_image_url_https":"https://pbs.twimg.com/profile_images/378800000440592717/10b780e702f7cab14e0e95ceb675cae6_normal.jpeg","profile_sidebar_fill_color":"DDEEF6","entities":{"url":{"urls":[{"url":"http://t.co/PXvXDCuzZR","indices":[0,22],"expanded_url":"http://www.centrafrique.com","display_url":"centrafrique.com"}]},"description":{"urls":[]}},"followers_count":126,"profile_sidebar_border_color":"FFFFFF","id_str":"1852665702","profile_background_color":"C0DEED","listed_count":9,"is_translation_enabled":false,"utc_offset":null,"statuses_count":3655,"description":"","friends_count":394,"location":"Vancouver, BC","profile_link_color":"0084B4","profile_image_url":"http://pbs.twimg.com/profile_images/378800000440592717/10b780e702f7cab14e0e95ceb675cae6_normal.jpeg","following":false,"geo_enabled":false,"profile_banner_url":"https://pbs.twimg.com/profile_banners/1852665702/1412389668","profile_background_image_url":"http://pbs.twimg.com/profile_background_images/489067874355396608/ERu0ZCXz.jpeg","name":"Brian Rubaduka ن","lang":"en","profile_background_tile":true,"favourites_count":491,"screen_name":"ivoirien_com","notifications":false,"url":"http://t.co/PXvXDCuzZR","created_at":"Tue Sep 10 22:57:52 +0000 2013","contributors_enabled":false,"time_zone":null,"protected":false,"default_profile":false,"is_translator":false},"geo":null,"in_reply_to_user_id_str":"262062797","lang":"en","created_at":"Mon Dec 15 01:13:38 +0000 2014","in_reply_to_status_id_str":"544298746243055619","place":null},
{"contributors":null,"truncated":false,"text":"@cnnbrk Too bad America doesn't have a 24 hour news station. We're all watching online. #MakingYourselfIrrelevant. \n#Sydney","in_reply_to_status_id":544298334354411521,"id":544299340769284097,"favorite_count":5,"source":"<a href=\"http://twitter.com\" rel=\"nofollow\">Twitter Web Client</a>","retweeted":false,"coordinates":null,"entities":{"symbols":[],"user_mentions":[{"id":428333,"indices":[0,7],"id_str":"428333","screen_name":"cnnbrk","name":"CNN Breaking News"}],"hashtags":[{"indices":[88,113],"text":"MakingYourselfIrrelevant"},{"indices":[116,123],"text":"Sydney"}],"urls":[]},"in_reply_to_screen_name":"cnnbrk","id_str":"544299340769284097","retweet_count":3,"in_reply_to_user_id":428333,"favorited":false,"user":{"follow_request_sent":false,"profile_use_background_image":true,"profile_text_color":"333333","default_profile_image":false,"id":19477339,"profile_background_image_url_https":"https://abs.twimg.com/images/themes/theme16/bg.gif","verified":false,"profile_location":null,"profile_image_url_https":"https://pbs.twimg.com/profile_images/1670922818/mypictr_140x185_normal.jpg","profile_sidebar_fill_color":"DDFFCC","entities":{"description":{"urls":[]}},"followers_count":3166,"profile_sidebar_border_color":"BDDCAD","id_str":"19477339","profile_background_color":"9AE4E8","listed_count":130,"is_translation_enabled":false,"utc_offset":-21600,"statuses_count":89468,"description":"Organizational Psychologist Healthcare\r\n#IHaveNoEvidenceToProveThatIJustRaisedTheQuestion\r\n#NotIntendedToBeAFactualStatement","friends_count":3448,"location":"","profile_link_color":"0077B3","profile_image_url":"http://pbs.twimg.com/profile_images/1670922818/mypictr_140x185_normal.jpg","following":false,"geo_enabled":false,"profile_banner_url":"https://pbs.twimg.com/profile_banners/19477339/1412461358","profile_background_image_url":"http://abs.twimg.com/images/themes/theme16/bg.gif","name":"McBlondeLand","lang":"en","profile_background_tile":true,"favourites_count":23577,"screen_name":"McBlondeLand","notifications":false,"url":null,"created_at":"Sun Jan 25 04:13:24 +0000 2009","contributors_enabled":false,"time_zone":"Central Time (US & Canada)","protected":false,"default_profile":false,"is_translator":false},"geo":null,"in_reply_to_user_id_str":"428333","lang":"en","created_at":"Mon Dec 15 01:14:10 +0000 2014","in_reply_to_status_id_str":"544298334354411521","place":null},
{"contributors":null,"truncated":false,"text":"@RJisTrouble4U @cnnbrk Are you cool with lynching gays?  Stoning women?  Middle Eastern society is already extreme, and getting more extreme","in_reply_to_status_id":544298746243055619,"id":544299381365948416,"favorite_count":0,"source":"<a href=\"http://twitter.com\" rel=\"nofollow\">Twitter Web Client</a>","retweeted":false,"coordinates":null,"entities":{"symbols":[],"user_mentions":[{"id":262062797,"indices":[0,14],"id_str":"262062797","screen_name":"RJisTrouble4U","name":"PutiePie"},{"id":428333,"indices":[15,22],"id_str":"428333","screen_name":"cnnbrk","name":"CNN Breaking News"}],"hashtags":[],"urls":[]},"in_reply_to_screen_name":"RJisTrouble4U","id_str":"544299381365948416","retweet_count":0,"in_reply_to_user_id":262062797,"favorited":false,"user":{"follow_request_sent":false,"profile_use_background_image":true,"profile_text_color":"333333","default_profile_image":false,"id":1852665702,"profile_background_image_url_https":"https://pbs.twimg.com/profile_background_images/489067874355396608/ERu0ZCXz.jpeg","verified":false,"profile_location":null,"profile_image_url_https":"https://pbs.twimg.com/profile_images/378800000440592717/10b780e702f7cab14e0e95ceb675cae6_normal.jpeg","profile_sidebar_fill_color":"DDEEF6","entities":{"url":{"urls":[{"url":"http://t.co/PXvXDCuzZR","indices":[0,22],"expanded_url":"http://www.centrafrique.com","display_url":"centrafrique.com"}]},"description":{"urls":[]}},"followers_count":126,"profile_sidebar_border_color":"FFFFFF","id_str":"1852665702","profile_background_color":"C0DEED","listed_count":9,"is_translation_enabled":false,"utc_offset":null,"statuses_count":3655,"description":"","friends_count":394,"location":"Vancouver, BC","profile_link_color":"0084B4","profile_image_url":"http://pbs.twimg.com/profile_images/378800000440592717/10b780e702f7cab14e0e95ceb675cae6_normal.jpeg","following":false,"geo_enabled":false,"profile_banner_url":"https://pbs.twimg.com/profile_banners/1852665702/1412389668","profile_background_image_url":"http://pbs.twimg.com/profile_background_images/489067874355396608/ERu0ZCXz.jpeg","name":"Brian Rubaduka ن","lang":"en","profile_background_tile":true,"favourites_count":491,"screen_name":"ivoirien_com","notifications":false,"url":"http://t.co/PXvXDCuzZR","created_at":"Tue Sep 10 22:57:52 +0000 2013","contributors_enabled":false,"time_zone":null,"protected":false,"default_profile":false,"is_translator":false},"geo":null,"in_reply_to_user_id_str":"262062797","lang":"en","created_at":"Mon Dec 15 01:14:19 +0000 2014","in_reply_to_status_id_str":"544298746243055619","place":null},
{"contributors":null,"truncated":false,"text":"@RJisTrouble4U @cnnbrk People in the Middle East are extremely concerned about extremism, but I guess you're not. http://t.co/BLphH1wv0N","in_reply_to_status_id":544298746243055619,"id":544299572005470208,"favorite_count":0,"source":"<a href=\"http://twitter.com\" rel=\"nofollow\">Twitter Web Client</a>","retweeted":false,"coordinates":null,"entities":{"symbols":[],"user_mentions":[{"id":262062797,"indices":[0,14],"id_str":"262062797","screen_name":"RJisTrouble4U","name":"PutiePie"},{"id":428333,"indices":[15,22],"id_str":"428333","screen_name":"cnnbrk","name":"CNN Breaking News"}],"hashtags":[],"urls":[{"url":"http://t.co/BLphH1wv0N","indices":[114,136],"expanded_url":"http://www.pewglobal.org/2014/07/01/concerns-about-islamic-extremism-on-the-rise-in-middle-east/","display_url":"pewglobal.org/2014/07/01/con…"}]},"in_reply_to_screen_name":"RJisTrouble4U","id_str":"544299572005470208","retweet_count":0,"in_reply_to_user_id":262062797,"favorited":false,"user":{"follow_request_sent":false,"profile_use_background_image":true,"profile_text_color":"333333","default_profile_image":false,"id":1852665702,"profile_background_image_url_https":"https://pbs.twimg.com/profile_background_images/489067874355396608/ERu0ZCXz.jpeg","verified":false,"profile_location":null,"profile_image_url_https":"https://pbs.twimg.com/profile_images/378800000440592717/10b780e702f7cab14e0e95ceb675cae6_normal.jpeg","profile_sidebar_fill_color":"DDEEF6","entities":{"url":{"urls":[{"url":"http://t.co/PXvXDCuzZR","indices":[0,22],"expanded_url":"http://www.centrafrique.com","display_url":"centrafrique.com"}]},"description":{"urls":[]}},"followers_count":126,"profile_sidebar_border_color":"FFFFFF","id_str":"1852665702","profile_background_color":"C0DEED","listed_count":9,"is_translation_enabled":false,"utc_offset":null,"statuses_count":3655,"description":"","friends_count":394,"location":"Vancouver, BC","profile_link_color":"0084B4","profile_image_url":"http://pbs.twimg.com/profile_images/378800000440592717/10b780e702f7cab14e0e95ceb675cae6_normal.jpeg","following":false,"geo_enabled":false,"profile_banner_url":"https://pbs.twimg.com/profile_banners/1852665702/1412389668","profile_background_image_url":"http://pbs.twimg.com/profile_background_images/489067874355396608/ERu0ZCXz.jpeg","name":"Brian Rubaduka ن","lang":"en","profile_background_tile":true,"favourites_count":491,"screen_name":"ivoirien_com","notifications":false,"url":"http://t.co/PXvXDCuzZR","created_at":"Tue Sep 10 22:57:52 +0000 2013","contributors_enabled":false,"time_zone":null,"protected":false,"default_profile":false,"is_translator":false},"geo":null,"in_reply_to_user_id_str":"262062797","possibly_sensitive":false,"lang":"en","created_at":"Mon Dec 15 01:15:05 +0000 2014","in_reply_to_status_id_str":"544298746243055619","place":null},
{"contributors":null,"truncated":false,"text":"@peeyushmalhotra @cnnbrk Fox reporting suspicious package found near Opera House. Someone else said possibly more around city (unconfirmed),","in_reply_to_status_id":544298980801134593,"id":544299598639271936,"favorite_count":0,"source":"<a href=\"http://twitter.com/download/android\" rel=\"nofollow\">Twitter for Android</a>","retweeted":false,"coordinates":null,"entities":{"symbols":[],"user_mentions":[{"id":79802631,"indices":[0,16],"id_str":"79802631","screen_name":"peeyushmalhotra","name":"Mr. X in Situations "},{"id":428333,"indices":[17,24],"id_str":"428333","screen_name":"cnnbrk","name":"CNN Breaking News"}],"hashtags":[],"urls":[]},"in_reply_to_screen_name":"peeyushmalhotra","id_str":"544299598639271936","retweet_count":0,"in_reply_to_user_id":79802631,"favorited":false,"user":{"follow_request_sent":false,"profile_use_background_image":false,"profile_text_color":"000000","default_profile_image":false,"id":2723735572,"profile_background_image_url_https":"https://abs.twimg.com/images/themes/theme1/bg.png","verified":false,"profile_location":null,"profile_image_url_https":"https://pbs.twimg.com/profile_images/578997534573666304/DMNGE9LV_normal.jpeg","profile_sidebar_fill_color":"000000","entities":{"url":{"urls":[{"url":"http://t.co/oV5ySdeVc7","indices":[0,22],"expanded_url":"http://FaithBased92.wordpress.com","display_url":"FaithBased92.wordpress.com"}]},"description":{"urls":[]}},"followers_count":423,"profile_sidebar_border_color":"000000","id_str":"2723735572","profile_background_color":"000000","listed_count":5,"is_translation_enabled":false,"utc_offset":null,"statuses_count":32308,"description":"Favorite/RT doesn't mean I agree with tweet. Who is like the Lord? In Him I stand, and whom shall I fear?","friends_count":142,"location":"","profile_link_color":"085C00","profile_image_url":"http://pbs.twimg.com/profile_images/578997534573666304/DMNGE9LV_normal.jpeg","following":false,"geo_enabled":false,"profile_banner_url":"https://pbs.twimg.com/profile_banners/2723735572/1412992099","profile_background_image_url":"http://abs.twimg.com/images/themes/theme1/bg.png","name":"FaithBased","lang":"en","profile_background_tile":false,"favourites_count":3667,"screen_name":"FaithBased92","notifications":false,"url":"http://t.co/oV5ySdeVc7","created_at":"Fri Jul 25 02:07:28 +0000 2014","contributors_enabled":false,"time_zone":null,"protected":false,"default_profile":false,"is_translator":false},"geo":null,"in_reply_to_user_id_str":"79802631","lang":"en","created_at":"Mon Dec 15 01:15:11 +0000 2014","in_reply_to_status_id_str":"544298980801134593","place":null},
{"contributors":null,"truncated":false,"text":"@peeyushmalhotra @cnnbrk and Muslims wanting to speak to Austrailian PM (also unconfirmed).","in_reply_to_status_id":544298980801134593,"id":544299706151886848,"favorite_count":0,"source":"<a href=\"http://twitter.com/download/android\" rel=\"nofollow\">Twitter for Android</a>","retweeted":false,"coordinates":null,"entities":{"symbols":[],"user_mentions":[{"id":79802631,"indices":[0,16],"id_str":"79802631","screen_name":"peeyushmalhotra","name":"Mr. X in Situations "},{"id":428333,"indices":[17,24],"id_str":"428333","screen_name":"cnnbrk","name":"CNN Breaking News"}],"hashtags":[],"urls":[]},"in_reply_to_screen_name":"peeyushmalhotra","id_str":"544299706151886848","retweet_count":0,"in_reply_to_user_id":79802631,"favorited":false,"user":{"follow_request_sent":false,"profile_use_background_image":false,"profile_text_color":"000000","default_profile_image":false,"id":2723735572,"profile_background_image_url_https":"https://abs.twimg.com/images/themes/theme1/bg.png","verified":false,"profile_location":null,"profile_image_url_https":"https://pbs.twimg.com/profile_images/578997534573666304/DMNGE9LV_normal.jpeg","profile_sidebar_fill_color":"000000","entities":{"url":{"urls":[{"url":"http://t.co/oV5ySdeVc7","indices":[0,22],"expanded_url":"http://FaithBased92.wordpress.com","display_url":"FaithBased92.wordpress.com"}]},"description":{"urls":[]}},"followers_count":423,"profile_sidebar_border_color":"000000","id_str":"2723735572","profile_background_color":"000000","listed_count":5,"is_translation_enabled":false,"utc_offset":null,"statuses_count":32308,"description":"Favorite/RT doesn't mean I agree with tweet. Who is like the Lord? In Him I stand, and whom shall I fear?","friends_count":142,"location":"","profile_link_color":"085C00","profile_image_url":"http://pbs.twimg.com/profile_images/578997534573666304/DMNGE9LV_normal.jpeg","following":false,"geo_enabled":false,"profile_banner_url":"https://pbs.twimg.com/profile_banners/2723735572/1412992099","profile_background_image_url":"http://abs.twimg.com/images/themes/theme1/bg.png","name":"FaithBased","lang":"en","profile_background_tile":false,"favourites_count":3667,"screen_name":"FaithBased92","notifications":false,"url":"http://t.co/oV5ySdeVc7","created_at":"Fri Jul 25 02:07:28 +0000 2014","contributors_enabled":false,"time_zone":null,"protected":false,"default_profile":false,"is_translator":false},"geo":null,"in_reply_to_user_id_str":"79802631","lang":"en","created_at":"Mon Dec 15 01:15:37 +0000 2014","in_reply_to_status_id_str":"544298980801134593","place":null},
{"contributors":null,"truncated":false,"text":"@RJisTrouble4U @cnnbrk No, I'm not \"cool\" with that.  I've taken on major criminals and tyrants, and don't release personal info.","in_reply_to_status_id":544299521656647680,"id":544299765698416640,"favorite_count":1,"source":"<a href=\"http://twitter.com\" rel=\"nofollow\">Twitter Web Client</a>","retweeted":false,"coordinates":null,"entities":{"symbols":[],"user_mentions":[{"id":262062797,"indices":[0,14],"id_str":"262062797","screen_name":"RJisTrouble4U","name":"PutiePie"},{"id":428333,"indices":[15,22],"id_str":"428333","screen_name":"cnnbrk","name":"CNN Breaking News"}],"hashtags":[],"urls":[]},"in_reply_to_screen_name":"RJisTrouble4U","id_str":"544299765698416640","retweet_count":0,"in_reply_to_user_id":262062797,"favorited":false,"user":{"follow_request_sent":false,"profile_use_background_image":true,"profile_text_color":"333333","default_profile_image":false,"id":1852665702,"profile_background_image_url_https":"https://pbs.twimg.com/profile_background_images/489067874355396608/ERu0ZCXz.jpeg","verified":false,"profile_location":null,"profile_image_url_https":"https://pbs.twimg.com/profile_images/378800000440592717/10b780e702f7cab14e0e95ceb675cae6_normal.jpeg","profile_sidebar_fill_color":"DDEEF6","entities":{"url":{"urls":[{"url":"http://t.co/PXvXDCuzZR","indices":[0,22],"expanded_url":"http://www.centrafrique.com","display_url":"centrafrique.com"}]},"description":{"urls":[]}},"followers_count":126,"profile_sidebar_border_color":"FFFFFF","id_str":"1852665702","profile_background_color":"C0DEED","listed_count":9,"is_translation_enabled":false,"utc_offset":null,"statuses_count":3655,"description":"","friends_count":394,"location":"Vancouver, BC","profile_link_color":"0084B4","profile_image_url":"http://pbs.twimg.com/profile_images/378800000440592717/10b780e702f7cab14e0e95ceb675cae6_normal.jpeg","following":false,"geo_enabled":false,"profile_banner_url":"https://pbs.twimg.com/profile_banners/1852665702/1412389668","profile_background_image_url":"http://pbs.twimg.com/profile_background_images/489067874355396608/ERu0ZCXz.jpeg","name":"Brian Rubaduka ن","lang":"en","profile_background_tile":true,"favourites_count":491,"screen_name":"ivoirien_com","notifications":false,"url":"http://t.co/PXvXDCuzZR","created_at":"Tue Sep 10 22:57:52 +0000 2013","contributors_enabled":false,"time_zone":null,"protected":false,"default_profile":false,"is_translator":false},"geo":null,"in_reply_to_user_id_str":"262062797","lang":"en","created_at":"Mon Dec 15 01:15:51 +0000 2014","in_reply_to_status_id_str":"544299521656647680","place":null},
{"contributors":null,"truncated":false,"text":"@FaithBased92 @cnnbrk \nohhhhh ...","in_reply_to_status_id":544299598639271936,"id":544299786275282944,"favorite_count":0,"source":"<a href=\"http://twitter.com\" rel=\"nofollow\">Twitter Web Client</a>","retweeted":false,"coordinates":null,"entities":{"symbols":[],"user_mentions":[{"id":2723735572,"indices":[0,13],"id_str":"2723735572","screen_name":"FaithBased92","name":"FaithBased"},{"id":428333,"indices":[14,21],"id_str":"428333","screen_name":"cnnbrk","name":"CNN Breaking News"}],"hashtags":[],"urls":[]},"in_reply_to_screen_name":"FaithBased92","id_str":"544299786275282944","retweet_count":0,"in_reply_to_user_id":2723735572,"favorited":false,"user":{"follow_request_sent":false,"profile_use_background_image":true,"profile_text_color":"333333","default_profile_image":false,"id":79802631,"profile_background_image_url_https":"https://pbs.twimg.com/profile_background_images/689967490/57dc57b653a14dfde02a84cc7b50d11e.jpeg","verified":false,"profile_location":null,"profile_image_url_https":"https://pbs.twimg.com/profile_images/502776032911310849/IJEu5Yw-_normal.jpeg","profile_sidebar_fill_color":"EFEFEF","entities":{"url":{"urls":[{"url":"http://t.co/g0jxdxKy38","indices":[0,22],"expanded_url":"http://www.youtube.com/user/threefortyfive?feature=mhee","display_url":"youtube.com/user/threefort…"}]},"description":{"urls":[]}},"followers_count":1148,"profile_sidebar_border_color":"FFFFFF","id_str":"79802631","profile_background_color":"131516","listed_count":13,"is_translation_enabled":false,"utc_offset":19800,"statuses_count":128289,"description":"|| श्रीमान एक्स परिस्थितियों में ||\r\n|| सत्यम शिवम् सुन्दरम ||\r\n|| जो व्याख्या से परे हैं वह ही राम हैं ||\r\nहिन्दू धरम के सामान उच्च कोई धरम नहीं है","friends_count":1999,"location":"India","profile_link_color":"009999","profile_image_url":"http://pbs.twimg.com/profile_images/502776032911310849/IJEu5Yw-_normal.jpeg","following":false,"geo_enabled":false,"profile_banner_url":"https://pbs.twimg.com/profile_banners/79802631/1412945322","profile_background_image_url":"http://pbs.twimg.com/profile_background_images/689967490/57dc57b653a14dfde02a84cc7b50d11e.jpeg","name":"Mr. X in Situations ","lang":"en","profile_background_tile":false,"favourites_count":127040,"screen_name":"peeyushmalhotra","notifications":false,"url":"http://t.co/g0jxdxKy38","created_at":"Sun Oct 04 18:55:01 +0000 2009","contributors_enabled":false,"time_zone":"Chennai","protected":false,"default_profile":false,"is_translator":false},"geo":null,"in_reply_to_user_id_str":"2723735572","lang":"und","created_at":"Mon Dec 15 01:15:56 +0000 2014","in_reply_to_status_id_str":"544299598639271936","place":null},
{"contributors":null,"truncated":false,"text":"@ivoirien_com @cnnbrk wtf are you doing bitching about immigrants in Canada if YOU are one of them","in_reply_to_status_id":544299765698416640,"id":544299936934674432,"favorite_count":0,"source":"<a href=\"http://twitter.com/download/iphone\" rel=\"nofollow\">Twitter for iPhone</a>","retweeted":false,"coordinates":null,"entities":{"symbols":[],"user_mentions":[{"id":1852665702,"indices":[0,13],"id_str":"1852665702","screen_name":"ivoirien_com","name":"Brian Rubaduka ن"},{"id":428333,"indices":[14,21],"id_str":"428333","screen_name":"cnnbrk","name":"CNN Breaking News"}],"hashtags":[],"urls":[]},"in_reply_to_screen_name":"ivoirien_com","id_str":"544299936934674432","retweet_count":0,"in_reply_to_user_id":1852665702,"favorited":false,"user":{"follow_request_sent":false,"profile_use_background_image":true,"profile_text_color":"333333","default_profile_image":false,"id":262062797,"profile_background_image_url_https":"https://abs.twimg.com/images/themes/theme1/bg.png","verified":false,"profile_location":null,"profile_image_url_https":"https://pbs.twimg.com/profile_images/588514222172049408/I9xMiWbd_normal.jpg","profile_sidebar_fill_color":"DDEEF6","entities":{"description":{"urls":[]}},"followers_count":9982,"profile_sidebar_border_color":"C0DEED","id_str":"262062797","profile_background_color":"C0DEED","listed_count":14,"is_translation_enabled":false,"utc_offset":-21600,"statuses_count":69170,"description":"Psychology,Criminology,Modelling,Writer,Gamer, Ukrainian and French (France) Canadian. Ask for my Path, Tumblr, IG and KIK/LINE/BBM","friends_count":10089,"location":"Canada","profile_link_color":"0084B4","profile_image_url":"http://pbs.twimg.com/profile_images/588514222172049408/I9xMiWbd_normal.jpg","following":false,"geo_enabled":false,"profile_banner_url":"https://pbs.twimg.com/profile_banners/262062797/1407893905","profile_background_image_url":"http://abs.twimg.com/images/themes/theme1/bg.png","name":"PutiePie","lang":"en","profile_background_tile":false,"favourites_count":10927,"screen_name":"RJisTrouble4U","notifications":false,"url":null,"created_at":"Mon Mar 07 08:04:43 +0000 2011","contributors_enabled":false,"time_zone":"Saskatchewan","protected":false,"default_profile":true,"is_translator":false},"geo":null,"in_reply_to_user_id_str":"1852665702","lang":"en","created_at":"Mon Dec 15 01:16:32 +0000 2014","in_reply_to_status_id_str":"544299765698416640","place":null},
{"contributors":null,"truncated":false,"text":"@peeyushmalhotra @cnnbrk This is being called a seige. Not an atrack. People have hashtagged it as #sydneysiege","in_reply_to_status_id":544299786275282944,"id":544300343736401920,"favorite_count":0,"source":"<a href=\"http://twitter.com/download/android\" rel=\"nofollow\">Twitter for Android</a>","retweeted":false,"coordinates":null,"entities":{"symbols":[],"user_mentions":[{"id":79802631,"indices":[0,16],"id_str":"79802631","screen_name":"peeyushmalhotra","name":"Mr. X in Situations "},{"id":428333,"indices":[17,24],"id_str":"428333","screen_name":"cnnbrk","name":"CNN Breaking News"}],"hashtags":[{"indices":[99,111],"text":"sydneysiege"}],"urls":[]},"in_reply_to_screen_name":"peeyushmalhotra","id_str":"544300343736401920","retweet_count":0,"in_reply_to_user_id":79802631,"favorited":false,"user":{"follow_request_sent":false,"profile_use_background_image":false,"profile_text_color":"000000","default_profile_image":false,"id":2723735572,"profile_background_image_url_https":"https://abs.twimg.com/images/themes/theme1/bg.png","verified":false,"profile_location":null,"profile_image_url_https":"https://pbs.twimg.com/profile_images/578997534573666304/DMNGE9LV_normal.jpeg","profile_sidebar_fill_color":"000000","entities":{"url":{"urls":[{"url":"http://t.co/oV5ySdeVc7","indices":[0,22],"expanded_url":"http://FaithBased92.wordpress.com","display_url":"FaithBased92.wordpress.com"}]},"description":{"urls":[]}},"followers_count":420,"profile_sidebar_border_color":"000000","id_str":"2723735572","profile_background_color":"000000","listed_count":5,"is_translation_enabled":false,"utc_offset":null,"statuses_count":32369,"description":"Favorite/RT doesn't mean I agree with tweet. Who is like the Lord? In Him I stand, and whom shall I fear?","friends_count":142,"location":"","profile_link_color":"085C00","profile_image_url":"http://pbs.twimg.com/profile_images/578997534573666304/DMNGE9LV_normal.jpeg","following":false,"geo_enabled":false,"profile_banner_url":"https://pbs.twimg.com/profile_banners/2723735572/1412992099","profile_background_image_url":"http://abs.twimg.com/images/themes/theme1/bg.png","name":"FaithBased","lang":"en","profile_background_tile":false,"favourites_count":3675,"screen_name":"FaithBased92","notifications":false,"url":"http://t.co/oV5ySdeVc7","created_at":"Fri Jul 25 02:07:28 +0000 2014","contributors_enabled":false,"time_zone":null,"protected":false,"default_profile":false,"is_translator":false},"geo":null,"in_reply_to_user_id_str":"79802631","lang":"en","created_at":"Mon Dec 15 01:18:09 +0000 2014","in_reply_to_status_id_str":"544299786275282944","place":null},
{"contributors":null,"truncated":false,"text":"@peeyushmalhotra @cnnbrk Okay. Let me clarify. Tweeps are calling it a seige. Not official language.","in_reply_to_status_id":544300343736401920,"id":544300505602981888,"favorite_count":0,"source":"<a href=\"http://twitter.com/download/android\" rel=\"nofollow\">Twitter for Android</a>","retweeted":false,"coordinates":null,"entities":{"symbols":[],"user_mentions":[{"id":79802631,"indices":[0,16],"id_str":"79802631","screen_name":"peeyushmalhotra","name":"Mr. X in Situations "},{"id":428333,"indices":[17,24],"id_str":"428333","screen_name":"cnnbrk","name":"CNN Breaking News"}],"hashtags":[],"urls":[]},"in_reply_to_screen_name":"FaithBased92","id_str":"544300505602981888","retweet_count":0,"in_reply_to_user_id":2723735572,"favorited":false,"user":{"follow_request_sent":false,"profile_use_background_image":false,"profile_text_color":"000000","default_profile_image":false,"id":2723735572,"profile_background_image_url_https":"https://abs.twimg.com/images/themes/theme1/bg.png","verified":false,"profile_location":null,"profile_image_url_https":"https://pbs.twimg.com/profile_images/578997534573666304/DMNGE9LV_normal.jpeg","profile_sidebar_fill_color":"000000","entities":{"url":{"urls":[{"url":"http://t.co/oV5ySdeVc7","indices":[0,22],"expanded_url":"http://FaithBased92.wordpress.com","display_url":"FaithBased92.wordpress.com"}]},"description":{"urls":[]}},"followers_count":420,"profile_sidebar_border_color":"000000","id_str":"2723735572","profile_background_color":"000000","listed_count":5,"is_translation_enabled":false,"utc_offset":null,"statuses_count":32369,"description":"Favorite/RT doesn't mean I agree with tweet. Who is like the Lord? In Him I stand, and whom shall I fear?","friends_count":142,"location":"","profile_link_color":"085C00","profile_image_url":"http://pbs.twimg.com/profile_images/578997534573666304/DMNGE9LV_normal.jpeg","following":false,"geo_enabled":false,"profile_banner_url":"https://pbs.twimg.com/profile_banners/2723735572/1412992099","profile_background_image_url":"http://abs.twimg.com/images/themes/theme1/bg.png","name":"FaithBased","lang":"en","profile_background_tile":false,"favourites_count":3675,"screen_name":"FaithBased92","notifications":false,"url":"http://t.co/oV5ySdeVc7","created_at":"Fri Jul 25 02:07:28 +0000 2014","contributors_enabled":false,"time_zone":null,"protected":false,"default_profile":false,"is_translator":false},"geo":null,"in_reply_to_user_id_str":"2723735572","lang":"en","created_at":"Mon Dec 15 01:18:47 +0000 2014","in_reply_to_status_id_str":"544300343736401920","place":null},
{"contributors":null,"truncated":false,"text":"@McBlondeLand @cnnbrk pbs is pretty good and that is the network the Republicans wanted to kill off","in_reply_to_status_id":544299340769284097,"id":544300873308835840,"favorite_count":1,"source":"<a href=\"http://twitter.com/download/iphone\" rel=\"nofollow\">Twitter for iPhone</a>","retweeted":false,"coordinates":null,"entities":{"symbols":[],"user_mentions":[{"id":19477339,"indices":[0,13],"id_str":"19477339","screen_name":"McBlondeLand","name":"McBlondeLand"},{"id":428333,"indices":[14,21],"id_str":"428333","screen_name":"cnnbrk","name":"CNN Breaking News"}],"hashtags":[],"urls":[]},"in_reply_to_screen_name":"McBlondeLand","id_str":"544300873308835840","retweet_count":0,"in_reply_to_user_id":19477339,"favorited":false,"user":{"follow_request_sent":false,"profile_use_background_image":true,"profile_text_color":"333333","default_profile_image":false,"id":262062797,"profile_background_image_url_https":"https://abs.twimg.com/images/themes/theme1/bg.png","verified":false,"profile_location":null,"profile_image_url_https":"https://pbs.twimg.com/profile_images/543443252326588416/jKWWXUdf_normal.jpeg","profile_sidebar_fill_color":"DDEEF6","entities":{"description":{"urls":[]}},"followers_count":9982,"profile_sidebar_border_color":"C0DEED","id_str":"262062797","profile_background_color":"C0DEED","listed_count":14,"is_translation_enabled":false,"utc_offset":-21600,"statuses_count":69170,"description":"Psychology,Criminology,Modelling,Writer,Gamer, Ukrainian and French (France) Canadian. Ask for my Path, Tumblr, IG and KIK/LINE/BBM","friends_count":10089,"location":"Canada","profile_link_color":"0084B4","profile_image_url":"http://pbs.twimg.com/profile_images/543443252326588416/jKWWXUdf_normal.jpeg","following":false,"geo_enabled":false,"profile_banner_url":"https://pbs.twimg.com/profile_banners/262062797/1407893905","profile_background_image_url":"http://abs.twimg.com/images/themes/theme1/bg.png","name":"PutiePie","lang":"en","profile_background_tile":false,"favourites_count":10927,"screen_name":"RJisTrouble4U","notifications":false,"url":null,"created_at":"Mon Mar 07 08:04:43 +0000 2011","contributors_enabled":false,"time_zone":"Saskatchewan","protected":false,"default_profile":true,"is_translator":false},"geo":null,"in_reply_to_user_id_str":"19477339","lang":"en","created_at":"Mon Dec 15 01:20:15 +0000 2014","in_reply_to_status_id_str":"544299340769284097","place":null},
{"contributors":null,"truncated":false,"text":"@RJisTrouble4U Yes they are, but they don't cover breaking news.","in_reply_to_status_id":544300873308835840,"id":544301179086569472,"favorite_count":1,"source":"<a href=\"http://twitter.com\" rel=\"nofollow\">Twitter Web Client</a>","retweeted":false,"coordinates":null,"entities":{"symbols":[],"user_mentions":[{"id":262062797,"indices":[0,14],"id_str":"262062797","screen_name":"RJisTrouble4U","name":"PutiePie"}],"hashtags":[],"urls":[]},"in_reply_to_screen_name":"RJisTrouble4U","id_str":"544301179086569472","retweet_count":1,"in_reply_to_user_id":262062797,"favorited":false,"user":{"follow_request_sent":false,"profile_use_background_image":true,"profile_text_color":"333333","default_profile_image":false,"id":19477339,"profile_background_image_url_https":"https://abs.twimg.com/images/themes/theme16/bg.gif","verified":false,"profile_location":null,"profile_image_url_https":"https://pbs.twimg.com/profile_images/1670922818/mypictr_140x185_normal.jpg","profile_sidebar_fill_color":"DDFFCC","entities":{"description":{"urls":[]}},"followers_count":3174,"profile_sidebar_border_color":"BDDCAD","id_str":"19477339","profile_background_color":"9AE4E8","listed_count":130,"is_translation_enabled":false,"utc_offset":-21600,"statuses_count":89538,"description":"Organizational Psychologist Healthcare\r\n#IHaveNoEvidenceToProveThatIJustRaisedTheQuestion\r\n#NotIntendedToBeAFactualStatement","friends_count":3449,"location":"","profile_link_color":"0077B3","profile_image_url":"http://pbs.twimg.com/profile_images/1670922818/mypictr_140x185_normal.jpg","following":false,"geo_enabled":false,"profile_banner_url":"https://pbs.twimg.com/profile_banners/19477339/1412461358","profile_background_image_url":"http://abs.twimg.com/images/themes/theme16/bg.gif","name":"McBlondeLand","lang":"en","profile_background_tile":true,"favourites_count":23615,"screen_name":"McBlondeLand","notifications":false,"url":null,"created_at":"Sun Jan 25 04:13:24 +0000 2009","contributors_enabled":false,"time_zone":"Central Time (US & Canada)","protected":false,"default_profile":false,"is_translator":false},"geo":null,"in_reply_to_user_id_str":"262062797","lang":"en","created_at":"Mon Dec 15 01:21:28 +0000 2014","in_reply_to_status_id_str":"544300873308835840","place":null},
{"contributors":null,"truncated":false,"text":"@McBlondeLand maybe only on the hour. Streaming I use the France24 app and AlJazeera for endless news, not many others do that","in_reply_to_status_id":544301179086569472,"id":544301676652294145,"favorite_count":1,"source":"<a href=\"http://twitter.com/download/iphone\" rel=\"nofollow\">Twitter for iPhone</a>","retweeted":false,"coordinates":null,"entities":{"symbols":[],"user_mentions":[{"id":19477339,"indices":[0,13],"id_str":"19477339","screen_name":"McBlondeLand","name":"McBlondeLand"}],"hashtags":[],"urls":[]},"in_reply_to_screen_name":"McBlondeLand","id_str":"544301676652294145","retweet_count":0,"in_reply_to_user_id":19477339,"favorited":false,"user":{"follow_request_sent":false,"profile_use_background_image":true,"profile_text_color":"333333","default_profile_image":false,"id":262062797,"profile_background_image_url_https":"https://abs.twimg.com/images/themes/theme1/bg.png","verified":false,"profile_location":null,"profile_image_url_https":"https://pbs.twimg.com/profile_images/543443252326588416/jKWWXUdf_normal.jpeg","profile_sidebar_fill_color":"DDEEF6","entities":{"description":{"urls":[]}},"followers_count":9982,"profile_sidebar_border_color":"C0DEED","id_str":"262062797","profile_background_color":"C0DEED","listed_count":14,"is_translation_enabled":false,"utc_offset":-21600,"statuses_count":69170,"description":"Psychology,Criminology,Modelling,Writer,Gamer, Ukrainian and French (France) Canadian. Ask for my Path, Tumblr, IG and KIK/LINE/BBM","friends_count":10089,"location":"Canada","profile_link_color":"0084B4","profile_image_url":"http://pbs.twimg.com/profile_images/543443252326588416/jKWWXUdf_normal.jpeg","following":false,"geo_enabled":false,"profile_banner_url":"https://pbs.twimg.com/profile_banners/262062797/1407893905","profile_background_image_url":"http://abs.twimg.com/images/themes/theme1/bg.png","name":"PutiePie","lang":"en","profile_background_tile":false,"favourites_count":10927,"screen_name":"RJisTrouble4U","notifications":false,"url":null,"created_at":"Mon Mar 07 08:04:43 +0000 2011","contributors_enabled":false,"time_zone":"Saskatchewan","protected":false,"default_profile":true,"is_translator":false},"geo":null,"in_reply_to_user_id_str":"19477339","lang":"en","created_at":"Mon Dec 15 01:23:27 +0000 2014","in_reply_to_status_id_str":"544301179086569472","place":null},
{"contributors":null,"truncated":false,"text":"@sureshdani45 @cnnbrk trillions? Lol","in_reply_to_status_id":544298472489222144,"id":544302731934973952,"favorite_count":0,"source":"<a href=\"http://twitter.com/download/android\" rel=\"nofollow\">Twitter for Android</a>","retweeted":false,"coordinates":null,"entities":{"symbols":[],"user_mentions":[{"id":2276289300,"indices":[0,13],"id_str":"2276289300","screen_name":"sureshdani45","name":"Bitter Truth"},{"id":428333,"indices":[14,21],"id_str":"428333","screen_name":"cnnbrk","name":"CNN Breaking News"}],"hashtags":[],"urls":[]},"in_reply_to_screen_name":"sureshdani45","id_str":"544302731934973952","retweet_count":0,"in_reply_to_user_id":2276289300,"favorited":false,"user":{"follow_request_sent":false,"profile_use_background_image":true,"profile_text_color":"333333","default_profile_image":false,"id":51638400,"profile_background_image_url_https":"https://abs.twimg.com/images/themes/theme1/bg.png","verified":false,"profile_location":null,"profile_image_url_https":"https://pbs.twimg.com/profile_images/436636707505463296/utVlMyYh_normal.jpeg","profile_sidebar_fill_color":"DDEEF6","entities":{"description":{"urls":[]}},"followers_count":1146,"profile_sidebar_border_color":"C0DEED","id_str":"51638400","profile_background_color":"C0DEED","listed_count":7,"is_translation_enabled":false,"utc_offset":null,"statuses_count":3362,"description":"University of Oklahoma Sooner Ex, Thunder Season Ticket Holder and loud mouth wanna be sports expert. Avid Biker and Kayaker.","friends_count":2001,"location":"Oklahoma City","profile_link_color":"0084B4","profile_image_url":"http://pbs.twimg.com/profile_images/436636707505463296/utVlMyYh_normal.jpeg","following":false,"geo_enabled":true,"profile_background_image_url":"http://abs.twimg.com/images/themes/theme1/bg.png","name":"snoop doug","lang":"en","profile_background_tile":false,"favourites_count":4500,"screen_name":"snoopdoug44","notifications":false,"url":null,"created_at":"Sun Jun 28 03:26:04 +0000 2009","contributors_enabled":false,"time_zone":null,"protected":false,"default_profile":true,"is_translator":false},"geo":null,"in_reply_to_user_id_str":"2276289300","lang":"en","created_at":"Mon Dec 15 01:27:38 +0000 2014","in_reply_to_status_id_str":"544298472489222144","place":null},
{"contributors":null,"truncated":false,"text":"@snoopdoug44 @cnnbrk \nAbsolutely Sir, in India we have leaders trillionairs, of course on paper they are beggers","in_reply_to_status_id":544302731934973952,"id":544303378646315008,"favorite_count":0,"source":"<a href=\"http://twitter.com/download/android\" rel=\"nofollow\">Twitter for Android</a>","retweeted":false,"coordinates":null,"entities":{"symbols":[],"user_mentions":[{"id":51638400,"indices":[0,12],"id_str":"51638400","screen_name":"snoopdoug44","name":"snoop doug"},{"id":428333,"indices":[13,20],"id_str":"428333","screen_name":"cnnbrk","name":"CNN Breaking News"}],"hashtags":[],"urls":[]},"in_reply_to_screen_name":"snoopdoug44","id_str":"544303378646315008","retweet_count":0,"in_reply_to_user_id":51638400,"favorited":false,"user":{"follow_request_sent":false,"profile_use_background_image":true,"profile_text_color":"333333","default_profile_image":false,"id":2276289300,"profile_background_image_url_https":"https://abs.twimg.com/images/themes/theme1/bg.png","verified":false,"profile_location":null,"profile_image_url_https":"https://pbs.twimg.com/profile_images/429261371859931136/85K1H95q_normal.jpeg","profile_sidebar_fill_color":"DDEEF6","entities":{"description":{"urls":[]}},"followers_count":130,"profile_sidebar_border_color":"C0DEED","id_str":"2276289300","profile_background_color":"C0DEED","listed_count":0,"is_translation_enabled":false,"utc_offset":null,"statuses_count":2554,"description":"A Common Man. Powered by protection of Article 19(1)(a) Part lll, Constitution of India","friends_count":229,"location":"एक आम आदमी.","profile_link_color":"0084B4","profile_image_url":"http://pbs.twimg.com/profile_images/429261371859931136/85K1H95q_normal.jpeg","following":false,"geo_enabled":false,"profile_banner_url":"https://pbs.twimg.com/profile_banners/2276289300/1406015387","profile_background_image_url":"http://abs.twimg.com/images/themes/theme1/bg.png","name":"Bitter Truth","lang":"en","profile_background_tile":false,"favourites_count":2431,"screen_name":"sureshdani45","notifications":false,"url":null,"created_at":"Sat Jan 04 15:48:45 +0000 2014","contributors_enabled":false,"time_zone":null,"protected":false,"default_profile":true,"is_translator":false},"geo":null,"in_reply_to_user_id_str":"51638400","lang":"en","created_at":"Mon Dec 15 01:30:12 +0000 2014","in_reply_to_status_id_str":"544302731934973952","place":null},
{"contributors":null,"truncated":false,"text":"@sureshdani45 \"corruption is an act of treason, root of all evils\"- That's true!","in_reply_to_status_id":544298472489222144,"id":544306072505565185,"favorite_count":1,"source":"<a href=\"http://twitter.com/download/android\" rel=\"nofollow\">Twitter for Android</a>","retweeted":false,"coordinates":null,"entities":{"symbols":[],"user_mentions":[{"id":2276289300,"indices":[0,13],"id_str":"2276289300","screen_name":"sureshdani45","name":"Bitter Truth"}],"hashtags":[],"urls":[]},"in_reply_to_screen_name":"sureshdani45","id_str":"544306072505565185","retweet_count":0,"in_reply_to_user_id":2276289300,"favorited":false,"user":{"follow_request_sent":false,"profile_use_background_image":true,"profile_text_color":"333333","default_profile_image":false,"id":2222065434,"profile_background_image_url_https":"https://abs.twimg.com/images/themes/theme1/bg.png","verified":false,"profile_location":null,"profile_image_url_https":"https://pbs.twimg.com/profile_images/559401623022473216/7-U7_9nW_normal.jpeg","profile_sidebar_fill_color":"DDEEF6","entities":{"description":{"urls":[]}},"followers_count":1276,"profile_sidebar_border_color":"000000","id_str":"2222065434","profile_background_color":"C0DEED","listed_count":5,"is_translation_enabled":false,"utc_offset":null,"statuses_count":4048,"description":"Marino Mercante ~ Amante del Futbol ~ Respetuoso por un futuro de paz para un mundo mejor #Science #God #FutVe #Diy #gratitude #jokes #facts #unpopularopinions","friends_count":1265,"location":"Puerto Ordaz- Venezuela","profile_link_color":"0084B4","profile_image_url":"http://pbs.twimg.com/profile_images/559401623022473216/7-U7_9nW_normal.jpeg","following":false,"geo_enabled":true,"profile_banner_url":"https://pbs.twimg.com/profile_banners/2222065434/1386194868","profile_background_image_url":"http://abs.twimg.com/images/themes/theme1/bg.png","name":"Gustavo Gómez","lang":"en","profile_background_tile":false,"favourites_count":780,"screen_name":"Vinotintox100","notifications":false,"url":null,"created_at":"Fri Nov 29 21:44:26 +0000 2013","contributors_enabled":false,"time_zone":null,"protected":false,"default_profile":false,"is_translator":false},"geo":null,"in_reply_to_user_id_str":"2276289300","lang":"en","created_at":"Mon Dec 15 01:40:55 +0000 2014","in_reply_to_status_id_str":"544298472489222144","place":null},
{"contributors":null,"truncated":false,"text":"@sureshdani45 @cnnbrk yeah that's about 75 dollars in US or 100 in Euro","in_reply_to_status_id":544303378646315008,"id":544310584527699968,"favorite_count":1,"source":"<a href=\"http://twitter.com/download/android\" rel=\"nofollow\">Twitter for Android</a>","retweeted":false,"coordinates":null,"entities":{"symbols":[],"user_mentions":[{"id":2276289300,"indices":[0,13],"id_str":"2276289300","screen_name":"sureshdani45","name":"Bitter Truth"},{"id":428333,"indices":[14,21],"id_str":"428333","screen_name":"cnnbrk","name":"CNN Breaking News"}],"hashtags":[],"urls":[]},"in_reply_to_screen_name":"sureshdani45","id_str":"544310584527699968","retweet_count":0,"in_reply_to_user_id":2276289300,"favorited":false,"user":{"follow_request_sent":false,"profile_use_background_image":true,"profile_text_color":"333333","default_profile_image":false,"id":51638400,"profile_background_image_url_https":"https://abs.twimg.com/images/themes/theme1/bg.png","verified":false,"profile_location":null,"profile_image_url_https":"https://pbs.twimg.com/profile_images/436636707505463296/utVlMyYh_normal.jpeg","profile_sidebar_fill_color":"DDEEF6","entities":{"description":{"urls":[]}},"followers_count":1146,"profile_sidebar_border_color":"C0DEED","id_str":"51638400","profile_background_color":"C0DEED","listed_count":7,"is_translation_enabled":false,"utc_offset":null,"statuses_count":3362,"description":"University of Oklahoma Sooner Ex, Thunder Season Ticket Holder and loud mouth wanna be sports expert. Avid Biker and Kayaker.","friends_count":2001,"location":"Oklahoma City","profile_link_color":"0084B4","profile_image_url":"http://pbs.twimg.com/profile_images/436636707505463296/utVlMyYh_normal.jpeg","following":false,"geo_enabled":true,"profile_background_image_url":"http://abs.twimg.com/images/themes/theme1/bg.png","name":"snoop doug","lang":"en","profile_background_tile":false,"favourites_count":4500,"screen_name":"snoopdoug44","notifications":false,"url":null,"created_at":"Sun Jun 28 03:26:04 +0000 2009","contributors_enabled":false,"time_zone":null,"protected":false,"default_profile":true,"is_translator":false},"geo":null,"in_reply_to_user_id_str":"2276289300","lang":"en","created_at":"Mon Dec 15 01:58:50 +0000 2014","in_reply_to_status_id_str":"544303378646315008","place":null},
{"contributors":null,"truncated":false,"text":"@RJisTrouble4U @cnnbrk the hostages are pinned up against all the windows. They can't really do anything.","in_reply_to_status_id":544299185588019200,"id":544312060411400192,"favorite_count":0,"source":"<a href=\"http://twitter.com/download/iphone\" rel=\"nofollow\">Twitter for iPhone</a>","retweeted":false,"coordinates":null,"entities":{"symbols":[],"user_mentions":[{"id":262062797,"indices":[0,14],"id_str":"262062797","screen_name":"RJisTrouble4U","name":"PutiePie"},{"id":428333,"indices":[15,22],"id_str":"428333","screen_name":"cnnbrk","name":"CNN Breaking News"}],"hashtags":[],"urls":[]},"in_reply_to_screen_name":"RJisTrouble4U","id_str":"544312060411400192","retweet_count":1,"in_reply_to_user_id":262062797,"favorited":false,"user":{"follow_request_sent":false,"profile_use_background_image":true,"profile_text_color":"333333","default_profile_image":false,"id":1638700044,"profile_background_image_url_https":"https://abs.twimg.com/images/themes/theme1/bg.png","verified":false,"profile_location":null,"profile_image_url_https":"https://pbs.twimg.com/profile_images/378800000227736859/1f56e1b0313b125b3e71f5d7e748d251_normal.jpeg","profile_sidebar_fill_color":"DDEEF6","entities":{"description":{"urls":[]}},"followers_count":79,"profile_sidebar_border_color":"C0DEED","id_str":"1638700044","profile_background_color":"C0DEED","listed_count":5,"is_translation_enabled":false,"utc_offset":null,"statuses_count":1934,"description":"History is written by the winners.","friends_count":253,"location":"United Kingdom, England","profile_link_color":"0084B4","profile_image_url":"http://pbs.twimg.com/profile_images/378800000227736859/1f56e1b0313b125b3e71f5d7e748d251_normal.jpeg","following":false,"geo_enabled":true,"profile_banner_url":"https://pbs.twimg.com/profile_banners/1638700044/1375391874","profile_background_image_url":"http://abs.twimg.com/images/themes/theme1/bg.png","name":"JohnM96","lang":"en","profile_background_tile":false,"favourites_count":142,"screen_name":"TheWolfBoyy","notifications":false,"url":null,"created_at":"Thu Aug 01 19:56:53 +0000 2013","contributors_enabled":false,"time_zone":null,"protected":false,"default_profile":true,"is_translator":false},"geo":null,"in_reply_to_user_id_str":"262062797","lang":"en","created_at":"Mon Dec 15 02:04:42 +0000 2014","in_reply_to_status_id_str":"544299185588019200","place":null},
{"contributors":null,"truncated":false,"text":"@TheWolfBoyy @cnnbrk k","in_reply_to_status_id":544312060411400192,"id":544312206142492675,"favorite_count":0,"source":"<a href=\"http://twitter.com/download/iphone\" rel=\"nofollow\">Twitter for iPhone</a>","retweeted":false,"coordinates":null,"entities":{"symbols":[],"user_mentions":[{"id":1638700044,"indices":[0,12],"id_str":"1638700044","screen_name":"TheWolfBoyy","name":"JohnM96"},{"id":428333,"indices":[13,20],"id_str":"428333","screen_name":"cnnbrk","name":"CNN Breaking News"}],"hashtags":[],"urls":[]},"in_reply_to_screen_name":"TheWolfBoyy","id_str":"544312206142492675","retweet_count":0,"in_reply_to_user_id":1638700044,"favorited":false,"user":{"follow_request_sent":false,"profile_use_background_image":true,"profile_text_color":"333333","default_profile_image":false,"id":262062797,"profile_background_image_url_https":"https://abs.twimg.com/images/themes/theme1/bg.png","verified":false,"profile_location":null,"profile_image_url_https":"https://pbs.twimg.com/profile_images/543443252326588416/jKWWXUdf_normal.jpeg","profile_sidebar_fill_color":"DDEEF6","entities":{"description":{"urls":[]}},"followers_count":9982,"profile_sidebar_border_color":"C0DEED","id_str":"262062797","profile_background_color":"C0DEED","listed_count":14,"is_translation_enabled":false,"utc_offset":-21600,"statuses_count":69170,"description":"Psychology,Criminology,Modelling,Writer,Gamer, Ukrainian and French (France) Canadian. Ask for my Path, Tumblr, IG and KIK/LINE/BBM","friends_count":10089,"location":"Canada","profile_link_color":"0084B4","profile_image_url":"http://pbs.twimg.com/profile_images/543443252326588416/jKWWXUdf_normal.jpeg","following":false,"geo_enabled":false,"profile_banner_url":"https://pbs.twimg.com/profile_banners/262062797/1407893905","profile_background_image_url":"http://abs.twimg.com/images/themes/theme1/bg.png","name":"PutiePie","lang":"en","profile_background_tile":false,"favourites_count":10927,"screen_name":"RJisTrouble4U","notifications":false,"url":null,"created_at":"Mon Mar 07 08:04:43 +0000 2011","contributors_enabled":false,"time_zone":"Saskatchewan","protected":false,"default_profile":true,"is_translator":false},"geo":null,"in_reply_to_user_id_str":"1638700044","lang":"und","created_at":"Mon Dec 15 02:05:17 +0000 2014","in_reply_to_status_id_str":"544312060411400192","place":null},
{"contributors":null,"truncated":false,"text":"@snoopdoug44 @cnnbrk good jest","in_reply_to_status_id":544310584527699968,"id":544329336963088384,"favorite_count":0,"source":"<a href=\"http://twitter.com/download/android\" rel=\"nofollow\">Twitter for Android</a>","retweeted":false,"coordinates":null,"entities":{"symbols":[],"user_mentions":[{"id":51638400,"indices":[0,12],"id_str":"51638400","screen_name":"snoopdoug44","name":"snoop doug"},{"id":428333,"indices":[13,20],"id_str":"428333","screen_name":"cnnbrk","name":"CNN Breaking News"}],"hashtags":[],"urls":[]},"in_reply_to_screen_name":"snoopdoug44","id_str":"544329336963088384","retweet_count":0,"in_reply_to_user_id":51638400,"favorited":false,"user":{"follow_request_sent":false,"profile_use_background_image":true,"profile_text_color":"333333","default_profile_image":false,"id":2276289300,"profile_background_image_url_https":"https://abs.twimg.com/images/themes/theme1/bg.png","verified":false,"profile_location":null,"profile_image_url_https":"https://pbs.twimg.com/profile_images/429261371859931136/85K1H95q_normal.jpeg","profile_sidebar_fill_color":"DDEEF6","entities":{"description":{"urls":[]}},"followers_count":130,"profile_sidebar_border_color":"C0DEED","id_str":"2276289300","profile_background_color":"C0DEED","listed_count":0,"is_translation_enabled":false,"utc_offset":null,"statuses_count":2554,"description":"A Common Man. Powered by protection of Article 19(1)(a) Part lll, Constitution of India","friends_count":229,"location":"एक आम आदमी.","profile_link_color":"0084B4","profile_image_url":"http://pbs.twimg.com/profile_images/429261371859931136/85K1H95q_normal.jpeg","following":false,"geo_enabled":false,"profile_banner_url":"https://pbs.twimg.com/profile_banners/2276289300/1406015387","profile_background_image_url":"http://abs.twimg.com/images/themes/theme1/bg.png","name":"Bitter Truth","lang":"en","profile_background_tile":false,"favourites_count":2431,"screen_name":"sureshdani45","notifications":false,"url":null,"created_at":"Sat Jan 04 15:48:45 +0000 2014","contributors_enabled":false,"time_zone":null,"protected":false,"default_profile":true,"is_translator":false},"geo":null,"in_reply_to_user_id_str":"51638400","lang":"en","created_at":"Mon Dec 15 03:13:21 +0000 2014","in_reply_to_status_id_str":"544310584527699968","place":null}
]