{"contributors":null,"truncated":false,"text":"#Coquitlam crews are on Sydney Ave after a male was thrown off a 3 story balcony. PD say on arrival male is conscious &amp; smoking a cigarette","in_reply_to_status_id":null,"id":544290995462889472,"favorite_count":225,"source":"<a href=\"http:\/\/twitter.com\" rel=\"nofollow\">Twitter Web Client<\/a>","retweeted":false,"coordinates":null,"entities":{"symbols":[],"user_mentions":[],"hashtags":[{"indices":[0,10],"text":"Coquitlam"}],"urls":[]},"in_reply_to_screen_name":null,"id_str":"544290995462889472","retweet_count":211,"in_reply_to_user_id":null,"favorited":false,"user":{"follow_request_sent":false,"profile_use_background_image":true,"profile_text_color":"333333","default_profile_image":false,"id":58360124,"profile_background_image_url_https":"https:\/\/abs.twimg.com\/images\/themes\/theme14\/bg.gif","verified":false,"profile_location":null,"profile_image_url_https":"https:\/\/pbs.twimg.com\/profile_images\/474031788243705856\/rbm9udom_normal.jpeg","profile_sidebar_fill_color":"EFEFEF","entities":{"url":{"urls":[{"url":"http:\/\/t.co\/4UvV46FlZv","indices":[0,22],"expanded_url":"http:\/\/www.scanbc.com","display_url":"scanbc.com"}]},"description":{"urls":[{"url":"http:\/\/t.co\/qect1bLQKn","indices":[127,149],"expanded_url":"http:\/\/facebook.com\/ScanBC","display_url":"facebook.com\/ScanBC"}]}},"followers_count":72226,"profile_sidebar_border_color":"000000","id_str":"58360124","profile_background_color":"131516","listed_count":822,"is_translation_enabled":false,"utc_offset":-28800,"statuses_count":8057,"description":"ScanBC is British Columbia's online radio scanning community. Your source for raw, unfiltered, local breaking news. Check out: http:\/\/t.co\/qect1bLQKn","friends_count":666,"location":"British Columbia","profile_link_color":"009999","profile_image_url":"http:\/\/pbs.twimg.com\/profile_images\/474031788243705856\/rbm9udom_normal.jpeg","following":false,"geo_enabled":false,"profile_banner_url":"https:\/\/pbs.twimg.com\/profile_banners\/58360124\/1413871459","profile_background_image_url":"http:\/\/abs.twimg.com\/images\/themes\/theme14\/bg.gif","name":"ScanBC","lang":"en","profile_background_tile":true,"favourites_count":13,"screen_name":"ScanBC","notifications":false,"url":"http:\/\/t.co\/4UvV46FlZv","created_at":"Mon Jul 20 02:13:14 +0000 2009","contributors_enabled":false,"time_zone":"Pacific Time (US & Canada)","protected":false,"default_profile":false,"is_translator":false},"geo":null,"in_reply_to_user_id_str":null,"lang":"en","created_at":"Mon Dec 15 00:41:00 +0000 2014","in_reply_to_status_id_str":null,"place":null}