[{"contributors":null,"truncated":false,"text":"@ScanBC no big deal, bro.","in_reply_to_status_id":544290995462889472,"id":544291113759027202,"favorite_count":0,"source":"<a href=\"http://twitter.com/download/iphone\" rel=\"nofollow\">Twitter for iPhone</a>","retweeted":false,"coordinates":null,"entities":{"symbols":[],"user_mentions":[{"id":58360124,"indices":[0,7],"id_str":"58360124","screen_name":"ScanBC","name":"ScanBC"}],"hashtags":[],"urls":[]},"in_reply_to_screen_name":"ScanBC","id_str":"544291113759027202","retweet_count":0,"in_reply_to_user_id":58360124,"favorited":false,"user":{"follow_request_sent":false,"profile_use_background_image":true,"profile_text_color":"333333","default_profile_image":false,"id":2400700849,"profile_background_image_url_https":"https://abs.twimg.com/images/themes/theme1/bg.png","verified":false,"profile_location":null,"profile_image_url_https":"https://pbs.twimg.com/profile_images/446818540197130240/G1CejlIs_normal.jpeg","profile_sidebar_fill_color":"DDEEF6","entities":{"description":{"urls":[]}},"followers_count":49,"profile_sidebar_border_color":"C0DEED","id_str":"2400700849","profile_background_color":"C0DEED","listed_count":1,"is_translation_enabled":false,"utc_offset":null,"statuses_count":259,"description":"Vancouver complaints department","friends_count":24,"location":"Vancouver, B.C.","profile_link_color":"0084B4","profile_image_url":"http://pbs.twimg.com/profile_images/446818540197130240/G1CejlIs_normal.jpeg","following":false,"geo_enabled":false,"profile_banner_url":"https://pbs.twimg.com/profile_banners/2400700849/1395364775","profile_background_image_url":"http://abs.twimg.com/images/themes/theme1/bg.png","name":"Vancouver Complaints","lang":"en","profile_background_tile":false,"favourites_count":4,"screen_name":"vancomplainer","notifications":false,"url":null,"created_at":"Fri Mar 21 01:02:35 +0000 2014","contributors_enabled":false,"time_zone":null,"protected":false,"default_profile":true,"is_translator":false},"geo":null,"in_reply_to_user_id_str":"58360124","lang":"en","created_at":"Mon Dec 15 00:41:28 +0000 2014","in_reply_to_status_id_str":"544290995462889472","place":null},
{"contributors":null,"truncated":false,"text":"@ScanBC hard as fuck brah","in_reply_to_status_id":544290995462889472,"id":544291250308792320,"favorite_count":0,"source":"<a href=\"http://twitter.com/download/android\" rel=\"nofollow\">Twitter for Android</a>","retweeted":false,"coordinates":null,"entities":{"symbols":[],"user_mentions":[{"id":58360124,"indices":[0,7],"id_str":"58360124","screen_name":"ScanBC","name":"ScanBC"}],"hashtags":[],"urls":[]},"in_reply_to_screen_name":"ScanBC","id_str":"544291250308792320","retweet_count":0,"in_reply_to_user_id":58360124,"favorited":false,"user":{"follow_request_sent":false,"profile_use_background_image":true,"profile_text_color":"666666","default_profile_image":false,"id":296702754,"profile_background_image_url_https":"https://pbs.twimg.com/profile_background_images/839700649/2a26f80fc4afbd277b2db6c17fb96bf3.jpeg","verified":false,"profile_location":null,"profile_image_url_https":"https://pbs.twimg.com/profile_images/378800000599221604/37bba0d3ef96db5bc2af3e4755622a9a_normal.jpeg","profile_sidebar_fill_color":"252429","entities":{"description":{"urls":[]}},"followers_count":130,"profile_sidebar_border_color":"FFFFFF","id_str":"296702754","profile_background_color":"1A1B1F","listed_count":2,"is_translation_enabled":false,"utc_offset":-28800,"statuses_count":279,"description":"I enjoy science fiction, video games, tea, the Winnipeg Jets and the Minnesota Vikings.","friends_count":363,"location":"Surrey, British Columbia","profile_link_color":"89C9FA","profile_image_url":"http://pbs.twimg.com/profile_images/378800000599221604/37bba0d3ef96db5bc2af3e4755622a9a_normal.jpeg","following":false,"geo_enabled":true,"profile_banner_url":"https://pbs.twimg.com/profile_banners/296702754/1389505093","profile_background_image_url":"http://pbs.twimg.com/profile_background_images/839700649/2a26f80fc4afbd277b2db6c17fb96bf3.jpeg","name":"Tim Edwards","lang":"en","profile_background_tile":false,"favourites_count":10,"screen_name":"Tim_K_Edwards","notifications":false,"url":null,"created_at":"Wed May 11 08:00:46 +0000 2011","contributors_enabled":false,"time_zone":"Pacific Time (US & Canada)","protected":false,"default_profile":false,"is_translator":false},"geo":null,"in_reply_to_user_id_str":"58360124","lang":"en","created_at":"Mon Dec 15 00:42:01 +0000 2014","in_reply_to_status_id_str":"544290995462889472","place":null},
{"contributors":null,"truncated":false,"text":"@ScanBC Let me know if he was smoking it the whole way down, then we have a story.","in_reply_to_status_id":544290995462889472,"id":544291279434039298,"favorite_count":1,"source":"<a href=\"http://twitter.com/download/android\" rel=\"nofollow\">Twitter for Android</a>","retweeted":false,"coordinates":null,"entities":{"symbols":[],"user_mentions":[{"id":58360124,"indices":[0,7],"id_str":"58360124","screen_name":"ScanBC","name":"ScanBC"}],"hashtags":[],"urls":[]},"in_reply_to_screen_name":"ScanBC","id_str":"544291279434039298","retweet_count":0,"in_reply_to_user_id":58360124,"favorited":false,"user":{"follow_request_sent":false,"profile_use_background_image":true,"profile_text_color":"333333","default_profile_image":false,"id":2551767978,"profile_background_image_url_https":"https://abs.twimg.com/images/themes/theme14/bg.gif","verified":false,"profile_location":null,"profile_image_url_https":"https://pbs.twimg.com/profile_images/487769081206951936/l3MlE5iN_normal.jpeg","profile_sidebar_fill_color":"EFEFEF","entities":{"description":{"urls":[]}},"followers_count":10,"profile_sidebar_border_color":"FFFFFF","id_str":"2551767978","profile_background_color":"131516","listed_count":0,"is_translation_enabled":false,"utc_offset":-28800,"statuses_count":25,"description":"MMA, NFL, NHL, fantasy football","friends_count":32,"location":"Vancouver BC Canada","profile_link_color":"050505","profile_image_url":"http://pbs.twimg.com/profile_images/487769081206951936/l3MlE5iN_normal.jpeg","following":false,"geo_enabled":false,"profile_banner_url":"https://pbs.twimg.com/profile_banners/2551767978/1405128102","profile_background_image_url":"http://abs.twimg.com/images/themes/theme14/bg.gif","name":"ML","lang":"en","profile_background_tile":true,"favourites_count":2,"screen_name":"lockedbomb","notifications":false,"url":null,"created_at":"Sat Jun 07 05:00:39 +0000 2014","contributors_enabled":false,"time_zone":"Pacific Time (US & Canada)","protected":false,"default_profile":false,"is_translator":false},"geo":null,"in_reply_to_user_id_str":"58360124","lang":"en","created_at":"Mon Dec 15 00:42:08 +0000 2014","in_reply_to_status_id_str":"544290995462889472","place":null},
{"contributors":null,"truncated":false,"text":"@ScanBC Smoking can kill you!!","in_reply_to_status_id":544290995462889472,"id":544291352712708096,"favorite_count":0,"source":"<a href=\"http://twitter.com/download/iphone\" rel=\"nofollow\">Twitter for iPhone</a>","retweeted":false,"coordinates":null,"entities":{"symbols":[],"user_mentions":[{"id":58360124,"indices":[0,7],"id_str":"58360124","screen_name":"ScanBC","name":"ScanBC"}],"hashtags":[],"urls":[]},"in_reply_to_screen_name":"ScanBC","id_str":"544291352712708096","retweet_count":0,"in_reply_to_user_id":58360124,"favorited":false,"user":{"follow_request_sent":false,"profile_use_background_image":true,"profile_text_color":"333333","default_profile_image":false,"id":461618976,"profile_background_image_url_https":"https://abs.twimg.com/images/themes/theme1/bg.png","verified":false,"profile_location":null,"profile_image_url_https":"https://pbs.twimg.com/profile_images/508696313568178176/Sg_IX_iI_normal.jpeg","profile_sidebar_fill_color":"DDEEF6","entities":{"description":{"urls":[]}},"followers_count":67,"profile_sidebar_border_color":"C0DEED","id_str":"461618976","profile_background_color":"C0DEED","listed_count":1,"is_translation_enabled":false,"utc_offset":-32400,"statuses_count":2307,"description":"Canucks, Philadelphia Eagles, Cariboo Boy Married to my wife and shes married to me back.","friends_count":102,"location":"Earth","profile_link_color":"B30C00","profile_image_url":"http://pbs.twimg.com/profile_images/508696313568178176/Sg_IX_iI_normal.jpeg","following":false,"geo_enabled":false,"profile_banner_url":"https://pbs.twimg.com/profile_banners/461618976/1412327585","profile_background_image_url":"http://abs.twimg.com/images/themes/theme1/bg.png","name":"Aden Emerson","lang":"en","profile_background_tile":false,"favourites_count":423,"screen_name":"Canucklehead666","notifications":false,"url":null,"created_at":"Thu Jan 12 00:33:18 +0000 2012","contributors_enabled":false,"time_zone":"Alaska","protected":false,"default_profile":false,"is_translator":false},"geo":null,"in_reply_to_user_id_str":"58360124","lang":"en","created_at":"Mon Dec 15 00:42:25 +0000 2014","in_reply_to_status_id_str":"544290995462889472","place":null},
{"contributors":null,"truncated":false,"text":"@ScanBC Also doesn't he know smoking kills? Time to stop that shit.","in_reply_to_status_id":544290995462889472,"id":544291392051101696,"favorite_count":2,"source":"<a href=\"http://twitter.com/download/android\" rel=\"nofollow\">Twitter for Android</a>","retweeted":false,"coordinates":null,"entities":{"symbols":[],"user_mentions":[{"id":58360124,"indices":[0,7],"id_str":"58360124","screen_name":"ScanBC","name":"ScanBC"}],"hashtags":[],"urls":[]},"in_reply_to_screen_name":"ScanBC","id_str":"544291392051101696","retweet_count":0,"in_reply_to_user_id":58360124,"favorited":false,"user":{"follow_request_sent":false,"profile_use_background_image":true,"profile_text_color":"333333","default_profile_image":false,"id":2551767978,"profile_background_image_url_https":"https://abs.twimg.com/images/themes/theme14/bg.gif","verified":false,"profile_location":null,"profile_image_url_https":"https://pbs.twimg.com/profile_images/487769081206951936/l3MlE5iN_normal.jpeg","profile_sidebar_fill_color":"EFEFEF","entities":{"description":{"urls":[]}},"followers_count":10,"profile_sidebar_border_color":"FFFFFF","id_str":"2551767978","profile_background_color":"131516","listed_count":0,"is_translation_enabled":false,"utc_offset":-28800,"statuses_count":25,"description":"MMA, NFL, NHL, fantasy football","friends_count":32,"location":"Vancouver BC Canada","profile_link_color":"050505","profile_image_url":"http://pbs.twimg.com/profile_images/487769081206951936/l3MlE5iN_normal.jpeg","following":false,"geo_enabled":false,"profile_banner_url":"https://pbs.twimg.com/profile_banners/2551767978/1405128102","profile_background_image_url":"http://abs.twimg.com/images/themes/theme14/bg.gif","name":"ML","lang":"en","profile_background_tile":true,"favourites_count":2,"screen_name":"lockedbomb","notifications":false,"url":null,"created_at":"Sat Jun 07 05:00:39 +0000 2014","contributors_enabled":false,"time_zone":"Pacific Time (US & Canada)","protected":false,"default_profile":false,"is_translator":false},"geo":null,"in_reply_to_user_id_str":"58360124","lang":"en","created_at":"Mon Dec 15 00:42:34 +0000 2014","in_reply_to_status_id_str":"544290995462889472","place":null},
{"contributors":null,"truncated":false,"text":"@ScanBC Stuntman audition?","in_reply_to_status_id":544290995462889472,"id":544291436871430144,"favorite_count":1,"source":"<a href=\"http://twitter.com/download/iphone\" rel=\"nofollow\">Twitter for iPhone</a>","retweeted":false,"coordinates":null,"entities":{"symbols":[],"user_mentions":[{"id":58360124,"indices":[0,7],"id_str":"58360124","screen_name":"ScanBC","name":"ScanBC"}],"hashtags":[],"urls":[]},"in_reply_to_screen_name":"ScanBC","id_str":"544291436871430144","retweet_count":0,"in_reply_to_user_id":58360124,"favorited":false,"user":{"follow_request_sent":false,"profile_use_background_image":true,"profile_text_color":"333333","default_profile_image":false,"id":920277535,"profile_background_image_url_https":"https://abs.twimg.com/images/themes/theme1/bg.png","verified":false,"profile_location":null,"profile_image_url_https":"https://pbs.twimg.com/profile_images/515029916363280385/H96aam0e_normal.jpeg","profile_sidebar_fill_color":"DDEEF6","entities":{"description":{"urls":[]}},"followers_count":266,"profile_sidebar_border_color":"C0DEED","id_str":"920277535","profile_background_color":"C0DEED","listed_count":24,"is_translation_enabled":false,"utc_offset":null,"statuses_count":29979,"description":"Health Care Worker on Vancouver Island.\nWarning: I rarely think before I tweet.","friends_count":182,"location":"BC, Canada","profile_link_color":"0084B4","profile_image_url":"http://pbs.twimg.com/profile_images/515029916363280385/H96aam0e_normal.jpeg","following":false,"geo_enabled":false,"profile_banner_url":"https://pbs.twimg.com/profile_banners/920277535/1411093211","profile_background_image_url":"http://abs.twimg.com/images/themes/theme1/bg.png","name":"David Atkins","lang":"en","profile_background_tile":false,"favourites_count":32237,"screen_name":"dmatkins137","notifications":false,"url":null,"created_at":"Fri Nov 02 03:00:28 +0000 2012","contributors_enabled":false,"time_zone":null,"protected":false,"default_profile":true,"is_translator":false},"geo":null,"in_reply_to_user_id_str":"58360124","lang":"en","created_at":"Mon Dec 15 00:42:45 +0000 2014","in_reply_to_status_id_str":"544290995462889472","place":null},
{"contributors":null,"truncated":false,"text":"@ScanBC if first attempt didn't kill ya, then smoking sure will!","in_reply_to_status_id":544290995462889472,"id":544292013705674752,"favorite_count":0,"source":"<a href=\"http://twitter.com/download/iphone\" rel=\"nofollow\">Twitter for iPhone</a>","retweeted":false,"coordinates":null,"entities":{"symbols":[],"user_mentions":[{"id":58360124,"indices":[0,7],"id_str":"58360124","screen_name":"ScanBC","name":"ScanBC"}],"hashtags":[],"urls":[]},"in_reply_to_screen_name":"ScanBC","id_str":"544292013705674752","retweet_count":0,"in_reply_to_user_id":58360124,"favorited":false,"user":{"follow_request_sent":false,"profile_use_background_image":true,"profile_text_color":"333333","default_profile_image":false,"id":136819707,"profile_background_image_url_https":"https://abs.twimg.com/images/themes/theme1/bg.png","verified":false,"profile_location":null,"profile_image_url_https":"https://pbs.twimg.com/profile_images/471727563220336640/B9n3_gvw_normal.jpeg","profile_sidebar_fill_color":"DDEEF6","entities":{"description":{"urls":[]}},"followers_count":48,"profile_sidebar_border_color":"C0DEED","id_str":"136819707","profile_background_color":"C0DEED","listed_count":1,"is_translation_enabled":false,"utc_offset":-28800,"statuses_count":1966,"description":"","friends_count":106,"location":"","profile_link_color":"0084B4","profile_image_url":"http://pbs.twimg.com/profile_images/471727563220336640/B9n3_gvw_normal.jpeg","following":false,"geo_enabled":false,"profile_background_image_url":"http://abs.twimg.com/images/themes/theme1/bg.png","name":"goaliemom\n","lang":"en","profile_background_tile":false,"favourites_count":504,"screen_name":"TheGoalieMomma","notifications":false,"url":null,"created_at":"Sun Apr 25 01:25:45 +0000 2010","contributors_enabled":false,"time_zone":"Pacific Time (US & Canada)","protected":false,"default_profile":true,"is_translator":false},"geo":null,"in_reply_to_user_id_str":"58360124","lang":"en","created_at":"Mon Dec 15 00:45:03 +0000 2014","in_reply_to_status_id_str":"544290995462889472","place":null},
{"contributors":null,"truncated":false,"text":"@ScanBC  atta boy","in_reply_to_status_id":544290995462889472,"id":544292197361651712,"favorite_count":0,"source":"<a href=\"http://twitter.com/download/iphone\" rel=\"nofollow\">Twitter for iPhone</a>","retweeted":false,"coordinates":null,"entities":{"symbols":[],"user_mentions":[{"id":58360124,"indices":[0,7],"id_str":"58360124","screen_name":"ScanBC","name":"ScanBC"}],"hashtags":[],"urls":[]},"in_reply_to_screen_name":"ScanBC","id_str":"544292197361651712","retweet_count":0,"in_reply_to_user_id":58360124,"favorited":false,"user":{"follow_request_sent":false,"profile_use_background_image":true,"profile_text_color":"333333","default_profile_image":false,"id":472210864,"profile_background_image_url_https":"https://abs.twimg.com/images/themes/theme1/bg.png","verified":false,"profile_location":null,"profile_image_url_https":"https://pbs.twimg.com/profile_images/555445837409439744/rGXuLakH_normal.jpeg","profile_sidebar_fill_color":"DDEEF6","entities":{"description":{"urls":[]}},"followers_count":95,"profile_sidebar_border_color":"C0DEED","id_str":"472210864","profile_background_color":"C0DEED","listed_count":0,"is_translation_enabled":false,"utc_offset":null,"statuses_count":572,"description":"","friends_count":195,"location":"","profile_link_color":"0084B4","profile_image_url":"http://pbs.twimg.com/profile_images/555445837409439744/rGXuLakH_normal.jpeg","following":false,"geo_enabled":false,"profile_banner_url":"https://pbs.twimg.com/profile_banners/472210864/1418878662","profile_background_image_url":"http://abs.twimg.com/images/themes/theme1/bg.png","name":"rileygalloway","lang":"en","profile_background_tile":false,"favourites_count":788,"screen_name":"Rileygalloway20","notifications":false,"url":null,"created_at":"Mon Jan 23 18:25:15 +0000 2012","contributors_enabled":false,"time_zone":null,"protected":false,"default_profile":true,"is_translator":false},"geo":null,"in_reply_to_user_id_str":"58360124","lang":"sv","created_at":"Mon Dec 15 00:45:46 +0000 2014","in_reply_to_status_id_str":"544290995462889472","place":null},
{"contributors":null,"truncated":false,"text":"@ScanBC no fucks given, #yolo","in_reply_to_status_id":544290995462889472,"id":544292630645846016,"favorite_count":0,"source":"<a href=\"http://twitter.com/download/iphone\" rel=\"nofollow\">Twitter for iPhone</a>","retweeted":false,"coordinates":null,"entities":{"symbols":[],"user_mentions":[{"id":58360124,"indices":[0,7],"id_str":"58360124","screen_name":"ScanBC","name":"ScanBC"}],"hashtags":[{"indices":[24,29],"text":"yolo"}],"urls":[]},"in_reply_to_screen_name":"ScanBC","id_str":"544292630645846016","retweet_count":0,"in_reply_to_user_id":58360124,"favorited":false,"user":{"follow_request_sent":false,"profile_use_background_image":true,"profile_text_color":"333333","default_profile_image":false,"id":2424772789,"profile_background_image_url_https":"https://abs.twimg.com/images/themes/theme1/bg.png","verified":false,"profile_location":null,"profile_image_url_https":"https://pbs.twimg.com/profile_images/589471443156488192/5nBn6837_normal.jpg","profile_sidebar_fill_color":"DDEEF6","entities":{"description":{"urls":[]}},"followers_count":365,"profile_sidebar_border_color":"C0DEED","id_str":"2424772789","profile_background_color":"C0DEED","listed_count":2,"is_translation_enabled":false,"utc_offset":-25200,"statuses_count":8276,"description":"The Chinese Mans.","friends_count":861,"location":"Richmond, BC","profile_link_color":"0084B4","profile_image_url":"http://pbs.twimg.com/profile_images/589471443156488192/5nBn6837_normal.jpg","following":false,"geo_enabled":true,"profile_banner_url":"https://pbs.twimg.com/profile_banners/2424772789/1417484058","profile_background_image_url":"http://abs.twimg.com/images/themes/theme1/bg.png","name":"Allan Fong","lang":"en","profile_background_tile":false,"favourites_count":888,"screen_name":"richmondasian","notifications":false,"url":null,"created_at":"Thu Apr 03 03:47:36 +0000 2014","contributors_enabled":false,"time_zone":"Arizona","protected":false,"default_profile":true,"is_translator":false},"geo":null,"in_reply_to_user_id_str":"58360124","lang":"en","created_at":"Mon Dec 15 00:47:30 +0000 2014","in_reply_to_status_id_str":"544290995462889472","place":null},
{"contributors":null,"truncated":false,"text":"@ScanBC Hahaha!!   Landing like damn boss!","in_reply_to_status_id":544290995462889472,"id":544296202548690944,"favorite_count":0,"source":"<a href=\"http://twitter.com/download/android\" rel=\"nofollow\">Twitter for Android</a>","retweeted":false,"coordinates":null,"entities":{"symbols":[],"user_mentions":[{"id":58360124,"indices":[0,7],"id_str":"58360124","screen_name":"ScanBC","name":"ScanBC"}],"hashtags":[],"urls":[]},"in_reply_to_screen_name":"ScanBC","id_str":"544296202548690944","retweet_count":0,"in_reply_to_user_id":58360124,"favorited":false,"user":{"follow_request_sent":false,"profile_use_background_image":true,"profile_text_color":"333333","default_profile_image":false,"id":1943642977,"profile_background_image_url_https":"https://abs.twimg.com/images/themes/theme1/bg.png","verified":false,"profile_location":null,"profile_image_url_https":"https://pbs.twimg.com/profile_images/378800000787029325/226e167696915e74d982d3f226ae11a2_normal.jpeg","profile_sidebar_fill_color":"DDEEF6","entities":{"description":{"urls":[]}},"followers_count":16,"profile_sidebar_border_color":"C0DEED","id_str":"1943642977","profile_background_color":"C0DEED","listed_count":0,"is_translation_enabled":false,"utc_offset":null,"statuses_count":385,"description":"Welder, bon vivant, jackass.  2 of these are true.  Up to you to figure you out which ones.","friends_count":39,"location":"New Westminster, BC","profile_link_color":"0084B4","profile_image_url":"http://pbs.twimg.com/profile_images/378800000787029325/226e167696915e74d982d3f226ae11a2_normal.jpeg","following":false,"geo_enabled":true,"profile_banner_url":"https://pbs.twimg.com/profile_banners/1943642977/1385002139","profile_background_image_url":"http://abs.twimg.com/images/themes/theme1/bg.png","name":"Rich","lang":"en","profile_background_tile":false,"favourites_count":141,"screen_name":"fergtweets","notifications":false,"url":null,"created_at":"Mon Oct 07 09:50:42 +0000 2013","contributors_enabled":false,"time_zone":null,"protected":false,"default_profile":true,"is_translator":false},"geo":null,"in_reply_to_user_id_str":"58360124","lang":"tl","created_at":"Mon Dec 15 01:01:41 +0000 2014","in_reply_to_status_id_str":"544290995462889472","place":null},
{"contributors":null,"truncated":false,"text":"@ScanBC was it Ricky from #TrailerParkBoys ??","in_reply_to_status_id":544290995462889472,"id":544296978364899328,"favorite_count":0,"source":"<a href=\"http://twitter.com/download/android\" rel=\"nofollow\">Twitter for Android</a>","retweeted":false,"coordinates":null,"entities":{"symbols":[],"user_mentions":[{"id":58360124,"indices":[0,7],"id_str":"58360124","screen_name":"ScanBC","name":"ScanBC"}],"hashtags":[{"indices":[26,42],"text":"TrailerParkBoys"}],"urls":[]},"in_reply_to_screen_name":"ScanBC","id_str":"544296978364899328","retweet_count":0,"in_reply_to_user_id":58360124,"favorited":false,"user":{"follow_request_sent":false,"profile_use_background_image":true,"profile_text_color":"333333","default_profile_image":false,"id":49295303,"profile_background_image_url_https":"https://pbs.twimg.com/profile_background_images/378800000100386076/34ee3d1d30632fe25310af7a41b1a4ba.jpeg","verified":false,"profile_location":null,"profile_image_url_https":"https://pbs.twimg.com/profile_images/426191953965764608/RiDnwTtC_normal.jpeg","profile_sidebar_fill_color":"DDEEF6","entities":{"description":{"urls":[]}},"followers_count":38,"profile_sidebar_border_color":"000000","id_str":"49295303","profile_background_color":"A1C3E6","listed_count":0,"is_translation_enabled":false,"utc_offset":-28800,"statuses_count":1803,"description":"Wealthy Young Man About Town","friends_count":207,"location":"Vancouver B.C","profile_link_color":"D48D22","profile_image_url":"http://pbs.twimg.com/profile_images/426191953965764608/RiDnwTtC_normal.jpeg","following":false,"geo_enabled":true,"profile_banner_url":"https://pbs.twimg.com/profile_banners/49295303/1401731811","profile_background_image_url":"http://pbs.twimg.com/profile_background_images/378800000100386076/34ee3d1d30632fe25310af7a41b1a4ba.jpeg","name":"Lamont Cranston","lang":"en","profile_background_tile":true,"favourites_count":379,"screen_name":"2FaceAL","notifications":false,"url":null,"created_at":"Sun Jun 21 11:32:09 +0000 2009","contributors_enabled":false,"time_zone":"Pacific Time (US & Canada)","protected":false,"default_profile":false,"is_translator":false},"geo":null,"in_reply_to_user_id_str":"58360124","lang":"en","created_at":"Mon Dec 15 01:04:46 +0000 2014","in_reply_to_status_id_str":"544290995462889472","place":null},
{"contributors":null,"truncated":false,"text":"@ScanBC No fucks given","in_reply_to_status_id":544290995462889472,"id":544298109090942976,"favorite_count":1,"source":"<a href=\"http://twitter.com\" rel=\"nofollow\">Twitter Web Client</a>","retweeted":false,"coordinates":null,"entities":{"symbols":[],"user_mentions":[{"id":58360124,"indices":[0,7],"id_str":"58360124","screen_name":"ScanBC","name":"ScanBC"}],"hashtags":[],"urls":[]},"in_reply_to_screen_name":"ScanBC","id_str":"544298109090942976","retweet_count":0,"in_reply_to_user_id":58360124,"favorited":false,"user":{"follow_request_sent":false,"profile_use_background_image":true,"profile_text_color":"3C3940","default_profile_image":false,"id":74301830,"profile_background_image_url_https":"https://pbs.twimg.com/profile_background_images/467414453575614465/M0T7aE_E.jpeg","verified":false,"profile_location":null,"profile_image_url_https":"https://pbs.twimg.com/profile_images/582046410343899136/dkXjoY_2_normal.jpg","profile_sidebar_fill_color":"95E8EC","entities":{"description":{"urls":[]}},"followers_count":1302,"profile_sidebar_border_color":"FFFFFF","id_str":"74301830","profile_background_color":"0099B9","listed_count":40,"is_translation_enabled":false,"utc_offset":-21600,"statuses_count":156627,"description":"HIDDLES, I LOVE YA! Also love: KPop, Tolkien, Disney, comics esp. X-Men (MARVEL BABY!), & cons. I'm a random dork in various fandoms. But I'm a FUN random dork.","friends_count":583,"location":"New Orleans, LA","profile_link_color":"0099B9","profile_image_url":"http://pbs.twimg.com/profile_images/582046410343899136/dkXjoY_2_normal.jpg","following":false,"geo_enabled":true,"profile_banner_url":"https://pbs.twimg.com/profile_banners/74301830/1403821154","profile_background_image_url":"http://pbs.twimg.com/profile_background_images/467414453575614465/M0T7aE_E.jpeg","name":"Chelsea St. Juniors","lang":"en","profile_background_tile":true,"favourites_count":2051,"screen_name":"IfIWereMagneto","notifications":false,"url":null,"created_at":"Mon Sep 14 23:37:09 +0000 2009","contributors_enabled":false,"time_zone":"Central Time (US & Canada)","protected":false,"default_profile":false,"is_translator":false},"geo":null,"in_reply_to_user_id_str":"58360124","lang":"en","created_at":"Mon Dec 15 01:09:16 +0000 2014","in_reply_to_status_id_str":"544290995462889472","place":null},
{"contributors":null,"truncated":false,"text":"@ScanBC nice friends merry Christmas down you go!","in_reply_to_status_id":544290995462889472,"id":544300119748018177,"favorite_count":0,"source":"<a href=\"http://blackberry.com/twitter\" rel=\"nofollow\">Twitter for BlackBerry®</a>","retweeted":false,"coordinates":null,"entities":{"symbols":[],"user_mentions":[{"id":58360124,"indices":[0,7],"id_str":"58360124","screen_name":"ScanBC","name":"ScanBC"}],"hashtags":[],"urls":[]},"in_reply_to_screen_name":"ScanBC","id_str":"544300119748018177","retweet_count":0,"in_reply_to_user_id":58360124,"favorited":false,"user":{"follow_request_sent":false,"profile_use_background_image":true,"profile_text_color":"333333","default_profile_image":false,"id":151120083,"profile_background_image_url_https":"https://abs.twimg.com/images/themes/theme1/bg.png","verified":false,"profile_location":null,"profile_image_url_https":"https://pbs.twimg.com/profile_images/378800000129262975/d7498aeba03e1ed5978775baf1a4714a_normal.jpeg","profile_sidebar_fill_color":"DDEEF6","entities":{"description":{"urls":[]}},"followers_count":7,"profile_sidebar_border_color":"C0DEED","id_str":"151120083","profile_background_color":"C0DEED","listed_count":0,"is_translation_enabled":false,"utc_offset":null,"statuses_count":31,"description":"","friends_count":42,"location":"Surrey BC","profile_link_color":"0084B4","profile_image_url":"http://pbs.twimg.com/profile_images/378800000129262975/d7498aeba03e1ed5978775baf1a4714a_normal.jpeg","following":false,"geo_enabled":true,"profile_banner_url":"https://pbs.twimg.com/profile_banners/151120083/1373736334","profile_background_image_url":"http://abs.twimg.com/images/themes/theme1/bg.png","name":"Joey Olafson","lang":"en","profile_background_tile":false,"favourites_count":0,"screen_name":"Joandlou4eva","notifications":false,"url":null,"created_at":"Wed Jun 02 17:08:25 +0000 2010","contributors_enabled":false,"time_zone":null,"protected":false,"default_profile":true,"is_translator":false},"geo":null,"in_reply_to_user_id_str":"58360124","lang":"en","created_at":"Mon Dec 15 01:17:15 +0000 2014","in_reply_to_status_id_str":"544290995462889472","place":null},
{"contributors":null,"truncated":false,"text":"@ScanBC throw a guy 3 floors off a building and he doesn't die pretty much means someone has problems. Would you let that go? Probably not","in_reply_to_status_id":544290995462889472,"id":544301073612029952,"favorite_count":0,"source":"<a href=\"http://twitter.com/download/iphone\" rel=\"nofollow\">Twitter for iPhone</a>","retweeted":false,"coordinates":null,"entities":{"symbols":[],"user_mentions":[{"id":58360124,"indices":[0,7],"id_str":"58360124","screen_name":"ScanBC","name":"ScanBC"}],"hashtags":[],"urls":[]},"in_reply_to_screen_name":"ScanBC","id_str":"544301073612029952","retweet_count":0,"in_reply_to_user_id":58360124,"favorited":false,"user":{"follow_request_sent":false,"profile_use_background_image":false,"profile_text_color":"000000","default_profile_image":false,"id":1081610900,"profile_background_image_url_https":"https://abs.twimg.com/images/themes/theme1/bg.png","verified":false,"profile_location":null,"profile_image_url_https":"https://pbs.twimg.com/profile_images/588830302954360832/h4bj9EPz_normal.jpg","profile_sidebar_fill_color":"000000","entities":{"description":{"urls":[]}},"followers_count":68,"profile_sidebar_border_color":"000000","id_str":"1081610900","profile_background_color":"000000","listed_count":0,"is_translation_enabled":false,"utc_offset":-25200,"statuses_count":1847,"description":"A little bit left of sideways","friends_count":113,"location":"","profile_link_color":"4A913C","profile_image_url":"http://pbs.twimg.com/profile_images/588830302954360832/h4bj9EPz_normal.jpg","following":false,"geo_enabled":true,"profile_banner_url":"https://pbs.twimg.com/profile_banners/1081610900/1418669244","profile_background_image_url":"http://abs.twimg.com/images/themes/theme1/bg.png","name":"Hogh's","lang":"en","profile_background_tile":false,"favourites_count":259,"screen_name":"Hoghs1","notifications":false,"url":null,"created_at":"Sat Jan 12 02:45:44 +0000 2013","contributors_enabled":false,"time_zone":"Arizona","protected":false,"default_profile":false,"is_translator":false},"geo":null,"in_reply_to_user_id_str":"58360124","lang":"en","created_at":"Mon Dec 15 01:21:03 +0000 2014","in_reply_to_status_id_str":"544290995462889472","place":null},
{"contributors":null,"truncated":false,"text":"@ScanBC @Reweth somebody apparently partied harder than you did :)","in_reply_to_status_id":544290995462889472,"id":544301598441078784,"favorite_count":0,"source":"<a href=\"http://twitter.com/#!/download/ipad\" rel=\"nofollow\">Twitter for iPad</a>","retweeted":false,"coordinates":null,"entities":{"symbols":[],"user_mentions":[{"id":58360124,"indices":[0,7],"id_str":"58360124","screen_name":"ScanBC","name":"ScanBC"},{"id":1607181338,"indices":[8,15],"id_str":"1607181338","screen_name":"Reweth","name":"Blow-holy Night"}],"hashtags":[],"urls":[]},"in_reply_to_screen_name":"ScanBC","id_str":"544301598441078784","retweet_count":0,"in_reply_to_user_id":58360124,"favorited":false,"user":{"follow_request_sent":false,"profile_use_background_image":true,"profile_text_color":"333333","default_profile_image":false,"id":176658883,"profile_background_image_url_https":"https://abs.twimg.com/images/themes/theme16/bg.gif","verified":false,"profile_location":null,"profile_image_url_https":"https://pbs.twimg.com/profile_images/586414842275241985/nzVVO-UD_normal.jpg","profile_sidebar_fill_color":"DDFFCC","entities":{"url":{"urls":[{"url":"http://t.co/X0muyYJpAj","indices":[0,22],"expanded_url":"http://www.ratfish.ca","display_url":"ratfish.ca"}]},"description":{"urls":[]}},"followers_count":13,"profile_sidebar_border_color":"BDDCAD","id_str":"176658883","profile_background_color":"9AE4E8","listed_count":0,"is_translation_enabled":false,"utc_offset":-28800,"statuses_count":273,"description":"Because there's no such thing as an ugly fish. Except maybe an arrowtooth flounder.","friends_count":45,"location":"qualicum beach, BC","profile_link_color":"0084B4","profile_image_url":"http://pbs.twimg.com/profile_images/586414842275241985/nzVVO-UD_normal.jpg","following":false,"geo_enabled":true,"profile_banner_url":"https://pbs.twimg.com/profile_banners/176658883/1414190896","profile_background_image_url":"http://abs.twimg.com/images/themes/theme16/bg.gif","name":"kat cruickshank","lang":"en","profile_background_tile":false,"favourites_count":300,"screen_name":"girlyratfish","notifications":false,"url":"http://t.co/X0muyYJpAj","created_at":"Tue Aug 10 02:58:48 +0000 2010","contributors_enabled":false,"time_zone":"Pacific Time (US & Canada)","protected":false,"default_profile":false,"is_translator":false},"geo":null,"in_reply_to_user_id_str":"58360124","lang":"en","created_at":"Mon Dec 15 01:23:08 +0000 2014","in_reply_to_status_id_str":"544290995462889472","place":null},
{"contributors":null,"truncated":false,"text":"@ScanBC us @DanaKorsch","in_reply_to_status_id":544290995462889472,"id":544332540903825409,"favorite_count":1,"source":"<a href=\"http://twitter.com/download/iphone\" rel=\"nofollow\">Twitter for iPhone</a>","retweeted":false,"coordinates":null,"entities":{"symbols":[],"user_mentions":[{"id":58360124,"indices":[0,7],"id_str":"58360124","screen_name":"ScanBC","name":"ScanBC"},{"id":309431367,"indices":[11,22],"id_str":"309431367","screen_name":"DanaKorsch","name":"Dana Korsch"}],"hashtags":[],"urls":[]},"in_reply_to_screen_name":"ScanBC","id_str":"544332540903825409","retweet_count":1,"in_reply_to_user_id":58360124,"favorited":false,"user":{"follow_request_sent":false,"profile_use_background_image":true,"profile_text_color":"333333","default_profile_image":false,"id":240533410,"profile_background_image_url_https":"https://pbs.twimg.com/profile_background_images/871005648/10c9d116901a7ba268279bd206fa0cac.jpeg","verified":false,"profile_location":null,"profile_image_url_https":"https://pbs.twimg.com/profile_images/584156801974734848/pj1RuEmH_normal.jpg","profile_sidebar_fill_color":"F6FFD1","entities":{"description":{"urls":[]}},"followers_count":149,"profile_sidebar_border_color":"FFFFFF","id_str":"240533410","profile_background_color":"ACDED6","listed_count":0,"is_translation_enabled":false,"utc_offset":-25200,"statuses_count":1882,"description":"jai guru deva om","friends_count":120,"location":"","profile_link_color":"038543","profile_image_url":"http://pbs.twimg.com/profile_images/584156801974734848/pj1RuEmH_normal.jpg","following":false,"geo_enabled":true,"profile_banner_url":"https://pbs.twimg.com/profile_banners/240533410/1414279550","profile_background_image_url":"http://pbs.twimg.com/profile_background_images/871005648/10c9d116901a7ba268279bd206fa0cac.jpeg","name":"kirsty","lang":"en","profile_background_tile":true,"favourites_count":2092,"screen_name":"kirstysinclair7","notifications":false,"url":null,"created_at":"Thu Jan 20 04:14:08 +0000 2011","contributors_enabled":false,"time_zone":"Mountain Time (US & Canada)","protected":false,"default_profile":false,"is_translator":false},"geo":null,"in_reply_to_user_id_str":"58360124","lang":"und","created_at":"Mon Dec 15 03:26:05 +0000 2014","in_reply_to_status_id_str":"544290995462889472","place":null},
{"contributors":null,"truncated":false,"text":"@kirstysinclair7 @ScanBC foook","in_reply_to_status_id":544332540903825409,"id":544332933532643329,"favorite_count":0,"source":"<a href=\"http://twitter.com/download/iphone\" rel=\"nofollow\">Twitter for iPhone</a>","retweeted":false,"coordinates":null,"entities":{"symbols":[],"user_mentions":[{"id":240533410,"indices":[0,16],"id_str":"240533410","screen_name":"kirstysinclair7","name":"kirsty"},{"id":58360124,"indices":[17,24],"id_str":"58360124","screen_name":"ScanBC","name":"ScanBC"}],"hashtags":[],"urls":[]},"in_reply_to_screen_name":"kirstysinclair7","id_str":"544332933532643329","retweet_count":0,"in_reply_to_user_id":240533410,"favorited":false,"user":{"follow_request_sent":false,"profile_use_background_image":true,"profile_text_color":"3D1957","default_profile_image":false,"id":309431367,"profile_background_image_url_https":"https://pbs.twimg.com/profile_background_images/451194059130822656/a1PRxqy6.jpeg","verified":false,"profile_location":null,"profile_image_url_https":"https://pbs.twimg.com/profile_images/588568199932719106/AVlFHcYX_normal.jpg","profile_sidebar_fill_color":"7AC3EE","entities":{"description":{"urls":[]}},"followers_count":390,"profile_sidebar_border_color":"FFFFFF","id_str":"309431367","profile_background_color":"642D8B","listed_count":0,"is_translation_enabled":false,"utc_offset":-28800,"statuses_count":6220,"description":"and if you listen very hard the truth will come to you at last when all are one & one is all to be a rock and not to roll ~ zeppelin","friends_count":180,"location":"","profile_link_color":"FF0000","profile_image_url":"http://pbs.twimg.com/profile_images/588568199932719106/AVlFHcYX_normal.jpg","following":false,"geo_enabled":true,"profile_banner_url":"https://pbs.twimg.com/profile_banners/309431367/1413223856","profile_background_image_url":"http://pbs.twimg.com/profile_background_images/451194059130822656/a1PRxqy6.jpeg","name":"Dana Korsch","lang":"en","profile_background_tile":true,"favourites_count":2185,"screen_name":"DanaKorsch","notifications":false,"url":null,"created_at":"Thu Jun 02 02:35:24 +0000 2011","contributors_enabled":false,"time_zone":"Pacific Time (US & Canada)","protected":false,"default_profile":false,"is_translator":false},"geo":null,"in_reply_to_user_id_str":"240533410","lang":"und","created_at":"Mon Dec 15 03:27:39 +0000 2014","in_reply_to_status_id_str":"544332540903825409","place":null},
{"contributors":null,"truncated":false,"text":"@ScanBC Talk about lazy.....just cause the elevators out","in_reply_to_status_id":544290995462889472,"id":544340344976850945,"favorite_count":0,"source":"<a href=\"http://twitter.com/download/android\" rel=\"nofollow\">Twitter for Android</a>","retweeted":false,"coordinates":null,"entities":{"symbols":[],"user_mentions":[{"id":58360124,"indices":[0,7],"id_str":"58360124","screen_name":"ScanBC","name":"ScanBC"}],"hashtags":[],"urls":[]},"in_reply_to_screen_name":"ScanBC","id_str":"544340344976850945","retweet_count":0,"in_reply_to_user_id":58360124,"favorited":false,"user":{"follow_request_sent":false,"profile_use_background_image":true,"profile_text_color":"333333","default_profile_image":true,"id":2521532637,"profile_background_image_url_https":"https://abs.twimg.com/images/themes/theme1/bg.png","verified":false,"profile_location":null,"profile_image_url_https":"https://abs.twimg.com/sticky/default_profile_images/default_profile_1_normal.png","profile_sidebar_fill_color":"DDEEF6","entities":{"description":{"urls":[]}},"followers_count":6,"profile_sidebar_border_color":"C0DEED","id_str":"2521532637","profile_background_color":"C0DEED","listed_count":0,"is_translation_enabled":false,"utc_offset":null,"statuses_count":72,"description":"","friends_count":70,"location":"","profile_link_color":"0084B4","profile_image_url":"http://abs.twimg.com/sticky/default_profile_images/default_profile_1_normal.png","following":false,"geo_enabled":false,"profile_background_image_url":"http://abs.twimg.com/images/themes/theme1/bg.png","name":"Deborah Donna Lawren","lang":"en","profile_background_tile":false,"favourites_count":67,"screen_name":"LawrenDonna","notifications":false,"url":null,"created_at":"Thu May 01 17:04:20 +0000 2014","contributors_enabled":false,"time_zone":null,"protected":false,"default_profile":true,"is_translator":false},"geo":null,"in_reply_to_user_id_str":"58360124","lang":"en","created_at":"Mon Dec 15 03:57:06 +0000 2014","in_reply_to_status_id_str":"544290995462889472","place":null}
]