[{"contributors":null,"truncated":false,"text":"RT: \"@australian: PM Tony Abbott will hold a press conference on the #SydneySiege in 20 minutes.”","in_reply_to_status_id":544298507868200961,"id":544298787666014208,"favorite_count":0,"source":"<a href=\"http://twitter.com/download/iphone\" rel=\"nofollow\">Twitter for iPhone</a>","retweeted":false,"coordinates":null,"entities":{"symbols":[],"user_mentions":[{"id":9609632,"indices":[5,16],"id_str":"9609632","screen_name":"australian","name":"The Australian"}],"hashtags":[{"indices":[69,81],"text":"SydneySiege"}],"urls":[]},"in_reply_to_screen_name":"australian","id_str":"544298787666014208","retweet_count":0,"in_reply_to_user_id":9609632,"favorited":false,"user":{"follow_request_sent":false,"profile_use_background_image":true,"profile_text_color":"333333","default_profile_image":false,"id":329220447,"profile_background_image_url_https":"https://abs.twimg.com/images/themes/theme1/bg.png","verified":false,"profile_location":null,"profile_image_url_https":"https://pbs.twimg.com/profile_images/1667184151/IMG_2317_normal.JPG","profile_sidebar_fill_color":"DDEEF6","entities":{"description":{"urls":[]}},"followers_count":753,"profile_sidebar_border_color":"C0DEED","id_str":"329220447","profile_background_color":"C0DEED","listed_count":14,"is_translation_enabled":false,"utc_offset":null,"statuses_count":2024,"description":"Candor and humor count.  Hoping for more of each in SD politics. Fearful of clowns and mimes. Not afraid of sunshine, hiking trails, or golf courses.","friends_count":877,"location":"San Diego-Nevada-Brisbane","profile_link_color":"0084B4","profile_image_url":"http://pbs.twimg.com/profile_images/1667184151/IMG_2317_normal.JPG","following":false,"geo_enabled":true,"profile_banner_url":"https://pbs.twimg.com/profile_banners/329220447/1412895029","profile_background_image_url":"http://abs.twimg.com/images/themes/theme1/bg.png","name":"Dale Peterson","lang":"en","profile_background_tile":false,"favourites_count":893,"screen_name":"DalePeterson7","notifications":false,"url":null,"created_at":"Mon Jul 04 18:32:01 +0000 2011","contributors_enabled":false,"time_zone":null,"protected":false,"default_profile":true,"is_translator":false},"geo":null,"in_reply_to_user_id_str":"9609632","lang":"en","created_at":"Mon Dec 15 01:11:58 +0000 2014","in_reply_to_status_id_str":"544298507868200961","place":null},
{"contributors":null,"truncated":false,"text":"RT @australian PM Tony Abbott will hold a press conference on the #SydneySiege in 20 minutes.","in_reply_to_status_id":544298507868200961,"id":544298996055814144,"favorite_count":2,"source":"<a href=\"http://twitter.com\" rel=\"nofollow\">Twitter Web Client</a>","retweeted":false,"coordinates":null,"entities":{"symbols":[],"user_mentions":[{"id":9609632,"indices":[3,14],"id_str":"9609632","screen_name":"australian","name":"The Australian"}],"hashtags":[{"indices":[66,78],"text":"SydneySiege"}],"urls":[]},"in_reply_to_screen_name":"australian","id_str":"544298996055814144","retweet_count":8,"in_reply_to_user_id":9609632,"favorited":false,"user":{"follow_request_sent":false,"profile_use_background_image":true,"profile_text_color":"F15A23","default_profile_image":false,"id":14401607,"profile_background_image_url_https":"https://pbs.twimg.com/profile_background_images/378800000146456051/cJMEIpbJ.png","verified":false,"profile_location":null,"profile_image_url_https":"https://pbs.twimg.com/profile_images/378800000447153288/acb349b06c8dcffa32dcaa942714a305_normal.jpeg","profile_sidebar_fill_color":"EFEFEF","entities":{"url":{"urls":[{"url":"http://t.co/D1Ifd3tNHQ","indices":[0,22],"expanded_url":"http://www.blogsofwar.com","display_url":"blogsofwar.com"}]},"description":{"urls":[]}},"followers_count":70021,"profile_sidebar_border_color":"000000","id_str":"14401607","profile_background_color":"131516","listed_count":3033,"is_translation_enabled":false,"utc_offset":null,"statuses_count":148441,"description":"National Security, intelligence, and technology news. Home to the @CovertContact Podcast. One of @TIME's Top 140 Twitter feeds of 2014.","friends_count":2917,"location":"","profile_link_color":"D65008","profile_image_url":"http://pbs.twimg.com/profile_images/378800000447153288/acb349b06c8dcffa32dcaa942714a305_normal.jpeg","following":false,"geo_enabled":false,"profile_banner_url":"https://pbs.twimg.com/profile_banners/14401607/1401280849","profile_background_image_url":"http://pbs.twimg.com/profile_background_images/378800000146456051/cJMEIpbJ.png","name":"Blogs of War","lang":"en","profile_background_tile":true,"favourites_count":6269,"screen_name":"BlogsofWar","notifications":false,"url":"http://t.co/D1Ifd3tNHQ","created_at":"Tue Apr 15 21:56:19 +0000 2008","contributors_enabled":false,"time_zone":null,"protected":false,"default_profile":false,"is_translator":false},"geo":null,"in_reply_to_user_id_str":"9609632","lang":"en","created_at":"Mon Dec 15 01:12:47 +0000 2014","in_reply_to_status_id_str":"544298507868200961","place":null},
{"contributors":null,"truncated":false,"text":"@australian @LilMissRightie @Twitchy Find #ISIS relatives. Ignore @SenFeinstein Putin got hostages back #sydneysiege http://t.co/3AtzOoqdC7","in_reply_to_status_id":544298507868200961,"id":544299552031793152,"favorite_count":0,"source":"<a href=\"http://twitter.com/download/android\" rel=\"nofollow\">Twitter for Android</a>","retweeted":false,"coordinates":null,"entities":{"symbols":[],"user_mentions":[{"id":9609632,"indices":[0,11],"id_str":"9609632","screen_name":"australian","name":"The Australian"},{"id":356285402,"indices":[12,27],"id_str":"356285402","screen_name":"LilMissRightie","name":"lauren "},{"id":6433192,"indices":[28,36],"id_str":"6433192","screen_name":"twitchy","name":"Reeve Jolliffe"},{"id":476256944,"indices":[66,79],"id_str":"476256944","screen_name":"SenFeinstein","name":"Sen Dianne Feinstein"}],"hashtags":[{"indices":[42,47],"text":"ISIS"},{"indices":[104,116],"text":"sydneysiege"}],"urls":[{"url":"http://t.co/3AtzOoqdC7","indices":[117,139],"expanded_url":"http://articles.philly.com/1986-01-15/news/26052630_1_hostage-crisis-soviet-captives-islamic-liberation-organization","display_url":"articles.philly.com/1986-01-15/new…"}]},"in_reply_to_screen_name":"australian","id_str":"544299552031793152","retweet_count":0,"in_reply_to_user_id":9609632,"favorited":false,"user":{"follow_request_sent":false,"profile_use_background_image":true,"profile_text_color":"21C2ED","default_profile_image":false,"id":117510407,"profile_background_image_url_https":"https://pbs.twimg.com/profile_background_images/378800000177068943/bmaLUujP.jpeg","verified":false,"profile_location":null,"profile_image_url_https":"https://pbs.twimg.com/profile_images/546672011162836992/cZHgSD4B_normal.jpeg","profile_sidebar_fill_color":"F1E30D","entities":{"url":{"urls":[{"url":"http://t.co/WlCEUD2uYC","indices":[0,22],"expanded_url":"http://tweetsretweetsnotanendorsement.net","display_url":"tweetsretweetsnotanendorsement.net"}]},"description":{"urls":[]}},"followers_count":2274,"profile_sidebar_border_color":"000000","id_str":"117510407","profile_background_color":"929BE0","listed_count":68,"is_translation_enabled":false,"utc_offset":-21600,"statuses_count":61888,"description":"LoveTruth that makes ALL FREE! Bible says: 'Nation w rise against Nation' translated 'ethnic group will rise against ethnic group'  Don't help Govco divide us.","friends_count":2235,"location":"Realville","profile_link_color":"0D0DA8","profile_image_url":"http://pbs.twimg.com/profile_images/546672011162836992/cZHgSD4B_normal.jpeg","following":false,"geo_enabled":true,"profile_banner_url":"https://pbs.twimg.com/profile_banners/117510407/1368483063","profile_background_image_url":"http://pbs.twimg.com/profile_background_images/378800000177068943/bmaLUujP.jpeg","name":"Bexcee","lang":"en","profile_background_tile":true,"favourites_count":2570,"screen_name":"ignorancecosts","notifications":false,"url":"http://t.co/WlCEUD2uYC","created_at":"Thu Feb 25 19:54:43 +0000 2010","contributors_enabled":false,"time_zone":"Central Time (US & Canada)","protected":false,"default_profile":false,"is_translator":false},"geo":null,"in_reply_to_user_id_str":"9609632","possibly_sensitive":false,"lang":"en","created_at":"Mon Dec 15 01:15:00 +0000 2014","in_reply_to_status_id_str":"544298507868200961","place":null},
{"contributors":null,"truncated":false,"text":"@australian @LilMissRightie time to confront evil and see it for what it is.","in_reply_to_status_id":544298507868200961,"id":544299955431940097,"favorite_count":0,"source":"<a href=\"http://twitter.com/download/iphone\" rel=\"nofollow\">Twitter for iPhone</a>","retweeted":false,"coordinates":null,"entities":{"symbols":[],"user_mentions":[{"id":9609632,"indices":[0,11],"id_str":"9609632","screen_name":"australian","name":"The Australian"},{"id":356285402,"indices":[12,27],"id_str":"356285402","screen_name":"LilMissRightie","name":"lauren "}],"hashtags":[],"urls":[]},"in_reply_to_screen_name":"australian","id_str":"544299955431940097","retweet_count":0,"in_reply_to_user_id":9609632,"favorited":false,"user":{"follow_request_sent":false,"profile_use_background_image":true,"profile_text_color":"333333","default_profile_image":false,"id":253197814,"profile_background_image_url_https":"https://abs.twimg.com/images/themes/theme1/bg.png","verified":false,"profile_location":null,"profile_image_url_https":"https://pbs.twimg.com/profile_images/574658745134903297/95DXqpHZ_normal.jpeg","profile_sidebar_fill_color":"DDEEF6","entities":{"description":{"urls":[]}},"followers_count":2257,"profile_sidebar_border_color":"C0DEED","id_str":"253197814","profile_background_color":"C0DEED","listed_count":21,"is_translation_enabled":false,"utc_offset":null,"statuses_count":5887,"description":"Corn, Milo, Soybeans & Wheat. Cover crops. Distributor for AgVenture Nebraska. Dealer for Center Seeds. First generation American farmer. Owner #PrairieSeeds","friends_count":2343,"location":"SW Kansas & Panhandles","profile_link_color":"0084B4","profile_image_url":"http://pbs.twimg.com/profile_images/574658745134903297/95DXqpHZ_normal.jpeg","following":false,"geo_enabled":true,"profile_banner_url":"https://pbs.twimg.com/profile_banners/253197814/1411500564","profile_background_image_url":"http://abs.twimg.com/images/themes/theme1/bg.png","name":"kansas farmer","lang":"en","profile_background_tile":false,"favourites_count":4064,"screen_name":"swksfarmer","notifications":false,"url":null,"created_at":"Wed Feb 16 19:15:01 +0000 2011","contributors_enabled":false,"time_zone":null,"protected":false,"default_profile":true,"is_translator":false},"geo":null,"in_reply_to_user_id_str":"9609632","lang":"en","created_at":"Mon Dec 15 01:16:36 +0000 2014","in_reply_to_status_id_str":"544298507868200961","place":null},
{"contributors":null,"truncated":false,"text":"@BlogsofWar @australian  A golden opportunity for PM Tony Abbott whose popularity is waning ;)","in_reply_to_status_id":544298996055814144,"id":544301488051617793,"favorite_count":0,"source":"<a href=\"http://www.twitter.com\" rel=\"nofollow\">Twitter for BlackBerry</a>","retweeted":false,"coordinates":null,"entities":{"symbols":[],"user_mentions":[{"id":14401607,"indices":[0,11],"id_str":"14401607","screen_name":"BlogsofWar","name":"Blogs of War"},{"id":9609632,"indices":[12,23],"id_str":"9609632","screen_name":"australian","name":"The Australian"}],"hashtags":[],"urls":[]},"in_reply_to_screen_name":"BlogsofWar","id_str":"544301488051617793","retweet_count":0,"in_reply_to_user_id":14401607,"favorited":false,"user":{"follow_request_sent":false,"profile_use_background_image":true,"profile_text_color":"333333","default_profile_image":false,"id":2874888633,"profile_background_image_url_https":"https://abs.twimg.com/images/themes/theme1/bg.png","verified":false,"profile_location":null,"profile_image_url_https":"https://pbs.twimg.com/profile_images/568201529866588161/cYiqhoHF_normal.jpeg","profile_sidebar_fill_color":"DDEEF6","entities":{"description":{"urls":[]}},"followers_count":41,"profile_sidebar_border_color":"C0DEED","id_str":"2874888633","profile_background_color":"C0DEED","listed_count":0,"is_translation_enabled":false,"utc_offset":null,"statuses_count":145,"description":"Torture Inc prevails with impunity\nNo Justice for those that were wronged\nA bitter World where the might is right!","friends_count":255,"location":"","profile_link_color":"0084B4","profile_image_url":"http://pbs.twimg.com/profile_images/568201529866588161/cYiqhoHF_normal.jpeg","following":false,"geo_enabled":false,"profile_banner_url":"https://pbs.twimg.com/profile_banners/2874888633/1418359036","profile_background_image_url":"http://abs.twimg.com/images/themes/theme1/bg.png","name":"Eduard Geronimo","lang":"en","profile_background_tile":false,"favourites_count":40,"screen_name":"eg_loser","notifications":false,"url":null,"created_at":"Thu Nov 13 10:45:47 +0000 2014","contributors_enabled":false,"time_zone":null,"protected":false,"default_profile":true,"is_translator":false},"geo":null,"in_reply_to_user_id_str":"14401607","lang":"en","created_at":"Mon Dec 15 01:22:42 +0000 2014","in_reply_to_status_id_str":"544298996055814144","place":null},
{"contributors":null,"truncated":false,"text":".@australian simply removing your siege photos &amp; retweeting OTHER agencies photos instead is STILL  irresponsible reporting.  Shame on you.","in_reply_to_status_id":544298507868200961,"id":544304048292130817,"favorite_count":0,"source":"<a href=\"http://twitter.com/#!/download/ipad\" rel=\"nofollow\">Twitter for iPad</a>","retweeted":false,"coordinates":null,"entities":{"symbols":[],"user_mentions":[{"id":9609632,"indices":[1,12],"id_str":"9609632","screen_name":"australian","name":"The Australian"}],"hashtags":[],"urls":[]},"in_reply_to_screen_name":"australian","id_str":"544304048292130817","retweet_count":0,"in_reply_to_user_id":9609632,"favorited":false,"user":{"follow_request_sent":false,"profile_use_background_image":true,"profile_text_color":"333333","default_profile_image":false,"id":1100048125,"profile_background_image_url_https":"https://abs.twimg.com/images/themes/theme1/bg.png","verified":false,"profile_location":null,"profile_image_url_https":"https://pbs.twimg.com/profile_images/3451211446/2f1a571e4267ddfb6e7b28a8fa88d4a9_normal.jpeg","profile_sidebar_fill_color":"DDEEF6","entities":{"description":{"urls":[]}},"followers_count":213,"profile_sidebar_border_color":"C0DEED","id_str":"1100048125","profile_background_color":"C0DEED","listed_count":4,"is_translation_enabled":false,"utc_offset":null,"statuses_count":2425,"description":"Events co-ordinator, Wife, and Mother to 3 spoilt pussies! \n\n \n \nAustralia","friends_count":565,"location":"","profile_link_color":"0084B4","profile_image_url":"http://pbs.twimg.com/profile_images/3451211446/2f1a571e4267ddfb6e7b28a8fa88d4a9_normal.jpeg","following":false,"geo_enabled":false,"profile_banner_url":"https://pbs.twimg.com/profile_banners/1100048125/1364717800","profile_background_image_url":"http://abs.twimg.com/images/themes/theme1/bg.png","name":"Julie M","lang":"en","profile_background_tile":false,"favourites_count":1371,"screen_name":"JulieOMarshall","notifications":false,"url":null,"created_at":"Fri Jan 18 04:48:26 +0000 2013","contributors_enabled":false,"time_zone":null,"protected":false,"default_profile":true,"is_translator":false},"geo":null,"in_reply_to_user_id_str":"9609632","lang":"en","created_at":"Mon Dec 15 01:32:52 +0000 2014","in_reply_to_status_id_str":"544298507868200961","place":null},
{"contributors":null,"truncated":false,"text":"@JulieOMarshall @australian Have a go at all not just single out 1.","in_reply_to_status_id":544304048292130817,"id":544304260997857281,"favorite_count":0,"source":"<a href=\"http://twitter.com\" rel=\"nofollow\">Twitter Web Client</a>","retweeted":false,"coordinates":null,"entities":{"symbols":[],"user_mentions":[{"id":1100048125,"indices":[0,15],"id_str":"1100048125","screen_name":"JulieOMarshall","name":"Julie M"},{"id":9609632,"indices":[16,27],"id_str":"9609632","screen_name":"australian","name":"The Australian"}],"hashtags":[],"urls":[]},"in_reply_to_screen_name":"JulieOMarshall","id_str":"544304260997857281","retweet_count":0,"in_reply_to_user_id":1100048125,"favorited":false,"user":{"follow_request_sent":false,"profile_use_background_image":true,"profile_text_color":"39BD91","default_profile_image":false,"id":1285570952,"profile_background_image_url_https":"https://pbs.twimg.com/profile_background_images/449080925335195649/yd3QiHGf.png","verified":false,"profile_location":null,"profile_image_url_https":"https://pbs.twimg.com/profile_images/449078002106654722/M4kFmfFh_normal.png","profile_sidebar_fill_color":"0E0D02","entities":{"description":{"urls":[]}},"followers_count":78,"profile_sidebar_border_color":"FFFFFF","id_str":"1285570952","profile_background_color":"0E0D02","listed_count":1,"is_translation_enabled":false,"utc_offset":36000,"statuses_count":136,"description":"Loving life","friends_count":216,"location":"Australia","profile_link_color":"895429","profile_image_url":"http://pbs.twimg.com/profile_images/449078002106654722/M4kFmfFh_normal.png","following":false,"geo_enabled":true,"profile_banner_url":"https://pbs.twimg.com/profile_banners/1285570952/1418633772","profile_background_image_url":"http://pbs.twimg.com/profile_background_images/449080925335195649/yd3QiHGf.png","name":"Dave Bouwmeester","lang":"en","profile_background_tile":false,"favourites_count":11,"screen_name":"DaveBouwmeester","notifications":false,"url":null,"created_at":"Thu Mar 21 09:49:28 +0000 2013","contributors_enabled":false,"time_zone":"Brisbane","protected":false,"default_profile":false,"is_translator":false},"geo":null,"in_reply_to_user_id_str":"1100048125","lang":"en","created_at":"Mon Dec 15 01:33:43 +0000 2014","in_reply_to_status_id_str":"544304048292130817","place":null},
{"contributors":null,"truncated":false,"text":"@DaveBouwmeester @australian I am, limited to 140 characters per tweet. Thus multiple tweets. :)","in_reply_to_status_id":544304260997857281,"id":544304484705251328,"favorite_count":0,"source":"<a href=\"http://twitter.com/#!/download/ipad\" rel=\"nofollow\">Twitter for iPad</a>","retweeted":false,"coordinates":null,"entities":{"symbols":[],"user_mentions":[{"id":1285570952,"indices":[0,16],"id_str":"1285570952","screen_name":"DaveBouwmeester","name":"Dave Bouwmeester"},{"id":9609632,"indices":[17,28],"id_str":"9609632","screen_name":"australian","name":"The Australian"}],"hashtags":[],"urls":[]},"in_reply_to_screen_name":"DaveBouwmeester","id_str":"544304484705251328","retweet_count":0,"in_reply_to_user_id":1285570952,"favorited":false,"user":{"follow_request_sent":false,"profile_use_background_image":true,"profile_text_color":"333333","default_profile_image":false,"id":1100048125,"profile_background_image_url_https":"https://abs.twimg.com/images/themes/theme1/bg.png","verified":false,"profile_location":null,"profile_image_url_https":"https://pbs.twimg.com/profile_images/3451211446/2f1a571e4267ddfb6e7b28a8fa88d4a9_normal.jpeg","profile_sidebar_fill_color":"DDEEF6","entities":{"description":{"urls":[]}},"followers_count":213,"profile_sidebar_border_color":"C0DEED","id_str":"1100048125","profile_background_color":"C0DEED","listed_count":4,"is_translation_enabled":false,"utc_offset":null,"statuses_count":2425,"description":"Events co-ordinator, Wife, and Mother to 3 spoilt pussies! \n\n \n \nAustralia","friends_count":565,"location":"","profile_link_color":"0084B4","profile_image_url":"http://pbs.twimg.com/profile_images/3451211446/2f1a571e4267ddfb6e7b28a8fa88d4a9_normal.jpeg","following":false,"geo_enabled":false,"profile_banner_url":"https://pbs.twimg.com/profile_banners/1100048125/1364717800","profile_background_image_url":"http://abs.twimg.com/images/themes/theme1/bg.png","name":"Julie M","lang":"en","profile_background_tile":false,"favourites_count":1371,"screen_name":"JulieOMarshall","notifications":false,"url":null,"created_at":"Fri Jan 18 04:48:26 +0000 2013","contributors_enabled":false,"time_zone":null,"protected":false,"default_profile":true,"is_translator":false},"geo":null,"in_reply_to_user_id_str":"1285570952","lang":"en","created_at":"Mon Dec 15 01:34:36 +0000 2014","in_reply_to_status_id_str":"544304260997857281","place":null},
{"contributors":null,"truncated":false,"text":"@australian DONT WORRY SHORTEN JUST DID IT ALL BY TEXT TO ABC NEWS OH WELL BACK TO THE PUB I SPOSE","in_reply_to_status_id":544298507868200961,"id":544305243035406336,"favorite_count":0,"source":"<a href=\"http://twitter.com/download/android\" rel=\"nofollow\">Twitter for Android</a>","retweeted":false,"coordinates":null,"entities":{"symbols":[],"user_mentions":[{"id":9609632,"indices":[0,11],"id_str":"9609632","screen_name":"australian","name":"The Australian"}],"hashtags":[],"urls":[]},"in_reply_to_screen_name":"australian","id_str":"544305243035406336","retweet_count":0,"in_reply_to_user_id":9609632,"favorited":false,"user":{"follow_request_sent":false,"profile_use_background_image":false,"profile_text_color":"000000","default_profile_image":false,"id":2885375790,"profile_background_image_url_https":"https://abs.twimg.com/images/themes/theme1/bg.png","verified":false,"profile_location":null,"profile_image_url_https":"https://pbs.twimg.com/profile_images/540013722165465088/7XMZXaOq_normal.jpeg","profile_sidebar_fill_color":"000000","entities":{"description":{"urls":[]}},"followers_count":66,"profile_sidebar_border_color":"000000","id_str":"2885375790","profile_background_color":"000000","listed_count":0,"is_translation_enabled":false,"utc_offset":null,"statuses_count":1590,"description":"PHOTO CRITIQUE","friends_count":143,"location":"taree nsw","profile_link_color":"FFCC4D","profile_image_url":"http://pbs.twimg.com/profile_images/540013722165465088/7XMZXaOq_normal.jpeg","following":false,"geo_enabled":true,"profile_banner_url":"https://pbs.twimg.com/profile_banners/2885375790/1418002104","profile_background_image_url":"http://abs.twimg.com/images/themes/theme1/bg.png","name":"WILLIAM DESSAMONDE","lang":"en","profile_background_tile":false,"favourites_count":621,"screen_name":"FoxBbic","notifications":false,"url":null,"created_at":"Fri Oct 31 16:21:33 +0000 2014","contributors_enabled":false,"time_zone":null,"protected":false,"default_profile":false,"is_translator":false},"geo":null,"in_reply_to_user_id_str":"9609632","lang":"en","created_at":"Mon Dec 15 01:37:37 +0000 2014","in_reply_to_status_id_str":"544298507868200961","place":null},
{"contributors":null,"truncated":false,"text":"@JulieOMarshall @australian Good to know. !","in_reply_to_status_id":544304484705251328,"id":544305483935256576,"favorite_count":0,"source":"<a href=\"http://twitter.com\" rel=\"nofollow\">Twitter Web Client</a>","retweeted":false,"coordinates":null,"entities":{"symbols":[],"user_mentions":[{"id":1100048125,"indices":[0,15],"id_str":"1100048125","screen_name":"JulieOMarshall","name":"Julie M"},{"id":9609632,"indices":[16,27],"id_str":"9609632","screen_name":"australian","name":"The Australian"}],"hashtags":[],"urls":[]},"in_reply_to_screen_name":"JulieOMarshall","id_str":"544305483935256576","retweet_count":0,"in_reply_to_user_id":1100048125,"favorited":false,"user":{"follow_request_sent":false,"profile_use_background_image":true,"profile_text_color":"39BD91","default_profile_image":false,"id":1285570952,"profile_background_image_url_https":"https://pbs.twimg.com/profile_background_images/449080925335195649/yd3QiHGf.png","verified":false,"profile_location":null,"profile_image_url_https":"https://pbs.twimg.com/profile_images/449078002106654722/M4kFmfFh_normal.png","profile_sidebar_fill_color":"0E0D02","entities":{"description":{"urls":[]}},"followers_count":78,"profile_sidebar_border_color":"FFFFFF","id_str":"1285570952","profile_background_color":"0E0D02","listed_count":1,"is_translation_enabled":false,"utc_offset":36000,"statuses_count":136,"description":"Loving life","friends_count":216,"location":"Australia","profile_link_color":"895429","profile_image_url":"http://pbs.twimg.com/profile_images/449078002106654722/M4kFmfFh_normal.png","following":false,"geo_enabled":true,"profile_banner_url":"https://pbs.twimg.com/profile_banners/1285570952/1418633772","profile_background_image_url":"http://pbs.twimg.com/profile_background_images/449080925335195649/yd3QiHGf.png","name":"Dave Bouwmeester","lang":"en","profile_background_tile":false,"favourites_count":11,"screen_name":"DaveBouwmeester","notifications":false,"url":null,"created_at":"Thu Mar 21 09:49:28 +0000 2013","contributors_enabled":false,"time_zone":"Brisbane","protected":false,"default_profile":false,"is_translator":false},"geo":null,"in_reply_to_user_id_str":"1100048125","lang":"en","created_at":"Mon Dec 15 01:38:34 +0000 2014","in_reply_to_status_id_str":"544304484705251328","place":null}
]