[{"contributors":null,"truncated":false,"text":"@SukhSandhu this just means that we need to increase muslim immigration to australia - muslims always bring harmony and peace ALWAYS!","in_reply_to_status_id":544285213891629056,"id":544295073353965568,"favorite_count":0,"source":"<a href=\"http://twitter.com\" rel=\"nofollow\">Twitter Web Client</a>","retweeted":false,"coordinates":null,"entities":{"symbols":[],"user_mentions":[{"id":27457454,"indices":[0,11],"id_str":"27457454","screen_name":"SukhSandhu","name":"Sukh Sandhu"}],"hashtags":[],"urls":[]},"in_reply_to_screen_name":"SukhSandhu","id_str":"544295073353965568","retweet_count":0,"in_reply_to_user_id":27457454,"favorited":false,"user":{"follow_request_sent":false,"profile_use_background_image":true,"profile_text_color":"333333","default_profile_image":false,"id":1485225582,"profile_background_image_url_https":"https://pbs.twimg.com/profile_background_images/889872516/791292dd702d200abcbcf8e252c09747.jpeg","verified":false,"profile_location":null,"profile_image_url_https":"https://pbs.twimg.com/profile_images/461529254346244097/-c1q6mX-_normal.png","profile_sidebar_fill_color":"DDEEF6","entities":{"description":{"urls":[]}},"followers_count":1403,"profile_sidebar_border_color":"000000","id_str":"1485225582","profile_background_color":"642D8B","listed_count":10,"is_translation_enabled":false,"utc_offset":-25200,"statuses_count":1697,"description":"Getting big in New Mexico politics sure beats the alternative as night manager at Macaroni Grill. NM Attorney General Elect #singlemomfromwagonmoundPARODY","friends_count":1986,"location":"Future Governor of New Mexico ","profile_link_color":"FF0000","profile_image_url":"http://pbs.twimg.com/profile_images/461529254346244097/-c1q6mX-_normal.png","following":false,"geo_enabled":false,"profile_banner_url":"https://pbs.twimg.com/profile_banners/1485225582/1398915096","profile_background_image_url":"http://pbs.twimg.com/profile_background_images/889872516/791292dd702d200abcbcf8e252c09747.jpeg","name":"Hector Balderass AG","lang":"en","profile_background_tile":true,"favourites_count":1145,"screen_name":"hectorbalderass","notifications":false,"url":null,"created_at":"Wed Jun 05 15:03:55 +0000 2013","contributors_enabled":false,"time_zone":"Arizona","protected":false,"default_profile":false,"is_translator":false},"geo":null,"in_reply_to_user_id_str":"27457454","lang":"en","created_at":"Mon Dec 15 00:57:12 +0000 2014","in_reply_to_status_id_str":"544285213891629056","place":null},
{"contributors":null,"truncated":false,"text":"@KevinRKrausek @SukhSandhu yeah keep your head in sand .... 9/11, 26/11, #sydneysiege , london, spain blast, isis nothing can give u brain!","in_reply_to_status_id":544285213891629056,"id":544383537961369600,"favorite_count":0,"source":"<a href=\"http://www.tweetcaster.com\" rel=\"nofollow\">TweetCaster for Android</a>","retweeted":false,"coordinates":null,"entities":{"symbols":[],"user_mentions":[{"id":2451888710,"indices":[0,14],"id_str":"2451888710","screen_name":"KevinRKrausek","name":"Kevin Krause"},{"id":27457454,"indices":[15,26],"id_str":"27457454","screen_name":"SukhSandhu","name":"Sukh Sandhu"}],"hashtags":[{"indices":[73,85],"text":"sydneysiege"}],"urls":[]},"in_reply_to_screen_name":"SukhSandhu","id_str":"544383537961369600","retweet_count":0,"in_reply_to_user_id":27457454,"favorited":false,"user":{"follow_request_sent":false,"profile_use_background_image":true,"profile_text_color":"333333","default_profile_image":false,"id":176044176,"profile_background_image_url_https":"https://abs.twimg.com/images/themes/theme1/bg.png","verified":false,"profile_location":null,"profile_image_url_https":"https://pbs.twimg.com/profile_images/541777426489954306/1JZjjser_normal.jpeg","profile_sidebar_fill_color":"DDEEF6","entities":{"url":{"urls":[{"url":"http://t.co/bJeR7g5BYE","indices":[0,22],"expanded_url":"http://urmine.com","display_url":"urmine.com"}]},"description":{"urls":[]}},"followers_count":1143,"profile_sidebar_border_color":"C0DEED","id_str":"176044176","profile_background_color":"C0DEED","listed_count":17,"is_translation_enabled":false,"utc_offset":19800,"statuses_count":58255,"description":"Communal hindu ... Technopolis ....","friends_count":345,"location":"san jose","profile_link_color":"0084B4","profile_image_url":"http://pbs.twimg.com/profile_images/541777426489954306/1JZjjser_normal.jpeg","following":false,"geo_enabled":true,"profile_banner_url":"https://pbs.twimg.com/profile_banners/176044176/1418007341","profile_background_image_url":"http://abs.twimg.com/images/themes/theme1/bg.png","name":"Amit Agrawal","lang":"en","profile_background_tile":false,"favourites_count":4361,"screen_name":"amitagra21","notifications":false,"url":"http://t.co/bJeR7g5BYE","created_at":"Sun Aug 08 11:28:04 +0000 2010","contributors_enabled":false,"time_zone":"New Delhi","protected":false,"default_profile":true,"is_translator":false},"geo":null,"in_reply_to_user_id_str":"27457454","lang":"en","created_at":"Mon Dec 15 06:48:44 +0000 2014","in_reply_to_status_id_str":"544285213891629056","place":null}
]