{"contributors": null, "truncated": false, "text": "PM Tony Abbott will hold a press conference on the #SydneySiege in 20 minutes.", "in_reply_to_status_id": null, "id": 544298507868200961, "favorite_count": 28, "source": "<a href=\"https://about.twitter.com/products/tweetdeck\" rel=\"nofollow\">TweetDeck</a>", "retweeted": false, "coordinates": null, "entities": {"symbols": [], "user_mentions": [], "hashtags": [{"indices": [51, 63], "text": "SydneySiege"}], "urls": []}, "in_reply_to_screen_name": null, "id_str": "544298507868200961", "retweet_count": 114, "in_reply_to_user_id": null, "favorited": false, "user": {"follow_request_sent": false, "profile_use_background_image": true, "profile_text_color": "666666", "default_profile_image": false, "id": 9609632, "profile_background_image_url_https": "https://pbs.twimg.com/profile_background_images/351807190/twitterfinal.png", "verified": true, "profile_location": null, "profile_image_url_https": "https://pbs.twimg.com/profile_images/446890190703845376/9WGYE1xK_normal.png", "profile_sidebar_fill_color": "252429", "entities": {"url": {"urls": [{"url": "http://t.co/1wXoRaAxMY", "indices": [0, 22], "expanded_url": "http://www.theaustralian.com.au", "display_url": "theaustralian.com.au"}]}, "description": {"urls": [{"url": "https://t.co/UHWki5RczT", "indices": [62, 85], "expanded_url": "https://www.facebook.com/theaustralian", "display_url": "facebook.com/theaustralian"}, {"url": "https://t.co/xhtEZ8m8b8", "indices": [90, 113], "expanded_url": "https://plus.google.com/+theaustralian", "display_url": "plus.google.com/+theaustralian"}]}}, "followers_count": 230609, "profile_sidebar_border_color": "FFFFFF", "id_str": "9609632", "profile_background_color": "FFFFFF", "listed_count": 4062, "is_translation_enabled": false, "utc_offset": 39600, "statuses_count": 55189, "description": "News from The Australian newspaper and The Australian Online. https://t.co/UHWki5RczT ... https://t.co/xhtEZ8m8b8.", "friends_count": 395, "location": "Sydney, Australia", "profile_link_color": "2FC2EF", "profile_image_url": "http://pbs.twimg.com/profile_images/446890190703845376/9WGYE1xK_normal.png", "following": false, "geo_enabled": false, "profile_banner_url": "https://pbs.twimg.com/profile_banners/9609632/1403233700", "profile_background_image_url": "http://pbs.twimg.com/profile_background_images/351807190/twitterfinal.png", "name": "The Australian", "lang": "en", "profile_background_tile": false, "favourites_count": 28, "screen_name": "australian", "notifications": false, "url": "http://t.co/1wXoRaAxMY", "created_at": "Mon Oct 22 23:57:33 +0000 2007", "contributors_enabled": false, "time_zone": "Sydney", "protected": false, "default_profile": false, "is_translator": false}, "geo": null, "in_reply_to_user_id_str": null, "lang": "en", "created_at": "Mon Dec 15 01:10:51 +0000 2014", "in_reply_to_status_id_str": null, "place": null}