[{"contributors":null,"truncated":false,"text":"@KristyMayr7 @bungdan ISIS flag? Confirmed or scare mongering bullshit?","in_reply_to_status_id":544269221564137472,"id":544270627817807872,"favorite_count":2,"source":"<a href=\"http://twitter.com/download/iphone\" rel=\"nofollow\">Twitter for iPhone</a>","retweeted":false,"coordinates":{"type":"Point","coordinates":[151.20448304,-33.8683014]},"entities":{"symbols":[],"user_mentions":[{"id":258627226,"indices":[0,12],"id_str":"258627226","screen_name":"KristyMayr7","name":"Kristy Mayr"},{"id":80669530,"indices":[13,21],"id_str":"80669530","screen_name":"bungdan","name":"Dan Murphy"}],"hashtags":[],"urls":[]},"in_reply_to_screen_name":"KristyMayr7","id_str":"544270627817807872","retweet_count":1,"in_reply_to_user_id":258627226,"favorited":false,"user":{"follow_request_sent":false,"profile_use_background_image":true,"profile_text_color":"947974","default_profile_image":false,"id":41748087,"profile_background_image_url_https":"https://pbs.twimg.com/profile_background_images/227389037/x2f2ad2e1deeef8dbcb29a2d90e6615f.jpg","verified":false,"profile_location":null,"profile_image_url_https":"https://pbs.twimg.com/profile_images/378800000480300754/848c072b489eac24a89c7c27a0768823_normal.jpeg","profile_sidebar_fill_color":"000000","entities":{"description":{"urls":[]}},"followers_count":361,"profile_sidebar_border_color":"ADF1FC","id_str":"41748087","profile_background_color":"030103","listed_count":18,"is_translation_enabled":false,"utc_offset":39600,"statuses_count":24147,"description":"Take twice daily. Do not operate machinery, may cause drowsiness.","friends_count":979,"location":"Sydee","profile_link_color":"FA8459","profile_image_url":"http://pbs.twimg.com/profile_images/378800000480300754/848c072b489eac24a89c7c27a0768823_normal.jpeg","following":false,"geo_enabled":true,"profile_banner_url":"https://pbs.twimg.com/profile_banners/41748087/1368237677","profile_background_image_url":"http://pbs.twimg.com/profile_background_images/227389037/x2f2ad2e1deeef8dbcb29a2d90e6615f.jpg","name":"Therbs","lang":"en","profile_background_tile":false,"favourites_count":256,"screen_name":"Therbs3","notifications":false,"url":null,"created_at":"Fri May 22 04:05:50 +0000 2009","contributors_enabled":false,"time_zone":"Sydney","protected":false,"default_profile":false,"is_translator":false},"geo":{"type":"Point","coordinates":[-33.8683014,151.20448304]},"in_reply_to_user_id_str":"258627226","lang":"en","created_at":"Sun Dec 14 23:20:04 +0000 2014","in_reply_to_status_id_str":"544269221564137472","place":{"full_name":"New South Wales, Australia","url":"https://api.twitter.com/1.1/geo/id/265b933184e2b88a.json","country":"Australia","place_type":"admin","bounding_box":{"type":"Polygon","coordinates":[[[140.999474522999,-37.5050599967256],[159.109219005872,-37.5050599967256],[159.109219005872,-28.1570199141289],[140.999474522999,-28.1570199141289]]]},"contained_within":[],"country_code":"AU","attributes":{},"id":"265b933184e2b88a","name":"New South Wales"}},
{"contributors":null,"truncated":false,"text":"@KristyMayr7 this is confirmed?","in_reply_to_status_id":544269221564137472,"id":544271078944931840,"favorite_count":0,"source":"<a href=\"http://twitter.com/download/iphone\" rel=\"nofollow\">Twitter for iPhone</a>","retweeted":false,"coordinates":null,"entities":{"symbols":[],"user_mentions":[{"id":258627226,"indices":[0,12],"id_str":"258627226","screen_name":"KristyMayr7","name":"Kristy Mayr"}],"hashtags":[],"urls":[]},"in_reply_to_screen_name":"KristyMayr7","id_str":"544271078944931840","retweet_count":0,"in_reply_to_user_id":258627226,"favorited":false,"user":{"follow_request_sent":false,"profile_use_background_image":false,"profile_text_color":"000000","default_profile_image":false,"id":430096982,"profile_background_image_url_https":"https://abs.twimg.com/images/themes/theme14/bg.gif","verified":false,"profile_location":null,"profile_image_url_https":"https://pbs.twimg.com/profile_images/528509056353579008/92WPPkc2_normal.jpeg","profile_sidebar_fill_color":"000000","entities":{"url":{"urls":[{"url":"http://t.co/dV94H5e71g","indices":[0,22],"expanded_url":"http://www.eagtactical.com","display_url":"eagtactical.com"}]},"description":{"urls":[]}},"followers_count":1005,"profile_sidebar_border_color":"000000","id_str":"430096982","profile_background_color":"000000","listed_count":34,"is_translation_enabled":false,"utc_offset":-25200,"statuses_count":66724,"description":"Consultant. Instructor with EAG Tactical. No matter where you go, there you are.....","friends_count":2001,"location":"This Side Of Impossible","profile_link_color":"ABB8C2","profile_image_url":"http://pbs.twimg.com/profile_images/528509056353579008/92WPPkc2_normal.jpeg","following":false,"geo_enabled":true,"profile_background_image_url":"http://abs.twimg.com/images/themes/theme14/bg.gif","name":"The Angriest Angel","lang":"en","profile_background_tile":false,"favourites_count":9543,"screen_name":"MichaelHueser","notifications":false,"url":"http://t.co/dV94H5e71g","created_at":"Tue Dec 06 19:19:19 +0000 2011","contributors_enabled":false,"time_zone":"Mountain Time (US & Canada)","protected":false,"default_profile":false,"is_translator":false},"geo":null,"in_reply_to_user_id_str":"258627226","lang":"en","created_at":"Sun Dec 14 23:21:51 +0000 2014","in_reply_to_status_id_str":"544269221564137472","place":null},
{"contributors":null,"truncated":false,"text":"Breaking story via @KristyMayr7 Sydney cafe being held up - hostages inside have their hands against the windows, ISIS flag visible #7News","in_reply_to_status_id":544269221564137472,"id":544271334218678272,"favorite_count":1,"source":"<a href=\"http://twitter.com/download/iphone\" rel=\"nofollow\">Twitter for iPhone</a>","retweeted":false,"coordinates":null,"entities":{"symbols":[],"user_mentions":[{"id":258627226,"indices":[19,31],"id_str":"258627226","screen_name":"KristyMayr7","name":"Kristy Mayr"}],"hashtags":[{"indices":[132,138],"text":"7News"}],"urls":[]},"in_reply_to_screen_name":"KristyMayr7","id_str":"544271334218678272","retweet_count":34,"in_reply_to_user_id":258627226,"favorited":false,"user":{"follow_request_sent":false,"profile_use_background_image":true,"profile_text_color":"333333","default_profile_image":false,"id":45406521,"profile_background_image_url_https":"https://abs.twimg.com/images/themes/theme14/bg.gif","verified":false,"profile_location":null,"profile_image_url_https":"https://pbs.twimg.com/profile_images/583912040454041600/9NSc2H9O_normal.jpg","profile_sidebar_fill_color":"EFEFEF","entities":{"description":{"urls":[]}},"followers_count":5252,"profile_sidebar_border_color":"EEEEEE","id_str":"45406521","profile_background_color":"131516","listed_count":78,"is_translation_enabled":false,"utc_offset":0,"statuses_count":19467,"description":"Programme Editor @itvnews 630pm, @BAFTA winner 2007, ex boss of @granadareports & son of Preston's best chippy Umberto's. Love family, news and @PNEFC","friends_count":797,"location":"Preston","profile_link_color":"009999","profile_image_url":"http://pbs.twimg.com/profile_images/583912040454041600/9NSc2H9O_normal.jpg","following":false,"geo_enabled":false,"profile_banner_url":"https://pbs.twimg.com/profile_banners/45406521/1369375282","profile_background_image_url":"http://abs.twimg.com/images/themes/theme14/bg.gif","name":"Richard Frediani","lang":"en","profile_background_tile":true,"favourites_count":3200,"screen_name":"FredianiITV","notifications":false,"url":null,"created_at":"Sun Jun 07 19:39:15 +0000 2009","contributors_enabled":false,"time_zone":"Casablanca","protected":false,"default_profile":false,"is_translator":false},"geo":null,"in_reply_to_user_id_str":"258627226","lang":"en","created_at":"Sun Dec 14 23:22:52 +0000 2014","in_reply_to_status_id_str":"544269221564137472","place":null},
{"contributors":null,"truncated":false,"text":"@Therbs3 @KristyMayr7 It looks like black flag with profession of faith (\"There is no God but God and Mohamed etc...\") popular with jihadis.","in_reply_to_status_id":544270627817807872,"id":544271793054556160,"favorite_count":1,"source":"<a href=\"http://twitter.com\" rel=\"nofollow\">Twitter Web Client</a>","retweeted":false,"coordinates":null,"entities":{"symbols":[],"user_mentions":[{"id":41748087,"indices":[0,8],"id_str":"41748087","screen_name":"Therbs3","name":"Therbs"},{"id":258627226,"indices":[9,21],"id_str":"258627226","screen_name":"KristyMayr7","name":"Kristy Mayr"}],"hashtags":[],"urls":[]},"in_reply_to_screen_name":"Therbs3","id_str":"544271793054556160","retweet_count":2,"in_reply_to_user_id":41748087,"favorited":false,"user":{"follow_request_sent":false,"profile_use_background_image":true,"profile_text_color":"333333","default_profile_image":false,"id":80669530,"profile_background_image_url_https":"https://abs.twimg.com/images/themes/theme1/bg.png","verified":true,"profile_location":null,"profile_image_url_https":"https://pbs.twimg.com/profile_images/378800000564535338/a1e2191d38db51db8cf94b2f56787906_normal.jpeg","profile_sidebar_fill_color":"DDEEF6","entities":{"url":{"urls":[{"url":"http://t.co/8kWZCIRTx9","indices":[0,22],"expanded_url":"http://www.csmonitor.com/World/Backchannels","display_url":"csmonitor.com/World/Backchan…"}]},"description":{"urls":[]}},"followers_count":9779,"profile_sidebar_border_color":"C0DEED","id_str":"80669530","profile_background_color":"C0DEED","listed_count":636,"is_translation_enabled":false,"utc_offset":-18000,"statuses_count":58904,"description":"Often reports in ME and SEA. Works for the Christian Science Monitor. English and French and mere Spanish will disappear from the globe. The world will be Tlön.","friends_count":1188,"location":"Boston","profile_link_color":"0084B4","profile_image_url":"http://pbs.twimg.com/profile_images/378800000564535338/a1e2191d38db51db8cf94b2f56787906_normal.jpeg","following":false,"geo_enabled":false,"profile_background_image_url":"http://abs.twimg.com/images/themes/theme1/bg.png","name":"Dan Murphy","lang":"en","profile_background_tile":false,"favourites_count":241,"screen_name":"bungdan","notifications":false,"url":"http://t.co/8kWZCIRTx9","created_at":"Wed Oct 07 20:15:17 +0000 2009","contributors_enabled":false,"time_zone":"Eastern Time (US & Canada)","protected":false,"default_profile":true,"is_translator":false},"geo":null,"in_reply_to_user_id_str":"41748087","lang":"en","created_at":"Sun Dec 14 23:24:42 +0000 2014","in_reply_to_status_id_str":"544270627817807872","place":null},
{"contributors":null,"truncated":false,"text":"@KristyMayr7 @dankmtl Unconfirmed Reports that the \"ISIS flag\" is actually the Big Bang Theory Logo","in_reply_to_status_id":544269221564137472,"id":544271852399759361,"favorite_count":8,"source":"<a href=\"http://twitter.com\" rel=\"nofollow\">Twitter Web Client</a>","retweeted":false,"coordinates":null,"entities":{"symbols":[],"user_mentions":[{"id":258627226,"indices":[0,12],"id_str":"258627226","screen_name":"KristyMayr7","name":"Kristy Mayr"},{"id":118545821,"indices":[13,21],"id_str":"118545821","screen_name":"dankmtl","name":"Feliz NaviDank"}],"hashtags":[],"urls":[]},"in_reply_to_screen_name":"KristyMayr7","id_str":"544271852399759361","retweet_count":0,"in_reply_to_user_id":258627226,"favorited":false,"user":{"follow_request_sent":false,"profile_use_background_image":true,"profile_text_color":"333333","default_profile_image":false,"id":2455567338,"profile_background_image_url_https":"https://abs.twimg.com/images/themes/theme1/bg.png","verified":false,"profile_location":null,"profile_image_url_https":"https://pbs.twimg.com/profile_images/469714646006366209/VWratJRB_normal.jpeg","profile_sidebar_fill_color":"DDEEF6","entities":{"description":{"urls":[]}},"followers_count":1219,"profile_sidebar_border_color":"C0DEED","id_str":"2455567338","profile_background_color":"C0DEED","listed_count":13,"is_translation_enabled":false,"utc_offset":null,"statuses_count":2605,"description":"","friends_count":247,"location":"nanaimo canada","profile_link_color":"B30000","profile_image_url":"http://pbs.twimg.com/profile_images/469714646006366209/VWratJRB_normal.jpeg","following":false,"geo_enabled":false,"profile_banner_url":"https://pbs.twimg.com/profile_banners/2455567338/1410020493","profile_background_image_url":"http://abs.twimg.com/images/themes/theme1/bg.png","name":"reformed troll","lang":"en","profile_background_tile":false,"favourites_count":696,"screen_name":"evil_cheese_win","notifications":false,"url":null,"created_at":"Sun Apr 20 22:09:04 +0000 2014","contributors_enabled":false,"time_zone":null,"protected":false,"default_profile":false,"is_translator":false},"geo":null,"in_reply_to_user_id_str":"258627226","lang":"en","created_at":"Sun Dec 14 23:24:56 +0000 2014","in_reply_to_status_id_str":"544269221564137472","place":null},
{"contributors":null,"truncated":false,"text":"Australia... RT @KristyMayr7: BREAKING: Sydney cafe at Martin Place being held up- hostages have hands against windows, ISIS flag visible","in_reply_to_status_id":544269221564137472,"id":544271900147343361,"favorite_count":0,"source":"<a href=\"http://twitter.com/download/iphone\" rel=\"nofollow\">Twitter for iPhone</a>","retweeted":false,"coordinates":null,"entities":{"symbols":[],"user_mentions":[{"id":258627226,"indices":[16,28],"id_str":"258627226","screen_name":"KristyMayr7","name":"Kristy Mayr"}],"hashtags":[],"urls":[]},"in_reply_to_screen_name":"KristyMayr7","id_str":"544271900147343361","retweet_count":0,"in_reply_to_user_id":258627226,"favorited":false,"user":{"follow_request_sent":false,"profile_use_background_image":true,"profile_text_color":"333333","default_profile_image":false,"id":17524863,"profile_background_image_url_https":"https://pbs.twimg.com/profile_background_images/378800000058103373/d56adf8c27b41fd904055a53f3c8358d.png","verified":false,"profile_location":null,"profile_image_url_https":"https://pbs.twimg.com/profile_images/460460805499019264/TIyEJ9_Q_normal.jpeg","profile_sidebar_fill_color":"DDEEF6","entities":{"url":{"urls":[{"url":"http://t.co/ZOSEjdZ2Vt","indices":[0,22],"expanded_url":"http://www.letusgetdigital.com","display_url":"letusgetdigital.com"}]},"description":{"urls":[]}},"followers_count":5500,"profile_sidebar_border_color":"FFFFFF","id_str":"17524863","profile_background_color":"C0DEED","listed_count":211,"is_translation_enabled":false,"utc_offset":-28800,"statuses_count":33384,"description":"Hosts 'Let's Get Digital!' Weds 6pm on @TradioV & itunes, 2 x Amazing Racer, produced WELCOME TO THE JUNGLE w/ JCVD/Brody/Schaal/Huebel/Boone/Haysbert out NOW.","friends_count":1984,"location":"Lost Angeles","profile_link_color":"0084B4","profile_image_url":"http://pbs.twimg.com/profile_images/460460805499019264/TIyEJ9_Q_normal.jpeg","following":false,"geo_enabled":false,"profile_banner_url":"https://pbs.twimg.com/profile_banners/17524863/1400033602","profile_background_image_url":"http://pbs.twimg.com/profile_background_images/378800000058103373/d56adf8c27b41fd904055a53f3c8358d.png","name":"justin kanew","lang":"en","profile_background_tile":true,"favourites_count":22841,"screen_name":"justin_kanew","notifications":false,"url":"http://t.co/ZOSEjdZ2Vt","created_at":"Thu Nov 20 22:47:55 +0000 2008","contributors_enabled":false,"time_zone":"Pacific Time (US & Canada)","protected":false,"default_profile":false,"is_translator":false},"geo":null,"in_reply_to_user_id_str":"258627226","lang":"en","created_at":"Sun Dec 14 23:25:07 +0000 2014","in_reply_to_status_id_str":"544269221564137472","place":null},
{"contributors":null,"truncated":false,"text":"@KristyMayr7 @mattdpearce Are guns involved?","in_reply_to_status_id":544269221564137472,"id":544272205710770176,"favorite_count":0,"source":"<a href=\"https://twitter.com/download/android\" rel=\"nofollow\">Twitter for Android Tablets</a>","retweeted":false,"coordinates":null,"entities":{"symbols":[],"user_mentions":[{"id":258627226,"indices":[0,12],"id_str":"258627226","screen_name":"KristyMayr7","name":"Kristy Mayr"},{"id":69004966,"indices":[13,25],"id_str":"69004966","screen_name":"mattdpearce","name":"Matt Pearce"}],"hashtags":[],"urls":[]},"in_reply_to_screen_name":"KristyMayr7","id_str":"544272205710770176","retweet_count":0,"in_reply_to_user_id":258627226,"favorited":false,"user":{"follow_request_sent":false,"profile_use_background_image":true,"profile_text_color":"333333","default_profile_image":false,"id":892197414,"profile_background_image_url_https":"https://abs.twimg.com/images/themes/theme9/bg.gif","verified":false,"profile_location":null,"profile_image_url_https":"https://pbs.twimg.com/profile_images/488714690621489152/p_Da3H99_normal.jpeg","profile_sidebar_fill_color":"DDEEF6","entities":{"description":{"urls":[]}},"followers_count":265,"profile_sidebar_border_color":"FFFFFF","id_str":"892197414","profile_background_color":"1A1B1F","listed_count":6,"is_translation_enabled":false,"utc_offset":-28800,"statuses_count":20265,"description":"Actor/Magnificent Madman Extraordinaire","friends_count":2001,"location":"Vahalla","profile_link_color":"BACACF","profile_image_url":"http://pbs.twimg.com/profile_images/488714690621489152/p_Da3H99_normal.jpeg","following":false,"geo_enabled":true,"profile_banner_url":"https://pbs.twimg.com/profile_banners/892197414/1406460809","profile_background_image_url":"http://abs.twimg.com/images/themes/theme9/bg.gif","name":"Blake X.","lang":"en","profile_background_tile":false,"favourites_count":10333,"screen_name":"BlakeX10","notifications":false,"url":null,"created_at":"Sat Oct 20 01:25:22 +0000 2012","contributors_enabled":false,"time_zone":"Pacific Time (US & Canada)","protected":false,"default_profile":false,"is_translator":false},"geo":null,"in_reply_to_user_id_str":"258627226","lang":"en","created_at":"Sun Dec 14 23:26:20 +0000 2014","in_reply_to_status_id_str":"544269221564137472","place":null},
{"contributors":null,"truncated":false,"text":"MT @KristyMayr7 a Sydney cafe at Martin Place is being held up - hostages inside have their hands against the windows, ISIS flag visible","in_reply_to_status_id":544269221564137472,"id":544272270819332096,"favorite_count":0,"source":"<a href=\"http://twitter.com/download/iphone\" rel=\"nofollow\">Twitter for iPhone</a>","retweeted":false,"coordinates":null,"entities":{"symbols":[],"user_mentions":[{"id":258627226,"indices":[3,15],"id_str":"258627226","screen_name":"KristyMayr7","name":"Kristy Mayr"}],"hashtags":[],"urls":[]},"in_reply_to_screen_name":"KristyMayr7","id_str":"544272270819332096","retweet_count":3,"in_reply_to_user_id":258627226,"favorited":false,"user":{"follow_request_sent":false,"profile_use_background_image":true,"profile_text_color":"6A4836","default_profile_image":false,"id":15382667,"profile_background_image_url_https":"https://pbs.twimg.com/profile_background_images/163093172/x73430ed8bda7014fabc1a58518be9ce.jpg","verified":false,"profile_location":null,"profile_image_url_https":"https://pbs.twimg.com/profile_images/3237667387/b394a83665d813dc703233ab137be90d_normal.jpeg","profile_sidebar_fill_color":"200709","entities":{"description":{"urls":[]}},"followers_count":9170,"profile_sidebar_border_color":"B68B9E","id_str":"15382667","profile_background_color":"200709","listed_count":353,"is_translation_enabled":false,"utc_offset":-18000,"statuses_count":105529,"description":"Prissy tomboy who somehow became a TV reporter in USA. Sport loving, globe-trotting, news junkie. Tri-lingualx2 \nInsta: @kokomodianne","friends_count":908,"location":"Charlotte ","profile_link_color":"FA743E","profile_image_url":"http://pbs.twimg.com/profile_images/3237667387/b394a83665d813dc703233ab137be90d_normal.jpeg","following":false,"geo_enabled":true,"profile_banner_url":"https://pbs.twimg.com/profile_banners/15382667/1360822139","profile_background_image_url":"http://pbs.twimg.com/profile_background_images/163093172/x73430ed8bda7014fabc1a58518be9ce.jpg","name":"Dianne Gallagher","lang":"en","profile_background_tile":false,"favourites_count":388,"screen_name":"DianneG","notifications":false,"url":null,"created_at":"Thu Jul 10 20:20:23 +0000 2008","contributors_enabled":false,"time_zone":"Eastern Time (US & Canada)","protected":false,"default_profile":false,"is_translator":false},"geo":null,"in_reply_to_user_id_str":"258627226","lang":"en","created_at":"Sun Dec 14 23:26:36 +0000 2014","in_reply_to_status_id_str":"544269221564137472","place":null},
{"contributors":null,"truncated":false,"text":"“@KristyMayr7: A Sydney cafe at Martin Place is being held up - hostages inside have their hands against the windows, ISIS flag visible\"","in_reply_to_status_id":544269221564137472,"id":544272774819504128,"favorite_count":0,"source":"<a href=\"http://twitter.com/#!/download/ipad\" rel=\"nofollow\">Twitter for iPad</a>","retweeted":false,"coordinates":null,"entities":{"symbols":[],"user_mentions":[{"id":258627226,"indices":[1,13],"id_str":"258627226","screen_name":"KristyMayr7","name":"Kristy Mayr"}],"hashtags":[],"urls":[]},"in_reply_to_screen_name":"KristyMayr7","id_str":"544272774819504128","retweet_count":0,"in_reply_to_user_id":258627226,"favorited":false,"user":{"follow_request_sent":false,"profile_use_background_image":true,"profile_text_color":"000000","default_profile_image":false,"id":87715126,"profile_background_image_url_https":"https://pbs.twimg.com/profile_background_images/340387816/nvprofessionalblue_twitter.br.jpg","verified":false,"profile_location":null,"profile_image_url_https":"https://pbs.twimg.com/profile_images/378800000771671158/1533a11caa2c5a2ffd564c53eef15d02_normal.jpeg","profile_sidebar_fill_color":"ADB5BD","entities":{"description":{"urls":[]}},"followers_count":656,"profile_sidebar_border_color":"355878","id_str":"87715126","profile_background_color":"355878","listed_count":20,"is_translation_enabled":false,"utc_offset":-18000,"statuses_count":7600,"description":"Reporter at WTKR-TV in Norfolk, VA. Proud Terps and DeMatha High School alum. brponton@gmail.com","friends_count":873,"location":"Hampton Roads, VA","profile_link_color":"355878","profile_image_url":"http://pbs.twimg.com/profile_images/378800000771671158/1533a11caa2c5a2ffd564c53eef15d02_normal.jpeg","following":false,"geo_enabled":false,"profile_background_image_url":"http://pbs.twimg.com/profile_background_images/340387816/nvprofessionalblue_twitter.br.jpg","name":"Brendan Ponton","lang":"en","profile_background_tile":false,"favourites_count":240,"screen_name":"brendanponton","notifications":false,"url":null,"created_at":"Thu Nov 05 15:43:42 +0000 2009","contributors_enabled":false,"time_zone":"Eastern Time (US & Canada)","protected":false,"default_profile":false,"is_translator":false},"geo":null,"in_reply_to_user_id_str":"258627226","lang":"en","created_at":"Sun Dec 14 23:28:36 +0000 2014","in_reply_to_status_id_str":"544269221564137472","place":null},
{"contributors":null,"truncated":false,"text":"@KristyMayr7 @KunTomMCFC hey Kristy, just like your @ suggests you're a 7/10 you wanna bang?","in_reply_to_status_id":544269221564137472,"id":544272961797373953,"favorite_count":0,"source":"<a href=\"http://twitter.com/download/iphone\" rel=\"nofollow\">Twitter for iPhone</a>","retweeted":false,"coordinates":null,"entities":{"symbols":[],"user_mentions":[{"id":258627226,"indices":[0,12],"id_str":"258627226","screen_name":"KristyMayr7","name":"Kristy Mayr"},{"id":2218274516,"indices":[13,24],"id_str":"2218274516","screen_name":"KunTomMCFC","name":"t o m "}],"hashtags":[],"urls":[]},"in_reply_to_screen_name":"KristyMayr7","id_str":"544272961797373953","retweet_count":0,"in_reply_to_user_id":258627226,"favorited":false,"user":{"follow_request_sent":false,"profile_use_background_image":true,"profile_text_color":"333333","default_profile_image":false,"id":2869632848,"profile_background_image_url_https":"https://abs.twimg.com/images/themes/theme1/bg.png","verified":false,"profile_location":null,"profile_image_url_https":"https://pbs.twimg.com/profile_images/543825976589680640/hVh6EK0L_normal.png","profile_sidebar_fill_color":"DDEEF6","entities":{"description":{"urls":[]}},"followers_count":182,"profile_sidebar_border_color":"C0DEED","id_str":"2869632848","profile_background_color":"C0DEED","listed_count":1,"is_translation_enabled":false,"utc_offset":null,"statuses_count":5560,"description":"17. #MUFC. I wake up in the morning and piss excellence. Maybe, maybe not, maybe fuck yourself.","friends_count":270,"location":"Manchester","profile_link_color":"0084B4","profile_image_url":"http://pbs.twimg.com/profile_images/543825976589680640/hVh6EK0L_normal.png","following":false,"geo_enabled":false,"profile_banner_url":"https://pbs.twimg.com/profile_banners/2869632848/1414668283","profile_background_image_url":"http://abs.twimg.com/images/themes/theme1/bg.png","name":"Brad","lang":"en-gb","profile_background_tile":false,"favourites_count":823,"screen_name":"bradrthtyjban","notifications":false,"url":null,"created_at":"Tue Oct 21 22:46:01 +0000 2014","contributors_enabled":false,"time_zone":null,"protected":false,"default_profile":true,"is_translator":false},"geo":null,"in_reply_to_user_id_str":"258627226","lang":"en","created_at":"Sun Dec 14 23:29:20 +0000 2014","in_reply_to_status_id_str":"544269221564137472","place":null},
{"contributors":null,"truncated":false,"text":"@KristyMayr7 @strathearnrose This seems to be verified. Horrendous!","in_reply_to_status_id":544269221564137472,"id":544273212872597504,"favorite_count":0,"source":"<a href=\"http://twitter.com\" rel=\"nofollow\">Twitter Web Client</a>","retweeted":false,"coordinates":null,"entities":{"symbols":[],"user_mentions":[{"id":258627226,"indices":[0,12],"id_str":"258627226","screen_name":"KristyMayr7","name":"Kristy Mayr"},{"id":239894176,"indices":[13,28],"id_str":"239894176","screen_name":"strathearnrose","name":"Roseanna Cunningham"}],"hashtags":[],"urls":[]},"in_reply_to_screen_name":"KristyMayr7","id_str":"544273212872597504","retweet_count":0,"in_reply_to_user_id":258627226,"favorited":false,"user":{"follow_request_sent":false,"profile_use_background_image":false,"profile_text_color":"000000","default_profile_image":false,"id":93977715,"profile_background_image_url_https":"https://abs.twimg.com/images/themes/theme1/bg.png","verified":false,"profile_location":null,"profile_image_url_https":"https://pbs.twimg.com/profile_images/567810936631595008/8aEJGYOr_normal.png","profile_sidebar_fill_color":"000000","entities":{"description":{"urls":[]}},"followers_count":100,"profile_sidebar_border_color":"000000","id_str":"93977715","profile_background_color":"000000","listed_count":1,"is_translation_enabled":false,"utc_offset":null,"statuses_count":735,"description":"I am an SNP member. Fully committed to achieving a forward looking free spirited left leaning Independent Republican  Scotland.","friends_count":212,"location":"Inverness","profile_link_color":"3B94D9","profile_image_url":"http://pbs.twimg.com/profile_images/567810936631595008/8aEJGYOr_normal.png","following":false,"geo_enabled":true,"profile_background_image_url":"http://abs.twimg.com/images/themes/theme1/bg.png","name":"Grazzar45","lang":"en","profile_background_tile":false,"favourites_count":29,"screen_name":"grazzar09","notifications":false,"url":null,"created_at":"Wed Dec 02 00:13:14 +0000 2009","contributors_enabled":false,"time_zone":null,"protected":false,"default_profile":false,"is_translator":false},"geo":null,"in_reply_to_user_id_str":"258627226","lang":"en","created_at":"Sun Dec 14 23:30:20 +0000 2014","in_reply_to_status_id_str":"544269221564137472","place":{"full_name":"Scotland","url":"https://api.twitter.com/1.1/geo/id/0af014accd6f6e99.json","country":"United Kingdom","place_type":"admin","bounding_box":{"type":"Polygon","coordinates":[[[-7.6608569974318,54.633630957071],[-0.74002500048319,54.633630957071],[-0.74002500048319,60.845276969452],[-7.6608569974318,60.845276969452]]]},"contained_within":[],"country_code":"GB","attributes":{},"id":"0af014accd6f6e99","name":"Scotland"}},
{"contributors":null,"truncated":false,"text":"@grazzar09 @KristyMayr7: as always with Twitter, treat with some caution till all facts out there, but yes, looking bad.","in_reply_to_status_id":544273212872597504,"id":544273515718115328,"favorite_count":0,"source":"<a href=\"http://tapbots.com/tweetbot\" rel=\"nofollow\">Tweetbot for iΟS</a>","retweeted":false,"coordinates":null,"entities":{"symbols":[],"user_mentions":[{"id":93977715,"indices":[0,10],"id_str":"93977715","screen_name":"grazzar09","name":"Grazzar45"},{"id":258627226,"indices":[11,23],"id_str":"258627226","screen_name":"KristyMayr7","name":"Kristy Mayr"}],"hashtags":[],"urls":[]},"in_reply_to_screen_name":"grazzar09","id_str":"544273515718115328","retweet_count":0,"in_reply_to_user_id":93977715,"favorited":false,"user":{"follow_request_sent":false,"profile_use_background_image":true,"profile_text_color":"333333","default_profile_image":false,"id":239894176,"profile_background_image_url_https":"https://pbs.twimg.com/profile_background_images/195139979/2011-01-11_twitter_bkgrd_cabinet_429k.png","verified":true,"profile_location":null,"profile_image_url_https":"https://pbs.twimg.com/profile_images/514087079211327488/pZY1SFUT_normal.png","profile_sidebar_fill_color":"EFEFEF","entities":{"url":{"urls":[{"url":"http://t.co/vX3YTzNH8Y","indices":[0,22],"expanded_url":"http://www.roseannacunningham.com","display_url":"roseannacunningham.com"}]},"description":{"urls":[]}},"followers_count":9156,"profile_sidebar_border_color":"EEEEEE","id_str":"239894176","profile_background_color":"131516","listed_count":205,"is_translation_enabled":false,"utc_offset":0,"statuses_count":14097,"description":"Cab Sec for Fair Work, Skills & Training; MSP Perthshire Sth & Kinross-shire; usual Twitter rules apply; for constit enquiries please contact office.","friends_count":1165,"location":"Crieff, Scotland","profile_link_color":"009999","profile_image_url":"http://pbs.twimg.com/profile_images/514087079211327488/pZY1SFUT_normal.png","following":false,"geo_enabled":true,"profile_background_image_url":"http://pbs.twimg.com/profile_background_images/195139979/2011-01-11_twitter_bkgrd_cabinet_429k.png","name":"Roseanna Cunningham","lang":"en","profile_background_tile":false,"favourites_count":743,"screen_name":"strathearnrose","notifications":false,"url":"http://t.co/vX3YTzNH8Y","created_at":"Tue Jan 18 17:40:19 +0000 2011","contributors_enabled":false,"time_zone":"Edinburgh","protected":false,"default_profile":false,"is_translator":false},"geo":null,"in_reply_to_user_id_str":"93977715","lang":"en","created_at":"Sun Dec 14 23:31:32 +0000 2014","in_reply_to_status_id_str":"544273212872597504","place":null},
{"contributors":null,"truncated":false,"text":"@evil_cheese_win @KristyMayr7 according to sources, attack is said to be revenge for killing of vine star nash grier in coalition airstrike","in_reply_to_status_id":544271852399759361,"id":544273624463867905,"favorite_count":4,"source":"<a href=\"http://twitter.com\" rel=\"nofollow\">Twitter Web Client</a>","retweeted":false,"coordinates":null,"entities":{"symbols":[],"user_mentions":[{"id":2455567338,"indices":[0,16],"id_str":"2455567338","screen_name":"evil_cheese_win","name":"reformed troll"},{"id":258627226,"indices":[17,29],"id_str":"258627226","screen_name":"KristyMayr7","name":"Kristy Mayr"}],"hashtags":[],"urls":[]},"in_reply_to_screen_name":"evil_cheese_win","id_str":"544273624463867905","retweet_count":0,"in_reply_to_user_id":2455567338,"favorited":false,"user":{"follow_request_sent":false,"profile_use_background_image":true,"profile_text_color":"666666","default_profile_image":false,"id":118545821,"profile_background_image_url_https":"https://pbs.twimg.com/profile_background_images/378800000094290394/3c9dccd73e58bc410570941cf13134df.jpeg","verified":false,"profile_location":null,"profile_image_url_https":"https://pbs.twimg.com/profile_images/2590195720/hajd47ysd990830p97it_normal.gif","profile_sidebar_fill_color":"252429","entities":{"url":{"urls":[{"url":"http://t.co/hhasGMKSwy","indices":[0,22],"expanded_url":"http://emoprog.libsyn.com/","display_url":"emoprog.libsyn.com"}]},"description":{"urls":[]}},"followers_count":7797,"profile_sidebar_border_color":"FFFFFF","id_str":"118545821","profile_background_color":"1A1B1F","listed_count":228,"is_translation_enabled":false,"utc_offset":-18000,"statuses_count":100276,"description":"Jnco Maven. Idaho Baathist War College Alum (FULL Phd). Armenian as hell. @emoprogarmy co-conspirator","friends_count":977,"location":"MTL","profile_link_color":"2FC2EF","profile_image_url":"http://pbs.twimg.com/profile_images/2590195720/hajd47ysd990830p97it_normal.gif","following":false,"geo_enabled":true,"profile_banner_url":"https://pbs.twimg.com/profile_banners/118545821/1382420911","profile_background_image_url":"http://pbs.twimg.com/profile_background_images/378800000094290394/3c9dccd73e58bc410570941cf13134df.jpeg","name":"Feliz NaviDank","lang":"en","profile_background_tile":true,"favourites_count":75953,"screen_name":"dankmtl","notifications":false,"url":"http://t.co/hhasGMKSwy","created_at":"Mon Mar 01 01:18:27 +0000 2010","contributors_enabled":false,"time_zone":"Eastern Time (US & Canada)","protected":false,"default_profile":false,"is_translator":false},"geo":null,"in_reply_to_user_id_str":"2455567338","lang":"en","created_at":"Sun Dec 14 23:31:58 +0000 2014","in_reply_to_status_id_str":"544271852399759361","place":null},
{"contributors":null,"truncated":false,"text":"@KristyMayr7 @newsytweets A Sydney cafe at Martin Place is being held up??? so what is holding up the cafe, is it cement or happy thoughts?","in_reply_to_status_id":544269221564137472,"id":544273824364363777,"favorite_count":0,"source":"<a href=\"http://twitter.com\" rel=\"nofollow\">Twitter Web Client</a>","retweeted":false,"coordinates":null,"entities":{"symbols":[],"user_mentions":[{"id":258627226,"indices":[0,12],"id_str":"258627226","screen_name":"KristyMayr7","name":"Kristy Mayr"},{"id":196220287,"indices":[13,25],"id_str":"196220287","screen_name":"newsytweets","name":"News As It Happens"}],"hashtags":[],"urls":[]},"in_reply_to_screen_name":"KristyMayr7","id_str":"544273824364363777","retweet_count":0,"in_reply_to_user_id":258627226,"favorited":false,"user":{"follow_request_sent":false,"profile_use_background_image":true,"profile_text_color":"333333","default_profile_image":false,"id":30323002,"profile_background_image_url_https":"https://abs.twimg.com/images/themes/theme1/bg.png","verified":false,"profile_location":null,"profile_image_url_https":"https://pbs.twimg.com/profile_images/1457518043/2011-07-18-81955_normal.JPG","profile_sidebar_fill_color":"DDEEF6","entities":{"description":{"urls":[]}},"followers_count":419,"profile_sidebar_border_color":"C0DEED","id_str":"30323002","profile_background_color":"C0DEED","listed_count":3,"is_translation_enabled":false,"utc_offset":0,"statuses_count":935,"description":"i am 42 years old and i live in derry ireland...i like computers, photography, using photoshop and 3ds max,horror and i cook too","friends_count":1459,"location":"derry ireland","profile_link_color":"0084B4","profile_image_url":"http://pbs.twimg.com/profile_images/1457518043/2011-07-18-81955_normal.JPG","following":false,"geo_enabled":true,"profile_background_image_url":"http://abs.twimg.com/images/themes/theme1/bg.png","name":"manus mc callion","lang":"en","profile_background_tile":false,"favourites_count":0,"screen_name":"manus37","notifications":false,"url":null,"created_at":"Fri Apr 10 21:55:33 +0000 2009","contributors_enabled":false,"time_zone":"Dublin","protected":false,"default_profile":true,"is_translator":false},"geo":null,"in_reply_to_user_id_str":"258627226","lang":"en","created_at":"Sun Dec 14 23:32:46 +0000 2014","in_reply_to_status_id_str":"544269221564137472","place":null},
{"contributors":null,"truncated":false,"text":"@KristyMayr7 @Mr_Fanta_Pants Why the Lindt cafe? Probably some mental person? Maybe a disgruntled ex-employee. Explanation needed. #weird","in_reply_to_status_id":544269221564137472,"id":544273901136535552,"favorite_count":0,"source":"<a href=\"http://twitter.com\" rel=\"nofollow\">Twitter Web Client</a>","retweeted":false,"coordinates":null,"entities":{"symbols":[],"user_mentions":[{"id":258627226,"indices":[0,12],"id_str":"258627226","screen_name":"KristyMayr7","name":"Kristy Mayr"},{"id":25055720,"indices":[13,28],"id_str":"25055720","screen_name":"Mr_Fanta_Pants","name":"Mr Santa Pants"}],"hashtags":[{"indices":[131,137],"text":"weird"}],"urls":[]},"in_reply_to_screen_name":"KristyMayr7","id_str":"544273901136535552","retweet_count":0,"in_reply_to_user_id":258627226,"favorited":false,"user":{"follow_request_sent":false,"profile_use_background_image":true,"profile_text_color":"333333","default_profile_image":false,"id":589906379,"profile_background_image_url_https":"https://abs.twimg.com/images/themes/theme15/bg.png","verified":false,"profile_location":null,"profile_image_url_https":"https://pbs.twimg.com/profile_images/564931326315220992/niVT6d9L_normal.jpeg","profile_sidebar_fill_color":"C0DFEC","entities":{"url":{"urls":[{"url":"http://t.co/6s6MeECljR","indices":[0,22],"expanded_url":"http://about.me/timothy.connell","display_url":"about.me/timothy.connell"}]},"description":{"urls":[]}},"followers_count":57,"profile_sidebar_border_color":"FFFFFF","id_str":"589906379","profile_background_color":"022330","listed_count":3,"is_translation_enabled":false,"utc_offset":39600,"statuses_count":1919,"description":"Writer...Food addict...Sexuality Fascinator...Unconventional...Sitcom lover...Cynical...Comedy at its finest...I know everything.","friends_count":149,"location":"Sydney, Australia","profile_link_color":"0084B4","profile_image_url":"http://pbs.twimg.com/profile_images/564931326315220992/niVT6d9L_normal.jpeg","following":false,"geo_enabled":false,"profile_banner_url":"https://pbs.twimg.com/profile_banners/589906379/1370062743","profile_background_image_url":"http://abs.twimg.com/images/themes/theme15/bg.png","name":"Timothy Connell","lang":"en","profile_background_tile":false,"favourites_count":706,"screen_name":"timothyjconnell","notifications":false,"url":"http://t.co/6s6MeECljR","created_at":"Fri May 25 11:19:48 +0000 2012","contributors_enabled":false,"time_zone":"Sydney","protected":false,"default_profile":false,"is_translator":false},"geo":null,"in_reply_to_user_id_str":"258627226","lang":"en","created_at":"Sun Dec 14 23:33:04 +0000 2014","in_reply_to_status_id_str":"544269221564137472","place":null},
{"contributors":null,"truncated":false,"text":"@KristyMayr7 are you sure it is an ISIS flag? I refer you to: @charliewinter","in_reply_to_status_id":544269221564137472,"id":544274037128855552,"favorite_count":0,"source":"<a href=\"http://twitter.com\" rel=\"nofollow\">Twitter Web Client</a>","retweeted":false,"coordinates":null,"entities":{"symbols":[],"user_mentions":[{"id":258627226,"indices":[0,12],"id_str":"258627226","screen_name":"KristyMayr7","name":"Kristy Mayr"},{"id":1606242174,"indices":[62,76],"id_str":"1606242174","screen_name":"charliewinter","name":"Charlie Winter"}],"hashtags":[],"urls":[]},"in_reply_to_screen_name":"KristyMayr7","id_str":"544274037128855552","retweet_count":0,"in_reply_to_user_id":258627226,"favorited":false,"user":{"follow_request_sent":false,"profile_use_background_image":true,"profile_text_color":"333333","default_profile_image":false,"id":1013033834,"profile_background_image_url_https":"https://abs.twimg.com/images/themes/theme1/bg.png","verified":false,"profile_location":null,"profile_image_url_https":"https://pbs.twimg.com/profile_images/2996005484/71335ae56ec9df220d8c6e2b8d616d7d_normal.jpeg","profile_sidebar_fill_color":"DDEEF6","entities":{"description":{"urls":[]}},"followers_count":2097,"profile_sidebar_border_color":"C0DEED","id_str":"1013033834","profile_background_color":"C0DEED","listed_count":25,"is_translation_enabled":false,"utc_offset":0,"statuses_count":31758,"description":"Interested in Irish politics and history, the Scots-Irish and Anglo-Irish, Rev J.B. Armour, Celtic history, Scottish Independence, economics.","friends_count":2260,"location":"Various. ","profile_link_color":"0084B4","profile_image_url":"http://pbs.twimg.com/profile_images/2996005484/71335ae56ec9df220d8c6e2b8d616d7d_normal.jpeg","following":false,"geo_enabled":false,"profile_background_image_url":"http://abs.twimg.com/images/themes/theme1/bg.png","name":"Jamesie boy!","lang":"en","profile_background_tile":false,"favourites_count":2976,"screen_name":"CalJamieson","notifications":false,"url":null,"created_at":"Sat Dec 15 11:39:31 +0000 2012","contributors_enabled":false,"time_zone":"Casablanca","protected":false,"default_profile":true,"is_translator":false},"geo":null,"in_reply_to_user_id_str":"258627226","lang":"en","created_at":"Sun Dec 14 23:33:37 +0000 2014","in_reply_to_status_id_str":"544269221564137472","place":null},
{"contributors":null,"truncated":false,"text":"@KristyMayr7 @maggiepolitico Oh S****","in_reply_to_status_id":544269221564137472,"id":544274575245463553,"favorite_count":0,"source":"<a href=\"http://twitter.com\" rel=\"nofollow\">Twitter Web Client</a>","retweeted":false,"coordinates":null,"entities":{"symbols":[],"user_mentions":[{"id":258627226,"indices":[0,12],"id_str":"258627226","screen_name":"KristyMayr7","name":"Kristy Mayr"},{"id":93069110,"indices":[13,28],"id_str":"93069110","screen_name":"maggiepolitico","name":"Maggie Haberman"}],"hashtags":[],"urls":[]},"in_reply_to_screen_name":"KristyMayr7","id_str":"544274575245463553","retweet_count":0,"in_reply_to_user_id":258627226,"favorited":false,"user":{"follow_request_sent":false,"profile_use_background_image":true,"profile_text_color":"333333","default_profile_image":false,"id":82682487,"profile_background_image_url_https":"https://abs.twimg.com/images/themes/theme1/bg.png","verified":false,"profile_location":null,"profile_image_url_https":"https://pbs.twimg.com/profile_images/2457291110/ppopxdzjkrihue6jgnsy_normal.gif","profile_sidebar_fill_color":"DDEEF6","entities":{"description":{"urls":[]}},"followers_count":350,"profile_sidebar_border_color":"C0DEED","id_str":"82682487","profile_background_color":"C0DEED","listed_count":14,"is_translation_enabled":false,"utc_offset":-18000,"statuses_count":8541,"description":"e-Bonics y'all","friends_count":576,"location":"","profile_link_color":"0084B4","profile_image_url":"http://pbs.twimg.com/profile_images/2457291110/ppopxdzjkrihue6jgnsy_normal.gif","following":false,"geo_enabled":true,"profile_background_image_url":"http://abs.twimg.com/images/themes/theme1/bg.png","name":"ibeetb","lang":"en","profile_background_tile":false,"favourites_count":5286,"screen_name":"ibeetb","notifications":false,"url":null,"created_at":"Thu Oct 15 18:40:51 +0000 2009","contributors_enabled":false,"time_zone":"Eastern Time (US & Canada)","protected":false,"default_profile":true,"is_translator":false},"geo":null,"in_reply_to_user_id_str":"258627226","lang":"en","created_at":"Sun Dec 14 23:35:45 +0000 2014","in_reply_to_status_id_str":"544269221564137472","place":null},
{"contributors":null,"truncated":false,"text":"@KristyMayr7 @Gillian_Philip Very sad - what's the point of being bullies ISIS? - there's no point - no gain - just nastiness - #stupidstuff","in_reply_to_status_id":544269221564137472,"id":544275162137231361,"favorite_count":0,"source":"<a href=\"http://twitter.com/download/iphone\" rel=\"nofollow\">Twitter for iPhone</a>","retweeted":false,"coordinates":null,"entities":{"symbols":[],"user_mentions":[{"id":258627226,"indices":[0,12],"id_str":"258627226","screen_name":"KristyMayr7","name":"Kristy Mayr"},{"id":38495037,"indices":[13,28],"id_str":"38495037","screen_name":"Gillian_Philip","name":"Gillian Philip "}],"hashtags":[{"indices":[128,140],"text":"stupidstuff"}],"urls":[]},"in_reply_to_screen_name":"KristyMayr7","id_str":"544275162137231361","retweet_count":0,"in_reply_to_user_id":258627226,"favorited":false,"user":{"follow_request_sent":false,"profile_use_background_image":true,"profile_text_color":"333333","default_profile_image":false,"id":18195001,"profile_background_image_url_https":"https://pbs.twimg.com/profile_background_images/884951871/639e80b8808cf70797428bfbf88b0cf0.jpeg","verified":false,"profile_location":null,"profile_image_url_https":"https://pbs.twimg.com/profile_images/474931716331536384/lE9fQOAT_normal.jpeg","profile_sidebar_fill_color":"A0C5C7","entities":{"description":{"urls":[]}},"followers_count":427,"profile_sidebar_border_color":"FFFFFF","id_str":"18195001","profile_background_color":"352726","listed_count":7,"is_translation_enabled":false,"utc_offset":-28800,"statuses_count":25973,"description":"Woman living in Seattle - Curious about a lot of things.","friends_count":1802,"location":"Downtown Seattle","profile_link_color":"D02B55","profile_image_url":"http://pbs.twimg.com/profile_images/474931716331536384/lE9fQOAT_normal.jpeg","following":false,"geo_enabled":false,"profile_banner_url":"https://pbs.twimg.com/profile_banners/18195001/1402067689","profile_background_image_url":"http://pbs.twimg.com/profile_background_images/884951871/639e80b8808cf70797428bfbf88b0cf0.jpeg","name":"Jenniferlayne53","lang":"en","profile_background_tile":true,"favourites_count":2282,"screen_name":"Jenniferlayne53","notifications":false,"url":null,"created_at":"Wed Dec 17 18:08:10 +0000 2008","contributors_enabled":false,"time_zone":"Pacific Time (US & Canada)","protected":false,"default_profile":false,"is_translator":false},"geo":null,"in_reply_to_user_id_str":"258627226","lang":"en","created_at":"Sun Dec 14 23:38:05 +0000 2014","in_reply_to_status_id_str":"544269221564137472","place":null},
{"contributors":null,"truncated":false,"text":"@Jenniferlayne53 I hope this doesn’t end badly but fear it probably will. @KristyMayr7","in_reply_to_status_id":544275162137231361,"id":544275510860455937,"favorite_count":0,"source":"<a href=\"https://about.twitter.com/products/tweetdeck\" rel=\"nofollow\">TweetDeck</a>","retweeted":false,"coordinates":null,"entities":{"symbols":[],"user_mentions":[{"id":18195001,"indices":[0,16],"id_str":"18195001","screen_name":"Jenniferlayne53","name":"Jenniferlayne53"},{"id":258627226,"indices":[74,86],"id_str":"258627226","screen_name":"KristyMayr7","name":"Kristy Mayr"}],"hashtags":[],"urls":[]},"in_reply_to_screen_name":"Jenniferlayne53","id_str":"544275510860455937","retweet_count":0,"in_reply_to_user_id":18195001,"favorited":false,"user":{"follow_request_sent":false,"profile_use_background_image":true,"profile_text_color":"050F05","default_profile_image":false,"id":38495037,"profile_background_image_url_https":"https://pbs.twimg.com/profile_background_images/378800000104864372/93f9ef2e25fdc8670b5925498f5c3980.jpeg","verified":false,"profile_location":null,"profile_image_url_https":"https://pbs.twimg.com/profile_images/533968600105635840/rslTLDxh_normal.jpeg","profile_sidebar_fill_color":"6BAD73","entities":{"url":{"urls":[{"url":"http://t.co/wPVLlpCgnx","indices":[0,22],"expanded_url":"http://www.facebook.com/gillianphilipauthor","display_url":"facebook.com/gillianphilipa…"}]},"description":{"urls":[]}},"followers_count":4577,"profile_sidebar_border_color":"FFFFFF","id_str":"38495037","profile_background_color":"162A66","listed_count":322,"is_translation_enabled":false,"utc_offset":0,"statuses_count":42327,"description":"The REBEL ANGELS series, Erin Hunter's SURVIVORS, and lots more. I'd have written them faster if it wasn't for that pesky Twitter. Repped by @JuliaChurchill","friends_count":4319,"location":"Moray, Scotland","profile_link_color":"09073D","profile_image_url":"http://pbs.twimg.com/profile_images/533968600105635840/rslTLDxh_normal.jpeg","following":false,"geo_enabled":true,"profile_background_image_url":"http://pbs.twimg.com/profile_background_images/378800000104864372/93f9ef2e25fdc8670b5925498f5c3980.jpeg","name":"Gillian Falalalalala","lang":"en","profile_background_tile":true,"favourites_count":1010,"screen_name":"Gillian_Philip","notifications":false,"url":"http://t.co/wPVLlpCgnx","created_at":"Thu May 07 19:14:28 +0000 2009","contributors_enabled":false,"time_zone":"London","protected":false,"default_profile":false,"is_translator":false},"geo":null,"in_reply_to_user_id_str":"18195001","lang":"en","created_at":"Sun Dec 14 23:39:28 +0000 2014","in_reply_to_status_id_str":"544275162137231361","place":null},
{"contributors":null,"truncated":false,"text":"@strathearnrose @KristyMayr7 @jonsnowC4 Yes looks bad situation.","in_reply_to_status_id":544273515718115328,"id":544275608239620097,"favorite_count":0,"source":"<a href=\"http://twitter.com\" rel=\"nofollow\">Twitter Web Client</a>","retweeted":false,"coordinates":null,"entities":{"symbols":[],"user_mentions":[{"id":239894176,"indices":[0,15],"id_str":"239894176","screen_name":"strathearnrose","name":"Roseanna Cunningham"},{"id":258627226,"indices":[16,28],"id_str":"258627226","screen_name":"KristyMayr7","name":"Kristy Mayr"},{"id":128216887,"indices":[29,39],"id_str":"128216887","screen_name":"jonsnowC4","name":"Jon Snow"}],"hashtags":[],"urls":[]},"in_reply_to_screen_name":"strathearnrose","id_str":"544275608239620097","retweet_count":0,"in_reply_to_user_id":239894176,"favorited":false,"user":{"follow_request_sent":false,"profile_use_background_image":false,"profile_text_color":"000000","default_profile_image":false,"id":93977715,"profile_background_image_url_https":"https://abs.twimg.com/images/themes/theme1/bg.png","verified":false,"profile_location":null,"profile_image_url_https":"https://pbs.twimg.com/profile_images/567810936631595008/8aEJGYOr_normal.png","profile_sidebar_fill_color":"000000","entities":{"description":{"urls":[]}},"followers_count":100,"profile_sidebar_border_color":"000000","id_str":"93977715","profile_background_color":"000000","listed_count":1,"is_translation_enabled":false,"utc_offset":null,"statuses_count":738,"description":"I am an SNP member. Fully committed to achieving a forward looking free spirited left leaning Independent Republican  Scotland.","friends_count":212,"location":"Inverness","profile_link_color":"3B94D9","profile_image_url":"http://pbs.twimg.com/profile_images/567810936631595008/8aEJGYOr_normal.png","following":false,"geo_enabled":true,"profile_background_image_url":"http://abs.twimg.com/images/themes/theme1/bg.png","name":"Grazzar45","lang":"en","profile_background_tile":false,"favourites_count":29,"screen_name":"grazzar09","notifications":false,"url":null,"created_at":"Wed Dec 02 00:13:14 +0000 2009","contributors_enabled":false,"time_zone":null,"protected":false,"default_profile":false,"is_translator":false},"geo":null,"in_reply_to_user_id_str":"239894176","lang":"en","created_at":"Sun Dec 14 23:39:51 +0000 2014","in_reply_to_status_id_str":"544273515718115328","place":{"full_name":"Scotland","url":"https://api.twitter.com/1.1/geo/id/0af014accd6f6e99.json","country":"United Kingdom","place_type":"admin","bounding_box":{"type":"Polygon","coordinates":[[[-7.6608569974318,54.633630957071],[-0.74002500048319,54.633630957071],[-0.74002500048319,60.845276969452],[-7.6608569974318,60.845276969452]]]},"contained_within":[],"country_code":"GB","attributes":{},"id":"0af014accd6f6e99","name":"Scotland"}},
{"contributors":null,"truncated":false,"text":"@Gillian_Philip @KristyMayr7 Me too, which explains my rant - I just cannot see the purpose of violence, don't see how it furthers anything","in_reply_to_status_id":544275510860455937,"id":544276910323146752,"favorite_count":0,"source":"<a href=\"http://twitter.com/download/iphone\" rel=\"nofollow\">Twitter for iPhone</a>","retweeted":false,"coordinates":null,"entities":{"symbols":[],"user_mentions":[{"id":38495037,"indices":[0,15],"id_str":"38495037","screen_name":"Gillian_Philip","name":"Gillian Falalalalala"},{"id":258627226,"indices":[16,28],"id_str":"258627226","screen_name":"KristyMayr7","name":"Kristy Mayr"}],"hashtags":[],"urls":[]},"in_reply_to_screen_name":"Gillian_Philip","id_str":"544276910323146752","retweet_count":0,"in_reply_to_user_id":38495037,"favorited":false,"user":{"follow_request_sent":false,"profile_use_background_image":true,"profile_text_color":"333333","default_profile_image":false,"id":18195001,"profile_background_image_url_https":"https://pbs.twimg.com/profile_background_images/884951871/639e80b8808cf70797428bfbf88b0cf0.jpeg","verified":false,"profile_location":null,"profile_image_url_https":"https://pbs.twimg.com/profile_images/474931716331536384/lE9fQOAT_normal.jpeg","profile_sidebar_fill_color":"A0C5C7","entities":{"description":{"urls":[]}},"followers_count":425,"profile_sidebar_border_color":"FFFFFF","id_str":"18195001","profile_background_color":"352726","listed_count":7,"is_translation_enabled":false,"utc_offset":-28800,"statuses_count":25978,"description":"Woman living in Seattle - Curious about a lot of things.","friends_count":1802,"location":"Downtown Seattle","profile_link_color":"D02B55","profile_image_url":"http://pbs.twimg.com/profile_images/474931716331536384/lE9fQOAT_normal.jpeg","following":false,"geo_enabled":false,"profile_banner_url":"https://pbs.twimg.com/profile_banners/18195001/1402067689","profile_background_image_url":"http://pbs.twimg.com/profile_background_images/884951871/639e80b8808cf70797428bfbf88b0cf0.jpeg","name":"Jenniferlayne53","lang":"en","profile_background_tile":true,"favourites_count":2283,"screen_name":"Jenniferlayne53","notifications":false,"url":null,"created_at":"Wed Dec 17 18:08:10 +0000 2008","contributors_enabled":false,"time_zone":"Pacific Time (US & Canada)","protected":false,"default_profile":false,"is_translator":false},"geo":null,"in_reply_to_user_id_str":"38495037","lang":"en","created_at":"Sun Dec 14 23:45:02 +0000 2014","in_reply_to_status_id_str":"544275510860455937","place":null},
{"contributors":null,"truncated":false,"text":"@Jenniferlayne53 This lot are so nihilistic, I fear - chaos and death are what they are aiming for. @KristyMayr7","in_reply_to_status_id":544276910323146752,"id":544277126833532930,"favorite_count":0,"source":"<a href=\"https://about.twitter.com/products/tweetdeck\" rel=\"nofollow\">TweetDeck</a>","retweeted":false,"coordinates":null,"entities":{"symbols":[],"user_mentions":[{"id":18195001,"indices":[0,16],"id_str":"18195001","screen_name":"Jenniferlayne53","name":"Jenniferlayne53"},{"id":258627226,"indices":[100,112],"id_str":"258627226","screen_name":"KristyMayr7","name":"Kristy Mayr"}],"hashtags":[],"urls":[]},"in_reply_to_screen_name":"Jenniferlayne53","id_str":"544277126833532930","retweet_count":0,"in_reply_to_user_id":18195001,"favorited":false,"user":{"follow_request_sent":false,"profile_use_background_image":true,"profile_text_color":"050F05","default_profile_image":false,"id":38495037,"profile_background_image_url_https":"https://pbs.twimg.com/profile_background_images/378800000104864372/93f9ef2e25fdc8670b5925498f5c3980.jpeg","verified":false,"profile_location":null,"profile_image_url_https":"https://pbs.twimg.com/profile_images/533968600105635840/rslTLDxh_normal.jpeg","profile_sidebar_fill_color":"6BAD73","entities":{"url":{"urls":[{"url":"http://t.co/wPVLlpCgnx","indices":[0,22],"expanded_url":"http://www.facebook.com/gillianphilipauthor","display_url":"facebook.com/gillianphilipa…"}]},"description":{"urls":[]}},"followers_count":4577,"profile_sidebar_border_color":"FFFFFF","id_str":"38495037","profile_background_color":"162A66","listed_count":322,"is_translation_enabled":false,"utc_offset":0,"statuses_count":42327,"description":"The REBEL ANGELS series, Erin Hunter's SURVIVORS, and lots more. I'd have written them faster if it wasn't for that pesky Twitter. Repped by @JuliaChurchill","friends_count":4319,"location":"Moray, Scotland","profile_link_color":"09073D","profile_image_url":"http://pbs.twimg.com/profile_images/533968600105635840/rslTLDxh_normal.jpeg","following":false,"geo_enabled":true,"profile_background_image_url":"http://pbs.twimg.com/profile_background_images/378800000104864372/93f9ef2e25fdc8670b5925498f5c3980.jpeg","name":"Gillian Falalalalala","lang":"en","profile_background_tile":true,"favourites_count":1010,"screen_name":"Gillian_Philip","notifications":false,"url":"http://t.co/wPVLlpCgnx","created_at":"Thu May 07 19:14:28 +0000 2009","contributors_enabled":false,"time_zone":"London","protected":false,"default_profile":false,"is_translator":false},"geo":null,"in_reply_to_user_id_str":"18195001","lang":"en","created_at":"Sun Dec 14 23:45:53 +0000 2014","in_reply_to_status_id_str":"544276910323146752","place":null},
{"contributors":null,"truncated":false,"text":"@Gillian_Philip @KristyMayr7 Right - and what do they gain from it - nothing. Waste and destruction...for what? I loathe this sort of stuff","in_reply_to_status_id":544277126833532930,"id":544278219818819584,"favorite_count":0,"source":"<a href=\"http://twitter.com/download/iphone\" rel=\"nofollow\">Twitter for iPhone</a>","retweeted":false,"coordinates":null,"entities":{"symbols":[],"user_mentions":[{"id":38495037,"indices":[0,15],"id_str":"38495037","screen_name":"Gillian_Philip","name":"Gillian Philip "},{"id":258627226,"indices":[16,28],"id_str":"258627226","screen_name":"KristyMayr7","name":"Kristy Mayr"}],"hashtags":[],"urls":[]},"in_reply_to_screen_name":"Gillian_Philip","id_str":"544278219818819584","retweet_count":0,"in_reply_to_user_id":38495037,"favorited":false,"user":{"follow_request_sent":false,"profile_use_background_image":true,"profile_text_color":"333333","default_profile_image":false,"id":18195001,"profile_background_image_url_https":"https://pbs.twimg.com/profile_background_images/884951871/639e80b8808cf70797428bfbf88b0cf0.jpeg","verified":false,"profile_location":null,"profile_image_url_https":"https://pbs.twimg.com/profile_images/474931716331536384/lE9fQOAT_normal.jpeg","profile_sidebar_fill_color":"A0C5C7","entities":{"description":{"urls":[]}},"followers_count":425,"profile_sidebar_border_color":"FFFFFF","id_str":"18195001","profile_background_color":"352726","listed_count":7,"is_translation_enabled":false,"utc_offset":-28800,"statuses_count":25978,"description":"Woman living in Seattle - Curious about a lot of things.","friends_count":1802,"location":"Downtown Seattle","profile_link_color":"D02B55","profile_image_url":"http://pbs.twimg.com/profile_images/474931716331536384/lE9fQOAT_normal.jpeg","following":false,"geo_enabled":false,"profile_banner_url":"https://pbs.twimg.com/profile_banners/18195001/1402067689","profile_background_image_url":"http://pbs.twimg.com/profile_background_images/884951871/639e80b8808cf70797428bfbf88b0cf0.jpeg","name":"Jenniferlayne53","lang":"en","profile_background_tile":true,"favourites_count":2283,"screen_name":"Jenniferlayne53","notifications":false,"url":null,"created_at":"Wed Dec 17 18:08:10 +0000 2008","contributors_enabled":false,"time_zone":"Pacific Time (US & Canada)","protected":false,"default_profile":false,"is_translator":false},"geo":null,"in_reply_to_user_id_str":"38495037","lang":"en","created_at":"Sun Dec 14 23:50:14 +0000 2014","in_reply_to_status_id_str":"544277126833532930","place":null}
]