{"contributors":null,"truncated":false,"text":"JUST IN: Gunman in #Sydney cafe siege says he has devices all over city: Report http:\/\/t.co\/FlxRZYOxWA http:\/\/t.co\/ppOgJw4ynX","in_reply_to_status_id":null,"id":544291829290508289,"favorite_count":47,"source":"<a href=\"https:\/\/about.twitter.com\/products\/tweetdeck\" rel=\"nofollow\">TweetDeck<\/a>","retweeted":false,"coordinates":null,"entities":{"symbols":[],"user_mentions":[],"hashtags":[{"indices":[19,26],"text":"Sydney"}],"urls":[{"url":"http:\/\/t.co\/FlxRZYOxWA","indices":[80,102],"expanded_url":"http:\/\/bit.ly\/1AxwiCR","display_url":"bit.ly\/1AxwiCR"}],"media":[{"source_user_id":1131352537,"source_status_id_str":"544291738840358912","expanded_url":"http:\/\/twitter.com\/STForeignDesk\/status\/544291738840358912\/photo\/1","display_url":"pic.twitter.com\/ppOgJw4ynX","url":"http:\/\/t.co\/ppOgJw4ynX","media_url_https":"https:\/\/pbs.twimg.com\/media\/B422T2PCEAEcjAi.jpg","source_user_id_str":"1131352537","source_status_id":544291738840358912,"id_str":"544291582074032129","sizes":{"large":{"h":582,"resize":"fit","w":1024},"small":{"h":193,"resize":"fit","w":340},"medium":{"h":341,"resize":"fit","w":600},"thumb":{"h":150,"resize":"crop","w":150}},"indices":[103,125],"type":"photo","id":544291582074032129,"media_url":"http:\/\/pbs.twimg.com\/media\/B422T2PCEAEcjAi.jpg"}]},"in_reply_to_screen_name":null,"id_str":"544291829290508289","retweet_count":360,"in_reply_to_user_id":null,"favorited":false,"user":{"follow_request_sent":false,"profile_use_background_image":true,"profile_text_color":"333333","default_profile_image":false,"id":37874853,"profile_background_image_url_https":"https:\/\/pbs.twimg.com\/profile_background_images\/378800000050586586\/376ef21f601fe5f01acd95dae6783f6b.png","verified":true,"profile_location":null,"profile_image_url_https":"https:\/\/pbs.twimg.com\/profile_images\/3084918167\/3e0dce28e51eef05a319e1016af31e52_normal.png","profile_sidebar_fill_color":"DDEEF6","entities":{"url":{"urls":[{"url":"http:\/\/t.co\/7447yWAzRb","indices":[0,22],"expanded_url":"http:\/\/www.straitstimes.com","display_url":"straitstimes.com"}]},"description":{"urls":[]}},"followers_count":376005,"profile_sidebar_border_color":"FFFFFF","id_str":"37874853","profile_background_color":"F5F5F5","listed_count":4006,"is_translation_enabled":false,"utc_offset":28800,"statuses_count":131138,"description":"Breaking news from the online site of Singapore's most widely-read newspaper","friends_count":80,"location":"Singapore","profile_link_color":"00427A","profile_image_url":"http:\/\/pbs.twimg.com\/profile_images\/3084918167\/3e0dce28e51eef05a319e1016af31e52_normal.png","following":false,"geo_enabled":true,"profile_background_image_url":"http:\/\/pbs.twimg.com\/profile_background_images\/378800000050586586\/376ef21f601fe5f01acd95dae6783f6b.png","name":"The Straits Times ","lang":"en","profile_background_tile":false,"favourites_count":20,"screen_name":"STcom","notifications":false,"url":"http:\/\/t.co\/7447yWAzRb","created_at":"Tue May 05 06:48:23 +0000 2009","contributors_enabled":false,"time_zone":"Singapore","protected":false,"default_profile":false,"is_translator":false},"geo":null,"in_reply_to_user_id_str":null,"possibly_sensitive":false,"lang":"en","created_at":"Mon Dec 15 00:44:19 +0000 2014","in_reply_to_status_id_str":null,"place":null,"extended_entities":{"media":[{"source_user_id":1131352537,"source_status_id_str":"544291738840358912","expanded_url":"http:\/\/twitter.com\/STForeignDesk\/status\/544291738840358912\/photo\/1","display_url":"pic.twitter.com\/ppOgJw4ynX","url":"http:\/\/t.co\/ppOgJw4ynX","media_url_https":"https:\/\/pbs.twimg.com\/media\/B422T2PCEAEcjAi.jpg","source_user_id_str":"1131352537","source_status_id":544291738840358912,"id_str":"544291582074032129","sizes":{"large":{"h":582,"resize":"fit","w":1024},"small":{"h":193,"resize":"fit","w":340},"medium":{"h":341,"resize":"fit","w":600},"thumb":{"h":150,"resize":"crop","w":150}},"indices":[103,125],"type":"photo","id":544291582074032129,"media_url":"http:\/\/pbs.twimg.com\/media\/B422T2PCEAEcjAi.jpg"}]}}