{"contributors":null,"truncated":false,"text":"If I understand Hillary Clinton &amp; Sen Feinstein correctly, 1st step for current Sydney hostage situation is to empathize w the f'n bastards.","in_reply_to_status_id":null,"id":544277817987330049,"favorite_count":91,"source":"<a href=\"http:\/\/twitter.com\/download\/iphone\" rel=\"nofollow\">Twitter for iPhone<\/a>","retweeted":false,"coordinates":{"type":"Point","coordinates":[-122.38818655,37.6190301]},"entities":{"symbols":[],"user_mentions":[],"hashtags":[],"urls":[]},"in_reply_to_screen_name":null,"id_str":"544277817987330049","retweet_count":114,"in_reply_to_user_id":null,"favorited":false,"user":{"follow_request_sent":false,"profile_use_background_image":true,"profile_text_color":"333333","default_profile_image":false,"id":412682869,"profile_background_image_url_https":"https:\/\/abs.twimg.com\/images\/themes\/theme14\/bg.gif","verified":false,"profile_location":null,"profile_image_url_https":"https:\/\/pbs.twimg.com\/profile_images\/1639754990\/Mike049_2_normal.jpg","profile_sidebar_fill_color":"EFEFEF","entities":{"description":{"urls":[]}},"followers_count":19247,"profile_sidebar_border_color":"EEEEEE","id_str":"412682869","profile_background_color":"131516","listed_count":435,"is_translation_enabled":false,"utc_offset":-18000,"statuses_count":902,"description":"Former CIA covert operations officer. President of Diligence LLC, a global intelligence and security firm.","friends_count":1373,"location":"Secret Lair","profile_link_color":"009999","profile_image_url":"http:\/\/pbs.twimg.com\/profile_images\/1639754990\/Mike049_2_normal.jpg","following":false,"geo_enabled":true,"profile_background_image_url":"http:\/\/abs.twimg.com\/images\/themes\/theme14\/bg.gif","name":"Mike Baker","lang":"en","profile_background_tile":true,"favourites_count":20,"screen_name":"MBCompanyMan","notifications":false,"url":null,"created_at":"Tue Nov 15 01:10:10 +0000 2011","contributors_enabled":false,"time_zone":"Eastern Time (US & Canada)","protected":false,"default_profile":false,"is_translator":false},"geo":{"type":"Point","coordinates":[37.6190301,-122.38818655]},"in_reply_to_user_id_str":null,"lang":"en","created_at":"Sun Dec 14 23:48:38 +0000 2014","in_reply_to_status_id_str":null,"place":{"full_name":"California, US","url":"https:\/\/api.twitter.com\/1.1\/geo\/id\/fbd6d2f5a4e4a15e.json","country":"United States","place_type":"admin","bounding_box":{"type":"Polygon","coordinates":[[[-124.482003,32.528832],[-114.131212,32.528832],[-114.131212,42.009519],[-124.482003,42.009519]]]},"contained_within":[],"country_code":"US","attributes":{},"id":"fbd6d2f5a4e4a15e","name":"California"}}