{"contributors":null,"truncated":false,"text":"If there's a Sydney-style attack in the U.S. all these anti-cop protests will end in about two seconds.","in_reply_to_status_id":null,"id":544283714751328256,"favorite_count":150,"source":"<a href=\"http:\/\/twitter.com\" rel=\"nofollow\">Twitter Web Client<\/a>","retweeted":false,"coordinates":null,"entities":{"symbols":[],"user_mentions":[],"hashtags":[],"urls":[]},"in_reply_to_screen_name":null,"id_str":"544283714751328256","retweet_count":204,"in_reply_to_user_id":null,"favorited":false,"user":{"follow_request_sent":false,"profile_use_background_image":true,"profile_text_color":"242424","default_profile_image":false,"id":16930489,"profile_background_image_url_https":"https:\/\/pbs.twimg.com\/profile_background_images\/533826797238882304\/Yz7NLYLV.jpeg","verified":false,"profile_location":null,"profile_image_url_https":"https:\/\/pbs.twimg.com\/profile_images\/571483621732691968\/DFHXwe9K_normal.jpeg","profile_sidebar_fill_color":"6DB6E3","entities":{"url":{"urls":[{"url":"http:\/\/t.co\/2n3puk6wdW","indices":[0,22],"expanded_url":"http:\/\/exjon.com","display_url":"exjon.com"}]},"description":{"urls":[]}},"followers_count":31334,"profile_sidebar_border_color":"FFFFFF","id_str":"16930489","profile_background_color":"F9C301","listed_count":1373,"is_translation_enabled":false,"utc_offset":-25200,"statuses_count":109874,"description":"the undisputed king of stuff. @ricochet editor.","friends_count":2003,"location":"arizona","profile_link_color":"993F0A","profile_image_url":"http:\/\/pbs.twimg.com\/profile_images\/571483621732691968\/DFHXwe9K_normal.jpeg","following":false,"geo_enabled":true,"profile_banner_url":"https:\/\/pbs.twimg.com\/profile_banners\/16930489\/1416108792","profile_background_image_url":"http:\/\/pbs.twimg.com\/profile_background_images\/533826797238882304\/Yz7NLYLV.jpeg","name":"jon gabriel","lang":"en","profile_background_tile":true,"favourites_count":5040,"screen_name":"exjon","notifications":false,"url":"http:\/\/t.co\/2n3puk6wdW","created_at":"Thu Oct 23 17:03:02 +0000 2008","contributors_enabled":false,"time_zone":"Arizona","protected":false,"default_profile":false,"is_translator":false},"geo":null,"in_reply_to_user_id_str":null,"lang":"en","created_at":"Mon Dec 15 00:12:04 +0000 2014","in_reply_to_status_id_str":null,"place":null}