[{"contributors":null,"truncated":false,"text":"@BloombergNews do you mean the religion of peace? Fucking terrorists JUST CALL IT WHAT IT IS - MUSLIM EXTREMISTS","in_reply_to_status_id":544288799711592448,"id":544289083917611009,"favorite_count":0,"source":"<a href=\"http://twitter.com/download/iphone\" rel=\"nofollow\">Twitter for iPhone</a>","retweeted":false,"coordinates":null,"entities":{"symbols":[],"user_mentions":[{"id":2922379876,"indices":[0,14],"id_str":"2922379876","screen_name":"bloombergnews","name":"News"}],"hashtags":[],"urls":[]},"in_reply_to_screen_name":"business","id_str":"544289083917611009","retweet_count":0,"in_reply_to_user_id":34713362,"favorited":false,"user":{"follow_request_sent":false,"profile_use_background_image":false,"profile_text_color":"333333","default_profile_image":false,"id":2654587483,"profile_background_image_url_https":"https://abs.twimg.com/images/themes/theme1/bg.png","verified":false,"profile_location":null,"profile_image_url_https":"https://pbs.twimg.com/profile_images/489857450443407360/mDvQDXnP_normal.jpeg","profile_sidebar_fill_color":"DDEEF6","entities":{"description":{"urls":[]}},"followers_count":44,"profile_sidebar_border_color":"FFFFFF","id_str":"2654587483","profile_background_color":"C0DEED","listed_count":0,"is_translation_enabled":false,"utc_offset":-14400,"statuses_count":540,"description":"l live for Wall St-I voted for Mitt FUCK Hannity and Rush -IRS AP Benghazi F&F WTF -Somewhere in Kenya a village is missing an Idiot- fuck Muhammad too","friends_count":196,"location":"New York City","profile_link_color":"8FB300","profile_image_url":"http://pbs.twimg.com/profile_images/489857450443407360/mDvQDXnP_normal.jpeg","following":false,"geo_enabled":true,"profile_banner_url":"https://pbs.twimg.com/profile_banners/2654587483/1405628757","profile_background_image_url":"http://abs.twimg.com/images/themes/theme1/bg.png","name":"MUHAMMAD SUCKS","lang":"en","profile_background_tile":false,"favourites_count":100,"screen_name":"NycInfidel1","notifications":false,"url":null,"created_at":"Thu Jul 17 18:38:02 +0000 2014","contributors_enabled":false,"time_zone":"Atlantic Time (Canada)","protected":false,"default_profile":false,"is_translator":false},"geo":null,"in_reply_to_user_id_str":"34713362","lang":"en","created_at":"Mon Dec 15 00:33:24 +0000 2014","in_reply_to_status_id_str":"544288799711592448","place":null},
{"contributors":null,"truncated":false,"text":"Hostages taken in Sydney cafe as Islamic flag is reportedly flown | @BloombergNews\n\nhttp://t.co/JDtTvptSL3","in_reply_to_status_id":544288799711592448,"id":544289917824561153,"favorite_count":0,"source":"<a href=\"http://twitter.com/#!/download/ipad\" rel=\"nofollow\">Twitter for iPad</a>","retweeted":false,"coordinates":null,"entities":{"symbols":[],"user_mentions":[{"id":2922379876,"indices":[68,82],"id_str":"2922379876","screen_name":"bloombergnews","name":"Bloomberg News"}],"hashtags":[],"urls":[{"url":"http://t.co/JDtTvptSL3","indices":[84,106],"expanded_url":"http://bloom.bg/1w7Je3i","display_url":"bloom.bg/1w7Je3i"}]},"in_reply_to_screen_name":"business","id_str":"544289917824561153","retweet_count":0,"in_reply_to_user_id":34713362,"favorited":false,"user":{"follow_request_sent":false,"profile_use_background_image":false,"profile_text_color":"3C3940","default_profile_image":false,"id":47502031,"profile_background_image_url_https":"https://pbs.twimg.com/profile_background_images/50417437/01-090304.jpg","verified":false,"profile_location":null,"profile_image_url_https":"https://pbs.twimg.com/profile_images/1360922956/image_normal.jpg","profile_sidebar_fill_color":"95E8EC","entities":{"url":{"urls":[{"url":"http://t.co/8RrLXcu9K0","indices":[0,22],"expanded_url":"http://twitter.com/jooilong","display_url":"twitter.com/jooilong"}]},"description":{"urls":[]}},"followers_count":15966,"profile_sidebar_border_color":"5ED4DC","id_str":"47502031","profile_background_color":"0099B9","listed_count":55,"is_translation_enabled":false,"utc_offset":28800,"statuses_count":18574,"description":"Breaking News on global markets & politics / Also @tanjooilong with 5,510 followers","friends_count":16710,"location":"Kuala Lumpur, Malaysia","profile_link_color":"0099B9","profile_image_url":"http://pbs.twimg.com/profile_images/1360922956/image_normal.jpg","following":false,"geo_enabled":false,"profile_background_image_url":"http://pbs.twimg.com/profile_background_images/50417437/01-090304.jpg","name":"Breaking News","lang":"en","profile_background_tile":false,"favourites_count":326,"screen_name":"jooilong","notifications":false,"url":"http://t.co/8RrLXcu9K0","created_at":"Tue Jun 16 01:18:53 +0000 2009","contributors_enabled":false,"time_zone":"Kuala Lumpur","protected":false,"default_profile":false,"is_translator":false},"geo":null,"in_reply_to_user_id_str":"34713362","possibly_sensitive":false,"lang":"en","created_at":"Mon Dec 15 00:36:43 +0000 2014","in_reply_to_status_id_str":"544288799711592448","place":null},
{"contributors":null,"truncated":false,"text":"“@BloombergNews: Hostages taken in Sydney cafe as Islamic flag is reportedly flown http://t.co/woPiPFhJPF”} You mean ISIS?","in_reply_to_status_id":544288799711592448,"id":544290479777796096,"favorite_count":0,"source":"<a href=\"http://twitter.com/download/iphone\" rel=\"nofollow\">Twitter for iPhone</a>","retweeted":false,"coordinates":null,"entities":{"symbols":[],"user_mentions":[{"id":2922379876,"indices":[1,15],"id_str":"2922379876","screen_name":"bloombergnews","name":"News"}],"hashtags":[],"urls":[{"url":"http://t.co/woPiPFhJPF","indices":[83,105],"expanded_url":"http://bloom.bg/1w7Je3i","display_url":"bloom.bg/1w7Je3i"}]},"in_reply_to_screen_name":"business","id_str":"544290479777796096","retweet_count":1,"in_reply_to_user_id":34713362,"favorited":false,"user":{"follow_request_sent":false,"profile_use_background_image":true,"profile_text_color":"0A0A0A","default_profile_image":false,"id":72277004,"profile_background_image_url_https":"https://pbs.twimg.com/profile_background_images/150566332/40552_143051072384096_143047562384447_282894_6641276_n.jpg","verified":false,"profile_location":null,"profile_image_url_https":"https://pbs.twimg.com/profile_images/551793405811245056/ekbD_cVI_normal.jpeg","profile_sidebar_fill_color":"F00909","entities":{"url":{"urls":[{"url":"http://t.co/r2h7kWvpCJ","indices":[0,22],"expanded_url":"http://www.marciaforbes.com","display_url":"marciaforbes.com"}]},"description":{"urls":[]}},"followers_count":8968,"profile_sidebar_border_color":"0A0A0A","id_str":"72277004","profile_background_color":"C0DEED","listed_count":157,"is_translation_enabled":false,"utc_offset":-18000,"statuses_count":38680,"description":"Media Specialist,Activist,Author: STREAMING:#SocialMedia,MobileLifestyles(2012), Music,Media&AdolescentSexuality in Jamaica(2010) I love ART. I love PEOPLE","friends_count":859,"location":"Jamaica","profile_link_color":"23BF04","profile_image_url":"http://pbs.twimg.com/profile_images/551793405811245056/ekbD_cVI_normal.jpeg","following":false,"geo_enabled":true,"profile_banner_url":"https://pbs.twimg.com/profile_banners/72277004/1411738023","profile_background_image_url":"http://pbs.twimg.com/profile_background_images/150566332/40552_143051072384096_143047562384447_282894_6641276_n.jpg","name":"Dr. Marcia Forbes","lang":"en","profile_background_tile":false,"favourites_count":2756,"screen_name":"marciaforbes","notifications":false,"url":"http://t.co/r2h7kWvpCJ","created_at":"Mon Sep 07 13:10:55 +0000 2009","contributors_enabled":false,"time_zone":"Eastern Time (US & Canada)","protected":false,"default_profile":false,"is_translator":false},"geo":null,"in_reply_to_user_id_str":"34713362","possibly_sensitive":false,"lang":"en","created_at":"Mon Dec 15 00:38:57 +0000 2014","in_reply_to_status_id_str":"544288799711592448","place":null},
{"contributors":null,"truncated":false,"text":"@BloombergNews Hoping Austrailia deals very harshly with hostage takers &amp; sets example of what needs to be done to ISIS &amp; Muslim terrorists.","in_reply_to_status_id":544288799711592448,"id":544292991448662017,"favorite_count":0,"source":"<a href=\"http://twitter.com\" rel=\"nofollow\">Twitter Web Client</a>","retweeted":false,"coordinates":null,"entities":{"symbols":[],"user_mentions":[{"id":2922379876,"indices":[0,14],"id_str":"2922379876","screen_name":"bloombergnews","name":"Bloomberg News"}],"hashtags":[],"urls":[]},"in_reply_to_screen_name":"business","id_str":"544292991448662017","retweet_count":0,"in_reply_to_user_id":34713362,"favorited":false,"user":{"follow_request_sent":false,"profile_use_background_image":true,"profile_text_color":"333333","default_profile_image":false,"id":252787867,"profile_background_image_url_https":"https://abs.twimg.com/images/themes/theme1/bg.png","verified":false,"profile_location":null,"profile_image_url_https":"https://pbs.twimg.com/profile_images/1909924796/Evening_gown_photo_barb_normal.jpg","profile_sidebar_fill_color":"DDEEF6","entities":{"description":{"urls":[]}},"followers_count":283,"profile_sidebar_border_color":"C0DEED","id_str":"252787867","profile_background_color":"C0DEED","listed_count":3,"is_translation_enabled":false,"utc_offset":null,"statuses_count":1786,"description":"Entrepreneur.","friends_count":1284,"location":"Hoschton GA","profile_link_color":"0084B4","profile_image_url":"http://pbs.twimg.com/profile_images/1909924796/Evening_gown_photo_barb_normal.jpg","following":false,"geo_enabled":true,"profile_background_image_url":"http://abs.twimg.com/images/themes/theme1/bg.png","name":"Barbara Pintoro","lang":"en","profile_background_tile":false,"favourites_count":353,"screen_name":"bythebaroness","notifications":false,"url":null,"created_at":"Tue Feb 15 22:32:32 +0000 2011","contributors_enabled":false,"time_zone":null,"protected":false,"default_profile":true,"is_translator":false},"geo":null,"in_reply_to_user_id_str":"34713362","lang":"en","created_at":"Mon Dec 15 00:48:56 +0000 2014","in_reply_to_status_id_str":"544288799711592448","place":null},
{"contributors":null,"truncated":false,"text":"\"@BloombergNews: Hostages taken in Sydney cafe as Islamic flag is reportedly flown http://t.co/RxKeYjLYuX\"It's already time to silence Islam","in_reply_to_status_id":544288799711592448,"id":544303365149429760,"favorite_count":0,"source":"<a href=\"http://www.twitter.com\" rel=\"nofollow\">Twitter for Windows Phone</a>","retweeted":false,"coordinates":null,"entities":{"symbols":[],"user_mentions":[{"id":2922379876,"indices":[1,15],"id_str":"2922379876","screen_name":"bloombergnews","name":"News"}],"hashtags":[],"urls":[{"url":"http://t.co/RxKeYjLYuX","indices":[83,105],"expanded_url":"http://bloom.bg/1w7Je3i","display_url":"bloom.bg/1w7Je3i"}]},"in_reply_to_screen_name":"business","id_str":"544303365149429760","retweet_count":0,"in_reply_to_user_id":34713362,"favorited":false,"user":{"follow_request_sent":false,"profile_use_background_image":true,"profile_text_color":"663B12","default_profile_image":false,"id":342695240,"profile_background_image_url_https":"https://abs.twimg.com/images/themes/theme2/bg.gif","verified":false,"profile_location":null,"profile_image_url_https":"https://pbs.twimg.com/profile_images/419837932657065984/CasTAm2Y_normal.jpeg","profile_sidebar_fill_color":"DAECF4","entities":{"url":{"urls":[{"url":"http://t.co/pRgBowXM4O","indices":[0,22],"expanded_url":"http://one-more-time-revolution.blogspot.com/","display_url":"one-more-time-revolution.blogspot.com"}]},"description":{"urls":[]}},"followers_count":63,"profile_sidebar_border_color":"FFFFFF","id_str":"342695240","profile_background_color":"3288AD","listed_count":1,"is_translation_enabled":true,"utc_offset":3600,"statuses_count":4388,"description":"Living in Antarctica gives a different perspective about life. All is cool here, while all that is cool in the rest of the world it's just a bunch of bullshit.","friends_count":170,"location":"Igloo City, Antarctica","profile_link_color":"16B6F0","profile_image_url":"http://pbs.twimg.com/profile_images/419837932657065984/CasTAm2Y_normal.jpeg","following":false,"geo_enabled":false,"profile_banner_url":"https://pbs.twimg.com/profile_banners/342695240/1389362068","profile_background_image_url":"http://abs.twimg.com/images/themes/theme2/bg.gif","name":"Victor Blade","lang":"en","profile_background_tile":true,"favourites_count":105,"screen_name":"VictorBlade1","notifications":false,"url":"http://t.co/pRgBowXM4O","created_at":"Tue Jul 26 12:49:06 +0000 2011","contributors_enabled":false,"time_zone":"Madrid","protected":false,"default_profile":false,"is_translator":false},"geo":null,"in_reply_to_user_id_str":"34713362","possibly_sensitive":false,"lang":"en","created_at":"Mon Dec 15 01:30:09 +0000 2014","in_reply_to_status_id_str":"544288799711592448","place":null}
]