[{"contributors":null,"truncated":false,"text":"Stop this @australian","in_reply_to_status_id":544297950134816768,"id":544298254641278976,"favorite_count":3,"source":"<a href=\"http://twitter.com/download/iphone\" rel=\"nofollow\">Twitter for iPhone</a>","retweeted":false,"coordinates":null,"entities":{"symbols":[],"user_mentions":[{"id":9609632,"indices":[10,21],"id_str":"9609632","screen_name":"australian","name":"The Australian"}],"hashtags":[],"urls":[]},"in_reply_to_screen_name":"australian","id_str":"544298254641278976","retweet_count":0,"in_reply_to_user_id":9609632,"favorited":false,"user":{"follow_request_sent":false,"profile_use_background_image":true,"profile_text_color":"333333","default_profile_image":false,"id":26543707,"profile_background_image_url_https":"https://abs.twimg.com/images/themes/theme1/bg.png","verified":false,"profile_location":null,"profile_image_url_https":"https://pbs.twimg.com/profile_images/554611092538679296/zRELPN2Y_normal.jpeg","profile_sidebar_fill_color":"DDEEF6","entities":{"url":{"urls":[{"url":"http://t.co/Jqq37Mi0fN","indices":[0,22],"expanded_url":"http://terryaustralis.tumblr.com","display_url":"terryaustralis.tumblr.com"}]},"description":{"urls":[]}},"followers_count":894,"profile_sidebar_border_color":"C0DEED","id_str":"26543707","profile_background_color":"C0DEED","listed_count":24,"is_translation_enabled":false,"utc_offset":39600,"statuses_count":43432,"description":"Consumer of sports, culture, music, literature and politics. Regrets, I 'ave 'em.","friends_count":1971,"location":"Melbourne","profile_link_color":"0084B4","profile_image_url":"http://pbs.twimg.com/profile_images/554611092538679296/zRELPN2Y_normal.jpeg","following":false,"geo_enabled":false,"profile_background_image_url":"http://abs.twimg.com/images/themes/theme1/bg.png","name":"Hans Gruber","lang":"en","profile_background_tile":false,"favourites_count":1370,"screen_name":"TerryAustralis","notifications":false,"url":"http://t.co/Jqq37Mi0fN","created_at":"Wed Mar 25 17:29:08 +0000 2009","contributors_enabled":false,"time_zone":"Melbourne","protected":false,"default_profile":true,"is_translator":false},"geo":null,"in_reply_to_user_id_str":"9609632","lang":"en","created_at":"Mon Dec 15 01:09:51 +0000 2014","in_reply_to_status_id_str":"544297950134816768","place":null},
{"contributors":null,"truncated":false,"text":"@australian Police asking us all NOT to share photos on social media - please revise your editorial tactics today! #sydneysiege","in_reply_to_status_id":544297950134816768,"id":544298408190566401,"favorite_count":6,"source":"<a href=\"http://twitter.com/download/iphone\" rel=\"nofollow\">Twitter for iPhone</a>","retweeted":false,"coordinates":null,"entities":{"symbols":[],"user_mentions":[{"id":9609632,"indices":[0,11],"id_str":"9609632","screen_name":"australian","name":"The Australian"}],"hashtags":[{"indices":[115,127],"text":"sydneysiege"}],"urls":[]},"in_reply_to_screen_name":"australian","id_str":"544298408190566401","retweet_count":11,"in_reply_to_user_id":9609632,"favorited":false,"user":{"follow_request_sent":false,"profile_use_background_image":true,"profile_text_color":"333333","default_profile_image":false,"id":271374786,"profile_background_image_url_https":"https://abs.twimg.com/images/themes/theme1/bg.png","verified":false,"profile_location":null,"profile_image_url_https":"https://pbs.twimg.com/profile_images/549204780728332288/UYsZFJy2_normal.jpeg","profile_sidebar_fill_color":"DDEEF6","entities":{"description":{"urls":[]}},"followers_count":189,"profile_sidebar_border_color":"C0DEED","id_str":"271374786","profile_background_color":"C0DEED","listed_count":5,"is_translation_enabled":false,"utc_offset":39600,"statuses_count":2692,"description":"Renaissance Blonde with post modern leanings toward Japan, red chocolate and dark wine, or similar.","friends_count":810,"location":"Sydney","profile_link_color":"0084B4","profile_image_url":"http://pbs.twimg.com/profile_images/549204780728332288/UYsZFJy2_normal.jpeg","following":false,"geo_enabled":false,"profile_banner_url":"https://pbs.twimg.com/profile_banners/271374786/1413292260","profile_background_image_url":"http://abs.twimg.com/images/themes/theme1/bg.png","name":"Andrea","lang":"en","profile_background_tile":false,"favourites_count":30,"screen_name":"rovingblonde","notifications":false,"url":null,"created_at":"Thu Mar 24 11:25:01 +0000 2011","contributors_enabled":false,"time_zone":"Sydney","protected":false,"default_profile":true,"is_translator":false},"geo":null,"in_reply_to_user_id_str":"9609632","lang":"en","created_at":"Mon Dec 15 01:10:27 +0000 2014","in_reply_to_status_id_str":"544297950134816768","place":null},
{"contributors":null,"truncated":false,"text":"@australian Are any Greens/ALP parliamentarians going to offer themselves in a hostage swap to show solidarity with past policies? #auspol","in_reply_to_status_id":544297950134816768,"id":544298423889850368,"favorite_count":0,"source":"<a href=\"http://twitter.com\" rel=\"nofollow\">Twitter Web Client</a>","retweeted":false,"coordinates":null,"entities":{"symbols":[],"user_mentions":[{"id":9609632,"indices":[0,11],"id_str":"9609632","screen_name":"australian","name":"The Australian"}],"hashtags":[{"indices":[131,138],"text":"auspol"}],"urls":[]},"in_reply_to_screen_name":"australian","id_str":"544298423889850368","retweet_count":0,"in_reply_to_user_id":9609632,"favorited":false,"user":{"follow_request_sent":false,"profile_use_background_image":true,"profile_text_color":"333333","default_profile_image":false,"id":282557265,"profile_background_image_url_https":"https://abs.twimg.com/images/themes/theme1/bg.png","verified":false,"profile_location":null,"profile_image_url_https":"https://pbs.twimg.com/profile_images/1423998916/FA_Hayek_Picture_normal.jpeg","profile_sidebar_fill_color":"DDEEF6","entities":{"description":{"urls":[]}},"followers_count":21,"profile_sidebar_border_color":"C0DEED","id_str":"282557265","profile_background_color":"C0DEED","listed_count":1,"is_translation_enabled":false,"utc_offset":null,"statuses_count":1590,"description":"","friends_count":39,"location":"","profile_link_color":"0084B4","profile_image_url":"http://pbs.twimg.com/profile_images/1423998916/FA_Hayek_Picture_normal.jpeg","following":false,"geo_enabled":false,"profile_background_image_url":"http://abs.twimg.com/images/themes/theme1/bg.png","name":"xxyyzzsmith","lang":"en","profile_background_tile":false,"favourites_count":19,"screen_name":"xxyyzzsmith","notifications":false,"url":null,"created_at":"Fri Apr 15 12:49:58 +0000 2011","contributors_enabled":false,"time_zone":null,"protected":false,"default_profile":true,"is_translator":false},"geo":null,"in_reply_to_user_id_str":"9609632","lang":"en","created_at":"Mon Dec 15 01:10:31 +0000 2014","in_reply_to_status_id_str":"544297950134816768","place":null},
{"contributors":null,"truncated":false,"text":"@australian Are Greens/ALP  to offer themselves in hostage swap every time this happens to show concern for average Australians? #auspol","in_reply_to_status_id":544297950134816768,"id":544298773598322689,"favorite_count":0,"source":"<a href=\"http://twitter.com\" rel=\"nofollow\">Twitter Web Client</a>","retweeted":false,"coordinates":null,"entities":{"symbols":[],"user_mentions":[{"id":9609632,"indices":[0,11],"id_str":"9609632","screen_name":"australian","name":"The Australian"}],"hashtags":[{"indices":[129,136],"text":"auspol"}],"urls":[]},"in_reply_to_screen_name":"australian","id_str":"544298773598322689","retweet_count":0,"in_reply_to_user_id":9609632,"favorited":false,"user":{"follow_request_sent":false,"profile_use_background_image":true,"profile_text_color":"333333","default_profile_image":false,"id":282557265,"profile_background_image_url_https":"https://abs.twimg.com/images/themes/theme1/bg.png","verified":false,"profile_location":null,"profile_image_url_https":"https://pbs.twimg.com/profile_images/1423998916/FA_Hayek_Picture_normal.jpeg","profile_sidebar_fill_color":"DDEEF6","entities":{"description":{"urls":[]}},"followers_count":21,"profile_sidebar_border_color":"C0DEED","id_str":"282557265","profile_background_color":"C0DEED","listed_count":1,"is_translation_enabled":false,"utc_offset":null,"statuses_count":1590,"description":"","friends_count":39,"location":"","profile_link_color":"0084B4","profile_image_url":"http://pbs.twimg.com/profile_images/1423998916/FA_Hayek_Picture_normal.jpeg","following":false,"geo_enabled":false,"profile_background_image_url":"http://abs.twimg.com/images/themes/theme1/bg.png","name":"xxyyzzsmith","lang":"en","profile_background_tile":false,"favourites_count":19,"screen_name":"xxyyzzsmith","notifications":false,"url":null,"created_at":"Fri Apr 15 12:49:58 +0000 2011","contributors_enabled":false,"time_zone":null,"protected":false,"default_profile":true,"is_translator":false},"geo":null,"in_reply_to_user_id_str":"9609632","lang":"en","created_at":"Mon Dec 15 01:11:54 +0000 2014","in_reply_to_status_id_str":"544297950134816768","place":null},
{"contributors":null,"truncated":false,"text":". @australian Didn't Police specifically ask us NOT to post photos of hostages or gunmen until hostages released? #sydneysiege #auspol.","in_reply_to_status_id":544297950134816768,"id":544299216806227968,"favorite_count":1,"source":"<a href=\"http://twitter.com/#!/download/ipad\" rel=\"nofollow\">Twitter for iPad</a>","retweeted":false,"coordinates":null,"entities":{"symbols":[],"user_mentions":[{"id":9609632,"indices":[2,13],"id_str":"9609632","screen_name":"australian","name":"The Australian"}],"hashtags":[{"indices":[114,126],"text":"sydneysiege"},{"indices":[127,134],"text":"auspol"}],"urls":[]},"in_reply_to_screen_name":"australian","id_str":"544299216806227968","retweet_count":0,"in_reply_to_user_id":9609632,"favorited":false,"user":{"follow_request_sent":false,"profile_use_background_image":true,"profile_text_color":"333333","default_profile_image":false,"id":1100048125,"profile_background_image_url_https":"https://abs.twimg.com/images/themes/theme1/bg.png","verified":false,"profile_location":null,"profile_image_url_https":"https://pbs.twimg.com/profile_images/3451211446/2f1a571e4267ddfb6e7b28a8fa88d4a9_normal.jpeg","profile_sidebar_fill_color":"DDEEF6","entities":{"description":{"urls":[]}},"followers_count":213,"profile_sidebar_border_color":"C0DEED","id_str":"1100048125","profile_background_color":"C0DEED","listed_count":4,"is_translation_enabled":false,"utc_offset":null,"statuses_count":2428,"description":"Events co-ordinator, Wife, and Mother to 3 spoilt pussies! \n\n \n \nAustralia","friends_count":565,"location":"","profile_link_color":"0084B4","profile_image_url":"http://pbs.twimg.com/profile_images/3451211446/2f1a571e4267ddfb6e7b28a8fa88d4a9_normal.jpeg","following":false,"geo_enabled":false,"profile_banner_url":"https://pbs.twimg.com/profile_banners/1100048125/1364717800","profile_background_image_url":"http://abs.twimg.com/images/themes/theme1/bg.png","name":"Julie M","lang":"en","profile_background_tile":false,"favourites_count":1372,"screen_name":"JulieOMarshall","notifications":false,"url":null,"created_at":"Fri Jan 18 04:48:26 +0000 2013","contributors_enabled":false,"time_zone":null,"protected":false,"default_profile":true,"is_translator":false},"geo":null,"in_reply_to_user_id_str":"9609632","lang":"en","created_at":"Mon Dec 15 01:13:40 +0000 2014","in_reply_to_status_id_str":"544297950134816768","place":null},
{"contributors":null,"truncated":false,"text":"@australian There are people's lives involved.  Stop being so irresponsible and giving the perpetrator the exposure sought&amp;hampering rescue","in_reply_to_status_id":544297950134816768,"id":544299330236997632,"favorite_count":1,"source":"<a href=\"http://twitter.com\" rel=\"nofollow\">Twitter Web Client</a>","retweeted":false,"coordinates":null,"entities":{"symbols":[],"user_mentions":[{"id":9609632,"indices":[0,11],"id_str":"9609632","screen_name":"australian","name":"The Australian"}],"hashtags":[],"urls":[]},"in_reply_to_screen_name":"australian","id_str":"544299330236997632","retweet_count":0,"in_reply_to_user_id":9609632,"favorited":false,"user":{"follow_request_sent":false,"profile_use_background_image":true,"profile_text_color":"333333","default_profile_image":false,"id":1245634352,"profile_background_image_url_https":"https://abs.twimg.com/images/themes/theme1/bg.png","verified":false,"profile_location":null,"profile_image_url_https":"https://pbs.twimg.com/profile_images/461270741984354305/mudeVKfX_normal.jpeg","profile_sidebar_fill_color":"DDEEF6","entities":{"description":{"urls":[]}},"followers_count":35,"profile_sidebar_border_color":"C0DEED","id_str":"1245634352","profile_background_color":"C0DEED","listed_count":1,"is_translation_enabled":false,"utc_offset":39600,"statuses_count":1247,"description":"life; people, world; words","friends_count":260,"location":"","profile_link_color":"0084B4","profile_image_url":"http://pbs.twimg.com/profile_images/461270741984354305/mudeVKfX_normal.jpeg","following":false,"geo_enabled":true,"profile_banner_url":"https://pbs.twimg.com/profile_banners/1245634352/1399348852","profile_background_image_url":"http://abs.twimg.com/images/themes/theme1/bg.png","name":"sewo","lang":"en","profile_background_tile":false,"favourites_count":187,"screen_name":"sewo10","notifications":false,"url":null,"created_at":"Wed Mar 06 08:58:07 +0000 2013","contributors_enabled":false,"time_zone":"Melbourne","protected":false,"default_profile":true,"is_translator":false},"geo":null,"in_reply_to_user_id_str":"9609632","lang":"en","created_at":"Mon Dec 15 01:14:07 +0000 2014","in_reply_to_status_id_str":"544297950134816768","place":null},
{"contributors":null,"truncated":false,"text":"@australian how is this responsible reporting? Disgusting.","in_reply_to_status_id":544297950134816768,"id":544299445043486720,"favorite_count":1,"source":"<a href=\"http://twitter.com/#!/download/ipad\" rel=\"nofollow\">Twitter for iPad</a>","retweeted":false,"coordinates":null,"entities":{"symbols":[],"user_mentions":[{"id":9609632,"indices":[0,11],"id_str":"9609632","screen_name":"australian","name":"The Australian"}],"hashtags":[],"urls":[]},"in_reply_to_screen_name":"australian","id_str":"544299445043486720","retweet_count":0,"in_reply_to_user_id":9609632,"favorited":false,"user":{"follow_request_sent":false,"profile_use_background_image":true,"profile_text_color":"333333","default_profile_image":false,"id":124452379,"profile_background_image_url_https":"https://abs.twimg.com/images/themes/theme18/bg.gif","verified":false,"profile_location":null,"profile_image_url_https":"https://pbs.twimg.com/profile_images/557062884820127746/Mk5aoKnS_normal.jpeg","profile_sidebar_fill_color":"F6F6F6","entities":{"url":{"urls":[{"url":"http://t.co/FYayswSSKc","indices":[0,22],"expanded_url":"http://bebellabeautiful.blogspot.com","display_url":"bebellabeautiful.blogspot.com"}]},"description":{"urls":[]}},"followers_count":228,"profile_sidebar_border_color":"EEEEEE","id_str":"124452379","profile_background_color":"ACDED6","listed_count":3,"is_translation_enabled":false,"utc_offset":39600,"statuses_count":3008,"description":"","friends_count":1308,"location":"melbourne","profile_link_color":"038543","profile_image_url":"http://pbs.twimg.com/profile_images/557062884820127746/Mk5aoKnS_normal.jpeg","following":false,"geo_enabled":true,"profile_banner_url":"https://pbs.twimg.com/profile_banners/124452379/1417422050","profile_background_image_url":"http://abs.twimg.com/images/themes/theme18/bg.gif","name":"ella_bella","lang":"en","profile_background_tile":false,"favourites_count":103,"screen_name":"its_ella_bella","notifications":false,"url":"http://t.co/FYayswSSKc","created_at":"Fri Mar 19 12:55:31 +0000 2010","contributors_enabled":false,"time_zone":"Melbourne","protected":false,"default_profile":false,"is_translator":false},"geo":null,"in_reply_to_user_id_str":"9609632","lang":"en","created_at":"Mon Dec 15 01:14:34 +0000 2014","in_reply_to_status_id_str":"544297950134816768","place":null},
{"contributors":null,"truncated":false,"text":"@JulieOMarshall @australian News Ltd listening to law enforcement? I dont think so.","in_reply_to_status_id":544299216806227968,"id":544299705367134208,"favorite_count":1,"source":"<a href=\"http://twitter.com\" rel=\"nofollow\">Twitter Web Client</a>","retweeted":false,"coordinates":null,"entities":{"symbols":[],"user_mentions":[{"id":1100048125,"indices":[0,15],"id_str":"1100048125","screen_name":"JulieOMarshall","name":"Julie M"},{"id":9609632,"indices":[16,27],"id_str":"9609632","screen_name":"australian","name":"The Australian"}],"hashtags":[],"urls":[]},"in_reply_to_screen_name":"JulieOMarshall","id_str":"544299705367134208","retweet_count":0,"in_reply_to_user_id":1100048125,"favorited":false,"user":{"follow_request_sent":false,"profile_use_background_image":true,"profile_text_color":"333333","default_profile_image":false,"id":17353284,"profile_background_image_url_https":"https://pbs.twimg.com/profile_background_images/37830182/queens-park_snow_bw_dark-figure_01.jpg","verified":false,"profile_location":null,"profile_image_url_https":"https://pbs.twimg.com/profile_images/544302439755575296/7rNxfFWQ_normal.jpeg","profile_sidebar_fill_color":"C0DFEC","entities":{"description":{"urls":[]}},"followers_count":27,"profile_sidebar_border_color":"A8C7F7","id_str":"17353284","profile_background_color":"022330","listed_count":0,"is_translation_enabled":false,"utc_offset":39600,"statuses_count":24,"description":"Father, IT Guru, Student, Entrepreneur","friends_count":90,"location":"Sydney, Australia","profile_link_color":"0084B4","profile_image_url":"http://pbs.twimg.com/profile_images/544302439755575296/7rNxfFWQ_normal.jpeg","following":false,"geo_enabled":true,"profile_background_image_url":"http://pbs.twimg.com/profile_background_images/37830182/queens-park_snow_bw_dark-figure_01.jpg","name":"Tony Vizza","lang":"en","profile_background_tile":false,"favourites_count":15,"screen_name":"TonyVizza","notifications":false,"url":null,"created_at":"Thu Nov 13 00:57:19 +0000 2008","contributors_enabled":false,"time_zone":"Sydney","protected":false,"default_profile":false,"is_translator":false},"geo":null,"in_reply_to_user_id_str":"1100048125","lang":"en","created_at":"Mon Dec 15 01:15:37 +0000 2014","in_reply_to_status_id_str":"544299216806227968","place":null},
{"contributors":null,"truncated":false,"text":"@australian Why wouldn't the police storm the building? Does this terrorist really want to \"negotiate\"? Aren't lives in jeopardy by waiting?","in_reply_to_status_id":544297950134816768,"id":544300395489923073,"favorite_count":0,"source":"<a href=\"http://twitter.com\" rel=\"nofollow\">Twitter Web Client</a>","retweeted":false,"coordinates":null,"entities":{"symbols":[],"user_mentions":[{"id":9609632,"indices":[0,11],"id_str":"9609632","screen_name":"australian","name":"The Australian"}],"hashtags":[],"urls":[]},"in_reply_to_screen_name":"australian","id_str":"544300395489923073","retweet_count":0,"in_reply_to_user_id":9609632,"favorited":false,"user":{"follow_request_sent":false,"profile_use_background_image":true,"profile_text_color":"333333","default_profile_image":false,"id":798623144,"profile_background_image_url_https":"https://pbs.twimg.com/profile_background_images/677666305/e2233c02326b8a44839e84e6366aefc2.jpeg","verified":false,"profile_location":null,"profile_image_url_https":"https://pbs.twimg.com/profile_images/2853872687/48bed2de0b943d7e3bf98e616f56ae7d_normal.jpeg","profile_sidebar_fill_color":"DDEEF6","entities":{"description":{"urls":[]}},"followers_count":238,"profile_sidebar_border_color":"FFFFFF","id_str":"798623144","profile_background_color":"C0DEED","listed_count":5,"is_translation_enabled":false,"utc_offset":-18000,"statuses_count":7618,"description":"Travel (36 foreign destinations - thus far!), movies, books, Toronto, things cultural, interest in Asia. I am physically disabled.","friends_count":393,"location":"Toronto, ON","profile_link_color":"0084B4","profile_image_url":"http://pbs.twimg.com/profile_images/2853872687/48bed2de0b943d7e3bf98e616f56ae7d_normal.jpeg","following":false,"geo_enabled":false,"profile_banner_url":"https://pbs.twimg.com/profile_banners/798623144/1415940413","profile_background_image_url":"http://pbs.twimg.com/profile_background_images/677666305/e2233c02326b8a44839e84e6366aefc2.jpeg","name":"David A. Gaspar","lang":"en","profile_background_tile":true,"favourites_count":12259,"screen_name":"DavidAGaspar","notifications":false,"url":null,"created_at":"Sun Sep 02 16:42:48 +0000 2012","contributors_enabled":false,"time_zone":"Eastern Time (US & Canada)","protected":false,"default_profile":false,"is_translator":false},"geo":null,"in_reply_to_user_id_str":"9609632","lang":"en","created_at":"Mon Dec 15 01:18:21 +0000 2014","in_reply_to_status_id_str":"544297950134816768","place":null},
{"contributors":null,"truncated":false,"text":"@australian I'm going to ask what a lot of people are probably wondering: if a cameraman could get a line of sight, why not a sniper...?","in_reply_to_status_id":544297950134816768,"id":544301153383485441,"favorite_count":0,"source":"<a href=\"http://twitter.com/download/iphone\" rel=\"nofollow\">Twitter for iPhone</a>","retweeted":false,"coordinates":null,"entities":{"symbols":[],"user_mentions":[{"id":9609632,"indices":[0,11],"id_str":"9609632","screen_name":"australian","name":"The Australian"}],"hashtags":[],"urls":[]},"in_reply_to_screen_name":"australian","id_str":"544301153383485441","retweet_count":0,"in_reply_to_user_id":9609632,"favorited":false,"user":{"follow_request_sent":false,"profile_use_background_image":true,"profile_text_color":"333333","default_profile_image":false,"id":23429163,"profile_background_image_url_https":"https://abs.twimg.com/images/themes/theme1/bg.png","verified":false,"profile_location":null,"profile_image_url_https":"https://pbs.twimg.com/profile_images/475885367787548672/zGnPDn8u_normal.jpeg","profile_sidebar_fill_color":"DDEEF6","entities":{"description":{"urls":[]}},"followers_count":143,"profile_sidebar_border_color":"C0DEED","id_str":"23429163","profile_background_color":"C0DEED","listed_count":4,"is_translation_enabled":false,"utc_offset":39600,"statuses_count":675,"description":"Lawyer turned journo turned political staffer. Recently returned from travelling overseas. All opinions are my own... but I can still get in trouble for them.","friends_count":350,"location":"","profile_link_color":"0084B4","profile_image_url":"http://pbs.twimg.com/profile_images/475885367787548672/zGnPDn8u_normal.jpeg","following":false,"geo_enabled":true,"profile_background_image_url":"http://abs.twimg.com/images/themes/theme1/bg.png","name":"Ash Midalia","lang":"en","profile_background_tile":false,"favourites_count":55,"screen_name":"ashmidalia","notifications":false,"url":null,"created_at":"Mon Mar 09 12:31:09 +0000 2009","contributors_enabled":false,"time_zone":"Sydney","protected":false,"default_profile":true,"is_translator":false},"geo":null,"in_reply_to_user_id_str":"9609632","lang":"en","created_at":"Mon Dec 15 01:21:22 +0000 2014","in_reply_to_status_id_str":"544297950134816768","place":null},
{"contributors":null,"truncated":false,"text":"@australian Didn't the police request that no photos be shared on social media?? #sydneysiege Good one @australian","in_reply_to_status_id":544297950134816768,"id":544302134636732416,"favorite_count":1,"source":"<a href=\"http://twitter.com\" rel=\"nofollow\">Twitter Web Client</a>","retweeted":false,"coordinates":null,"entities":{"symbols":[],"user_mentions":[{"id":9609632,"indices":[0,11],"id_str":"9609632","screen_name":"australian","name":"The Australian"},{"id":9609632,"indices":[103,114],"id_str":"9609632","screen_name":"australian","name":"The Australian"}],"hashtags":[{"indices":[81,93],"text":"sydneysiege"}],"urls":[]},"in_reply_to_screen_name":"australian","id_str":"544302134636732416","retweet_count":5,"in_reply_to_user_id":9609632,"favorited":false,"user":{"follow_request_sent":false,"profile_use_background_image":false,"profile_text_color":"3D1957","default_profile_image":false,"id":122571473,"profile_background_image_url_https":"https://abs.twimg.com/images/themes/theme14/bg.gif","verified":false,"profile_location":null,"profile_image_url_https":"https://pbs.twimg.com/profile_images/3126294252/e19b0e1864bc91044df444e00657c554_normal.jpeg","profile_sidebar_fill_color":"7AC3EE","entities":{"description":{"urls":[]}},"followers_count":186,"profile_sidebar_border_color":"000000","id_str":"122571473","profile_background_color":"000000","listed_count":4,"is_translation_enabled":false,"utc_offset":39600,"statuses_count":5013,"description":"Interested in photography, current affairs, psychology, politics, motivationals.","friends_count":400,"location":"Sale Victoria Australia","profile_link_color":"009999","profile_image_url":"http://pbs.twimg.com/profile_images/3126294252/e19b0e1864bc91044df444e00657c554_normal.jpeg","following":false,"geo_enabled":false,"profile_banner_url":"https://pbs.twimg.com/profile_banners/122571473/1395133987","profile_background_image_url":"http://abs.twimg.com/images/themes/theme14/bg.gif","name":"Heather Provan","lang":"en","profile_background_tile":true,"favourites_count":107,"screen_name":"stormgirl1960","notifications":false,"url":null,"created_at":"Sat Mar 13 04:47:37 +0000 2010","contributors_enabled":false,"time_zone":"Melbourne","protected":false,"default_profile":false,"is_translator":false},"geo":null,"in_reply_to_user_id_str":"9609632","lang":"en","created_at":"Mon Dec 15 01:25:16 +0000 2014","in_reply_to_status_id_str":"544297950134816768","place":null},
{"contributors":null,"truncated":false,"text":"@ashmidalia @australian probably could have done before the Australian posted this photo, guy sees it, and then stays away from windows :/","in_reply_to_status_id":544301153383485441,"id":544302181260591104,"favorite_count":0,"source":"<a href=\"https://about.twitter.com/products/tweetdeck\" rel=\"nofollow\">TweetDeck</a>","retweeted":false,"coordinates":null,"entities":{"symbols":[],"user_mentions":[{"id":23429163,"indices":[0,11],"id_str":"23429163","screen_name":"ashmidalia","name":"Ash Midalia"},{"id":9609632,"indices":[12,23],"id_str":"9609632","screen_name":"australian","name":"The Australian"}],"hashtags":[],"urls":[]},"in_reply_to_screen_name":"ashmidalia","id_str":"544302181260591104","retweet_count":0,"in_reply_to_user_id":23429163,"favorited":false,"user":{"follow_request_sent":false,"profile_use_background_image":true,"profile_text_color":"333333","default_profile_image":false,"id":14181654,"profile_background_image_url_https":"https://abs.twimg.com/images/themes/theme1/bg.png","verified":false,"profile_location":null,"profile_image_url_https":"https://pbs.twimg.com/profile_images/412763107207835649/EvWY2Vkg_normal.jpeg","profile_sidebar_fill_color":"DDEEF6","entities":{"description":{"urls":[]}},"followers_count":39,"profile_sidebar_border_color":"C0DEED","id_str":"14181654","profile_background_color":"C0DEED","listed_count":0,"is_translation_enabled":false,"utc_offset":-36000,"statuses_count":466,"description":"Personal twitter account, my views are my own.","friends_count":216,"location":"New Zealand","profile_link_color":"0084B4","profile_image_url":"http://pbs.twimg.com/profile_images/412763107207835649/EvWY2Vkg_normal.jpeg","following":false,"geo_enabled":false,"profile_background_image_url":"http://abs.twimg.com/images/themes/theme1/bg.png","name":"ianbaker","lang":"en","profile_background_tile":false,"favourites_count":15,"screen_name":"ianbaker","notifications":false,"url":null,"created_at":"Thu Mar 20 02:27:02 +0000 2008","contributors_enabled":false,"time_zone":"Hawaii","protected":false,"default_profile":true,"is_translator":false},"geo":null,"in_reply_to_user_id_str":"23429163","lang":"en","created_at":"Mon Dec 15 01:25:27 +0000 2014","in_reply_to_status_id_str":"544301153383485441","place":null},
{"contributors":null,"truncated":false,"text":"@rovingblonde @australian @iAmSeizure Don´t tell me Chief Inspector Vance is downunda? !!!!","in_reply_to_status_id":544298408190566401,"id":544302419799068672,"favorite_count":0,"source":"<a href=\"https://mobile.twitter.com\" rel=\"nofollow\">Mobile Web (M5)</a>","retweeted":false,"coordinates":null,"entities":{"symbols":[],"user_mentions":[{"id":271374786,"indices":[0,13],"id_str":"271374786","screen_name":"rovingblonde","name":"Andrea"},{"id":9609632,"indices":[14,25],"id_str":"9609632","screen_name":"australian","name":"The Australian"},{"id":25413074,"indices":[26,37],"id_str":"25413074","screen_name":"iAmSeizure","name":"Seizure Kaiser"}],"hashtags":[],"urls":[]},"in_reply_to_screen_name":"rovingblonde","id_str":"544302419799068672","retweet_count":0,"in_reply_to_user_id":271374786,"favorited":false,"user":{"follow_request_sent":false,"profile_use_background_image":true,"profile_text_color":"333333","default_profile_image":false,"id":810161856,"profile_background_image_url_https":"https://abs.twimg.com/images/themes/theme18/bg.gif","verified":false,"profile_location":null,"profile_image_url_https":"https://pbs.twimg.com/profile_images/2587941395/gvp1ge1k9y4wsbjh0t1z_normal.jpeg","profile_sidebar_fill_color":"DDEEF6","entities":{"url":{"urls":[{"url":"http://t.co/QsxhMjtEuT","indices":[0,22],"expanded_url":"http://www.elissahawke.com","display_url":"elissahawke.com"}]},"description":{"urls":[]}},"followers_count":125,"profile_sidebar_border_color":"C0DEED","id_str":"810161856","profile_background_color":"ACDED6","listed_count":1,"is_translation_enabled":false,"utc_offset":null,"statuses_count":87,"description":"","friends_count":148,"location":"Omniprescient","profile_link_color":"038543","profile_image_url":"http://pbs.twimg.com/profile_images/2587941395/gvp1ge1k9y4wsbjh0t1z_normal.jpeg","following":false,"geo_enabled":false,"profile_background_image_url":"http://abs.twimg.com/images/themes/theme18/bg.gif","name":"elissa hawke","lang":"en","profile_background_tile":false,"favourites_count":0,"screen_name":"tripppinglissy","notifications":false,"url":"http://t.co/QsxhMjtEuT","created_at":"Sat Sep 08 04:21:40 +0000 2012","contributors_enabled":false,"time_zone":null,"protected":false,"default_profile":false,"is_translator":false},"geo":null,"in_reply_to_user_id_str":"271374786","lang":"en","created_at":"Mon Dec 15 01:26:24 +0000 2014","in_reply_to_status_id_str":"544298408190566401","place":null},
{"contributors":null,"truncated":false,"text":"@australian you need to delete this.","in_reply_to_status_id":544297950134816768,"id":544302689798983680,"favorite_count":0,"source":"<a href=\"http://twitter.com/download/iphone\" rel=\"nofollow\">Twitter for iPhone</a>","retweeted":false,"coordinates":null,"entities":{"symbols":[],"user_mentions":[{"id":9609632,"indices":[0,11],"id_str":"9609632","screen_name":"australian","name":"The Australian"}],"hashtags":[],"urls":[]},"in_reply_to_screen_name":"australian","id_str":"544302689798983680","retweet_count":0,"in_reply_to_user_id":9609632,"favorited":false,"user":{"follow_request_sent":false,"profile_use_background_image":false,"profile_text_color":"9CFE0B","default_profile_image":false,"id":299682788,"profile_background_image_url_https":"https://pbs.twimg.com/profile_background_images/440086942177193984/1IiNmibB.png","verified":false,"profile_location":null,"profile_image_url_https":"https://pbs.twimg.com/profile_images/585431084277469184/qznelJDP_normal.jpg","profile_sidebar_fill_color":"D6D6D6","entities":{"url":{"urls":[{"url":"http://t.co/fvITWVQfcZ","indices":[0,22],"expanded_url":"http://silentbutterfly89.tumblr.com","display_url":"silentbutterfly89.tumblr.com"}]},"description":{"urls":[]}},"followers_count":380,"profile_sidebar_border_color":"000000","id_str":"299682788","profile_background_color":"1F1F1F","listed_count":3,"is_translation_enabled":false,"utc_offset":28800,"statuses_count":6868,"description":"jusт vɛɛтz jusт is • яɛd ʜaiя • pɛiяciɴɢs • тaттoos • ϻusic • тʜɛ usɛd aяɛ ϻʏ ʟiғɛ♩ ♡ʟovɛ тʜɛ waʏ ʏoü waɴт тo вɛ ʟovɛd♡","friends_count":684,"location":"Melbourne Australia","profile_link_color":"FF0099","profile_image_url":"http://pbs.twimg.com/profile_images/585431084277469184/qznelJDP_normal.jpg","following":false,"geo_enabled":true,"profile_banner_url":"https://pbs.twimg.com/profile_banners/299682788/1409587353","profile_background_image_url":"http://pbs.twimg.com/profile_background_images/440086942177193984/1IiNmibB.png","name":"siʟɛɴ† вu††ɛяғʟʏ ♫♩✯","lang":"en","profile_background_tile":true,"favourites_count":1790,"screen_name":"x_veetz89_x","notifications":false,"url":"http://t.co/fvITWVQfcZ","created_at":"Mon May 16 14:30:39 +0000 2011","contributors_enabled":false,"time_zone":"Beijing","protected":false,"default_profile":false,"is_translator":false},"geo":null,"in_reply_to_user_id_str":"9609632","lang":"en","created_at":"Mon Dec 15 01:27:28 +0000 2014","in_reply_to_status_id_str":"544297950134816768","place":null},
{"contributors":null,"truncated":false,"text":"@ianbaker Bit rough blaming @australian when it has a @7NewsSydney watermark all over it. Police positions more sensitive than this I think.","in_reply_to_status_id":544302181260591104,"id":544302742265528320,"favorite_count":0,"source":"<a href=\"http://twitter.com/download/iphone\" rel=\"nofollow\">Twitter for iPhone</a>","retweeted":false,"coordinates":null,"entities":{"symbols":[],"user_mentions":[{"id":14181654,"indices":[0,9],"id_str":"14181654","screen_name":"ianbaker","name":"ianbaker"},{"id":9609632,"indices":[28,39],"id_str":"9609632","screen_name":"australian","name":"The Australian"},{"id":156464691,"indices":[54,66],"id_str":"156464691","screen_name":"7NewsSydney","name":"7 News Sydney"}],"hashtags":[],"urls":[]},"in_reply_to_screen_name":"ianbaker","id_str":"544302742265528320","retweet_count":0,"in_reply_to_user_id":14181654,"favorited":false,"user":{"follow_request_sent":false,"profile_use_background_image":true,"profile_text_color":"333333","default_profile_image":false,"id":23429163,"profile_background_image_url_https":"https://abs.twimg.com/images/themes/theme1/bg.png","verified":false,"profile_location":null,"profile_image_url_https":"https://pbs.twimg.com/profile_images/475885367787548672/zGnPDn8u_normal.jpeg","profile_sidebar_fill_color":"DDEEF6","entities":{"description":{"urls":[]}},"followers_count":143,"profile_sidebar_border_color":"C0DEED","id_str":"23429163","profile_background_color":"C0DEED","listed_count":4,"is_translation_enabled":false,"utc_offset":39600,"statuses_count":675,"description":"Lawyer turned journo turned political staffer. Recently returned from travelling overseas. All opinions are my own... but I can still get in trouble for them.","friends_count":350,"location":"","profile_link_color":"0084B4","profile_image_url":"http://pbs.twimg.com/profile_images/475885367787548672/zGnPDn8u_normal.jpeg","following":false,"geo_enabled":true,"profile_background_image_url":"http://abs.twimg.com/images/themes/theme1/bg.png","name":"Ash Midalia","lang":"en","profile_background_tile":false,"favourites_count":55,"screen_name":"ashmidalia","notifications":false,"url":null,"created_at":"Mon Mar 09 12:31:09 +0000 2009","contributors_enabled":false,"time_zone":"Sydney","protected":false,"default_profile":true,"is_translator":false},"geo":null,"in_reply_to_user_id_str":"14181654","lang":"en","created_at":"Mon Dec 15 01:27:41 +0000 2014","in_reply_to_status_id_str":"544302181260591104","place":null},
{"contributors":null,"truncated":false,"text":"@australian why? Because Australia failed to learn the lessons from Europe","in_reply_to_status_id":544297950134816768,"id":544303527615414273,"favorite_count":0,"source":"<a href=\"http://twitter.com/download/android\" rel=\"nofollow\">Twitter for Android</a>","retweeted":false,"coordinates":null,"entities":{"symbols":[],"user_mentions":[{"id":9609632,"indices":[0,11],"id_str":"9609632","screen_name":"australian","name":"The Australian"}],"hashtags":[],"urls":[]},"in_reply_to_screen_name":"australian","id_str":"544303527615414273","retweet_count":0,"in_reply_to_user_id":9609632,"favorited":false,"user":{"follow_request_sent":false,"profile_use_background_image":true,"profile_text_color":"333333","default_profile_image":true,"id":2909294196,"profile_background_image_url_https":"https://abs.twimg.com/images/themes/theme1/bg.png","verified":false,"profile_location":null,"profile_image_url_https":"https://abs.twimg.com/sticky/default_profile_images/default_profile_4_normal.png","profile_sidebar_fill_color":"DDEEF6","entities":{"description":{"urls":[]}},"followers_count":12,"profile_sidebar_border_color":"C0DEED","id_str":"2909294196","profile_background_color":"C0DEED","listed_count":1,"is_translation_enabled":false,"utc_offset":null,"statuses_count":569,"description":"","friends_count":58,"location":"","profile_link_color":"0084B4","profile_image_url":"http://abs.twimg.com/sticky/default_profile_images/default_profile_4_normal.png","following":false,"geo_enabled":false,"profile_background_image_url":"http://abs.twimg.com/images/themes/theme1/bg.png","name":"Steven Rose","lang":"en","profile_background_tile":false,"favourites_count":489,"screen_name":"docrose_rose","notifications":false,"url":null,"created_at":"Mon Nov 24 18:25:18 +0000 2014","contributors_enabled":false,"time_zone":null,"protected":false,"default_profile":true,"is_translator":false},"geo":null,"in_reply_to_user_id_str":"9609632","lang":"en","created_at":"Mon Dec 15 01:30:48 +0000 2014","in_reply_to_status_id_str":"544297950134816768","place":null},
{"contributors":null,"truncated":false,"text":"@stormgirl1960 @australian @WeAreAustralia also where’s the proof he’s the gunman? He could be a customer. Asian people drink coffee too","in_reply_to_status_id":544302134636732416,"id":544304116709982208,"favorite_count":1,"source":"<a href=\"http://tapbots.com/tweetbot\" rel=\"nofollow\">Tweetbot for iΟS</a>","retweeted":false,"coordinates":null,"entities":{"symbols":[],"user_mentions":[{"id":122571473,"indices":[0,14],"id_str":"122571473","screen_name":"stormgirl1960","name":"Heather Provan"},{"id":9609632,"indices":[15,26],"id_str":"9609632","screen_name":"australian","name":"The Australian"},{"id":467004431,"indices":[27,42],"id_str":"467004431","screen_name":"WeAreAustralia","name":"Chris/Australia"}],"hashtags":[],"urls":[]},"in_reply_to_screen_name":"stormgirl1960","id_str":"544304116709982208","retweet_count":0,"in_reply_to_user_id":122571473,"favorited":false,"user":{"follow_request_sent":false,"profile_use_background_image":true,"profile_text_color":"000000","default_profile_image":false,"id":44696944,"profile_background_image_url_https":"https://pbs.twimg.com/profile_background_images/405850154/splash.jpg","verified":false,"profile_location":null,"profile_image_url_https":"https://pbs.twimg.com/profile_images/589946110447382528/3cxrgBmr_normal.jpg","profile_sidebar_fill_color":"D4A2EB","entities":{"description":{"urls":[]}},"followers_count":748,"profile_sidebar_border_color":"5308A3","id_str":"44696944","profile_background_color":"DBE9ED","listed_count":24,"is_translation_enabled":false,"utc_offset":0,"statuses_count":77560,"description":"Too short to be a stormtrooper. Videogames, iOS, grizzly/black/polar bear, chocolate, cheese. Family Guy. Interested in UFOs but doesn't believe in aliens","friends_count":973,"location":"North Pole under a slab of ice","profile_link_color":"CC1616","profile_image_url":"http://pbs.twimg.com/profile_images/589946110447382528/3cxrgBmr_normal.jpg","following":false,"geo_enabled":false,"profile_background_image_url":"http://pbs.twimg.com/profile_background_images/405850154/splash.jpg","name":"Becky","lang":"en","profile_background_tile":false,"favourites_count":103,"screen_name":"spritesbites","notifications":false,"url":null,"created_at":"Thu Jun 04 19:30:28 +0000 2009","contributors_enabled":false,"time_zone":"London","protected":false,"default_profile":false,"is_translator":false},"geo":null,"in_reply_to_user_id_str":"122571473","lang":"en","created_at":"Mon Dec 15 01:33:08 +0000 2014","in_reply_to_status_id_str":"544302134636732416","place":null},
{"contributors":null,"truncated":false,"text":"@australian 'Speculation can cause unnecessary harm.' - why are you posting this photo!?","in_reply_to_status_id":544297950134816768,"id":544305748432277504,"favorite_count":0,"source":"<a href=\"http://twitter.com/download/iphone\" rel=\"nofollow\">Twitter for iPhone</a>","retweeted":false,"coordinates":null,"entities":{"symbols":[],"user_mentions":[{"id":9609632,"indices":[0,11],"id_str":"9609632","screen_name":"australian","name":"The Australian"}],"hashtags":[],"urls":[]},"in_reply_to_screen_name":"australian","id_str":"544305748432277504","retweet_count":0,"in_reply_to_user_id":9609632,"favorited":false,"user":{"follow_request_sent":false,"profile_use_background_image":true,"profile_text_color":"000000","default_profile_image":false,"id":100158594,"profile_background_image_url_https":"https://pbs.twimg.com/profile_background_images/682671906/614fa4f8a05f9b6625c202a402951ef7.png","verified":false,"profile_location":null,"profile_image_url_https":"https://pbs.twimg.com/profile_images/578782364211412993/I8XMtT7L_normal.jpeg","profile_sidebar_fill_color":"FFFFFF","entities":{"url":{"urls":[{"url":"http://t.co/4Tu77ee0Of","indices":[0,22],"expanded_url":"http://highflyingkiwi.tumblr.com","display_url":"highflyingkiwi.tumblr.com"}]},"description":{"urls":[]}},"followers_count":611,"profile_sidebar_border_color":"FFFFFF","id_str":"100158594","profile_background_color":"FFFFFF","listed_count":16,"is_translation_enabled":false,"utc_offset":46800,"statuses_count":30516,"description":"Aspiring designer. New grad from VUW w/ BComm in Marketing & Management, OE returnee from OU, Oklahoma. #boomer | ❤️ Rooster Teeth & Tex Mex.","friends_count":628,"location":"Wellington, New Zealand","profile_link_color":"000000","profile_image_url":"http://pbs.twimg.com/profile_images/578782364211412993/I8XMtT7L_normal.jpeg","following":false,"geo_enabled":true,"profile_banner_url":"https://pbs.twimg.com/profile_banners/100158594/1405252659","profile_background_image_url":"http://pbs.twimg.com/profile_background_images/682671906/614fa4f8a05f9b6625c202a402951ef7.png","name":"• Hayley •","lang":"en","profile_background_tile":true,"favourites_count":3849,"screen_name":"LadyHayley_","notifications":false,"url":"http://t.co/4Tu77ee0Of","created_at":"Tue Dec 29 06:47:32 +0000 2009","contributors_enabled":false,"time_zone":"Wellington","protected":false,"default_profile":false,"is_translator":false},"geo":null,"in_reply_to_user_id_str":"9609632","lang":"en","created_at":"Mon Dec 15 01:39:37 +0000 2014","in_reply_to_status_id_str":"544297950134816768","place":null},
{"contributors":null,"truncated":false,"text":"@australian alarm* even.","in_reply_to_status_id":544305748432277504,"id":544305833509523456,"favorite_count":0,"source":"<a href=\"http://twitter.com/download/iphone\" rel=\"nofollow\">Twitter for iPhone</a>","retweeted":false,"coordinates":null,"entities":{"symbols":[],"user_mentions":[{"id":9609632,"indices":[0,11],"id_str":"9609632","screen_name":"australian","name":"The Australian"}],"hashtags":[],"urls":[]},"in_reply_to_screen_name":"LadyHayley_","id_str":"544305833509523456","retweet_count":0,"in_reply_to_user_id":100158594,"favorited":false,"user":{"follow_request_sent":false,"profile_use_background_image":true,"profile_text_color":"000000","default_profile_image":false,"id":100158594,"profile_background_image_url_https":"https://pbs.twimg.com/profile_background_images/682671906/614fa4f8a05f9b6625c202a402951ef7.png","verified":false,"profile_location":null,"profile_image_url_https":"https://pbs.twimg.com/profile_images/578782364211412993/I8XMtT7L_normal.jpeg","profile_sidebar_fill_color":"FFFFFF","entities":{"url":{"urls":[{"url":"http://t.co/4Tu77ee0Of","indices":[0,22],"expanded_url":"http://highflyingkiwi.tumblr.com","display_url":"highflyingkiwi.tumblr.com"}]},"description":{"urls":[]}},"followers_count":611,"profile_sidebar_border_color":"FFFFFF","id_str":"100158594","profile_background_color":"FFFFFF","listed_count":16,"is_translation_enabled":false,"utc_offset":46800,"statuses_count":30516,"description":"Aspiring designer. New grad from VUW w/ BComm in Marketing & Management, OE returnee from OU, Oklahoma. #boomer | ❤️ Rooster Teeth & Tex Mex.","friends_count":628,"location":"Wellington, New Zealand","profile_link_color":"000000","profile_image_url":"http://pbs.twimg.com/profile_images/578782364211412993/I8XMtT7L_normal.jpeg","following":false,"geo_enabled":true,"profile_banner_url":"https://pbs.twimg.com/profile_banners/100158594/1405252659","profile_background_image_url":"http://pbs.twimg.com/profile_background_images/682671906/614fa4f8a05f9b6625c202a402951ef7.png","name":"• Hayley •","lang":"en","profile_background_tile":true,"favourites_count":3849,"screen_name":"LadyHayley_","notifications":false,"url":"http://t.co/4Tu77ee0Of","created_at":"Tue Dec 29 06:47:32 +0000 2009","contributors_enabled":false,"time_zone":"Wellington","protected":false,"default_profile":false,"is_translator":false},"geo":null,"in_reply_to_user_id_str":"100158594","lang":"en","created_at":"Mon Dec 15 01:39:58 +0000 2014","in_reply_to_status_id_str":"544305748432277504","place":null},
{"contributors":null,"truncated":false,"text":"@ashmidalia @Australian Probably bc police don't yet know how many terrorists. 1, 2,3? That photo taken when? Earlier? now? Not simple.","in_reply_to_status_id":544301153383485441,"id":544307039321608192,"favorite_count":0,"source":"<a href=\"http://twitter.com\" rel=\"nofollow\">Twitter Web Client</a>","retweeted":false,"coordinates":null,"entities":{"symbols":[],"user_mentions":[{"id":23429163,"indices":[0,11],"id_str":"23429163","screen_name":"ashmidalia","name":"Ash Midalia"},{"id":9609632,"indices":[12,23],"id_str":"9609632","screen_name":"australian","name":"The Australian"}],"hashtags":[],"urls":[]},"in_reply_to_screen_name":"ashmidalia","id_str":"544307039321608192","retweet_count":0,"in_reply_to_user_id":23429163,"favorited":false,"user":{"follow_request_sent":false,"profile_use_background_image":true,"profile_text_color":"333333","default_profile_image":false,"id":1730831946,"profile_background_image_url_https":"https://abs.twimg.com/images/themes/theme1/bg.png","verified":false,"profile_location":null,"profile_image_url_https":"https://pbs.twimg.com/profile_images/531193289278382080/qBgOO2pL_normal.jpeg","profile_sidebar_fill_color":"DDEEF6","entities":{"description":{"urls":[]}},"followers_count":316,"profile_sidebar_border_color":"C0DEED","id_str":"1730831946","profile_background_color":"C0DEED","listed_count":6,"is_translation_enabled":false,"utc_offset":46800,"statuses_count":3104,"description":". Support the Military. Anti-islam..it's killing us. Pro life-Save the babies!","friends_count":455,"location":"","profile_link_color":"0084B4","profile_image_url":"http://pbs.twimg.com/profile_images/531193289278382080/qBgOO2pL_normal.jpeg","following":false,"geo_enabled":false,"profile_banner_url":"https://pbs.twimg.com/profile_banners/1730831946/1415481451","profile_background_image_url":"http://abs.twimg.com/images/themes/theme1/bg.png","name":"Debs.nz","lang":"en","profile_background_tile":false,"favourites_count":3546,"screen_name":"Max61258074","notifications":false,"url":null,"created_at":"Thu Sep 05 05:05:06 +0000 2013","contributors_enabled":false,"time_zone":"Auckland","protected":false,"default_profile":true,"is_translator":false},"geo":null,"in_reply_to_user_id_str":"23429163","lang":"en","created_at":"Mon Dec 15 01:44:45 +0000 2014","in_reply_to_status_id_str":"544301153383485441","place":null},
{"contributors":null,"truncated":false,"text":"@Max61258074 Agree - although worth asking the question.","in_reply_to_status_id":544307039321608192,"id":544308176632287232,"favorite_count":0,"source":"<a href=\"http://twitter.com/download/iphone\" rel=\"nofollow\">Twitter for iPhone</a>","retweeted":false,"coordinates":null,"entities":{"symbols":[],"user_mentions":[{"id":1730831946,"indices":[0,12],"id_str":"1730831946","screen_name":"Max61258074","name":"Debs.nz"}],"hashtags":[],"urls":[]},"in_reply_to_screen_name":"Max61258074","id_str":"544308176632287232","retweet_count":0,"in_reply_to_user_id":1730831946,"favorited":false,"user":{"follow_request_sent":false,"profile_use_background_image":true,"profile_text_color":"333333","default_profile_image":false,"id":23429163,"profile_background_image_url_https":"https://abs.twimg.com/images/themes/theme1/bg.png","verified":false,"profile_location":null,"profile_image_url_https":"https://pbs.twimg.com/profile_images/475885367787548672/zGnPDn8u_normal.jpeg","profile_sidebar_fill_color":"DDEEF6","entities":{"description":{"urls":[]}},"followers_count":143,"profile_sidebar_border_color":"C0DEED","id_str":"23429163","profile_background_color":"C0DEED","listed_count":4,"is_translation_enabled":false,"utc_offset":39600,"statuses_count":675,"description":"Lawyer turned journo turned political staffer. Recently returned from travelling overseas. All opinions are my own... but I can still get in trouble for them.","friends_count":350,"location":"","profile_link_color":"0084B4","profile_image_url":"http://pbs.twimg.com/profile_images/475885367787548672/zGnPDn8u_normal.jpeg","following":false,"geo_enabled":true,"profile_background_image_url":"http://abs.twimg.com/images/themes/theme1/bg.png","name":"Ash Midalia","lang":"en","profile_background_tile":false,"favourites_count":55,"screen_name":"ashmidalia","notifications":false,"url":null,"created_at":"Mon Mar 09 12:31:09 +0000 2009","contributors_enabled":false,"time_zone":"Sydney","protected":false,"default_profile":true,"is_translator":false},"geo":null,"in_reply_to_user_id_str":"1730831946","lang":"en","created_at":"Mon Dec 15 01:49:16 +0000 2014","in_reply_to_status_id_str":"544307039321608192","place":null},
{"contributors":null,"truncated":false,"text":"@ashmidalia @australian @7NewsSydney yeah fair call, my bad. Posting it at all is not constructive, was the point I wanted to make.","in_reply_to_status_id":544302742265528320,"id":544331150647234562,"favorite_count":0,"source":"<a href=\"https://about.twitter.com/products/tweetdeck\" rel=\"nofollow\">TweetDeck</a>","retweeted":false,"coordinates":null,"entities":{"symbols":[],"user_mentions":[{"id":23429163,"indices":[0,11],"id_str":"23429163","screen_name":"ashmidalia","name":"Ash Midalia"},{"id":9609632,"indices":[12,23],"id_str":"9609632","screen_name":"australian","name":"The Australian"},{"id":156464691,"indices":[24,36],"id_str":"156464691","screen_name":"7NewsSydney","name":"7 News Sydney"}],"hashtags":[],"urls":[]},"in_reply_to_screen_name":"ashmidalia","id_str":"544331150647234562","retweet_count":0,"in_reply_to_user_id":23429163,"favorited":false,"user":{"follow_request_sent":false,"profile_use_background_image":true,"profile_text_color":"333333","default_profile_image":false,"id":14181654,"profile_background_image_url_https":"https://abs.twimg.com/images/themes/theme1/bg.png","verified":false,"profile_location":null,"profile_image_url_https":"https://pbs.twimg.com/profile_images/412763107207835649/EvWY2Vkg_normal.jpeg","profile_sidebar_fill_color":"DDEEF6","entities":{"description":{"urls":[]}},"followers_count":39,"profile_sidebar_border_color":"C0DEED","id_str":"14181654","profile_background_color":"C0DEED","listed_count":0,"is_translation_enabled":false,"utc_offset":-36000,"statuses_count":466,"description":"Personal twitter account, my views are my own.","friends_count":216,"location":"New Zealand","profile_link_color":"0084B4","profile_image_url":"http://pbs.twimg.com/profile_images/412763107207835649/EvWY2Vkg_normal.jpeg","following":false,"geo_enabled":false,"profile_background_image_url":"http://abs.twimg.com/images/themes/theme1/bg.png","name":"ianbaker","lang":"en","profile_background_tile":false,"favourites_count":15,"screen_name":"ianbaker","notifications":false,"url":null,"created_at":"Thu Mar 20 02:27:02 +0000 2008","contributors_enabled":false,"time_zone":"Hawaii","protected":false,"default_profile":true,"is_translator":false},"geo":null,"in_reply_to_user_id_str":"23429163","lang":"en","created_at":"Mon Dec 15 03:20:34 +0000 2014","in_reply_to_status_id_str":"544302742265528320","place":null},
{"contributors":null,"truncated":false,"text":"@ianbaker Yeah, I agree. I reckon some info is more sensitive; hard for media to draw the line. Just don't show tactical positions is all.","in_reply_to_status_id":544331150647234562,"id":544332281326751744,"favorite_count":0,"source":"<a href=\"http://twitter.com/download/iphone\" rel=\"nofollow\">Twitter for iPhone</a>","retweeted":false,"coordinates":null,"entities":{"symbols":[],"user_mentions":[{"id":14181654,"indices":[0,9],"id_str":"14181654","screen_name":"ianbaker","name":"ianbaker"}],"hashtags":[],"urls":[]},"in_reply_to_screen_name":"ianbaker","id_str":"544332281326751744","retweet_count":0,"in_reply_to_user_id":14181654,"favorited":false,"user":{"follow_request_sent":false,"profile_use_background_image":true,"profile_text_color":"333333","default_profile_image":false,"id":23429163,"profile_background_image_url_https":"https://abs.twimg.com/images/themes/theme1/bg.png","verified":false,"profile_location":null,"profile_image_url_https":"https://pbs.twimg.com/profile_images/475885367787548672/zGnPDn8u_normal.jpeg","profile_sidebar_fill_color":"DDEEF6","entities":{"description":{"urls":[]}},"followers_count":143,"profile_sidebar_border_color":"C0DEED","id_str":"23429163","profile_background_color":"C0DEED","listed_count":4,"is_translation_enabled":false,"utc_offset":39600,"statuses_count":675,"description":"Lawyer turned journo turned political staffer. Recently returned from travelling overseas. All opinions are my own... but I can still get in trouble for them.","friends_count":350,"location":"","profile_link_color":"0084B4","profile_image_url":"http://pbs.twimg.com/profile_images/475885367787548672/zGnPDn8u_normal.jpeg","following":false,"geo_enabled":true,"profile_background_image_url":"http://abs.twimg.com/images/themes/theme1/bg.png","name":"Ash Midalia","lang":"en","profile_background_tile":false,"favourites_count":55,"screen_name":"ashmidalia","notifications":false,"url":null,"created_at":"Mon Mar 09 12:31:09 +0000 2009","contributors_enabled":false,"time_zone":"Sydney","protected":false,"default_profile":true,"is_translator":false},"geo":null,"in_reply_to_user_id_str":"14181654","lang":"en","created_at":"Mon Dec 15 03:25:03 +0000 2014","in_reply_to_status_id_str":"544331150647234562","place":null},
{"contributors":null,"truncated":false,"text":"@stormgirl1960 @australian :( i have to agree - normally u'd expect something dumb like this from http://t.co/0vasDuBu42","in_reply_to_status_id":544302134636732416,"id":544469922416312320,"favorite_count":0,"source":"<a href=\"http://twitter.com\" rel=\"nofollow\">Twitter Web Client</a>","retweeted":false,"coordinates":null,"entities":{"symbols":[],"user_mentions":[{"id":122571473,"indices":[0,14],"id_str":"122571473","screen_name":"stormgirl1960","name":"Heather Provan"},{"id":9609632,"indices":[15,26],"id_str":"9609632","screen_name":"australian","name":"The Australian"}],"hashtags":[],"urls":[{"url":"http://t.co/0vasDuBu42","indices":[98,120],"expanded_url":"http://news.com.au","display_url":"news.com.au"}]},"in_reply_to_screen_name":"stormgirl1960","id_str":"544469922416312320","retweet_count":0,"in_reply_to_user_id":122571473,"favorited":false,"user":{"follow_request_sent":false,"profile_use_background_image":true,"profile_text_color":"333333","default_profile_image":false,"id":1171278031,"profile_background_image_url_https":"https://abs.twimg.com/images/themes/theme1/bg.png","verified":false,"profile_location":null,"profile_image_url_https":"https://pbs.twimg.com/profile_images/524902429238628353/DHY6QTzK_normal.jpeg","profile_sidebar_fill_color":"DDEEF6","entities":{"description":{"urls":[]}},"followers_count":562,"profile_sidebar_border_color":"C0DEED","id_str":"1171278031","profile_background_color":"C0DEED","listed_count":1,"is_translation_enabled":false,"utc_offset":39600,"statuses_count":1824,"description":"WHY ONLY ME ? -  ***THE PROFILE & THOUGHTS ARE NOT MY OWN - THEY REFLECT THE WORLD I LIVE IN***","friends_count":184,"location":"Australia","profile_link_color":"0084B4","profile_image_url":"http://pbs.twimg.com/profile_images/524902429238628353/DHY6QTzK_normal.jpeg","following":false,"geo_enabled":false,"profile_background_image_url":"http://abs.twimg.com/images/themes/theme1/bg.png","name":"WHYONLYME","lang":"en","profile_background_tile":false,"favourites_count":69,"screen_name":"ovinicolae","notifications":false,"url":null,"created_at":"Tue Feb 12 08:01:20 +0000 2013","contributors_enabled":false,"time_zone":"Melbourne","protected":false,"default_profile":true,"is_translator":false},"geo":null,"in_reply_to_user_id_str":"122571473","possibly_sensitive":false,"lang":"en","created_at":"Mon Dec 15 12:31:59 +0000 2014","in_reply_to_status_id_str":"544302134636732416","place":null},
{"contributors":null,"truncated":false,"text":"@DavidAGaspar @australian if they did it would be a 100% guarantee some/most people inside would die - this way we got a chance to save them","in_reply_to_status_id":544300395489923073,"id":544470291787702272,"favorite_count":0,"source":"<a href=\"http://twitter.com\" rel=\"nofollow\">Twitter Web Client</a>","retweeted":false,"coordinates":null,"entities":{"symbols":[],"user_mentions":[{"id":798623144,"indices":[0,13],"id_str":"798623144","screen_name":"DavidAGaspar","name":"David A. Gaspar"},{"id":9609632,"indices":[14,25],"id_str":"9609632","screen_name":"australian","name":"The Australian"}],"hashtags":[],"urls":[]},"in_reply_to_screen_name":"DavidAGaspar","id_str":"544470291787702272","retweet_count":0,"in_reply_to_user_id":798623144,"favorited":false,"user":{"follow_request_sent":false,"profile_use_background_image":true,"profile_text_color":"333333","default_profile_image":false,"id":1171278031,"profile_background_image_url_https":"https://abs.twimg.com/images/themes/theme1/bg.png","verified":false,"profile_location":null,"profile_image_url_https":"https://pbs.twimg.com/profile_images/524902429238628353/DHY6QTzK_normal.jpeg","profile_sidebar_fill_color":"DDEEF6","entities":{"description":{"urls":[]}},"followers_count":562,"profile_sidebar_border_color":"C0DEED","id_str":"1171278031","profile_background_color":"C0DEED","listed_count":1,"is_translation_enabled":false,"utc_offset":39600,"statuses_count":1824,"description":"WHY ONLY ME ? -  ***THE PROFILE & THOUGHTS ARE NOT MY OWN - THEY REFLECT THE WORLD I LIVE IN***","friends_count":184,"location":"Australia","profile_link_color":"0084B4","profile_image_url":"http://pbs.twimg.com/profile_images/524902429238628353/DHY6QTzK_normal.jpeg","following":false,"geo_enabled":false,"profile_background_image_url":"http://abs.twimg.com/images/themes/theme1/bg.png","name":"WHYONLYME","lang":"en","profile_background_tile":false,"favourites_count":69,"screen_name":"ovinicolae","notifications":false,"url":null,"created_at":"Tue Feb 12 08:01:20 +0000 2013","contributors_enabled":false,"time_zone":"Melbourne","protected":false,"default_profile":true,"is_translator":false},"geo":null,"in_reply_to_user_id_str":"798623144","lang":"en","created_at":"Mon Dec 15 12:33:27 +0000 2014","in_reply_to_status_id_str":"544300395489923073","place":null},
{"contributors":null,"truncated":false,"text":"@JulieOMarshall @australian ye pretty troll thing to do","in_reply_to_status_id":544299216806227968,"id":544470999995928576,"favorite_count":0,"source":"<a href=\"http://twitter.com\" rel=\"nofollow\">Twitter Web Client</a>","retweeted":false,"coordinates":null,"entities":{"symbols":[],"user_mentions":[{"id":1100048125,"indices":[0,15],"id_str":"1100048125","screen_name":"JulieOMarshall","name":"Julie M"},{"id":9609632,"indices":[16,27],"id_str":"9609632","screen_name":"australian","name":"The Australian"}],"hashtags":[],"urls":[]},"in_reply_to_screen_name":"JulieOMarshall","id_str":"544470999995928576","retweet_count":0,"in_reply_to_user_id":1100048125,"favorited":false,"user":{"follow_request_sent":false,"profile_use_background_image":true,"profile_text_color":"333333","default_profile_image":false,"id":1171278031,"profile_background_image_url_https":"https://abs.twimg.com/images/themes/theme1/bg.png","verified":false,"profile_location":null,"profile_image_url_https":"https://pbs.twimg.com/profile_images/524902429238628353/DHY6QTzK_normal.jpeg","profile_sidebar_fill_color":"DDEEF6","entities":{"description":{"urls":[]}},"followers_count":562,"profile_sidebar_border_color":"C0DEED","id_str":"1171278031","profile_background_color":"C0DEED","listed_count":1,"is_translation_enabled":false,"utc_offset":39600,"statuses_count":1824,"description":"WHY ONLY ME ? -  ***THE PROFILE & THOUGHTS ARE NOT MY OWN - THEY REFLECT THE WORLD I LIVE IN***","friends_count":184,"location":"Australia","profile_link_color":"0084B4","profile_image_url":"http://pbs.twimg.com/profile_images/524902429238628353/DHY6QTzK_normal.jpeg","following":false,"geo_enabled":false,"profile_background_image_url":"http://abs.twimg.com/images/themes/theme1/bg.png","name":"WHYONLYME","lang":"en","profile_background_tile":false,"favourites_count":69,"screen_name":"ovinicolae","notifications":false,"url":null,"created_at":"Tue Feb 12 08:01:20 +0000 2013","contributors_enabled":false,"time_zone":"Melbourne","protected":false,"default_profile":true,"is_translator":false},"geo":null,"in_reply_to_user_id_str":"1100048125","lang":"en","created_at":"Mon Dec 15 12:36:16 +0000 2014","in_reply_to_status_id_str":"544299216806227968","place":null}
]