{"contributors": null, "truncated": false, "text": "Hostage situation in Sydney is happening next door to @7NewsSydney's studio -- this is a live stream of the coverage https://t.co/uNXkJmspr8", "in_reply_to_status_id": null, "id": 544277650714677249, "favorite_count": 44, "source": "<a href=\"http://twitter.com\" rel=\"nofollow\">Twitter Web Client</a>", "retweeted": false, "coordinates": null, "entities": {"symbols": [], "user_mentions": [{"id": 156464691, "indices": [54, 66], "id_str": "156464691", "screen_name": "7NewsSydney", "name": "7 News Sydney"}], "hashtags": [], "urls": [{"url": "https://t.co/uNXkJmspr8", "indices": [117, 140], "expanded_url": "https://au.news.yahoo.com/video/watch/17174725/yahoo-7-live-sydney/", "display_url": "au.news.yahoo.com/video/watch/17\u2026"}]}, "in_reply_to_screen_name": null, "id_str": "544277650714677249", "retweet_count": 140, "in_reply_to_user_id": null, "favorited": false, "user": {"follow_request_sent": false, "profile_use_background_image": true, "profile_text_color": "333333", "default_profile_image": false, "id": 14515799, "profile_background_image_url_https": "https://abs.twimg.com/images/themes/theme19/bg.gif", "verified": true, "profile_location": null, "profile_image_url_https": "https://pbs.twimg.com/profile_images/378800000011961281/f053ce187d9fe1393f4684ca92c89d74_normal.jpeg", "profile_sidebar_fill_color": "DDEEF6", "entities": {"url": {"urls": [{"url": "http://t.co/1UqjjxzQgY", "indices": [0, 22], "expanded_url": "http://www.brianstelter.com/", "display_url": "brianstelter.com"}]}, "description": {"urls": []}}, "followers_count": 253605, "profile_sidebar_border_color": "FFFFFF", "id_str": "14515799", "profile_background_color": "FFF04D", "listed_count": 8499, "is_translation_enabled": false, "utc_offset": -18000, "statuses_count": 66861, "description": "CNN's senior media correspondent and host of @CNNReliable. Former @nytimes reporter. Wrote the NYT bestseller Top of the Morning. Email: bstelter@gmail.com", "friends_count": 3843, "location": "New York City", "profile_link_color": "D44700", "profile_image_url": "http://pbs.twimg.com/profile_images/378800000011961281/f053ce187d9fe1393f4684ca92c89d74_normal.jpeg", "following": false, "geo_enabled": true, "profile_background_image_url": "http://abs.twimg.com/images/themes/theme19/bg.gif", "name": "Brian Stelter", "lang": "en", "profile_background_tile": false, "favourites_count": 27251, "screen_name": "brianstelter", "notifications": false, "url": "http://t.co/1UqjjxzQgY", "created_at": "Thu Apr 24 18:41:42 +0000 2008", "contributors_enabled": false, "time_zone": "Eastern Time (US & Canada)", "protected": false, "default_profile": false, "is_translator": false}, "geo": null, "in_reply_to_user_id_str": null, "possibly_sensitive": false, "lang": "en", "created_at": "Sun Dec 14 23:47:58 +0000 2014", "in_reply_to_status_id_str": null, "place": null}