{"contributors":null,"truncated":false,"text":"Thoughts and prayers with everyone involved in this terrible situation in Sydney right now. #peace","in_reply_to_status_id":null,"id":544282250503012352,"favorite_count":329,"source":"<a href=\"http:\/\/twitter.com\/download\/iphone\" rel=\"nofollow\">Twitter for iPhone<\/a>","retweeted":false,"coordinates":null,"entities":{"symbols":[],"user_mentions":[],"hashtags":[{"indices":[92,98],"text":"peace"}],"urls":[]},"in_reply_to_screen_name":null,"id_str":"544282250503012352","retweet_count":180,"in_reply_to_user_id":null,"favorited":false,"user":{"follow_request_sent":false,"profile_use_background_image":true,"profile_text_color":"333333","default_profile_image":false,"id":26032912,"profile_background_image_url_https":"https:\/\/pbs.twimg.com\/profile_background_images\/653191879\/gbo9894cdeh1x6wqo29x.jpeg","verified":true,"profile_location":null,"profile_image_url_https":"https:\/\/pbs.twimg.com\/profile_images\/378800000855303574\/94bbb4f731985958377207f5cf2ecd47_normal.jpeg","profile_sidebar_fill_color":"DDEEF6","entities":{"url":{"urls":[{"url":"http:\/\/t.co\/uJIsjjntVY","indices":[0,22],"expanded_url":"http:\/\/www.ronankeating.com","display_url":"ronankeating.com"}]},"description":{"urls":[]}},"followers_count":504341,"profile_sidebar_border_color":"C0DEED","id_str":"26032912","profile_background_color":"C2C0BE","listed_count":2037,"is_translation_enabled":false,"utc_offset":0,"statuses_count":6821,"description":"","friends_count":812,"location":"Right Here Right Now ","profile_link_color":"0084B4","profile_image_url":"http:\/\/pbs.twimg.com\/profile_images\/378800000855303574\/94bbb4f731985958377207f5cf2ecd47_normal.jpeg","following":false,"geo_enabled":true,"profile_banner_url":"https:\/\/pbs.twimg.com\/profile_banners\/26032912\/1411647604","profile_background_image_url":"http:\/\/pbs.twimg.com\/profile_background_images\/653191879\/gbo9894cdeh1x6wqo29x.jpeg","name":"Ronan Keating","lang":"en","profile_background_tile":false,"favourites_count":15,"screen_name":"ronanofficial","notifications":false,"url":"http:\/\/t.co\/uJIsjjntVY","created_at":"Mon Mar 23 16:25:37 +0000 2009","contributors_enabled":false,"time_zone":"Dublin","protected":false,"default_profile":false,"is_translator":false},"geo":null,"in_reply_to_user_id_str":null,"lang":"en","created_at":"Mon Dec 15 00:06:15 +0000 2014","in_reply_to_status_id_str":null,"place":null}