[{"contributors":null,"truncated":false,"text":"@Simon_Cullen @HalaJaber AU GOV and Tony Abbott is responsible for this mess!! AU Gov created the 'Rebels' Frankenstein in Syria!!","in_reply_to_status_id":544289311504355328,"id":544293230649810944,"favorite_count":0,"source":"<a href=\"http://twitter.com\" rel=\"nofollow\">Twitter Web Client</a>","retweeted":false,"coordinates":null,"entities":{"symbols":[],"user_mentions":[{"id":74361628,"indices":[0,13],"id_str":"74361628","screen_name":"Simon_Cullen","name":"Simon Cullen"},{"id":39237910,"indices":[14,24],"id_str":"39237910","screen_name":"HalaJaber","name":"Hala Jaber"}],"hashtags":[],"urls":[]},"in_reply_to_screen_name":"Simon_Cullen","id_str":"544293230649810944","retweet_count":2,"in_reply_to_user_id":74361628,"favorited":false,"user":{"follow_request_sent":false,"profile_use_background_image":true,"profile_text_color":"666666","default_profile_image":false,"id":2202148326,"profile_background_image_url_https":"https://abs.twimg.com/images/themes/theme9/bg.gif","verified":false,"profile_location":null,"profile_image_url_https":"https://pbs.twimg.com/profile_images/579775360390283264/DHP0x45Q_normal.jpg","profile_sidebar_fill_color":"252429","entities":{"description":{"urls":[]}},"followers_count":154,"profile_sidebar_border_color":"181A1E","id_str":"2202148326","profile_background_color":"1A1B1F","listed_count":5,"is_translation_enabled":false,"utc_offset":0,"statuses_count":6520,"description":"Hate Wahabis and Zionists - There is no difference between #Israel and its proteges #ISIS #TTP #TAKFEERI #WAHABI #SCUM","friends_count":298,"location":"","profile_link_color":"2FC2EF","profile_image_url":"http://pbs.twimg.com/profile_images/579775360390283264/DHP0x45Q_normal.jpg","following":false,"geo_enabled":false,"profile_banner_url":"https://pbs.twimg.com/profile_banners/2202148326/1406224224","profile_background_image_url":"http://abs.twimg.com/images/themes/theme9/bg.gif","name":"Mohammad Bin AbiBakr","lang":"en","profile_background_tile":false,"favourites_count":3426,"screen_name":"MohammadBinAbiB","notifications":false,"url":null,"created_at":"Mon Nov 18 23:34:22 +0000 2013","contributors_enabled":false,"time_zone":"Monrovia","protected":false,"default_profile":false,"is_translator":false},"geo":null,"in_reply_to_user_id_str":"74361628","lang":"en","created_at":"Mon Dec 15 00:49:53 +0000 2014","in_reply_to_status_id_str":"544289311504355328","place":null},
{"contributors":null,"truncated":false,"text":"@Simon_Cullen @DAVIDMDRAIMAN Urgh, the amount of lies that have come out of Abbott's mouth, his words of \"comfort\" mean nothing to us!","in_reply_to_status_id":544289311504355328,"id":544300122998194177,"favorite_count":0,"source":"<a href=\"http://twitter.com/download/android\" rel=\"nofollow\">Twitter for Android</a>","retweeted":false,"coordinates":null,"entities":{"symbols":[],"user_mentions":[{"id":74361628,"indices":[0,13],"id_str":"74361628","screen_name":"Simon_Cullen","name":"Simon Cullen"},{"id":268866184,"indices":[14,28],"id_str":"268866184","screen_name":"DAVIDMDRAIMAN","name":"DAVID DRAIMAN"}],"hashtags":[],"urls":[]},"in_reply_to_screen_name":"Simon_Cullen","id_str":"544300122998194177","retweet_count":1,"in_reply_to_user_id":74361628,"favorited":false,"user":{"follow_request_sent":false,"profile_use_background_image":true,"profile_text_color":"333333","default_profile_image":false,"id":2393940180,"profile_background_image_url_https":"https://abs.twimg.com/images/themes/theme9/bg.gif","verified":false,"profile_location":null,"profile_image_url_https":"https://pbs.twimg.com/profile_images/445461174264422400/394uNmnC_normal.jpeg","profile_sidebar_fill_color":"DDEEF6","entities":{"description":{"urls":[]}},"followers_count":21,"profile_sidebar_border_color":"FFFFFF","id_str":"2393940180","profile_background_color":"1A1B1F","listed_count":2,"is_translation_enabled":false,"utc_offset":39600,"statuses_count":60,"description":"I believe in music the way some people believe in fairy tales.","friends_count":235,"location":"","profile_link_color":"AE2FED","profile_image_url":"http://pbs.twimg.com/profile_images/445461174264422400/394uNmnC_normal.jpeg","following":false,"geo_enabled":false,"profile_banner_url":"https://pbs.twimg.com/profile_banners/2393940180/1395043139","profile_background_image_url":"http://abs.twimg.com/images/themes/theme9/bg.gif","name":"Ashlee Roberts","lang":"en","profile_background_tile":false,"favourites_count":7,"screen_name":"disturbed_ranga","notifications":false,"url":null,"created_at":"Mon Mar 17 07:15:36 +0000 2014","contributors_enabled":false,"time_zone":"New Caledonia","protected":false,"default_profile":false,"is_translator":false},"geo":null,"in_reply_to_user_id_str":"74361628","lang":"en","created_at":"Mon Dec 15 01:17:16 +0000 2014","in_reply_to_status_id_str":"544289311504355328","place":null}
]