[{"contributors":null,"truncated":false,"text":"RT @Sandra_Sully: Sydney Opera House has been completely evacuated and Sydney airspace closed. #siege","in_reply_to_status_id":544280217104031744,"id":544280386839527425,"favorite_count":0,"source":"<a href=\"http://www.hootsuite.com\" rel=\"nofollow\">Hootsuite</a>","retweeted":false,"coordinates":null,"entities":{"symbols":[],"user_mentions":[{"id":142957691,"indices":[3,16],"id_str":"142957691","screen_name":"Sandra_Sully","name":"Sandra Sully"}],"hashtags":[{"indices":[95,101],"text":"siege"}],"urls":[]},"in_reply_to_screen_name":"Sandra_Sully","id_str":"544280386839527425","retweet_count":0,"in_reply_to_user_id":142957691,"favorited":false,"user":{"follow_request_sent":false,"profile_use_background_image":true,"profile_text_color":"52555C","default_profile_image":false,"id":43493268,"profile_background_image_url_https":"https://pbs.twimg.com/profile_background_images/194109525/xb9f1d518387e66ee531ecf075ae9804.jpg","verified":false,"profile_location":null,"profile_image_url_https":"https://pbs.twimg.com/profile_images/1218809331/Gordon_normal.jpg","profile_sidebar_fill_color":"061127","entities":{"url":{"urls":[{"url":"http://t.co/0Mi9EJ3Vdz","indices":[0,22],"expanded_url":"http://www.gordongallachersphotography.com","display_url":"gordongallachersphotography.com"}]},"description":{"urls":[]}},"followers_count":452,"profile_sidebar_border_color":"000515","id_str":"43493268","profile_background_color":"59472F","listed_count":13,"is_translation_enabled":false,"utc_offset":39600,"statuses_count":2053,"description":"30 y/o Sydney Based Freelance News Photographer","friends_count":1546,"location":"Sydney - Australia","profile_link_color":"827972","profile_image_url":"http://pbs.twimg.com/profile_images/1218809331/Gordon_normal.jpg","following":false,"geo_enabled":true,"profile_banner_url":"https://pbs.twimg.com/profile_banners/43493268/1375690754","profile_background_image_url":"http://pbs.twimg.com/profile_background_images/194109525/xb9f1d518387e66ee531ecf075ae9804.jpg","name":"Gordon Gallacher","lang":"en","profile_background_tile":false,"favourites_count":0,"screen_name":"Gordon_25M","notifications":false,"url":"http://t.co/0Mi9EJ3Vdz","created_at":"Sat May 30 06:28:20 +0000 2009","contributors_enabled":false,"time_zone":"Sydney","protected":false,"default_profile":false,"is_translator":false},"geo":null,"in_reply_to_user_id_str":"142957691","lang":"en","created_at":"Sun Dec 14 23:58:51 +0000 2014","in_reply_to_status_id_str":"544280217104031744","place":null},
{"contributors":null,"truncated":false,"text":"#Sydney Opera House completely evacuated in wake of #martinplace #siege [via @Sandra_Sully] #lindt","in_reply_to_status_id":544280217104031744,"id":544280423962923008,"favorite_count":2,"source":"<a href=\"https://about.twitter.com/products/tweetdeck\" rel=\"nofollow\">TweetDeck</a>","retweeted":false,"coordinates":null,"entities":{"symbols":[],"user_mentions":[{"id":142957691,"indices":[77,90],"id_str":"142957691","screen_name":"Sandra_Sully","name":"Sandra Sully"}],"hashtags":[{"indices":[0,7],"text":"Sydney"},{"indices":[52,64],"text":"martinplace"},{"indices":[65,71],"text":"siege"},{"indices":[92,98],"text":"lindt"}],"urls":[]},"in_reply_to_screen_name":"Sandra_Sully","id_str":"544280423962923008","retweet_count":9,"in_reply_to_user_id":142957691,"favorited":false,"user":{"follow_request_sent":false,"profile_use_background_image":true,"profile_text_color":"333333","default_profile_image":false,"id":320692744,"profile_background_image_url_https":"https://abs.twimg.com/images/themes/theme1/bg.png","verified":true,"profile_location":null,"profile_image_url_https":"https://pbs.twimg.com/profile_images/1584083249/chelsepensioners_normal.JPG","profile_sidebar_fill_color":"DDEEF6","entities":{"url":{"urls":[{"url":"http://t.co/GZRmYO61K7","indices":[0,22],"expanded_url":"http://bit.ly/9HuBmR","display_url":"bit.ly/9HuBmR"}]},"description":{"urls":[]}},"followers_count":4575,"profile_sidebar_border_color":"C0DEED","id_str":"320692744","profile_background_color":"C0DEED","listed_count":199,"is_translation_enabled":false,"utc_offset":37800,"statuses_count":11546,"description":"Senior reporter @theTiser/@newscorpaus. Ex UK @Telegraph journalist; London expat. Proud Aussie. Obsessive West Wing fan. Newspaper man andrew.hough@news.com.au","friends_count":1258,"location":"Adelaide via London + Fleet St","profile_link_color":"0084B4","profile_image_url":"http://pbs.twimg.com/profile_images/1584083249/chelsepensioners_normal.JPG","following":false,"geo_enabled":false,"profile_banner_url":"https://pbs.twimg.com/profile_banners/320692744/1359431001","profile_background_image_url":"http://abs.twimg.com/images/themes/theme1/bg.png","name":"Andrew Hough","lang":"en","profile_background_tile":false,"favourites_count":3605,"screen_name":"andrew_hough","notifications":false,"url":"http://t.co/GZRmYO61K7","created_at":"Mon Jun 20 10:56:10 +0000 2011","contributors_enabled":false,"time_zone":"Adelaide","protected":false,"default_profile":true,"is_translator":false},"geo":null,"in_reply_to_user_id_str":"142957691","lang":"en","created_at":"Sun Dec 14 23:58:59 +0000 2014","in_reply_to_status_id_str":"544280217104031744","place":null},
{"contributors":null,"truncated":false,"text":"I feel sick. Please, please stay safe, Sydney. “@Sandra_Sully: Sydney Opera House has been completely evacuated and Sydney airspace closed.\"","in_reply_to_status_id":544280217104031744,"id":544280809989894144,"favorite_count":1,"source":"<a href=\"http://twitter.com/download/iphone\" rel=\"nofollow\">Twitter for iPhone</a>","retweeted":false,"coordinates":null,"entities":{"symbols":[],"user_mentions":[{"id":142957691,"indices":[48,61],"id_str":"142957691","screen_name":"Sandra_Sully","name":"Sandra Sully"}],"hashtags":[],"urls":[]},"in_reply_to_screen_name":"Sandra_Sully","id_str":"544280809989894144","retweet_count":0,"in_reply_to_user_id":142957691,"favorited":false,"user":{"follow_request_sent":false,"profile_use_background_image":true,"profile_text_color":"0B5979","default_profile_image":false,"id":25066612,"profile_background_image_url_https":"https://abs.twimg.com/images/themes/theme12/bg.gif","verified":false,"profile_location":null,"profile_image_url_https":"https://pbs.twimg.com/profile_images/567629608858550272/Cd2OcCEU_normal.jpeg","profile_sidebar_fill_color":"FDEABF","entities":{"description":{"urls":[]}},"followers_count":1015,"profile_sidebar_border_color":"F2E195","id_str":"25066612","profile_background_color":"BADFCD","listed_count":48,"is_translation_enabled":false,"utc_offset":39600,"statuses_count":11462,"description":"Reformed marketer and frustrated sociologist now working in innovation. Often found debating the merits of ad campaigns somewhere near a wheel of cheese.","friends_count":916,"location":"Melbourne | Sydney","profile_link_color":"FA743E","profile_image_url":"http://pbs.twimg.com/profile_images/567629608858550272/Cd2OcCEU_normal.jpeg","following":false,"geo_enabled":true,"profile_banner_url":"https://pbs.twimg.com/profile_banners/25066612/1418254322","profile_background_image_url":"http://abs.twimg.com/images/themes/theme12/bg.gif","name":"Jeanette Cheah","lang":"en","profile_background_tile":false,"favourites_count":552,"screen_name":"jeanette_kc","notifications":false,"url":null,"created_at":"Wed Mar 18 12:52:35 +0000 2009","contributors_enabled":false,"time_zone":"Melbourne","protected":false,"default_profile":false,"is_translator":false},"geo":null,"in_reply_to_user_id_str":"142957691","lang":"en","created_at":"Mon Dec 15 00:00:32 +0000 2014","in_reply_to_status_id_str":"544280217104031744","place":null},
{"contributors":null,"truncated":false,"text":"“@Sandra_Sully: Sydney Opera House has been completely evacuated and Sydney airspace closed. #siege”\n\nWho is this guy, the Terminator?","in_reply_to_status_id":544280217104031744,"id":544282265920892928,"favorite_count":0,"source":"<a href=\"http://twitter.com/#!/download/ipad\" rel=\"nofollow\">Twitter for iPad</a>","retweeted":false,"coordinates":null,"entities":{"symbols":[],"user_mentions":[{"id":142957691,"indices":[1,14],"id_str":"142957691","screen_name":"Sandra_Sully","name":"Sandra Sully"}],"hashtags":[{"indices":[93,99],"text":"siege"}],"urls":[]},"in_reply_to_screen_name":"Sandra_Sully","id_str":"544282265920892928","retweet_count":0,"in_reply_to_user_id":142957691,"favorited":false,"user":{"follow_request_sent":false,"profile_use_background_image":true,"profile_text_color":"333333","default_profile_image":false,"id":255866656,"profile_background_image_url_https":"https://pbs.twimg.com/profile_background_images/825643359/909ebd04be1ca058347383de70480547.jpeg","verified":false,"profile_location":null,"profile_image_url_https":"https://pbs.twimg.com/profile_images/480531384709033985/7vi98khP_normal.jpeg","profile_sidebar_fill_color":"DDEEF6","entities":{"description":{"urls":[]}},"followers_count":160,"profile_sidebar_border_color":"FFFFFF","id_str":"255866656","profile_background_color":"C0DEED","listed_count":8,"is_translation_enabled":false,"utc_offset":28800,"statuses_count":4707,"description":"i surf i write i deplore war and i love my wife a little bit more every day","friends_count":325,"location":"","profile_link_color":"0084B4","profile_image_url":"http://pbs.twimg.com/profile_images/480531384709033985/7vi98khP_normal.jpeg","following":false,"geo_enabled":true,"profile_banner_url":"https://pbs.twimg.com/profile_banners/255866656/1403309234","profile_background_image_url":"http://pbs.twimg.com/profile_background_images/825643359/909ebd04be1ca058347383de70480547.jpeg","name":"ScribblerWrites","lang":"en","profile_background_tile":true,"favourites_count":99,"screen_name":"nickbruechle","notifications":false,"url":null,"created_at":"Tue Feb 22 05:44:45 +0000 2011","contributors_enabled":false,"time_zone":"Perth","protected":false,"default_profile":false,"is_translator":false},"geo":null,"in_reply_to_user_id_str":"142957691","lang":"en","created_at":"Mon Dec 15 00:06:19 +0000 2014","in_reply_to_status_id_str":"544280217104031744","place":null},
{"contributors":null,"truncated":false,"text":"@Sandra_Sully  Airspace not closed see SMH, report the facts, when you know they are fact, stop sensationalising","in_reply_to_status_id":544280217104031744,"id":544287567852494848,"favorite_count":0,"source":"<a href=\"http://twitter.com/#!/download/ipad\" rel=\"nofollow\">Twitter for iPad</a>","retweeted":false,"coordinates":null,"entities":{"symbols":[],"user_mentions":[{"id":142957691,"indices":[0,13],"id_str":"142957691","screen_name":"Sandra_Sully","name":"Sandra Sully"}],"hashtags":[],"urls":[]},"in_reply_to_screen_name":"Sandra_Sully","id_str":"544287567852494848","retweet_count":1,"in_reply_to_user_id":142957691,"favorited":false,"user":{"follow_request_sent":false,"profile_use_background_image":true,"profile_text_color":"333333","default_profile_image":false,"id":250539105,"profile_background_image_url_https":"https://pbs.twimg.com/profile_background_images/204068694/p216243-Malta-Malta.jpg","verified":false,"profile_location":null,"profile_image_url_https":"https://pbs.twimg.com/profile_images/1241035039/Malta-5_normal.jpg","profile_sidebar_fill_color":"DDEEF6","entities":{"description":{"urls":[]}},"followers_count":287,"profile_sidebar_border_color":"C0DEED","id_str":"250539105","profile_background_color":"C0DEED","listed_count":9,"is_translation_enabled":false,"utc_offset":-36000,"statuses_count":11900,"description":"","friends_count":203,"location":"A village in Gozo","profile_link_color":"0084B4","profile_image_url":"http://pbs.twimg.com/profile_images/1241035039/Malta-5_normal.jpg","following":false,"geo_enabled":false,"profile_background_image_url":"http://pbs.twimg.com/profile_background_images/204068694/p216243-Malta-Malta.jpg","name":"Mary Lucas","lang":"en","profile_background_tile":true,"favourites_count":7138,"screen_name":"kif_inti_mary","notifications":false,"url":null,"created_at":"Fri Feb 11 08:53:55 +0000 2011","contributors_enabled":false,"time_zone":"Hawaii","protected":false,"default_profile":false,"is_translator":false},"geo":null,"in_reply_to_user_id_str":"142957691","lang":"en","created_at":"Mon Dec 15 00:27:23 +0000 2014","in_reply_to_status_id_str":"544280217104031744","place":null},
{"contributors":null,"truncated":false,"text":"#Sydney #OperaHouse has been completely evacuated and Sydney airspace closed. #siege via @Sandra_Sully Today #Sydney Suffers like #Kabul","in_reply_to_status_id":544280217104031744,"id":544287784820043777,"favorite_count":0,"source":"<a href=\"http://www.twitter.com\" rel=\"nofollow\">Twitter for Windows Phone</a>","retweeted":false,"coordinates":null,"entities":{"symbols":[],"user_mentions":[{"id":142957691,"indices":[89,102],"id_str":"142957691","screen_name":"Sandra_Sully","name":"Sandra Sully"}],"hashtags":[{"indices":[0,7],"text":"Sydney"},{"indices":[8,19],"text":"OperaHouse"},{"indices":[78,84],"text":"siege"},{"indices":[109,116],"text":"Sydney"},{"indices":[130,136],"text":"Kabul"}],"urls":[]},"in_reply_to_screen_name":"Sandra_Sully","id_str":"544287784820043777","retweet_count":0,"in_reply_to_user_id":142957691,"favorited":false,"user":{"follow_request_sent":false,"profile_use_background_image":true,"profile_text_color":"634047","default_profile_image":false,"id":479795558,"profile_background_image_url_https":"https://abs.twimg.com/images/themes/theme3/bg.gif","verified":false,"profile_location":null,"profile_image_url_https":"https://pbs.twimg.com/profile_images/462173987854745600/RcfR_ZDd_normal.jpeg","profile_sidebar_fill_color":"E3E2DE","entities":{"url":{"urls":[{"url":"http://t.co/dPDh7tldkw","indices":[0,22],"expanded_url":"http://analytica2014.svbtle.com/","display_url":"analytica2014.svbtle.com"}]},"description":{"urls":[]}},"followers_count":151,"profile_sidebar_border_color":"D3D2CF","id_str":"479795558","profile_background_color":"EDECE9","listed_count":9,"is_translation_enabled":false,"utc_offset":16200,"statuses_count":2540,"description":"Researcher at @HWWIHamburg [Hamburg Institute of International Economics] MSc Management Student at @THE_KLU [Kühne Logistics University]","friends_count":417,"location":"[Hamburg] [Kabul]","profile_link_color":"088253","profile_image_url":"http://pbs.twimg.com/profile_images/462173987854745600/RcfR_ZDd_normal.jpeg","following":false,"geo_enabled":true,"profile_banner_url":"https://pbs.twimg.com/profile_banners/479795558/1402152566","profile_background_image_url":"http://abs.twimg.com/images/themes/theme3/bg.gif","name":"Mojtaba Salem","lang":"en","profile_background_tile":false,"favourites_count":546,"screen_name":"MojtabaSalem","notifications":false,"url":"http://t.co/dPDh7tldkw","created_at":"Tue Jan 31 19:40:04 +0000 2012","contributors_enabled":false,"time_zone":"Kabul","protected":false,"default_profile":false,"is_translator":false},"geo":null,"in_reply_to_user_id_str":"142957691","lang":"en","created_at":"Mon Dec 15 00:28:14 +0000 2014","in_reply_to_status_id_str":"544280217104031744","place":null},
{"contributors":null,"truncated":false,"text":"“@Sandra_Sully: Sydney Opera House has been completely evacuated and Sydney airspace closed. #siege” @LaureM28502649","in_reply_to_status_id":544280217104031744,"id":544295540519747584,"favorite_count":0,"source":"<a href=\"http://twitter.com/#!/download/ipad\" rel=\"nofollow\">Twitter for iPad</a>","retweeted":false,"coordinates":null,"entities":{"symbols":[],"user_mentions":[{"id":142957691,"indices":[1,14],"id_str":"142957691","screen_name":"Sandra_Sully","name":"Sandra Sully"},{"id":795336133,"indices":[101,116],"id_str":"795336133","screen_name":"LaureM28502649","name":"Laure-Vaimiti M."}],"hashtags":[{"indices":[93,99],"text":"siege"}],"urls":[]},"in_reply_to_screen_name":"Sandra_Sully","id_str":"544295540519747584","retweet_count":0,"in_reply_to_user_id":142957691,"favorited":false,"user":{"follow_request_sent":false,"profile_use_background_image":true,"profile_text_color":"333333","default_profile_image":false,"id":2371126004,"profile_background_image_url_https":"https://abs.twimg.com/images/themes/theme1/bg.png","verified":false,"profile_location":null,"profile_image_url_https":"https://pbs.twimg.com/profile_images/473303873260486657/3-tN8VvA_normal.jpeg","profile_sidebar_fill_color":"DDEEF6","entities":{"description":{"urls":[]}},"followers_count":62,"profile_sidebar_border_color":"C0DEED","id_str":"2371126004","profile_background_color":"C0DEED","listed_count":2,"is_translation_enabled":false,"utc_offset":null,"statuses_count":3043,"description":"South Pacific islander","friends_count":134,"location":"","profile_link_color":"0084B4","profile_image_url":"http://pbs.twimg.com/profile_images/473303873260486657/3-tN8VvA_normal.jpeg","following":false,"geo_enabled":false,"profile_banner_url":"https://pbs.twimg.com/profile_banners/2371126004/1401680797","profile_background_image_url":"http://abs.twimg.com/images/themes/theme1/bg.png","name":"C danie","lang":"fr","profile_background_tile":false,"favourites_count":30,"screen_name":"CdanielaDaniela","notifications":false,"url":null,"created_at":"Tue Mar 04 00:26:25 +0000 2014","contributors_enabled":false,"time_zone":null,"protected":false,"default_profile":true,"is_translator":false},"geo":null,"in_reply_to_user_id_str":"142957691","lang":"en","created_at":"Mon Dec 15 00:59:04 +0000 2014","in_reply_to_status_id_str":"544280217104031744","place":null},
{"contributors":null,"truncated":false,"text":"@Sandra_Sully at 1pm Sydney airspace was NOT closed. I landed from Albury at that time.","in_reply_to_status_id":544280217104031744,"id":544327622595846144,"favorite_count":0,"source":"<a href=\"http://twitter.com/download/iphone\" rel=\"nofollow\">Twitter for iPhone</a>","retweeted":false,"coordinates":null,"entities":{"symbols":[],"user_mentions":[{"id":142957691,"indices":[0,13],"id_str":"142957691","screen_name":"Sandra_Sully","name":"Sandra Sully"}],"hashtags":[],"urls":[]},"in_reply_to_screen_name":"Sandra_Sully","id_str":"544327622595846144","retweet_count":0,"in_reply_to_user_id":142957691,"favorited":false,"user":{"follow_request_sent":false,"profile_use_background_image":true,"profile_text_color":"3D1957","default_profile_image":false,"id":39960718,"profile_background_image_url_https":"https://pbs.twimg.com/profile_background_images/678024992/473f2f270b90ee9688104251b03e968c.jpeg","verified":false,"profile_location":null,"profile_image_url_https":"https://pbs.twimg.com/profile_images/2686922366/b5436d989a78f70d407bb16299923b90_normal.jpeg","profile_sidebar_fill_color":"DABFE6","entities":{"url":{"urls":[{"url":"http://t.co/JFpKoQejWQ","indices":[0,22],"expanded_url":"http://sophoife.wordpress.com","display_url":"sophoife.wordpress.com"}]},"description":{"urls":[]}},"followers_count":208,"profile_sidebar_border_color":"000000","id_str":"39960718","profile_background_color":"000000","listed_count":3,"is_translation_enabled":false,"utc_offset":39600,"statuses_count":9692,"description":"Books, ballet, Arsenal, France, cricket, food, music, languages... La vie est étonnante/la vita è incredibile/life is amazing.","friends_count":173,"location":"Australia","profile_link_color":"AE00FF","profile_image_url":"http://pbs.twimg.com/profile_images/2686922366/b5436d989a78f70d407bb16299923b90_normal.jpeg","following":false,"geo_enabled":true,"profile_banner_url":"https://pbs.twimg.com/profile_banners/39960718/1349536017","profile_background_image_url":"http://pbs.twimg.com/profile_background_images/678024992/473f2f270b90ee9688104251b03e968c.jpeg","name":"Anna","lang":"en","profile_background_tile":false,"favourites_count":109,"screen_name":"sophoife","notifications":false,"url":"http://t.co/JFpKoQejWQ","created_at":"Thu May 14 09:21:14 +0000 2009","contributors_enabled":false,"time_zone":"Hobart","protected":false,"default_profile":false,"is_translator":false},"geo":null,"in_reply_to_user_id_str":"142957691","lang":"en","created_at":"Mon Dec 15 03:06:33 +0000 2014","in_reply_to_status_id_str":"544280217104031744","place":null}
]