[{"contributors":null,"truncated":false,"text":"“@Telegraph: LIVE: 'Islamists' take 20 hostages in Sydney cafe siege http://t.co/c699ko8LnQ #sydneysiege”","in_reply_to_status_id":544288135564107776,"id":544288328078467072,"favorite_count":1,"source":"<a href=\"http://twitter.com/download/iphone\" rel=\"nofollow\">Twitter for iPhone</a>","retweeted":false,"coordinates":null,"entities":{"symbols":[],"user_mentions":[{"id":16343974,"indices":[1,11],"id_str":"16343974","screen_name":"Telegraph","name":"The Telegraph"}],"hashtags":[{"indices":[92,104],"text":"sydneysiege"}],"urls":[{"url":"http://t.co/c699ko8LnQ","indices":[69,91],"expanded_url":"http://fw.to/ijXzBxP","display_url":"fw.to/ijXzBxP"}]},"in_reply_to_screen_name":"Telegraph","id_str":"544288328078467072","retweet_count":1,"in_reply_to_user_id":16343974,"favorited":false,"user":{"follow_request_sent":false,"profile_use_background_image":true,"profile_text_color":"333333","default_profile_image":false,"id":42971403,"profile_background_image_url_https":"https://abs.twimg.com/images/themes/theme15/bg.png","verified":true,"profile_location":null,"profile_image_url_https":"https://pbs.twimg.com/profile_images/530567742781669376/mxkJAcj4_normal.jpeg","profile_sidebar_fill_color":"C0DFEC","entities":{"description":{"urls":[]}},"followers_count":4400,"profile_sidebar_border_color":"FFFFFF","id_str":"42971403","profile_background_color":"022330","listed_count":181,"is_translation_enabled":false,"utc_offset":-28800,"statuses_count":11923,"description":"Freelance Correspondent @CBSNews. Catholic. Cajun. Worked w/ @kingsthings. Loved by @DrMayaAngelou. Created @NewsBreaker. Past: @KTLA @CBSSacramento @KSLA @KLFY","friends_count":1632,"location":"Los Angeles, CA","profile_link_color":"0084B4","profile_image_url":"http://pbs.twimg.com/profile_images/530567742781669376/mxkJAcj4_normal.jpeg","following":false,"geo_enabled":false,"profile_banner_url":"https://pbs.twimg.com/profile_banners/42971403/1377839534","profile_background_image_url":"http://abs.twimg.com/images/themes/theme15/bg.png","name":"David Begnaud","lang":"en","profile_background_tile":true,"favourites_count":625,"screen_name":"DavidBegnaud","notifications":false,"url":null,"created_at":"Wed May 27 21:25:45 +0000 2009","contributors_enabled":false,"time_zone":"Pacific Time (US & Canada)","protected":false,"default_profile":false,"is_translator":false},"geo":null,"in_reply_to_user_id_str":"16343974","possibly_sensitive":false,"lang":"en","created_at":"Mon Dec 15 00:30:24 +0000 2014","in_reply_to_status_id_str":"544288135564107776","place":null},
{"contributors":null,"truncated":false,"text":"@Telegraph Sending prayers to Sydney","in_reply_to_status_id":544288135564107776,"id":544288507381161984,"favorite_count":2,"source":"<a href=\"http://twitter.com\" rel=\"nofollow\">Twitter Web Client</a>","retweeted":false,"coordinates":null,"entities":{"symbols":[],"user_mentions":[{"id":16343974,"indices":[0,10],"id_str":"16343974","screen_name":"Telegraph","name":"The Telegraph"}],"hashtags":[],"urls":[]},"in_reply_to_screen_name":"Telegraph","id_str":"544288507381161984","retweet_count":0,"in_reply_to_user_id":16343974,"favorited":false,"user":{"follow_request_sent":false,"profile_use_background_image":false,"profile_text_color":"333333","default_profile_image":false,"id":335058231,"profile_background_image_url_https":"https://pbs.twimg.com/profile_background_images/344324913/252036_10150333084792905_700192904_9269388_4930308_n.jpg","verified":false,"profile_location":null,"profile_image_url_https":"https://pbs.twimg.com/profile_images/1582459474/cropped_face_normal.jpg","profile_sidebar_fill_color":"DDEEF6","entities":{"description":{"urls":[]}},"followers_count":1000,"profile_sidebar_border_color":"C0DEED","id_str":"335058231","profile_background_color":"C0DEED","listed_count":9,"is_translation_enabled":false,"utc_offset":-18000,"statuses_count":908,"description":"Aussie living in New York.  Trading Technology. Formerly@Reuters.  Opinions are my own","friends_count":384,"location":"","profile_link_color":"0084B4","profile_image_url":"http://pbs.twimg.com/profile_images/1582459474/cropped_face_normal.jpg","following":false,"geo_enabled":true,"profile_background_image_url":"http://pbs.twimg.com/profile_background_images/344324913/252036_10150333084792905_700192904_9269388_4930308_n.jpg","name":"Caroline Frith","lang":"en","profile_background_tile":false,"favourites_count":236,"screen_name":"carolinebytes","notifications":false,"url":null,"created_at":"Thu Jul 14 02:42:58 +0000 2011","contributors_enabled":false,"time_zone":"Eastern Time (US & Canada)","protected":false,"default_profile":false,"is_translator":false},"geo":null,"in_reply_to_user_id_str":"16343974","lang":"en","created_at":"Mon Dec 15 00:31:07 +0000 2014","in_reply_to_status_id_str":"544288135564107776","place":null},
{"contributors":null,"truncated":false,"text":"“@Telegraph: LIVE: 'Islamists' take 20 hostages in Sydney cafe siege http://t.co/tdDSRwoZPF #sydneysiege”","in_reply_to_status_id":544288135564107776,"id":544288670434729984,"favorite_count":0,"source":"<a href=\"http://twitter.com/#!/download/ipad\" rel=\"nofollow\">Twitter for iPad</a>","retweeted":false,"coordinates":null,"entities":{"symbols":[],"user_mentions":[{"id":16343974,"indices":[1,11],"id_str":"16343974","screen_name":"Telegraph","name":"The Telegraph"}],"hashtags":[{"indices":[92,104],"text":"sydneysiege"}],"urls":[{"url":"http://t.co/tdDSRwoZPF","indices":[69,91],"expanded_url":"http://fw.to/ijXzBxP","display_url":"fw.to/ijXzBxP"}]},"in_reply_to_screen_name":"Telegraph","id_str":"544288670434729984","retweet_count":3,"in_reply_to_user_id":16343974,"favorited":false,"user":{"follow_request_sent":false,"profile_use_background_image":true,"profile_text_color":"0A2817","default_profile_image":false,"id":17408916,"profile_background_image_url_https":"https://pbs.twimg.com/profile_background_images/530781868858167296/ZQsMVrMN.jpeg","verified":false,"profile_location":null,"profile_image_url_https":"https://pbs.twimg.com/profile_images/422230585059586049/xNr40h3G_normal.jpeg","profile_sidebar_fill_color":"D7D2BE","entities":{"url":{"urls":[{"url":"http://t.co/qBBlKsVZXJ","indices":[0,22],"expanded_url":"http://TracyLSolomon.com","display_url":"TracyLSolomon.com"}]},"description":{"urls":[]}},"followers_count":4055,"profile_sidebar_border_color":"FFFFFF","id_str":"17408916","profile_background_color":"D7D2BE","listed_count":185,"is_translation_enabled":false,"utc_offset":null,"statuses_count":90898,"description":"Freelance journalist & photographer. Human rights, anti-bullying. Follow news @ (tracysolomon.me) Instagram (tracysolomonpics) Facebook & Flickr (tracysolomon)","friends_count":3013,"location":"Tampa, Florida","profile_link_color":"075FB7","profile_image_url":"http://pbs.twimg.com/profile_images/422230585059586049/xNr40h3G_normal.jpeg","following":false,"geo_enabled":false,"profile_banner_url":"https://pbs.twimg.com/profile_banners/17408916/1389980536","profile_background_image_url":"http://pbs.twimg.com/profile_background_images/530781868858167296/ZQsMVrMN.jpeg","name":"Tracy Solomon","lang":"en","profile_background_tile":true,"favourites_count":4503,"screen_name":"tracysolomon","notifications":false,"url":"http://t.co/qBBlKsVZXJ","created_at":"Sat Nov 15 15:51:11 +0000 2008","contributors_enabled":false,"time_zone":null,"protected":false,"default_profile":false,"is_translator":false},"geo":null,"in_reply_to_user_id_str":"16343974","possibly_sensitive":false,"lang":"en","created_at":"Mon Dec 15 00:31:46 +0000 2014","in_reply_to_status_id_str":"544288135564107776","place":null},
{"contributors":null,"truncated":false,"text":"@Telegraph I hope everyone is safe and the cops get that lunatic at the cafe. Our best wishes from Turkey. #sydneysiege #MartinPlaceSiege","in_reply_to_status_id":544288135564107776,"id":544289358895779840,"favorite_count":1,"source":"<a href=\"http://twitter.com\" rel=\"nofollow\">Twitter Web Client</a>","retweeted":false,"coordinates":null,"entities":{"symbols":[],"user_mentions":[{"id":16343974,"indices":[0,10],"id_str":"16343974","screen_name":"Telegraph","name":"The Telegraph"}],"hashtags":[{"indices":[107,119],"text":"sydneysiege"},{"indices":[120,137],"text":"MartinPlaceSiege"}],"urls":[]},"in_reply_to_screen_name":"Telegraph","id_str":"544289358895779840","retweet_count":0,"in_reply_to_user_id":16343974,"favorited":false,"user":{"follow_request_sent":false,"profile_use_background_image":true,"profile_text_color":"3E4415","default_profile_image":false,"id":1523383896,"profile_background_image_url_https":"https://pbs.twimg.com/profile_background_images/460775661666185216/OYf9kvZB.jpeg","verified":false,"profile_location":null,"profile_image_url_https":"https://pbs.twimg.com/profile_images/587550707261186048/tIH9fRbv_normal.png","profile_sidebar_fill_color":"99CC33","entities":{"description":{"urls":[]}},"followers_count":331,"profile_sidebar_border_color":"FFFFFF","id_str":"1523383896","profile_background_color":"352726","listed_count":2,"is_translation_enabled":false,"utc_offset":7200,"statuses_count":3436,"description":"Empati: Bir insanın, kendisini karşısındaki insanın yerine koyarak onun duygularını ve düşüncelerini doğru olarak anlamasıdır.  // Güzel şey, uygulamak lazım.","friends_count":2001,"location":"Turkey","profile_link_color":"D02B55","profile_image_url":"http://pbs.twimg.com/profile_images/587550707261186048/tIH9fRbv_normal.png","following":false,"geo_enabled":false,"profile_banner_url":"https://pbs.twimg.com/profile_banners/1523383896/1401366421","profile_background_image_url":"http://pbs.twimg.com/profile_background_images/460775661666185216/OYf9kvZB.jpeg","name":"Eda","lang":"en","profile_background_tile":false,"favourites_count":325,"screen_name":"DogruYolBaris","notifications":false,"url":null,"created_at":"Sun Jun 16 22:49:47 +0000 2013","contributors_enabled":false,"time_zone":"Istanbul","protected":false,"default_profile":false,"is_translator":false},"geo":null,"in_reply_to_user_id_str":"16343974","lang":"en","created_at":"Mon Dec 15 00:34:30 +0000 2014","in_reply_to_status_id_str":"544288135564107776","place":null},
{"contributors":null,"truncated":false,"text":"@Telegraph When are white people going to wake up to the fact they harbour a people and ideology that seeks to annihilate them?","in_reply_to_status_id":544288135564107776,"id":544289638761119745,"favorite_count":2,"source":"<a href=\"http://twitter.com\" rel=\"nofollow\">Twitter Web Client</a>","retweeted":false,"coordinates":null,"entities":{"symbols":[],"user_mentions":[{"id":16343974,"indices":[0,10],"id_str":"16343974","screen_name":"Telegraph","name":"The Telegraph"}],"hashtags":[],"urls":[]},"in_reply_to_screen_name":"Telegraph","id_str":"544289638761119745","retweet_count":1,"in_reply_to_user_id":16343974,"favorited":false,"user":{"follow_request_sent":false,"profile_use_background_image":true,"profile_text_color":"333333","default_profile_image":false,"id":564805917,"profile_background_image_url_https":"https://abs.twimg.com/images/themes/theme14/bg.gif","verified":false,"profile_location":null,"profile_image_url_https":"https://pbs.twimg.com/profile_images/438395584114737152/5538wadI_normal.png","profile_sidebar_fill_color":"EFEFEF","entities":{"description":{"urls":[]}},"followers_count":179,"profile_sidebar_border_color":"000000","id_str":"564805917","profile_background_color":"131516","listed_count":6,"is_translation_enabled":false,"utc_offset":0,"statuses_count":1015,"description":"Tolerance is Obedience","friends_count":219,"location":"MGTOW","profile_link_color":"009999","profile_image_url":"http://pbs.twimg.com/profile_images/438395584114737152/5538wadI_normal.png","following":false,"geo_enabled":false,"profile_banner_url":"https://pbs.twimg.com/profile_banners/564805917/1393356646","profile_background_image_url":"http://abs.twimg.com/images/themes/theme14/bg.gif","name":"Mr Ominous","lang":"en","profile_background_tile":true,"favourites_count":816,"screen_name":"Mr_Ominous","notifications":false,"url":null,"created_at":"Fri Apr 27 16:05:32 +0000 2012","contributors_enabled":false,"time_zone":"London","protected":false,"default_profile":false,"is_translator":false},"geo":null,"in_reply_to_user_id_str":"16343974","lang":"en","created_at":"Mon Dec 15 00:35:36 +0000 2014","in_reply_to_status_id_str":"544288135564107776","place":null},
{"contributors":null,"truncated":false,"text":"“@Telegraph: LIVE: 'Islamists' take 20 hostages in Sydney cafe siege http://t.co/4Exb7AGkhY #sydneysiege","in_reply_to_status_id":544288135564107776,"id":544289779043815424,"favorite_count":0,"source":"<a href=\"http://twitter.com/#!/download/ipad\" rel=\"nofollow\">Twitter for iPad</a>","retweeted":false,"coordinates":null,"entities":{"symbols":[],"user_mentions":[{"id":16343974,"indices":[1,11],"id_str":"16343974","screen_name":"Telegraph","name":"The Telegraph"}],"hashtags":[{"indices":[92,104],"text":"sydneysiege"}],"urls":[{"url":"http://t.co/4Exb7AGkhY","indices":[69,91],"expanded_url":"http://fw.to/ijXzBxP","display_url":"fw.to/ijXzBxP"}]},"in_reply_to_screen_name":"Telegraph","id_str":"544289779043815424","retweet_count":0,"in_reply_to_user_id":16343974,"favorited":false,"user":{"follow_request_sent":false,"profile_use_background_image":false,"profile_text_color":"333333","default_profile_image":false,"id":101791724,"profile_background_image_url_https":"https://abs.twimg.com/images/themes/theme14/bg.gif","verified":false,"profile_location":null,"profile_image_url_https":"https://pbs.twimg.com/profile_images/549563209003188225/qf6qm_1L_normal.jpeg","profile_sidebar_fill_color":"EFEFEF","entities":{"url":{"urls":[{"url":"http://t.co/klWmkr7RqZ","indices":[0,22],"expanded_url":"http://www.linkedin.com","display_url":"linkedin.com"}]},"description":{"urls":[]}},"followers_count":1024,"profile_sidebar_border_color":"FFFFFF","id_str":"101791724","profile_background_color":"131516","listed_count":23,"is_translation_enabled":false,"utc_offset":-18000,"statuses_count":5383,"description":"Senior Director Security & Fraud Risk Management. MBA, CFE, CAMS, CFCI. @steelers fan. Opinions are my own.  #Fraud #Riskmanagement  #AML #Cybercrime #Security","friends_count":1022,"location":"Montreal Canada","profile_link_color":"004599","profile_image_url":"http://pbs.twimg.com/profile_images/549563209003188225/qf6qm_1L_normal.jpeg","following":false,"geo_enabled":false,"profile_background_image_url":"http://abs.twimg.com/images/themes/theme14/bg.gif","name":"Pierre-Luc Pomerleau","lang":"en","profile_background_tile":true,"favourites_count":12,"screen_name":"PLPOM","notifications":false,"url":"http://t.co/klWmkr7RqZ","created_at":"Mon Jan 04 15:50:10 +0000 2010","contributors_enabled":false,"time_zone":"Eastern Time (US & Canada)","protected":false,"default_profile":false,"is_translator":false},"geo":null,"in_reply_to_user_id_str":"16343974","possibly_sensitive":false,"lang":"en","created_at":"Mon Dec 15 00:36:10 +0000 2014","in_reply_to_status_id_str":"544288135564107776","place":null},
{"contributors":null,"truncated":false,"text":"@Telegraph http://t.co/c5cf5ITPBP","in_reply_to_status_id":544288135564107776,"id":544289875449499648,"favorite_count":1,"source":"<a href=\"http://twitter.com/download/android\" rel=\"nofollow\">Twitter for Android</a>","retweeted":false,"coordinates":null,"entities":{"symbols":[],"user_mentions":[{"id":16343974,"indices":[0,10],"id_str":"16343974","screen_name":"Telegraph","name":"The Telegraph"}],"hashtags":[],"urls":[],"media":[{"expanded_url":"http://twitter.com/hyndemind/status/544289875449499648/photo/1","display_url":"pic.twitter.com/c5cf5ITPBP","url":"http://t.co/c5cf5ITPBP","media_url_https":"https://pbs.twimg.com/media/B420wd6CcAAXi5G.jpg","id_str":"544289874736476160","sizes":{"small":{"h":176,"resize":"fit","w":340},"large":{"h":260,"resize":"fit","w":500},"medium":{"h":260,"resize":"fit","w":500},"thumb":{"h":150,"resize":"crop","w":150}},"indices":[11,33],"type":"photo","id":544289874736476160,"media_url":"http://pbs.twimg.com/media/B420wd6CcAAXi5G.jpg"}]},"in_reply_to_screen_name":"Telegraph","id_str":"544289875449499648","retweet_count":0,"in_reply_to_user_id":16343974,"favorited":false,"user":{"follow_request_sent":false,"profile_use_background_image":true,"profile_text_color":"333333","default_profile_image":false,"id":885667550,"profile_background_image_url_https":"https://abs.twimg.com/images/themes/theme1/bg.png","verified":false,"profile_location":null,"profile_image_url_https":"https://pbs.twimg.com/profile_images/546714938006200320/CoT4VXu2_normal.jpeg","profile_sidebar_fill_color":"DDEEF6","entities":{"description":{"urls":[]}},"followers_count":36,"profile_sidebar_border_color":"C0DEED","id_str":"885667550","profile_background_color":"C0DEED","listed_count":0,"is_translation_enabled":false,"utc_offset":null,"statuses_count":700,"description":"","friends_count":93,"location":"beverly hills","profile_link_color":"0084B4","profile_image_url":"http://pbs.twimg.com/profile_images/546714938006200320/CoT4VXu2_normal.jpeg","following":false,"geo_enabled":false,"profile_banner_url":"https://pbs.twimg.com/profile_banners/885667550/1411522657","profile_background_image_url":"http://abs.twimg.com/images/themes/theme1/bg.png","name":"ronnie sanchez","lang":"en","profile_background_tile":false,"favourites_count":920,"screen_name":"hyndemind","notifications":false,"url":null,"created_at":"Wed Oct 17 00:45:08 +0000 2012","contributors_enabled":false,"time_zone":null,"protected":false,"default_profile":true,"is_translator":false},"geo":null,"in_reply_to_user_id_str":"16343974","possibly_sensitive":false,"lang":"und","created_at":"Mon Dec 15 00:36:33 +0000 2014","in_reply_to_status_id_str":"544288135564107776","place":null,"extended_entities":{"media":[{"expanded_url":"http://twitter.com/hyndemind/status/544289875449499648/photo/1","display_url":"pic.twitter.com/c5cf5ITPBP","url":"http://t.co/c5cf5ITPBP","media_url_https":"https://pbs.twimg.com/media/B420wd6CcAAXi5G.jpg","id_str":"544289874736476160","sizes":{"small":{"h":176,"resize":"fit","w":340},"large":{"h":260,"resize":"fit","w":500},"medium":{"h":260,"resize":"fit","w":500},"thumb":{"h":150,"resize":"crop","w":150}},"indices":[11,33],"type":"photo","id":544289874736476160,"media_url":"http://pbs.twimg.com/media/B420wd6CcAAXi5G.jpg"}]}},
{"contributors":null,"truncated":false,"text":"@Telegraph Poor souls God shield and protect them..","in_reply_to_status_id":544288135564107776,"id":544293071996071936,"favorite_count":0,"source":"<a href=\"http://twitter.com\" rel=\"nofollow\">Twitter Web Client</a>","retweeted":false,"coordinates":null,"entities":{"symbols":[],"user_mentions":[{"id":16343974,"indices":[0,10],"id_str":"16343974","screen_name":"Telegraph","name":"The Telegraph"}],"hashtags":[],"urls":[]},"in_reply_to_screen_name":"Telegraph","id_str":"544293071996071936","retweet_count":0,"in_reply_to_user_id":16343974,"favorited":false,"user":{"follow_request_sent":false,"profile_use_background_image":true,"profile_text_color":"333333","default_profile_image":false,"id":520401044,"profile_background_image_url_https":"https://abs.twimg.com/images/themes/theme1/bg.png","verified":false,"profile_location":null,"profile_image_url_https":"https://pbs.twimg.com/profile_images/566433351385366530/0BFH2HLJ_normal.jpeg","profile_sidebar_fill_color":"DDEEF6","entities":{"url":{"urls":[{"url":"http://t.co/nEsCUP2Wrk","indices":[0,22],"expanded_url":"http://www.lulu.com/shop/search.ep?contributorId=1076280","display_url":"lulu.com/shop/search.ep…"}]},"description":{"urls":[]}},"followers_count":379,"profile_sidebar_border_color":"C0DEED","id_str":"520401044","profile_background_color":"C0DEED","listed_count":0,"is_translation_enabled":false,"utc_offset":0,"statuses_count":6923,"description":"RTs DO NOT ALWAYS = endorsements","friends_count":417,"location":"","profile_link_color":"0084B4","profile_image_url":"http://pbs.twimg.com/profile_images/566433351385366530/0BFH2HLJ_normal.jpeg","following":false,"geo_enabled":false,"profile_banner_url":"https://pbs.twimg.com/profile_banners/520401044/1418439514","profile_background_image_url":"http://abs.twimg.com/images/themes/theme1/bg.png","name":"Dodie ","lang":"en","profile_background_tile":false,"favourites_count":705,"screen_name":"DodiePrill","notifications":false,"url":"http://t.co/nEsCUP2Wrk","created_at":"Sat Mar 10 13:34:53 +0000 2012","contributors_enabled":false,"time_zone":"Casablanca","protected":false,"default_profile":true,"is_translator":false},"geo":null,"in_reply_to_user_id_str":"16343974","lang":"en","created_at":"Mon Dec 15 00:49:15 +0000 2014","in_reply_to_status_id_str":"544288135564107776","place":null},
{"contributors":null,"truncated":false,"text":"@Telegraph \"islamists\" like seriously,ISLAM means PEACE.please ask your editor to look into stuff before posting.people lives is at stake.","in_reply_to_status_id":544288135564107776,"id":544294073042239488,"favorite_count":0,"source":"<a href=\"http://blackberry.com/twitter\" rel=\"nofollow\">Twitter for BlackBerry®</a>","retweeted":false,"coordinates":null,"entities":{"symbols":[],"user_mentions":[{"id":16343974,"indices":[0,10],"id_str":"16343974","screen_name":"Telegraph","name":"The Telegraph"}],"hashtags":[],"urls":[]},"in_reply_to_screen_name":"Telegraph","id_str":"544294073042239488","retweet_count":0,"in_reply_to_user_id":16343974,"favorited":false,"user":{"follow_request_sent":false,"profile_use_background_image":true,"profile_text_color":"333333","default_profile_image":false,"id":564810855,"profile_background_image_url_https":"https://abs.twimg.com/images/themes/theme1/bg.png","verified":false,"profile_location":null,"profile_image_url_https":"https://pbs.twimg.com/profile_images/3209105950/75674e805992f878b68f2d063ce93518_normal.jpeg","profile_sidebar_fill_color":"DDEEF6","entities":{"description":{"urls":[]}},"followers_count":49,"profile_sidebar_border_color":"C0DEED","id_str":"564810855","profile_background_color":"C0DEED","listed_count":0,"is_translation_enabled":false,"utc_offset":null,"statuses_count":188,"description":"Son2 Alyu Umar bamalli  and hadiza bamalli,husband to UmaimaH,and father to khadijah bamalli.","friends_count":174,"location":"Kd/abj","profile_link_color":"0084B4","profile_image_url":"http://pbs.twimg.com/profile_images/3209105950/75674e805992f878b68f2d063ce93518_normal.jpeg","following":false,"geo_enabled":false,"profile_background_image_url":"http://abs.twimg.com/images/themes/theme1/bg.png","name":"Usman Aliyu","lang":"en","profile_background_tile":false,"favourites_count":3,"screen_name":"SirUsiee","notifications":false,"url":null,"created_at":"Fri Apr 27 16:12:21 +0000 2012","contributors_enabled":false,"time_zone":null,"protected":false,"default_profile":true,"is_translator":false},"geo":null,"in_reply_to_user_id_str":"16343974","lang":"en","created_at":"Mon Dec 15 00:53:14 +0000 2014","in_reply_to_status_id_str":"544288135564107776","place":null},
{"contributors":null,"truncated":false,"text":"@Telegraph this incident sound like another regulation conspiracy against the muslims in Australia #Stopvictimisemuslims","in_reply_to_status_id":544288135564107776,"id":544295475210633216,"favorite_count":0,"source":"<a href=\"http://twitter.com/download/iphone\" rel=\"nofollow\">Twitter for iPhone</a>","retweeted":false,"coordinates":null,"entities":{"symbols":[],"user_mentions":[{"id":16343974,"indices":[0,10],"id_str":"16343974","screen_name":"Telegraph","name":"The Telegraph"}],"hashtags":[{"indices":[99,120],"text":"Stopvictimisemuslims"}],"urls":[]},"in_reply_to_screen_name":"Telegraph","id_str":"544295475210633216","retweet_count":0,"in_reply_to_user_id":16343974,"favorited":false,"user":{"follow_request_sent":false,"profile_use_background_image":true,"profile_text_color":"333333","default_profile_image":false,"id":2748656645,"profile_background_image_url_https":"https://abs.twimg.com/images/themes/theme1/bg.png","verified":false,"profile_location":null,"profile_image_url_https":"https://pbs.twimg.com/profile_images/544471261456662529/qFOWd7HQ_normal.jpeg","profile_sidebar_fill_color":"DDEEF6","entities":{"description":{"urls":[]}},"followers_count":350,"profile_sidebar_border_color":"C0DEED","id_str":"2748656645","profile_background_color":"C0DEED","listed_count":5,"is_translation_enabled":false,"utc_offset":null,"statuses_count":5703,"description":"Duniya is nothing more then a deception You fall into it too hard and You are done for the hereafter #Sunni #muslim #coyi","friends_count":278,"location":"Whufc","profile_link_color":"0084B4","profile_image_url":"http://pbs.twimg.com/profile_images/544471261456662529/qFOWd7HQ_normal.jpeg","following":false,"geo_enabled":false,"profile_banner_url":"https://pbs.twimg.com/profile_banners/2748656645/1411693126","profile_background_image_url":"http://abs.twimg.com/images/themes/theme1/bg.png","name":"Irons","lang":"en","profile_background_tile":false,"favourites_count":1033,"screen_name":"MaghrebiTaher","notifications":false,"url":null,"created_at":"Thu Aug 21 02:13:01 +0000 2014","contributors_enabled":false,"time_zone":null,"protected":false,"default_profile":true,"is_translator":false},"geo":null,"in_reply_to_user_id_str":"16343974","lang":"en","created_at":"Mon Dec 15 00:58:48 +0000 2014","in_reply_to_status_id_str":"544288135564107776","place":null},
{"contributors":null,"truncated":false,"text":"@Telegraph Islamists? Islamist are good people. Those hickyakers are only Terrorist, criminals","in_reply_to_status_id":544288135564107776,"id":544298553473261568,"favorite_count":2,"source":"<a href=\"http://twitter.com/download/android\" rel=\"nofollow\">Twitter for Android</a>","retweeted":false,"coordinates":null,"entities":{"symbols":[],"user_mentions":[{"id":16343974,"indices":[0,10],"id_str":"16343974","screen_name":"Telegraph","name":"The Telegraph"}],"hashtags":[],"urls":[]},"in_reply_to_screen_name":"Telegraph","id_str":"544298553473261568","retweet_count":0,"in_reply_to_user_id":16343974,"favorited":false,"user":{"follow_request_sent":false,"profile_use_background_image":true,"profile_text_color":"3D1957","default_profile_image":false,"id":39646031,"profile_background_image_url_https":"https://abs.twimg.com/images/themes/theme10/bg.gif","verified":false,"profile_location":null,"profile_image_url_https":"https://pbs.twimg.com/profile_images/1126563226/123_normal.JPG","profile_sidebar_fill_color":"7AC3EE","entities":{"description":{"urls":[]}},"followers_count":358,"profile_sidebar_border_color":"65B0DA","id_str":"39646031","profile_background_color":"642D8B","listed_count":2,"is_translation_enabled":false,"utc_offset":-16200,"statuses_count":14947,"description":"Cuidando a los más pequeñitos","friends_count":198,"location":"Worldwide","profile_link_color":"FF0000","profile_image_url":"http://pbs.twimg.com/profile_images/1126563226/123_normal.JPG","following":false,"geo_enabled":false,"profile_background_image_url":"http://abs.twimg.com/images/themes/theme10/bg.gif","name":"Chefita","lang":"es","profile_background_tile":true,"favourites_count":34,"screen_name":"chefacastro","notifications":false,"url":null,"created_at":"Wed May 13 00:54:16 +0000 2009","contributors_enabled":false,"time_zone":"Caracas","protected":false,"default_profile":false,"is_translator":false},"geo":null,"in_reply_to_user_id_str":"16343974","lang":"en","created_at":"Mon Dec 15 01:11:02 +0000 2014","in_reply_to_status_id_str":"544288135564107776","place":null},
{"contributors":null,"truncated":false,"text":"@Telegraph the best tweet","in_reply_to_status_id":544288135564107776,"id":544300062843887616,"favorite_count":0,"source":"<a href=\"http://twitter.com\" rel=\"nofollow\">Twitter Web Client</a>","retweeted":false,"coordinates":null,"entities":{"symbols":[],"user_mentions":[{"id":16343974,"indices":[0,10],"id_str":"16343974","screen_name":"Telegraph","name":"The Telegraph"}],"hashtags":[],"urls":[]},"in_reply_to_screen_name":"Telegraph","id_str":"544300062843887616","retweet_count":0,"in_reply_to_user_id":16343974,"favorited":false,"user":{"follow_request_sent":false,"profile_use_background_image":true,"profile_text_color":"333333","default_profile_image":false,"id":2728348725,"profile_background_image_url_https":"https://abs.twimg.com/images/themes/theme1/bg.png","verified":false,"profile_location":null,"profile_image_url_https":"https://pbs.twimg.com/profile_images/494185370683072512/4SQ3Q7Ef_normal.jpeg","profile_sidebar_fill_color":"DDEEF6","entities":{"description":{"urls":[]}},"followers_count":658,"profile_sidebar_border_color":"C0DEED","id_str":"2728348725","profile_background_color":"C0DEED","listed_count":0,"is_translation_enabled":false,"utc_offset":null,"statuses_count":2405,"description":"Zombie trailblazer. Alcohol fan. Student. Typical organizer. Lifelong thinker.","friends_count":813,"location":"Pelican","profile_link_color":"0084B4","profile_image_url":"http://pbs.twimg.com/profile_images/494185370683072512/4SQ3Q7Ef_normal.jpeg","following":false,"geo_enabled":false,"profile_banner_url":"https://pbs.twimg.com/profile_banners/2728348725/1406658237","profile_background_image_url":"http://abs.twimg.com/images/themes/theme1/bg.png","name":"Pei Donato","lang":"en","profile_background_tile":false,"favourites_count":1,"screen_name":"DonatoPei","notifications":false,"url":null,"created_at":"Tue Jul 29 18:06:42 +0000 2014","contributors_enabled":false,"time_zone":null,"protected":false,"default_profile":true,"is_translator":false},"geo":null,"in_reply_to_user_id_str":"16343974","lang":"en","created_at":"Mon Dec 15 01:17:02 +0000 2014","in_reply_to_status_id_str":"544288135564107776","place":null},
{"contributors":null,"truncated":false,"text":"@Telegraph Sad Prayers for all involved\n#sydneysiege","in_reply_to_status_id":544288135564107776,"id":544301296288030720,"favorite_count":0,"source":"<a href=\"http://twitter.com/download/android\" rel=\"nofollow\">Twitter for Android</a>","retweeted":false,"coordinates":null,"entities":{"symbols":[],"user_mentions":[{"id":16343974,"indices":[0,10],"id_str":"16343974","screen_name":"Telegraph","name":"The Telegraph"}],"hashtags":[{"indices":[40,52],"text":"sydneysiege"}],"urls":[]},"in_reply_to_screen_name":"Telegraph","id_str":"544301296288030720","retweet_count":0,"in_reply_to_user_id":16343974,"favorited":false,"user":{"follow_request_sent":false,"profile_use_background_image":true,"profile_text_color":"333333","default_profile_image":false,"id":400849604,"profile_background_image_url_https":"https://pbs.twimg.com/profile_background_images/692507962/b3c19ed370697fe385265430aecdb9f8.jpeg","verified":false,"profile_location":null,"profile_image_url_https":"https://pbs.twimg.com/profile_images/588764534980096001/-cWRHcrf_normal.jpg","profile_sidebar_fill_color":"F6F6F6","entities":{"url":{"urls":[{"url":"https://t.co/0aGqFxFXA6","indices":[0,23],"expanded_url":"https://www.youtube.com/user/katmancon","display_url":"youtube.com/user/katmancon"}]},"description":{"urls":[]}},"followers_count":425,"profile_sidebar_border_color":"FFFFFF","id_str":"400849604","profile_background_color":"0E46ED","listed_count":2,"is_translation_enabled":false,"utc_offset":-14400,"statuses_count":2886,"description":"22 Years old. Born on March 19 1992 In Mineola New York. I Currently Live in Myrtle Beach South Carolina. An Orthodox Christian and Libertarian Republican","friends_count":946,"location":"Myrtle Beach","profile_link_color":"F03809","profile_image_url":"http://pbs.twimg.com/profile_images/588764534980096001/-cWRHcrf_normal.jpg","following":false,"geo_enabled":true,"profile_banner_url":"https://pbs.twimg.com/profile_banners/400849604/1406324179","profile_background_image_url":"http://pbs.twimg.com/profile_background_images/692507962/b3c19ed370697fe385265430aecdb9f8.jpeg","name":"John Katsanos","lang":"en","profile_background_tile":false,"favourites_count":1302,"screen_name":"katmancon","notifications":false,"url":"https://t.co/0aGqFxFXA6","created_at":"Sat Oct 29 17:26:53 +0000 2011","contributors_enabled":false,"time_zone":"Atlantic Time (Canada)","protected":false,"default_profile":false,"is_translator":false},"geo":null,"in_reply_to_user_id_str":"16343974","lang":"en","created_at":"Mon Dec 15 01:21:56 +0000 2014","in_reply_to_status_id_str":"544288135564107776","place":null},
{"contributors":null,"truncated":false,"text":"@SirUsiee @Telegraph no it does not http://t.co/dGdh7Vl0FZ","in_reply_to_status_id":544294073042239488,"id":544305501727887360,"favorite_count":0,"source":"<a href=\"http://twitter.com/download/iphone\" rel=\"nofollow\">Twitter for iPhone</a>","retweeted":false,"coordinates":null,"entities":{"symbols":[],"user_mentions":[{"id":564810855,"indices":[0,9],"id_str":"564810855","screen_name":"SirUsiee","name":"Usman Aliyu"},{"id":16343974,"indices":[10,20],"id_str":"16343974","screen_name":"Telegraph","name":"The Telegraph"}],"hashtags":[],"urls":[{"url":"http://t.co/dGdh7Vl0FZ","indices":[36,58],"expanded_url":"http://www.thereligionofpeace.com","display_url":"thereligionofpeace.com"}]},"in_reply_to_screen_name":"SirUsiee","id_str":"544305501727887360","retweet_count":0,"in_reply_to_user_id":564810855,"favorited":false,"user":{"follow_request_sent":false,"profile_use_background_image":true,"profile_text_color":"333333","default_profile_image":false,"id":49324978,"profile_background_image_url_https":"https://abs.twimg.com/images/themes/theme1/bg.png","verified":false,"profile_location":null,"profile_image_url_https":"https://pbs.twimg.com/profile_images/1228545719/liberty_normal.jpg","profile_sidebar_fill_color":"DDEEF6","entities":{"description":{"urls":[]}},"followers_count":13461,"profile_sidebar_border_color":"C0DEED","id_str":"49324978","profile_background_color":"C0DEED","listed_count":223,"is_translation_enabled":false,"utc_offset":-28800,"statuses_count":8362,"description":"conservative and independent news","friends_count":13508,"location":"Outside the Beltway","profile_link_color":"0084B4","profile_image_url":"http://pbs.twimg.com/profile_images/1228545719/liberty_normal.jpg","following":false,"geo_enabled":false,"profile_background_image_url":"http://abs.twimg.com/images/themes/theme1/bg.png","name":"Daily News","lang":"en","profile_background_tile":false,"favourites_count":5196,"screen_name":"ellerich17","notifications":false,"url":null,"created_at":"Sun Jun 21 14:21:44 +0000 2009","contributors_enabled":false,"time_zone":"Pacific Time (US & Canada)","protected":false,"default_profile":true,"is_translator":false},"geo":null,"in_reply_to_user_id_str":"564810855","possibly_sensitive":false,"lang":"en","created_at":"Mon Dec 15 01:38:38 +0000 2014","in_reply_to_status_id_str":"544294073042239488","place":null},
{"contributors":null,"truncated":false,"text":"@Telegraph @ellerich17 your dads balls. Its one guy thats taken hostages. Facking cunts. Why are you blaming a releigion for one lost cause?","in_reply_to_status_id":544288135564107776,"id":544309691103576064,"favorite_count":1,"source":"<a href=\"http://twitter.com/download/android\" rel=\"nofollow\">Twitter for Android</a>","retweeted":false,"coordinates":null,"entities":{"symbols":[],"user_mentions":[{"id":16343974,"indices":[0,10],"id_str":"16343974","screen_name":"Telegraph","name":"The Telegraph"},{"id":49324978,"indices":[11,22],"id_str":"49324978","screen_name":"ellerich17","name":"Daily News"}],"hashtags":[],"urls":[]},"in_reply_to_screen_name":"Telegraph","id_str":"544309691103576064","retweet_count":0,"in_reply_to_user_id":16343974,"favorited":false,"user":{"follow_request_sent":false,"profile_use_background_image":true,"profile_text_color":"333333","default_profile_image":false,"id":2541012268,"profile_background_image_url_https":"https://abs.twimg.com/images/themes/theme1/bg.png","verified":false,"profile_location":null,"profile_image_url_https":"https://pbs.twimg.com/profile_images/541611960660684800/fts73BST_normal.jpeg","profile_sidebar_fill_color":"DDEEF6","entities":{"description":{"urls":[]}},"followers_count":28,"profile_sidebar_border_color":"C0DEED","id_str":"2541012268","profile_background_color":"C0DEED","listed_count":0,"is_translation_enabled":false,"utc_offset":null,"statuses_count":264,"description":"16|England","friends_count":147,"location":"","profile_link_color":"0084B4","profile_image_url":"http://pbs.twimg.com/profile_images/541611960660684800/fts73BST_normal.jpeg","following":false,"geo_enabled":false,"profile_banner_url":"https://pbs.twimg.com/profile_banners/2541012268/1417720673","profile_background_image_url":"http://abs.twimg.com/images/themes/theme1/bg.png","name":"Umar","lang":"en","profile_background_tile":false,"favourites_count":86,"screen_name":"umar9714","notifications":false,"url":null,"created_at":"Sun May 11 13:35:52 +0000 2014","contributors_enabled":false,"time_zone":null,"protected":false,"default_profile":true,"is_translator":false},"geo":null,"in_reply_to_user_id_str":"16343974","lang":"en","created_at":"Mon Dec 15 01:55:17 +0000 2014","in_reply_to_status_id_str":"544288135564107776","place":null},
{"contributors":null,"truncated":false,"text":"@Telegraph @ellerich17 Ignorant bastards. Typical news media. Fxck y'all.","in_reply_to_status_id":544288135564107776,"id":544310108424273921,"favorite_count":2,"source":"<a href=\"http://twitter.com/download/android\" rel=\"nofollow\">Twitter for Android</a>","retweeted":false,"coordinates":null,"entities":{"symbols":[],"user_mentions":[{"id":16343974,"indices":[0,10],"id_str":"16343974","screen_name":"Telegraph","name":"The Telegraph"},{"id":49324978,"indices":[11,22],"id_str":"49324978","screen_name":"ellerich17","name":"Daily News"}],"hashtags":[],"urls":[]},"in_reply_to_screen_name":"Telegraph","id_str":"544310108424273921","retweet_count":0,"in_reply_to_user_id":16343974,"favorited":false,"user":{"follow_request_sent":false,"profile_use_background_image":true,"profile_text_color":"333333","default_profile_image":false,"id":2541012268,"profile_background_image_url_https":"https://abs.twimg.com/images/themes/theme1/bg.png","verified":false,"profile_location":null,"profile_image_url_https":"https://pbs.twimg.com/profile_images/541611960660684800/fts73BST_normal.jpeg","profile_sidebar_fill_color":"DDEEF6","entities":{"description":{"urls":[]}},"followers_count":28,"profile_sidebar_border_color":"C0DEED","id_str":"2541012268","profile_background_color":"C0DEED","listed_count":0,"is_translation_enabled":false,"utc_offset":null,"statuses_count":264,"description":"16|England","friends_count":147,"location":"","profile_link_color":"0084B4","profile_image_url":"http://pbs.twimg.com/profile_images/541611960660684800/fts73BST_normal.jpeg","following":false,"geo_enabled":false,"profile_banner_url":"https://pbs.twimg.com/profile_banners/2541012268/1417720673","profile_background_image_url":"http://abs.twimg.com/images/themes/theme1/bg.png","name":"Umar","lang":"en","profile_background_tile":false,"favourites_count":86,"screen_name":"umar9714","notifications":false,"url":null,"created_at":"Sun May 11 13:35:52 +0000 2014","contributors_enabled":false,"time_zone":null,"protected":false,"default_profile":true,"is_translator":false},"geo":null,"in_reply_to_user_id_str":"16343974","lang":"en","created_at":"Mon Dec 15 01:56:57 +0000 2014","in_reply_to_status_id_str":"544288135564107776","place":null},
{"contributors":null,"truncated":false,"text":"@Telegraph alarmists tweet sensationalist headlines","in_reply_to_status_id":544288135564107776,"id":544372319582302208,"favorite_count":0,"source":"<a href=\"http://twitter.com/download/iphone\" rel=\"nofollow\">Twitter for iPhone</a>","retweeted":false,"coordinates":null,"entities":{"symbols":[],"user_mentions":[{"id":16343974,"indices":[0,10],"id_str":"16343974","screen_name":"Telegraph","name":"The Telegraph"}],"hashtags":[],"urls":[]},"in_reply_to_screen_name":"Telegraph","id_str":"544372319582302208","retweet_count":0,"in_reply_to_user_id":16343974,"favorited":false,"user":{"follow_request_sent":false,"profile_use_background_image":true,"profile_text_color":"663B12","default_profile_image":false,"id":29588794,"profile_background_image_url_https":"https://pbs.twimg.com/profile_background_images/189695408/panther1.jpg","verified":false,"profile_location":null,"profile_image_url_https":"https://pbs.twimg.com/profile_images/472530190157881345/ZGmU4HUn_normal.jpeg","profile_sidebar_fill_color":"DAECF4","entities":{"url":{"urls":[{"url":"http://t.co/KeWcJFnr0J","indices":[0,22],"expanded_url":"http://www.jamesladdcode.com","display_url":"jamesladdcode.com"}]},"description":{"urls":[]}},"followers_count":713,"profile_sidebar_border_color":"C6E2EE","id_str":"29588794","profile_background_color":"C6E2EE","listed_count":41,"is_translation_enabled":false,"utc_offset":39600,"statuses_count":12332,"description":"Agile Ruby/Java/Smalltalk/Assembler Developer - ladd.james@gmail.com","friends_count":315,"location":"Australia","profile_link_color":"1F98C7","profile_image_url":"http://pbs.twimg.com/profile_images/472530190157881345/ZGmU4HUn_normal.jpeg","following":false,"geo_enabled":true,"profile_background_image_url":"http://pbs.twimg.com/profile_background_images/189695408/panther1.jpg","name":"James Ladd","lang":"en","profile_background_tile":true,"favourites_count":788,"screen_name":"jamesladd","notifications":false,"url":"http://t.co/KeWcJFnr0J","created_at":"Wed Apr 08 00:22:54 +0000 2009","contributors_enabled":false,"time_zone":"Melbourne","protected":false,"default_profile":false,"is_translator":false},"geo":null,"in_reply_to_user_id_str":"16343974","lang":"en","created_at":"Mon Dec 15 06:04:09 +0000 2014","in_reply_to_status_id_str":"544288135564107776","place":null},
{"contributors":null,"truncated":false,"text":"@ellerich17 please try and differentiate muslims,and \"jewishMisslem\" conspiracy is involved,but my bet u already know http://t.co/HxXx0sIUG3","in_reply_to_status_id":544305501727887360,"id":544443349022027776,"favorite_count":0,"source":"<a href=\"http://blackberry.com/twitter\" rel=\"nofollow\">Twitter for BlackBerry®</a>","retweeted":false,"coordinates":null,"entities":{"symbols":[],"user_mentions":[{"id":49324978,"indices":[0,11],"id_str":"49324978","screen_name":"ellerich17","name":"Daily News"}],"hashtags":[],"urls":[],"media":[{"expanded_url":"http://twitter.com/SirUsiee/status/544443349022027776/photo/1","display_url":"pic.twitter.com/HxXx0sIUG3","url":"http://t.co/HxXx0sIUG3","media_url_https":"https://pbs.twimg.com/media/B45AV2AIgAAtl2l.jpg","id_str":"544443348975910912","sizes":{"large":{"h":480,"resize":"fit","w":640},"small":{"h":255,"resize":"fit","w":340},"medium":{"h":450,"resize":"fit","w":600},"thumb":{"h":150,"resize":"crop","w":150}},"indices":[118,140],"type":"photo","id":544443348975910912,"media_url":"http://pbs.twimg.com/media/B45AV2AIgAAtl2l.jpg"}]},"in_reply_to_screen_name":"ellerich17","id_str":"544443349022027776","retweet_count":0,"in_reply_to_user_id":49324978,"favorited":false,"user":{"follow_request_sent":false,"profile_use_background_image":true,"profile_text_color":"333333","default_profile_image":false,"id":564810855,"profile_background_image_url_https":"https://abs.twimg.com/images/themes/theme1/bg.png","verified":false,"profile_location":null,"profile_image_url_https":"https://pbs.twimg.com/profile_images/3209105950/75674e805992f878b68f2d063ce93518_normal.jpeg","profile_sidebar_fill_color":"DDEEF6","entities":{"description":{"urls":[]}},"followers_count":49,"profile_sidebar_border_color":"C0DEED","id_str":"564810855","profile_background_color":"C0DEED","listed_count":0,"is_translation_enabled":false,"utc_offset":null,"statuses_count":188,"description":"Son2 Alyu Umar bamalli  and hadiza bamalli,husband to UmaimaH,and father to khadijah bamalli.","friends_count":175,"location":"Kd/abj","profile_link_color":"0084B4","profile_image_url":"http://pbs.twimg.com/profile_images/3209105950/75674e805992f878b68f2d063ce93518_normal.jpeg","following":false,"geo_enabled":false,"profile_background_image_url":"http://abs.twimg.com/images/themes/theme1/bg.png","name":"Usman Aliyu","lang":"en","profile_background_tile":false,"favourites_count":3,"screen_name":"SirUsiee","notifications":false,"url":null,"created_at":"Fri Apr 27 16:12:21 +0000 2012","contributors_enabled":false,"time_zone":null,"protected":false,"default_profile":true,"is_translator":false},"geo":null,"in_reply_to_user_id_str":"49324978","possibly_sensitive":false,"lang":"en","created_at":"Mon Dec 15 10:46:24 +0000 2014","in_reply_to_status_id_str":"544305501727887360","place":null,"extended_entities":{"media":[{"expanded_url":"http://twitter.com/SirUsiee/status/544443349022027776/photo/1","display_url":"pic.twitter.com/HxXx0sIUG3","url":"http://t.co/HxXx0sIUG3","media_url_https":"https://pbs.twimg.com/media/B45AV2AIgAAtl2l.jpg","id_str":"544443348975910912","sizes":{"large":{"h":480,"resize":"fit","w":640},"small":{"h":255,"resize":"fit","w":340},"medium":{"h":450,"resize":"fit","w":600},"thumb":{"h":150,"resize":"crop","w":150}},"indices":[118,140],"type":"photo","id":544443348975910912,"media_url":"http://pbs.twimg.com/media/B45AV2AIgAAtl2l.jpg"}]}}
]