{"contributors":null,"truncated":false,"text":"ABC understands the national security committee of cabinet has just wrapped up a meeting about the #sydneysiege http:\/\/t.co\/7NdqPYhwcY","in_reply_to_status_id":null,"id":544287991959539713,"favorite_count":16,"source":"<a href=\"https:\/\/about.twitter.com\/products\/tweetdeck\" rel=\"nofollow\">TweetDeck<\/a>","retweeted":false,"coordinates":null,"entities":{"symbols":[],"user_mentions":[],"hashtags":[{"indices":[99,111],"text":"sydneysiege"}],"urls":[{"url":"http:\/\/t.co\/7NdqPYhwcY","indices":[112,134],"expanded_url":"http:\/\/ab.co\/1zmdiru","display_url":"ab.co\/1zmdiru"}]},"in_reply_to_screen_name":null,"id_str":"544287991959539713","retweet_count":103,"in_reply_to_user_id":null,"favorited":false,"user":{"follow_request_sent":false,"profile_use_background_image":true,"profile_text_color":"000000","default_profile_image":false,"id":2768501,"profile_background_image_url_https":"https:\/\/pbs.twimg.com\/profile_background_images\/384697135\/News_Twitter-background.jpg","verified":true,"profile_location":null,"profile_image_url_https":"https:\/\/pbs.twimg.com\/profile_images\/2926053458\/8447650cdcc90a0dfdc522b8f6f06173_normal.jpeg","profile_sidebar_fill_color":"C8C8C8","entities":{"url":{"urls":[{"url":"http:\/\/t.co\/knlFvfwxkf","indices":[0,22],"expanded_url":"http:\/\/www.abc.net.au\/news","display_url":"abc.net.au\/news"}]},"description":{"urls":[]}},"followers_count":490187,"profile_sidebar_border_color":"CCCCCC","id_str":"2768501","profile_background_color":"000000","listed_count":8462,"is_translation_enabled":false,"utc_offset":39600,"statuses_count":141692,"description":"Latest news updates from the Australian Broadcasting Corp. This is an official @abcaustralia account.","friends_count":1063,"location":"Australia","profile_link_color":"0000FF","profile_image_url":"http:\/\/pbs.twimg.com\/profile_images\/2926053458\/8447650cdcc90a0dfdc522b8f6f06173_normal.jpeg","following":false,"geo_enabled":true,"profile_banner_url":"https:\/\/pbs.twimg.com\/profile_banners\/2768501\/1413770066","profile_background_image_url":"http:\/\/pbs.twimg.com\/profile_background_images\/384697135\/News_Twitter-background.jpg","name":"ABC News","lang":"en","profile_background_tile":false,"favourites_count":1530,"screen_name":"abcnews","notifications":false,"url":"http:\/\/t.co\/knlFvfwxkf","created_at":"Thu Mar 29 02:15:36 +0000 2007","contributors_enabled":false,"time_zone":"Sydney","protected":false,"default_profile":false,"is_translator":false},"geo":null,"in_reply_to_user_id_str":null,"possibly_sensitive":false,"lang":"en","created_at":"Mon Dec 15 00:29:04 +0000 2014","in_reply_to_status_id_str":null,"place":null}