[{"contributors":null,"truncated":false,"text":"@RT_com Shahadah flag. http://t.co/QH5KRpu6uM","in_reply_to_status_id":544285296565948416,"id":544285636401045504,"favorite_count":3,"source":"<a href=\"http://twitter.com/#!/download/ipad\" rel=\"nofollow\">Twitter for iPad</a>","retweeted":false,"coordinates":null,"entities":{"symbols":[],"user_mentions":[{"id":64643056,"indices":[0,7],"id_str":"64643056","screen_name":"RT_com","name":"RT"}],"hashtags":[],"urls":[],"media":[{"expanded_url":"http://twitter.com/JWadeMoses/status/544285636401045504/photo/1","display_url":"pic.twitter.com/QH5KRpu6uM","url":"http://t.co/QH5KRpu6uM","media_url_https":"https://pbs.twimg.com/media/B42w5eAIMAAVfBJ.jpg","id_str":"544285631334330368","sizes":{"small":{"h":167,"resize":"fit","w":340},"large":{"h":505,"resize":"fit","w":1024},"medium":{"h":295,"resize":"fit","w":600},"thumb":{"h":150,"resize":"crop","w":150}},"indices":[23,45],"type":"photo","id":544285631334330368,"media_url":"http://pbs.twimg.com/media/B42w5eAIMAAVfBJ.jpg"}]},"in_reply_to_screen_name":"RT_com","id_str":"544285636401045504","retweet_count":0,"in_reply_to_user_id":64643056,"favorited":false,"user":{"follow_request_sent":false,"profile_use_background_image":true,"profile_text_color":"333333","default_profile_image":false,"id":2453850531,"profile_background_image_url_https":"https://abs.twimg.com/images/themes/theme14/bg.gif","verified":false,"profile_location":null,"profile_image_url_https":"https://pbs.twimg.com/profile_images/533067045785440256/g-SMIdYt_normal.jpeg","profile_sidebar_fill_color":"EFEFEF","entities":{"url":{"urls":[{"url":"http://t.co/7eZwSgUQs4","indices":[0,22],"expanded_url":"http://www.jonathanwade.ca","display_url":"jonathanwade.ca"}]},"description":{"urls":[]}},"followers_count":747,"profile_sidebar_border_color":"EEEEEE","id_str":"2453850531","profile_background_color":"131516","listed_count":11,"is_translation_enabled":false,"utc_offset":-18000,"statuses_count":2451,"description":"Former Canadian Soldier & #Afghanistan Combat Vet | Royal Military College of #Canada Student | Defense Consultant | Freedom of #Religion! #OPSEC Please!","friends_count":385,"location":"Canada","profile_link_color":"000000","profile_image_url":"http://pbs.twimg.com/profile_images/533067045785440256/g-SMIdYt_normal.jpeg","following":false,"geo_enabled":false,"profile_banner_url":"https://pbs.twimg.com/profile_banners/2453850531/1417141904","profile_background_image_url":"http://abs.twimg.com/images/themes/theme14/bg.gif","name":"Jonathan Wade","lang":"en-gb","profile_background_tile":true,"favourites_count":1169,"screen_name":"JWadeMoses","notifications":false,"url":"http://t.co/7eZwSgUQs4","created_at":"Wed Apr 02 02:31:59 +0000 2014","contributors_enabled":false,"time_zone":"Eastern Time (US & Canada)","protected":false,"default_profile":false,"is_translator":false},"geo":null,"in_reply_to_user_id_str":"64643056","possibly_sensitive":false,"lang":"in","created_at":"Mon Dec 15 00:19:42 +0000 2014","in_reply_to_status_id_str":"544285296565948416","place":null,"extended_entities":{"media":[{"expanded_url":"http://twitter.com/JWadeMoses/status/544285636401045504/photo/1","display_url":"pic.twitter.com/QH5KRpu6uM","url":"http://t.co/QH5KRpu6uM","media_url_https":"https://pbs.twimg.com/media/B42w5eAIMAAVfBJ.jpg","id_str":"544285631334330368","sizes":{"small":{"h":167,"resize":"fit","w":340},"large":{"h":505,"resize":"fit","w":1024},"medium":{"h":295,"resize":"fit","w":600},"thumb":{"h":150,"resize":"crop","w":150}},"indices":[23,45],"type":"photo","id":544285631334330368,"media_url":"http://pbs.twimg.com/media/B42w5eAIMAAVfBJ.jpg"}]}},
{"contributors":null,"truncated":false,"text":"@JWadeMoses @RT_com Thats not the same flag.","in_reply_to_status_id":544285636401045504,"id":544285845982044160,"favorite_count":1,"source":"<a href=\"http://www.twitter.com\" rel=\"nofollow\">Twitter for Windows Phone</a>","retweeted":false,"coordinates":null,"entities":{"symbols":[],"user_mentions":[{"id":2453850531,"indices":[0,11],"id_str":"2453850531","screen_name":"JWadeMoses","name":"Jonathan Wade"},{"id":64643056,"indices":[12,19],"id_str":"64643056","screen_name":"RT_com","name":"RT"}],"hashtags":[],"urls":[]},"in_reply_to_screen_name":"JWadeMoses","id_str":"544285845982044160","retweet_count":0,"in_reply_to_user_id":2453850531,"favorited":false,"user":{"follow_request_sent":false,"profile_use_background_image":false,"profile_text_color":"000000","default_profile_image":false,"id":184510373,"profile_background_image_url_https":"https://abs.twimg.com/images/themes/theme14/bg.gif","verified":false,"profile_location":null,"profile_image_url_https":"https://pbs.twimg.com/profile_images/542875640337149952/yhWAEPz4_normal.jpeg","profile_sidebar_fill_color":"000000","entities":{"url":{"urls":[{"url":"http://t.co/3yKBeiQfPK","indices":[0,22],"expanded_url":"http://www.facebook.com/Redfan45x","display_url":"facebook.com/Redfan45x"}]},"description":{"urls":[]}},"followers_count":105,"profile_sidebar_border_color":"000000","id_str":"184510373","profile_background_color":"000000","listed_count":2,"is_translation_enabled":false,"utc_offset":-21600,"statuses_count":872,"description":"ᚹᛟᛞᚨᚾ","friends_count":198,"location":"A forest","profile_link_color":"050505","profile_image_url":"http://pbs.twimg.com/profile_images/542875640337149952/yhWAEPz4_normal.jpeg","following":false,"geo_enabled":true,"profile_banner_url":"https://pbs.twimg.com/profile_banners/184510373/1418444506","profile_background_image_url":"http://abs.twimg.com/images/themes/theme14/bg.gif","name":"Sigmundr Úlfheðinn","lang":"en","profile_background_tile":false,"favourites_count":933,"screen_name":"Redfan45x","notifications":false,"url":"http://t.co/3yKBeiQfPK","created_at":"Sun Aug 29 19:12:27 +0000 2010","contributors_enabled":false,"time_zone":"Central Time (US & Canada)","protected":false,"default_profile":false,"is_translator":false},"geo":null,"in_reply_to_user_id_str":"2453850531","lang":"en","created_at":"Mon Dec 15 00:20:32 +0000 2014","in_reply_to_status_id_str":"544285636401045504","place":null},
{"contributors":null,"truncated":false,"text":"@Redfan45x @RT_com Its a standard Shahadah flag.","in_reply_to_status_id":544285845982044160,"id":544286137981087744,"favorite_count":0,"source":"<a href=\"http://twitter.com/#!/download/ipad\" rel=\"nofollow\">Twitter for iPad</a>","retweeted":false,"coordinates":null,"entities":{"symbols":[],"user_mentions":[{"id":184510373,"indices":[0,10],"id_str":"184510373","screen_name":"Redfan45x","name":"Sigmundr Úlfheðinn"},{"id":64643056,"indices":[11,18],"id_str":"64643056","screen_name":"RT_com","name":"RT"}],"hashtags":[],"urls":[]},"in_reply_to_screen_name":"Redfan45x","id_str":"544286137981087744","retweet_count":0,"in_reply_to_user_id":184510373,"favorited":false,"user":{"follow_request_sent":false,"profile_use_background_image":true,"profile_text_color":"333333","default_profile_image":false,"id":2453850531,"profile_background_image_url_https":"https://abs.twimg.com/images/themes/theme14/bg.gif","verified":false,"profile_location":null,"profile_image_url_https":"https://pbs.twimg.com/profile_images/533067045785440256/g-SMIdYt_normal.jpeg","profile_sidebar_fill_color":"EFEFEF","entities":{"url":{"urls":[{"url":"http://t.co/7eZwSgUQs4","indices":[0,22],"expanded_url":"http://www.jonathanwade.ca","display_url":"jonathanwade.ca"}]},"description":{"urls":[]}},"followers_count":747,"profile_sidebar_border_color":"EEEEEE","id_str":"2453850531","profile_background_color":"131516","listed_count":11,"is_translation_enabled":false,"utc_offset":-18000,"statuses_count":2451,"description":"Former Canadian Soldier & #Afghanistan Combat Vet | Royal Military College of #Canada Student | Defense Consultant | Freedom of #Religion! #OPSEC Please!","friends_count":385,"location":"Canada","profile_link_color":"000000","profile_image_url":"http://pbs.twimg.com/profile_images/533067045785440256/g-SMIdYt_normal.jpeg","following":false,"geo_enabled":false,"profile_banner_url":"https://pbs.twimg.com/profile_banners/2453850531/1417141904","profile_background_image_url":"http://abs.twimg.com/images/themes/theme14/bg.gif","name":"Jonathan Wade","lang":"en-gb","profile_background_tile":true,"favourites_count":1169,"screen_name":"JWadeMoses","notifications":false,"url":"http://t.co/7eZwSgUQs4","created_at":"Wed Apr 02 02:31:59 +0000 2014","contributors_enabled":false,"time_zone":"Eastern Time (US & Canada)","protected":false,"default_profile":false,"is_translator":false},"geo":null,"in_reply_to_user_id_str":"184510373","lang":"en","created_at":"Mon Dec 15 00:21:42 +0000 2014","in_reply_to_status_id_str":"544285845982044160","place":null},
{"contributors":null,"truncated":false,"text":"MORE: SWAT teams surround hostage capture site, #Sydney #OperaHouse evacuated http://t.co/1ZlzKDjvSf http://t.co/8MdsuZGkJU","in_reply_to_status_id":544285296565948416,"id":544286591376953345,"favorite_count":50,"source":"<a href=\"https://about.twitter.com/products/tweetdeck\" rel=\"nofollow\">TweetDeck</a>","retweeted":false,"coordinates":null,"entities":{"symbols":[],"user_mentions":[],"hashtags":[{"indices":[48,55],"text":"Sydney"},{"indices":[56,67],"text":"OperaHouse"}],"urls":[{"url":"http://t.co/1ZlzKDjvSf","indices":[78,100],"expanded_url":"http://on.rt.com/7r03cn","display_url":"on.rt.com/7r03cn"}],"media":[{"expanded_url":"http://twitter.com/RT_com/status/544286591376953345/photo/1","display_url":"pic.twitter.com/8MdsuZGkJU","url":"http://t.co/8MdsuZGkJU","media_url_https":"https://pbs.twimg.com/media/B42xuTrCEAA29R4.png","id_str":"544286539094560768","sizes":{"large":{"h":415,"resize":"fit","w":779},"small":{"h":181,"resize":"fit","w":340},"medium":{"h":319,"resize":"fit","w":600},"thumb":{"h":150,"resize":"crop","w":150}},"indices":[101,123],"type":"photo","id":544286539094560768,"media_url":"http://pbs.twimg.com/media/B42xuTrCEAA29R4.png"}]},"in_reply_to_screen_name":"RT_com","id_str":"544286591376953345","retweet_count":267,"in_reply_to_user_id":64643056,"favorited":false,"user":{"follow_request_sent":false,"profile_use_background_image":true,"profile_text_color":"000000","default_profile_image":false,"id":64643056,"profile_background_image_url_https":"https://pbs.twimg.com/profile_background_images/448107225769193472/16jIvlg2.jpeg","verified":true,"profile_location":null,"profile_image_url_https":"https://pbs.twimg.com/profile_images/423103093069205504/eTXULFRS_normal.png","profile_sidebar_fill_color":"EBEBEB","entities":{"url":{"urls":[{"url":"http://t.co/bDDyvy9DmR","indices":[0,22],"expanded_url":"http://RT.com","display_url":"RT.com"}]},"description":{"urls":[]}},"followers_count":827043,"profile_sidebar_border_color":"FFFFFF","id_str":"64643056","profile_background_color":"1D1D1D","listed_count":13380,"is_translation_enabled":false,"utc_offset":14400,"statuses_count":102986,"description":"RT, the global news network, broadcasts from Moscow, London and Washington studios to over 100 countries.","friends_count":460,"location":"","profile_link_color":"3D990F","profile_image_url":"http://pbs.twimg.com/profile_images/423103093069205504/eTXULFRS_normal.png","following":false,"geo_enabled":false,"profile_banner_url":"https://pbs.twimg.com/profile_banners/64643056/1409741388","profile_background_image_url":"http://pbs.twimg.com/profile_background_images/448107225769193472/16jIvlg2.jpeg","name":"RT","lang":"en","profile_background_tile":false,"favourites_count":24,"screen_name":"RT_com","notifications":false,"url":"http://t.co/bDDyvy9DmR","created_at":"Tue Aug 11 06:12:45 +0000 2009","contributors_enabled":false,"time_zone":"Moscow","protected":false,"default_profile":false,"is_translator":false},"geo":null,"in_reply_to_user_id_str":"64643056","possibly_sensitive":false,"lang":"en","created_at":"Mon Dec 15 00:23:30 +0000 2014","in_reply_to_status_id_str":"544285296565948416","place":null,"extended_entities":{"media":[{"expanded_url":"http://twitter.com/RT_com/status/544286591376953345/photo/1","display_url":"pic.twitter.com/8MdsuZGkJU","url":"http://t.co/8MdsuZGkJU","media_url_https":"https://pbs.twimg.com/media/B42xuTrCEAA29R4.png","id_str":"544286539094560768","sizes":{"large":{"h":415,"resize":"fit","w":779},"small":{"h":181,"resize":"fit","w":340},"medium":{"h":319,"resize":"fit","w":600},"thumb":{"h":150,"resize":"crop","w":150}},"indices":[101,123],"type":"photo","id":544286539094560768,"media_url":"http://pbs.twimg.com/media/B42xuTrCEAA29R4.png"}]}},
{"contributors":null,"truncated":false,"text":"@RT_com @Liquiidghost thats so scary its spreading","in_reply_to_status_id":544285296565948416,"id":544286649325461505,"favorite_count":2,"source":"<a href=\"http://twitter.com/download/android\" rel=\"nofollow\">Twitter for Android</a>","retweeted":false,"coordinates":null,"entities":{"symbols":[],"user_mentions":[{"id":64643056,"indices":[0,7],"id_str":"64643056","screen_name":"RT_com","name":"RT"},{"id":1345554990,"indices":[8,21],"id_str":"1345554990","screen_name":"Liquiidghost","name":"Liquid ghost"}],"hashtags":[],"urls":[]},"in_reply_to_screen_name":"RT_com","id_str":"544286649325461505","retweet_count":0,"in_reply_to_user_id":64643056,"favorited":false,"user":{"follow_request_sent":false,"profile_use_background_image":true,"profile_text_color":"333333","default_profile_image":false,"id":2376076501,"profile_background_image_url_https":"https://abs.twimg.com/images/themes/theme1/bg.png","verified":false,"profile_location":null,"profile_image_url_https":"https://pbs.twimg.com/profile_images/583061516984967169/rZq613Hr_normal.jpg","profile_sidebar_fill_color":"DDEEF6","entities":{"description":{"urls":[]}},"followers_count":2160,"profile_sidebar_border_color":"C0DEED","id_str":"2376076501","profile_background_color":"C0DEED","listed_count":23,"is_translation_enabled":false,"utc_offset":null,"statuses_count":43715,"description":"#kickboxer #animallover #funny loves to draw and doodle i was born to be real not perfect also partial to some old tunes  ( ͡° ͜ʖ ͡°) NO DMS","friends_count":1893,"location":"Alcuni dove soltanto so.","profile_link_color":"0084B4","profile_image_url":"http://pbs.twimg.com/profile_images/583061516984967169/rZq613Hr_normal.jpg","following":false,"geo_enabled":false,"profile_banner_url":"https://pbs.twimg.com/profile_banners/2376076501/1418431258","profile_background_image_url":"http://abs.twimg.com/images/themes/theme1/bg.png","name":"Sophia Marie ","lang":"en","profile_background_tile":false,"favourites_count":28539,"screen_name":"SophiaLippylips","notifications":false,"url":null,"created_at":"Thu Mar 06 23:51:10 +0000 2014","contributors_enabled":false,"time_zone":null,"protected":false,"default_profile":true,"is_translator":false},"geo":null,"in_reply_to_user_id_str":"64643056","lang":"en","created_at":"Mon Dec 15 00:23:44 +0000 2014","in_reply_to_status_id_str":"544285296565948416","place":null},
{"contributors":null,"truncated":false,"text":"@RT_com DO NOT SPREAD THIS INFO!!! DO NOT SPREAD IMAGES, TERRORISTS CAN WATCH SOCIAL MEDIA!!!","in_reply_to_status_id":544286591376953345,"id":544286762164834305,"favorite_count":2,"source":"<a href=\"http://twitter.com\" rel=\"nofollow\">Twitter Web Client</a>","retweeted":false,"coordinates":null,"entities":{"symbols":[],"user_mentions":[{"id":64643056,"indices":[0,7],"id_str":"64643056","screen_name":"RT_com","name":"RT"}],"hashtags":[],"urls":[]},"in_reply_to_screen_name":"RT_com","id_str":"544286762164834305","retweet_count":1,"in_reply_to_user_id":64643056,"favorited":false,"user":{"follow_request_sent":false,"profile_use_background_image":true,"profile_text_color":"333333","default_profile_image":false,"id":930789798,"profile_background_image_url_https":"https://pbs.twimg.com/profile_background_images/378800000165823982/9qS7QKJ1.jpeg","verified":false,"profile_location":null,"profile_image_url_https":"https://pbs.twimg.com/profile_images/585848554025025537/6Sy7n0cR_normal.jpg","profile_sidebar_fill_color":"DDEEF6","entities":{"description":{"urls":[]}},"followers_count":513,"profile_sidebar_border_color":"FFFFFF","id_str":"930789798","profile_background_color":"DBE9ED","listed_count":13,"is_translation_enabled":false,"utc_offset":3600,"statuses_count":12291,"description":"A 22 y.o. leftist #journalist, #EU-lover & #LGBT rights supporter.:) Talk 2 me:D I follow back.I run SLD Wołów twitter & fb :). #SLD #PES #Federalists","friends_count":704,"location":"European Union (US of Europe)","profile_link_color":"CC3366","profile_image_url":"http://pbs.twimg.com/profile_images/585848554025025537/6Sy7n0cR_normal.jpg","following":false,"geo_enabled":false,"profile_banner_url":"https://pbs.twimg.com/profile_banners/930789798/1409079041","profile_background_image_url":"http://pbs.twimg.com/profile_background_images/378800000165823982/9qS7QKJ1.jpeg","name":"Łukasz Lisak","lang":"pl","profile_background_tile":false,"favourites_count":2703,"screen_name":"RundfunkEuropa","notifications":false,"url":null,"created_at":"Tue Nov 06 23:59:03 +0000 2012","contributors_enabled":false,"time_zone":"Amsterdam","protected":false,"default_profile":false,"is_translator":false},"geo":null,"in_reply_to_user_id_str":"64643056","lang":"en","created_at":"Mon Dec 15 00:24:11 +0000 2014","in_reply_to_status_id_str":"544286591376953345","place":null},
{"contributors":null,"truncated":false,"text":"@RT_com STOP TWEETING PICTURE FOR OPSEC PLEASE!!!","in_reply_to_status_id":544286591376953345,"id":544286814782373888,"favorite_count":1,"source":"<a href=\"http://twitter.com/#!/download/ipad\" rel=\"nofollow\">Twitter for iPad</a>","retweeted":false,"coordinates":null,"entities":{"symbols":[],"user_mentions":[{"id":64643056,"indices":[0,7],"id_str":"64643056","screen_name":"RT_com","name":"RT"}],"hashtags":[],"urls":[]},"in_reply_to_screen_name":"RT_com","id_str":"544286814782373888","retweet_count":0,"in_reply_to_user_id":64643056,"favorited":false,"user":{"follow_request_sent":false,"profile_use_background_image":true,"profile_text_color":"333333","default_profile_image":false,"id":2453850531,"profile_background_image_url_https":"https://abs.twimg.com/images/themes/theme14/bg.gif","verified":false,"profile_location":null,"profile_image_url_https":"https://pbs.twimg.com/profile_images/533067045785440256/g-SMIdYt_normal.jpeg","profile_sidebar_fill_color":"EFEFEF","entities":{"url":{"urls":[{"url":"http://t.co/7eZwSgUQs4","indices":[0,22],"expanded_url":"http://www.jonathanwade.ca","display_url":"jonathanwade.ca"}]},"description":{"urls":[]}},"followers_count":747,"profile_sidebar_border_color":"EEEEEE","id_str":"2453850531","profile_background_color":"131516","listed_count":11,"is_translation_enabled":false,"utc_offset":-18000,"statuses_count":2451,"description":"Former Canadian Soldier & #Afghanistan Combat Vet | Royal Military College of #Canada Student | Defense Consultant | Freedom of #Religion! #OPSEC Please!","friends_count":385,"location":"Canada","profile_link_color":"000000","profile_image_url":"http://pbs.twimg.com/profile_images/533067045785440256/g-SMIdYt_normal.jpeg","following":false,"geo_enabled":false,"profile_banner_url":"https://pbs.twimg.com/profile_banners/2453850531/1417141904","profile_background_image_url":"http://abs.twimg.com/images/themes/theme14/bg.gif","name":"Jonathan Wade","lang":"en-gb","profile_background_tile":true,"favourites_count":1169,"screen_name":"JWadeMoses","notifications":false,"url":"http://t.co/7eZwSgUQs4","created_at":"Wed Apr 02 02:31:59 +0000 2014","contributors_enabled":false,"time_zone":"Eastern Time (US & Canada)","protected":false,"default_profile":false,"is_translator":false},"geo":null,"in_reply_to_user_id_str":"64643056","lang":"en","created_at":"Mon Dec 15 00:24:23 +0000 2014","in_reply_to_status_id_str":"544286591376953345","place":null},
{"contributors":null,"truncated":false,"text":"@RT_com this flag is look like front of nusra's flag","in_reply_to_status_id":544285296565948416,"id":544287122056687616,"favorite_count":1,"source":"<a href=\"http://twitter.com/download/android\" rel=\"nofollow\">Twitter for Android</a>","retweeted":false,"coordinates":null,"entities":{"symbols":[],"user_mentions":[{"id":64643056,"indices":[0,7],"id_str":"64643056","screen_name":"RT_com","name":"RT"}],"hashtags":[],"urls":[]},"in_reply_to_screen_name":"RT_com","id_str":"544287122056687616","retweet_count":0,"in_reply_to_user_id":64643056,"favorited":false,"user":{"follow_request_sent":false,"profile_use_background_image":true,"profile_text_color":"333333","default_profile_image":false,"id":93189471,"profile_background_image_url_https":"https://abs.twimg.com/images/themes/theme1/bg.png","verified":false,"profile_location":null,"profile_image_url_https":"https://pbs.twimg.com/profile_images/574007367303454721/st09Y45u_normal.jpeg","profile_sidebar_fill_color":"DDEEF6","entities":{"description":{"urls":[]}},"followers_count":70,"profile_sidebar_border_color":"C0DEED","id_str":"93189471","profile_background_color":"C0DEED","listed_count":1,"is_translation_enabled":false,"utc_offset":null,"statuses_count":5739,"description":"isyan","friends_count":281,"location":"melbourne australia","profile_link_color":"0084B4","profile_image_url":"http://pbs.twimg.com/profile_images/574007367303454721/st09Y45u_normal.jpeg","following":false,"geo_enabled":false,"profile_banner_url":"https://pbs.twimg.com/profile_banners/93189471/1416104319","profile_background_image_url":"http://abs.twimg.com/images/themes/theme1/bg.png","name":"mir","lang":"en","profile_background_tile":false,"favourites_count":402,"screen_name":"devraso","notifications":false,"url":null,"created_at":"Sat Nov 28 14:04:44 +0000 2009","contributors_enabled":false,"time_zone":null,"protected":false,"default_profile":true,"is_translator":false},"geo":null,"in_reply_to_user_id_str":"64643056","lang":"en","created_at":"Mon Dec 15 00:25:36 +0000 2014","in_reply_to_status_id_str":"544285296565948416","place":null},
{"contributors":null,"truncated":false,"text":"Is nowhere safe, without the threat of some Muslim nutjob wanting to be a martyr? @SophiaLippylips @RT_com","in_reply_to_status_id":544286649325461505,"id":544287191065952256,"favorite_count":1,"source":"<a href=\"http://twitter.com/download/android\" rel=\"nofollow\">Twitter for Android</a>","retweeted":false,"coordinates":null,"entities":{"symbols":[],"user_mentions":[{"id":2376076501,"indices":[82,98],"id_str":"2376076501","screen_name":"SophiaLippylips","name":"Sophia Marie "},{"id":64643056,"indices":[99,106],"id_str":"64643056","screen_name":"RT_com","name":"RT"}],"hashtags":[],"urls":[]},"in_reply_to_screen_name":"SophiaLippylips","id_str":"544287191065952256","retweet_count":2,"in_reply_to_user_id":2376076501,"favorited":false,"user":{"follow_request_sent":false,"profile_use_background_image":true,"profile_text_color":"333333","default_profile_image":false,"id":1345554990,"profile_background_image_url_https":"https://abs.twimg.com/images/themes/theme1/bg.png","verified":false,"profile_location":null,"profile_image_url_https":"https://pbs.twimg.com/profile_images/525953626267983872/AmDvjKlF_normal.jpeg","profile_sidebar_fill_color":"DDEEF6","entities":{"description":{"urls":[]}},"followers_count":2026,"profile_sidebar_border_color":"C0DEED","id_str":"1345554990","profile_background_color":"C0DEED","listed_count":14,"is_translation_enabled":false,"utc_offset":0,"statuses_count":17657,"description":"Leftwing politics is life's syphilis,  NATIONALISM!","friends_count":1986,"location":"","profile_link_color":"0084B4","profile_image_url":"http://pbs.twimg.com/profile_images/525953626267983872/AmDvjKlF_normal.jpeg","following":false,"geo_enabled":false,"profile_banner_url":"https://pbs.twimg.com/profile_banners/1345554990/1404898269","profile_background_image_url":"http://abs.twimg.com/images/themes/theme1/bg.png","name":"Liquid ghost","lang":"en","profile_background_tile":false,"favourites_count":6093,"screen_name":"Liquiidghost","notifications":false,"url":null,"created_at":"Fri Apr 12 00:02:27 +0000 2013","contributors_enabled":false,"time_zone":"London","protected":false,"default_profile":true,"is_translator":false},"geo":null,"in_reply_to_user_id_str":"2376076501","lang":"en","created_at":"Mon Dec 15 00:25:53 +0000 2014","in_reply_to_status_id_str":"544286649325461505","place":null},
{"contributors":null,"truncated":false,"text":"@Liquiidghost @RT_com this is coming here unless they act now definitely","in_reply_to_status_id":544287191065952256,"id":544287418594377729,"favorite_count":1,"source":"<a href=\"http://twitter.com/download/android\" rel=\"nofollow\">Twitter for Android</a>","retweeted":false,"coordinates":null,"entities":{"symbols":[],"user_mentions":[{"id":1345554990,"indices":[0,13],"id_str":"1345554990","screen_name":"Liquiidghost","name":"Liquid ghost"},{"id":64643056,"indices":[14,21],"id_str":"64643056","screen_name":"RT_com","name":"RT"}],"hashtags":[],"urls":[]},"in_reply_to_screen_name":"Liquiidghost","id_str":"544287418594377729","retweet_count":0,"in_reply_to_user_id":1345554990,"favorited":false,"user":{"follow_request_sent":false,"profile_use_background_image":true,"profile_text_color":"333333","default_profile_image":false,"id":2376076501,"profile_background_image_url_https":"https://abs.twimg.com/images/themes/theme1/bg.png","verified":false,"profile_location":null,"profile_image_url_https":"https://pbs.twimg.com/profile_images/583061516984967169/rZq613Hr_normal.jpg","profile_sidebar_fill_color":"DDEEF6","entities":{"description":{"urls":[]}},"followers_count":2160,"profile_sidebar_border_color":"C0DEED","id_str":"2376076501","profile_background_color":"C0DEED","listed_count":23,"is_translation_enabled":false,"utc_offset":null,"statuses_count":43715,"description":"#kickboxer #animallover #funny loves to draw and doodle i was born to be real not perfect also partial to some old tunes  ( ͡° ͜ʖ ͡°) NO DMS","friends_count":1893,"location":"Alcuni dove soltanto so.","profile_link_color":"0084B4","profile_image_url":"http://pbs.twimg.com/profile_images/583061516984967169/rZq613Hr_normal.jpg","following":false,"geo_enabled":false,"profile_banner_url":"https://pbs.twimg.com/profile_banners/2376076501/1418431258","profile_background_image_url":"http://abs.twimg.com/images/themes/theme1/bg.png","name":"Sophia Marie ","lang":"en","profile_background_tile":false,"favourites_count":28539,"screen_name":"SophiaLippylips","notifications":false,"url":null,"created_at":"Thu Mar 06 23:51:10 +0000 2014","contributors_enabled":false,"time_zone":null,"protected":false,"default_profile":true,"is_translator":false},"geo":null,"in_reply_to_user_id_str":"1345554990","lang":"en","created_at":"Mon Dec 15 00:26:47 +0000 2014","in_reply_to_status_id_str":"544287191065952256","place":null},
{"contributors":null,"truncated":false,"text":"“MORE: SWAT teams surround hostage capture site, #Sydney #OperaHouse evacuated http://t.co/O10gvSIuH4 http://t.co/zqvuYx0NvE” rt@RT_com","in_reply_to_status_id":544286591376953345,"id":544288784175874048,"favorite_count":0,"source":"<a href=\"http://twitter.com/#!/download/ipad\" rel=\"nofollow\">Twitter for iPad</a>","retweeted":false,"coordinates":null,"entities":{"symbols":[],"user_mentions":[{"id":64643056,"indices":[128,135],"id_str":"64643056","screen_name":"RT_com","name":"RT"}],"hashtags":[{"indices":[49,56],"text":"Sydney"},{"indices":[57,68],"text":"OperaHouse"}],"urls":[{"url":"http://t.co/O10gvSIuH4","indices":[79,101],"expanded_url":"http://on.rt.com/7r03cn","display_url":"on.rt.com/7r03cn"}],"media":[{"source_user_id":64643056,"source_status_id_str":"544286591376953345","expanded_url":"http://twitter.com/RT_com/status/544286591376953345/photo/1","display_url":"pic.twitter.com/zqvuYx0NvE","url":"http://t.co/zqvuYx0NvE","media_url_https":"https://pbs.twimg.com/media/B42xuTrCEAA29R4.png","source_user_id_str":"64643056","source_status_id":544286591376953345,"id_str":"544286539094560768","sizes":{"large":{"h":415,"resize":"fit","w":779},"small":{"h":181,"resize":"fit","w":340},"medium":{"h":319,"resize":"fit","w":600},"thumb":{"h":150,"resize":"crop","w":150}},"indices":[102,124],"type":"photo","id":544286539094560768,"media_url":"http://pbs.twimg.com/media/B42xuTrCEAA29R4.png"}]},"in_reply_to_screen_name":"RT_com","id_str":"544288784175874048","retweet_count":1,"in_reply_to_user_id":64643056,"favorited":false,"user":{"follow_request_sent":false,"profile_use_background_image":true,"profile_text_color":"3C3940","default_profile_image":false,"id":62591883,"profile_background_image_url_https":"https://abs.twimg.com/images/themes/theme4/bg.gif","verified":false,"profile_location":null,"profile_image_url_https":"https://pbs.twimg.com/profile_images/2311438474/image_normal.jpg","profile_sidebar_fill_color":"95E8EC","entities":{"description":{"urls":[]}},"followers_count":1811,"profile_sidebar_border_color":"5ED4DC","id_str":"62591883","profile_background_color":"0099B9","listed_count":44,"is_translation_enabled":false,"utc_offset":3600,"statuses_count":166199,"description":"NEWSFACTS-PEOPLE-ANIMALS-NATURE-MUSIC-MOVIES-LOVE-PEACE-PRO-ISRAEL-PRO-AMERICA-VEGAN-SON","friends_count":1562,"location":"Nederland-TheNetherlands","profile_link_color":"0099B9","profile_image_url":"http://pbs.twimg.com/profile_images/2311438474/image_normal.jpg","following":false,"geo_enabled":false,"profile_background_image_url":"http://abs.twimg.com/images/themes/theme4/bg.gif","name":"✡ ELZA_NEWS ✡","lang":"en","profile_background_tile":false,"favourites_count":11117,"screen_name":"elza_news","notifications":false,"url":null,"created_at":"Mon Aug 03 18:59:36 +0000 2009","contributors_enabled":false,"time_zone":"Amsterdam","protected":false,"default_profile":false,"is_translator":false},"geo":null,"in_reply_to_user_id_str":"64643056","possibly_sensitive":false,"lang":"en","created_at":"Mon Dec 15 00:32:13 +0000 2014","in_reply_to_status_id_str":"544286591376953345","place":null,"extended_entities":{"media":[{"source_user_id":64643056,"source_status_id_str":"544286591376953345","expanded_url":"http://twitter.com/RT_com/status/544286591376953345/photo/1","display_url":"pic.twitter.com/zqvuYx0NvE","url":"http://t.co/zqvuYx0NvE","media_url_https":"https://pbs.twimg.com/media/B42xuTrCEAA29R4.png","source_user_id_str":"64643056","source_status_id":544286591376953345,"id_str":"544286539094560768","sizes":{"large":{"h":415,"resize":"fit","w":779},"small":{"h":181,"resize":"fit","w":340},"medium":{"h":319,"resize":"fit","w":600},"thumb":{"h":150,"resize":"crop","w":150}},"indices":[102,124],"type":"photo","id":544286539094560768,"media_url":"http://pbs.twimg.com/media/B42xuTrCEAA29R4.png"}]}},
{"contributors":null,"truncated":false,"text":"@RT_com WHAT IS RT'S GOAL? I think it's ass kissing. #Putin did an armed take over of the oligarch's TV but went #FoxNews!","in_reply_to_status_id":544286591376953345,"id":544288953868619776,"favorite_count":0,"source":"<a href=\"http://twitter.com\" rel=\"nofollow\">Twitter Web Client</a>","retweeted":false,"coordinates":null,"entities":{"symbols":[],"user_mentions":[{"id":64643056,"indices":[0,7],"id_str":"64643056","screen_name":"RT_com","name":"RT"}],"hashtags":[{"indices":[53,59],"text":"Putin"},{"indices":[113,121],"text":"FoxNews"}],"urls":[]},"in_reply_to_screen_name":"RT_com","id_str":"544288953868619776","retweet_count":0,"in_reply_to_user_id":64643056,"favorited":false,"user":{"follow_request_sent":false,"profile_use_background_image":true,"profile_text_color":"333333","default_profile_image":false,"id":2614001430,"profile_background_image_url_https":"https://abs.twimg.com/images/themes/theme1/bg.png","verified":false,"profile_location":null,"profile_image_url_https":"https://pbs.twimg.com/profile_images/486945115127029760/_7OOd0wY_normal.jpeg","profile_sidebar_fill_color":"DDEEF6","entities":{"description":{"urls":[]}},"followers_count":79,"profile_sidebar_border_color":"C0DEED","id_str":"2614001430","profile_background_color":"C0DEED","listed_count":5,"is_translation_enabled":false,"utc_offset":null,"statuses_count":8256,"description":"","friends_count":31,"location":"","profile_link_color":"0084B4","profile_image_url":"http://pbs.twimg.com/profile_images/486945115127029760/_7OOd0wY_normal.jpeg","following":false,"geo_enabled":false,"profile_background_image_url":"http://abs.twimg.com/images/themes/theme1/bg.png","name":"richard wilmot phd","lang":"en","profile_background_tile":false,"favourites_count":1871,"screen_name":"PhdWilmot","notifications":false,"url":null,"created_at":"Wed Jul 09 18:39:39 +0000 2014","contributors_enabled":false,"time_zone":null,"protected":false,"default_profile":true,"is_translator":false},"geo":null,"in_reply_to_user_id_str":"64643056","lang":"en","created_at":"Mon Dec 15 00:32:53 +0000 2014","in_reply_to_status_id_str":"544286591376953345","place":null},
{"contributors":null,"truncated":false,"text":"They say they'll do this &amp; that to stop them @SophiaLippylips but there all talk, should've stopped mass immigration years ago, we're...","in_reply_to_status_id":544287418594377729,"id":544289096928362496,"favorite_count":1,"source":"<a href=\"http://twitter.com/download/android\" rel=\"nofollow\">Twitter for Android</a>","retweeted":false,"coordinates":null,"entities":{"symbols":[],"user_mentions":[{"id":2376076501,"indices":[49,65],"id_str":"2376076501","screen_name":"SophiaLippylips","name":"Sophia Marie "}],"hashtags":[],"urls":[]},"in_reply_to_screen_name":"SophiaLippylips","id_str":"544289096928362496","retweet_count":1,"in_reply_to_user_id":2376076501,"favorited":false,"user":{"follow_request_sent":false,"profile_use_background_image":true,"profile_text_color":"333333","default_profile_image":false,"id":1345554990,"profile_background_image_url_https":"https://abs.twimg.com/images/themes/theme1/bg.png","verified":false,"profile_location":null,"profile_image_url_https":"https://pbs.twimg.com/profile_images/525953626267983872/AmDvjKlF_normal.jpeg","profile_sidebar_fill_color":"DDEEF6","entities":{"description":{"urls":[]}},"followers_count":2026,"profile_sidebar_border_color":"C0DEED","id_str":"1345554990","profile_background_color":"C0DEED","listed_count":14,"is_translation_enabled":false,"utc_offset":0,"statuses_count":17657,"description":"Leftwing politics is life's syphilis,  NATIONALISM!","friends_count":1986,"location":"","profile_link_color":"0084B4","profile_image_url":"http://pbs.twimg.com/profile_images/525953626267983872/AmDvjKlF_normal.jpeg","following":false,"geo_enabled":false,"profile_banner_url":"https://pbs.twimg.com/profile_banners/1345554990/1404898269","profile_background_image_url":"http://abs.twimg.com/images/themes/theme1/bg.png","name":"Liquid ghost","lang":"en","profile_background_tile":false,"favourites_count":6093,"screen_name":"Liquiidghost","notifications":false,"url":null,"created_at":"Fri Apr 12 00:02:27 +0000 2013","contributors_enabled":false,"time_zone":"London","protected":false,"default_profile":true,"is_translator":false},"geo":null,"in_reply_to_user_id_str":"2376076501","lang":"en","created_at":"Mon Dec 15 00:33:27 +0000 2014","in_reply_to_status_id_str":"544287418594377729","place":null},
{"contributors":null,"truncated":false,"text":"Now paying the price of a failed experiment, this failure is due to kick off within the next few years, &amp; when it does 💥 @SophiaLippylips","in_reply_to_status_id":544287418594377729,"id":544289538987028481,"favorite_count":2,"source":"<a href=\"http://twitter.com/download/android\" rel=\"nofollow\">Twitter for Android</a>","retweeted":false,"coordinates":null,"entities":{"symbols":[],"user_mentions":[{"id":2376076501,"indices":[125,141],"id_str":"2376076501","screen_name":"SophiaLippylips","name":"Sophia Marie "}],"hashtags":[],"urls":[]},"in_reply_to_screen_name":"SophiaLippylips","id_str":"544289538987028481","retweet_count":0,"in_reply_to_user_id":2376076501,"favorited":false,"user":{"follow_request_sent":false,"profile_use_background_image":true,"profile_text_color":"333333","default_profile_image":false,"id":1345554990,"profile_background_image_url_https":"https://abs.twimg.com/images/themes/theme1/bg.png","verified":false,"profile_location":null,"profile_image_url_https":"https://pbs.twimg.com/profile_images/525953626267983872/AmDvjKlF_normal.jpeg","profile_sidebar_fill_color":"DDEEF6","entities":{"description":{"urls":[]}},"followers_count":2026,"profile_sidebar_border_color":"C0DEED","id_str":"1345554990","profile_background_color":"C0DEED","listed_count":14,"is_translation_enabled":false,"utc_offset":0,"statuses_count":17657,"description":"Leftwing politics is life's syphilis,  NATIONALISM!","friends_count":1986,"location":"","profile_link_color":"0084B4","profile_image_url":"http://pbs.twimg.com/profile_images/525953626267983872/AmDvjKlF_normal.jpeg","following":false,"geo_enabled":false,"profile_banner_url":"https://pbs.twimg.com/profile_banners/1345554990/1404898269","profile_background_image_url":"http://abs.twimg.com/images/themes/theme1/bg.png","name":"Liquid ghost","lang":"en","profile_background_tile":false,"favourites_count":6093,"screen_name":"Liquiidghost","notifications":false,"url":null,"created_at":"Fri Apr 12 00:02:27 +0000 2013","contributors_enabled":false,"time_zone":"London","protected":false,"default_profile":true,"is_translator":false},"geo":null,"in_reply_to_user_id_str":"2376076501","lang":"en","created_at":"Mon Dec 15 00:35:13 +0000 2014","in_reply_to_status_id_str":"544287418594377729","place":null},
{"contributors":null,"truncated":false,"text":"@Liquiidghost scary times","in_reply_to_status_id":544289538987028481,"id":544289688744656897,"favorite_count":1,"source":"<a href=\"http://twitter.com/download/android\" rel=\"nofollow\">Twitter for Android</a>","retweeted":false,"coordinates":null,"entities":{"symbols":[],"user_mentions":[{"id":1345554990,"indices":[0,13],"id_str":"1345554990","screen_name":"Liquiidghost","name":"Liquid ghost"}],"hashtags":[],"urls":[]},"in_reply_to_screen_name":"Liquiidghost","id_str":"544289688744656897","retweet_count":1,"in_reply_to_user_id":1345554990,"favorited":false,"user":{"follow_request_sent":false,"profile_use_background_image":true,"profile_text_color":"333333","default_profile_image":false,"id":2376076501,"profile_background_image_url_https":"https://abs.twimg.com/images/themes/theme1/bg.png","verified":false,"profile_location":null,"profile_image_url_https":"https://pbs.twimg.com/profile_images/583061516984967169/rZq613Hr_normal.jpg","profile_sidebar_fill_color":"DDEEF6","entities":{"description":{"urls":[]}},"followers_count":2160,"profile_sidebar_border_color":"C0DEED","id_str":"2376076501","profile_background_color":"C0DEED","listed_count":23,"is_translation_enabled":false,"utc_offset":null,"statuses_count":43715,"description":"#kickboxer #animallover #funny loves to draw and doodle i was born to be real not perfect also partial to some old tunes  ( ͡° ͜ʖ ͡°) NO DMS","friends_count":1893,"location":"Alcuni dove soltanto so.","profile_link_color":"0084B4","profile_image_url":"http://pbs.twimg.com/profile_images/583061516984967169/rZq613Hr_normal.jpg","following":false,"geo_enabled":false,"profile_banner_url":"https://pbs.twimg.com/profile_banners/2376076501/1418431258","profile_background_image_url":"http://abs.twimg.com/images/themes/theme1/bg.png","name":"Sophia Marie ","lang":"en","profile_background_tile":false,"favourites_count":28539,"screen_name":"SophiaLippylips","notifications":false,"url":null,"created_at":"Thu Mar 06 23:51:10 +0000 2014","contributors_enabled":false,"time_zone":null,"protected":false,"default_profile":true,"is_translator":false},"geo":null,"in_reply_to_user_id_str":"1345554990","lang":"en","created_at":"Mon Dec 15 00:35:48 +0000 2014","in_reply_to_status_id_str":"544289538987028481","place":null},
{"contributors":null,"truncated":false,"text":"UPDATE: Hostages forced to hold Islamic flag, at least one extremist on site – local reports http://t.co/1ZlzKDjvSf http://t.co/dd0SvVnnK8","in_reply_to_status_id":544286591376953345,"id":544292802197467136,"favorite_count":31,"source":"<a href=\"https://about.twitter.com/products/tweetdeck\" rel=\"nofollow\">TweetDeck</a>","retweeted":false,"coordinates":null,"entities":{"symbols":[],"user_mentions":[],"hashtags":[],"urls":[{"url":"http://t.co/1ZlzKDjvSf","indices":[93,115],"expanded_url":"http://on.rt.com/7r03cn","display_url":"on.rt.com/7r03cn"}],"media":[{"expanded_url":"http://twitter.com/RT_com/status/544292802197467136/photo/1","display_url":"pic.twitter.com/dd0SvVnnK8","url":"http://t.co/dd0SvVnnK8","media_url_https":"https://pbs.twimg.com/media/B423OmQCQAAgE1k.png","id_str":"544292591395553280","sizes":{"small":{"h":152,"resize":"fit","w":340},"large":{"h":297,"resize":"fit","w":661},"medium":{"h":269,"resize":"fit","w":600},"thumb":{"h":150,"resize":"crop","w":150}},"indices":[116,138],"type":"photo","id":544292591395553280,"media_url":"http://pbs.twimg.com/media/B423OmQCQAAgE1k.png"}]},"in_reply_to_screen_name":"RT_com","id_str":"544292802197467136","retweet_count":135,"in_reply_to_user_id":64643056,"favorited":false,"user":{"follow_request_sent":false,"profile_use_background_image":true,"profile_text_color":"000000","default_profile_image":false,"id":64643056,"profile_background_image_url_https":"https://pbs.twimg.com/profile_background_images/448107225769193472/16jIvlg2.jpeg","verified":true,"profile_location":null,"profile_image_url_https":"https://pbs.twimg.com/profile_images/423103093069205504/eTXULFRS_normal.png","profile_sidebar_fill_color":"EBEBEB","entities":{"url":{"urls":[{"url":"http://t.co/bDDyvy9DmR","indices":[0,22],"expanded_url":"http://RT.com","display_url":"RT.com"}]},"description":{"urls":[]}},"followers_count":827044,"profile_sidebar_border_color":"FFFFFF","id_str":"64643056","profile_background_color":"1D1D1D","listed_count":13380,"is_translation_enabled":false,"utc_offset":14400,"statuses_count":102986,"description":"RT, the global news network, broadcasts from Moscow, London and Washington studios to over 100 countries.","friends_count":460,"location":"","profile_link_color":"3D990F","profile_image_url":"http://pbs.twimg.com/profile_images/423103093069205504/eTXULFRS_normal.png","following":false,"geo_enabled":false,"profile_banner_url":"https://pbs.twimg.com/profile_banners/64643056/1409741388","profile_background_image_url":"http://pbs.twimg.com/profile_background_images/448107225769193472/16jIvlg2.jpeg","name":"RT","lang":"en","profile_background_tile":false,"favourites_count":24,"screen_name":"RT_com","notifications":false,"url":"http://t.co/bDDyvy9DmR","created_at":"Tue Aug 11 06:12:45 +0000 2009","contributors_enabled":false,"time_zone":"Moscow","protected":false,"default_profile":false,"is_translator":false},"geo":null,"in_reply_to_user_id_str":"64643056","possibly_sensitive":false,"lang":"en","created_at":"Mon Dec 15 00:48:11 +0000 2014","in_reply_to_status_id_str":"544286591376953345","place":null,"extended_entities":{"media":[{"expanded_url":"http://twitter.com/RT_com/status/544292802197467136/photo/1","display_url":"pic.twitter.com/dd0SvVnnK8","url":"http://t.co/dd0SvVnnK8","media_url_https":"https://pbs.twimg.com/media/B423OmQCQAAgE1k.png","id_str":"544292591395553280","sizes":{"small":{"h":152,"resize":"fit","w":340},"large":{"h":297,"resize":"fit","w":661},"medium":{"h":269,"resize":"fit","w":600},"thumb":{"h":150,"resize":"crop","w":150}},"indices":[116,138],"type":"photo","id":544292591395553280,"media_url":"http://pbs.twimg.com/media/B423OmQCQAAgE1k.png"}]}},
{"contributors":null,"truncated":false,"text":"“@RT_com: BREAKING: Hostages taken in central #Sydney café, jihadist flag held against window http://t.co/cFB9nVKj65 http://t.co/k6g8T4WBsY”","in_reply_to_status_id":544285296565948416,"id":544293227927707648,"favorite_count":0,"source":"<a href=\"http://twitter.com/download/iphone\" rel=\"nofollow\">Twitter for iPhone</a>","retweeted":false,"coordinates":null,"entities":{"symbols":[],"user_mentions":[{"id":64643056,"indices":[1,8],"id_str":"64643056","screen_name":"RT_com","name":"RT"}],"hashtags":[{"indices":[46,53],"text":"Sydney"}],"urls":[{"url":"http://t.co/cFB9nVKj65","indices":[94,116],"expanded_url":"http://RT.COM","display_url":"RT.COM"}],"media":[{"source_user_id":64643056,"source_status_id_str":"544285296565948416","expanded_url":"http://twitter.com/RT_com/status/544285296565948416/photo/1","display_url":"pic.twitter.com/k6g8T4WBsY","url":"http://t.co/k6g8T4WBsY","media_url_https":"https://pbs.twimg.com/media/B42uliVCIAEC_uo.jpg","source_user_id_str":"64643056","source_status_id":544285296565948416,"id_str":"544283089875116033","sizes":{"large":{"h":337,"resize":"fit","w":600},"small":{"h":190,"resize":"fit","w":340},"medium":{"h":337,"resize":"fit","w":600},"thumb":{"h":150,"resize":"crop","w":150}},"indices":[117,139],"type":"photo","id":544283089875116033,"media_url":"http://pbs.twimg.com/media/B42uliVCIAEC_uo.jpg"}]},"in_reply_to_screen_name":"RT_com","id_str":"544293227927707648","retweet_count":0,"in_reply_to_user_id":64643056,"favorited":false,"user":{"follow_request_sent":false,"profile_use_background_image":true,"profile_text_color":"666666","default_profile_image":false,"id":227444145,"profile_background_image_url_https":"https://pbs.twimg.com/profile_background_images/378800000117510797/0eccfa6b02f2b05cfe98cf6981c7e46f.jpeg","verified":false,"profile_location":null,"profile_image_url_https":"https://pbs.twimg.com/profile_images/580506629411594241/BAo4fbT4_normal.jpg","profile_sidebar_fill_color":"252429","entities":{"url":{"urls":[{"url":"http://t.co/LTw6vZkpOb","indices":[0,22],"expanded_url":"http://Instagram.com/shortfuze_96","display_url":"Instagram.com/shortfuze_96"}]},"description":{"urls":[]}},"followers_count":966,"profile_sidebar_border_color":"000000","id_str":"227444145","profile_background_color":"C0DEED","listed_count":5,"is_translation_enabled":false,"utc_offset":0,"statuses_count":32366,"description":"18. ⚽️I'm not crazy I'm Mentally Hilarious. #ChelseaFC #TeamPlayDirty #FreePalestine","friends_count":854,"location":"South London","profile_link_color":"0084B4","profile_image_url":"http://pbs.twimg.com/profile_images/580506629411594241/BAo4fbT4_normal.jpg","following":false,"geo_enabled":true,"profile_banner_url":"https://pbs.twimg.com/profile_banners/227444145/1414609284","profile_background_image_url":"http://pbs.twimg.com/profile_background_images/378800000117510797/0eccfa6b02f2b05cfe98cf6981c7e46f.jpeg","name":"Abdullahi","lang":"en","profile_background_tile":true,"favourites_count":2289,"screen_name":"ShortFuze_PD","notifications":false,"url":"http://t.co/LTw6vZkpOb","created_at":"Thu Dec 16 21:29:51 +0000 2010","contributors_enabled":false,"time_zone":"Casablanca","protected":false,"default_profile":false,"is_translator":false},"geo":null,"in_reply_to_user_id_str":"64643056","possibly_sensitive":false,"lang":"en","created_at":"Mon Dec 15 00:49:52 +0000 2014","in_reply_to_status_id_str":"544285296565948416","place":null,"extended_entities":{"media":[{"source_user_id":64643056,"source_status_id_str":"544285296565948416","expanded_url":"http://twitter.com/RT_com/status/544285296565948416/photo/1","display_url":"pic.twitter.com/k6g8T4WBsY","url":"http://t.co/k6g8T4WBsY","media_url_https":"https://pbs.twimg.com/media/B42uliVCIAEC_uo.jpg","source_user_id_str":"64643056","source_status_id":544285296565948416,"id_str":"544283089875116033","sizes":{"large":{"h":337,"resize":"fit","w":600},"small":{"h":190,"resize":"fit","w":340},"medium":{"h":337,"resize":"fit","w":600},"thumb":{"h":150,"resize":"crop","w":150}},"indices":[117,139],"type":"photo","id":544283089875116033,"media_url":"http://pbs.twimg.com/media/B42uliVCIAEC_uo.jpg"}]}},
{"contributors":null,"truncated":false,"text":"@RT_com May the SWAT team sniper the terrorists speedily.","in_reply_to_status_id":544292802197467136,"id":544293864484655104,"favorite_count":2,"source":"<a href=\"http://twitter.com\" rel=\"nofollow\">Twitter Web Client</a>","retweeted":false,"coordinates":null,"entities":{"symbols":[],"user_mentions":[{"id":64643056,"indices":[0,7],"id_str":"64643056","screen_name":"RT_com","name":"RT"}],"hashtags":[],"urls":[]},"in_reply_to_screen_name":"RT_com","id_str":"544293864484655104","retweet_count":0,"in_reply_to_user_id":64643056,"favorited":false,"user":{"follow_request_sent":false,"profile_use_background_image":true,"profile_text_color":"302225","default_profile_image":false,"id":22953738,"profile_background_image_url_https":"https://pbs.twimg.com/profile_background_images/167198781/lion.jpg","verified":false,"profile_location":null,"profile_image_url_https":"https://pbs.twimg.com/profile_images/518800619579006977/Dms91Ge6_normal.png","profile_sidebar_fill_color":"CCEEFF","entities":{"description":{"urls":[]}},"followers_count":314,"profile_sidebar_border_color":"BDDCAD","id_str":"22953738","profile_background_color":"CCBDB3","listed_count":12,"is_translation_enabled":false,"utc_offset":0,"statuses_count":2984,"description":"Aspiring servant to the One Living G-D, inventor,  regenerative medicine aficionado, Alba Nationalist","friends_count":987,"location":"Cairn O'Mount","profile_link_color":"65B8F0","profile_image_url":"http://pbs.twimg.com/profile_images/518800619579006977/Dms91Ge6_normal.png","following":false,"geo_enabled":false,"profile_banner_url":"https://pbs.twimg.com/profile_banners/22953738/1402011639","profile_background_image_url":"http://pbs.twimg.com/profile_background_images/167198781/lion.jpg","name":"Covington Beasley","lang":"en","profile_background_tile":false,"favourites_count":48,"screen_name":"cairnmont","notifications":false,"url":null,"created_at":"Thu Mar 05 18:14:22 +0000 2009","contributors_enabled":false,"time_zone":"London","protected":false,"default_profile":false,"is_translator":false},"geo":null,"in_reply_to_user_id_str":"64643056","lang":"en","created_at":"Mon Dec 15 00:52:24 +0000 2014","in_reply_to_status_id_str":"544292802197467136","place":null},
{"contributors":null,"truncated":false,"text":"@RT_com They said to stop reporting police tactics!!!! You're putting hostages in danger!","in_reply_to_status_id":544286591376953345,"id":544293903726551040,"favorite_count":0,"source":"<a href=\"http://twitter.com/download/iphone\" rel=\"nofollow\">Twitter for iPhone</a>","retweeted":false,"coordinates":{"type":"Point","coordinates":[-75.21751281,40.02423863]},"entities":{"symbols":[],"user_mentions":[{"id":64643056,"indices":[0,7],"id_str":"64643056","screen_name":"RT_com","name":"RT"}],"hashtags":[],"urls":[]},"in_reply_to_screen_name":"RT_com","id_str":"544293903726551040","retweet_count":0,"in_reply_to_user_id":64643056,"favorited":false,"user":{"follow_request_sent":false,"profile_use_background_image":true,"profile_text_color":"362720","default_profile_image":false,"id":34759202,"profile_background_image_url_https":"https://abs.twimg.com/images/themes/theme11/bg.gif","verified":false,"profile_location":null,"profile_image_url_https":"https://pbs.twimg.com/profile_images/3117097785/273161857bdb6e9daadad36e55320bb5_normal.jpeg","profile_sidebar_fill_color":"E5507E","entities":{"description":{"urls":[]}},"followers_count":1940,"profile_sidebar_border_color":"CC3366","id_str":"34759202","profile_background_color":"FF6699","listed_count":35,"is_translation_enabled":false,"utc_offset":-18000,"statuses_count":11549,"description":"Conservative..Blessed to have grown up in Kentucky..Go Big Blue! I was part of the Project Orca failure..saw false 0 total in Philly. #TGDN","friends_count":2097,"location":"Philadelphia, Pa","profile_link_color":"B40B43","profile_image_url":"http://pbs.twimg.com/profile_images/3117097785/273161857bdb6e9daadad36e55320bb5_normal.jpeg","following":false,"geo_enabled":true,"profile_banner_url":"https://pbs.twimg.com/profile_banners/34759202/1358110552","profile_background_image_url":"http://abs.twimg.com/images/themes/theme11/bg.gif","name":"Mary Stewart","lang":"en","profile_background_tile":true,"favourites_count":8411,"screen_name":"Mswilcat","notifications":false,"url":null,"created_at":"Thu Apr 23 22:49:57 +0000 2009","contributors_enabled":false,"time_zone":"Eastern Time (US & Canada)","protected":false,"default_profile":false,"is_translator":false},"geo":{"type":"Point","coordinates":[40.02423863,-75.21751281]},"in_reply_to_user_id_str":"64643056","lang":"en","created_at":"Mon Dec 15 00:52:33 +0000 2014","in_reply_to_status_id_str":"544286591376953345","place":{"full_name":"Philadelphia, PA","url":"https://api.twitter.com/1.1/geo/id/e4a0d228eb6be76b.json","country":"United States","place_type":"city","bounding_box":{"type":"Polygon","coordinates":[[[-75.280284,39.871811],[-74.955712,39.871811],[-74.955712,40.13792],[-75.280284,40.13792]]]},"contained_within":[],"country_code":"US","attributes":{},"id":"e4a0d228eb6be76b","name":"Philadelphia"}},
{"contributors":null,"truncated":false,"text":"At least 13 people taken hostage in #Sydney café – local reports http://t.co/1ZlzKDjvSf http://t.co/ohR0kNDNFA","in_reply_to_status_id":544286591376953345,"id":544295217617465344,"favorite_count":25,"source":"<a href=\"https://about.twitter.com/products/tweetdeck\" rel=\"nofollow\">TweetDeck</a>","retweeted":false,"coordinates":null,"entities":{"symbols":[],"user_mentions":[],"hashtags":[{"indices":[36,43],"text":"Sydney"}],"urls":[{"url":"http://t.co/1ZlzKDjvSf","indices":[65,87],"expanded_url":"http://on.rt.com/7r03cn","display_url":"on.rt.com/7r03cn"}],"media":[{"expanded_url":"http://twitter.com/RT_com/status/544295217617465344/photo/1","display_url":"pic.twitter.com/ohR0kNDNFA","url":"http://t.co/ohR0kNDNFA","media_url_https":"https://pbs.twimg.com/media/B424cpoCIAAby50.png","id_str":"544293932331311104","sizes":{"small":{"h":215,"resize":"fit","w":340},"large":{"h":417,"resize":"fit","w":659},"medium":{"h":379,"resize":"fit","w":600},"thumb":{"h":150,"resize":"crop","w":150}},"indices":[88,110],"type":"photo","id":544293932331311104,"media_url":"http://pbs.twimg.com/media/B424cpoCIAAby50.png"}]},"in_reply_to_screen_name":"RT_com","id_str":"544295217617465344","retweet_count":116,"in_reply_to_user_id":64643056,"favorited":false,"user":{"follow_request_sent":false,"profile_use_background_image":true,"profile_text_color":"000000","default_profile_image":false,"id":64643056,"profile_background_image_url_https":"https://pbs.twimg.com/profile_background_images/448107225769193472/16jIvlg2.jpeg","verified":true,"profile_location":null,"profile_image_url_https":"https://pbs.twimg.com/profile_images/423103093069205504/eTXULFRS_normal.png","profile_sidebar_fill_color":"EBEBEB","entities":{"url":{"urls":[{"url":"http://t.co/bDDyvy9DmR","indices":[0,22],"expanded_url":"http://RT.com","display_url":"RT.com"}]},"description":{"urls":[]}},"followers_count":827098,"profile_sidebar_border_color":"FFFFFF","id_str":"64643056","profile_background_color":"1D1D1D","listed_count":13381,"is_translation_enabled":false,"utc_offset":14400,"statuses_count":102997,"description":"RT, the global news network, broadcasts from Moscow, London and Washington studios to over 100 countries.","friends_count":460,"location":"","profile_link_color":"3D990F","profile_image_url":"http://pbs.twimg.com/profile_images/423103093069205504/eTXULFRS_normal.png","following":false,"geo_enabled":false,"profile_banner_url":"https://pbs.twimg.com/profile_banners/64643056/1409741388","profile_background_image_url":"http://pbs.twimg.com/profile_background_images/448107225769193472/16jIvlg2.jpeg","name":"RT","lang":"en","profile_background_tile":false,"favourites_count":24,"screen_name":"RT_com","notifications":false,"url":"http://t.co/bDDyvy9DmR","created_at":"Tue Aug 11 06:12:45 +0000 2009","contributors_enabled":false,"time_zone":"Moscow","protected":false,"default_profile":false,"is_translator":false},"geo":null,"in_reply_to_user_id_str":"64643056","possibly_sensitive":false,"lang":"en","created_at":"Mon Dec 15 00:57:47 +0000 2014","in_reply_to_status_id_str":"544286591376953345","place":null,"extended_entities":{"media":[{"expanded_url":"http://twitter.com/RT_com/status/544295217617465344/photo/1","display_url":"pic.twitter.com/ohR0kNDNFA","url":"http://t.co/ohR0kNDNFA","media_url_https":"https://pbs.twimg.com/media/B424cpoCIAAby50.png","id_str":"544293932331311104","sizes":{"small":{"h":215,"resize":"fit","w":340},"large":{"h":417,"resize":"fit","w":659},"medium":{"h":379,"resize":"fit","w":600},"thumb":{"h":150,"resize":"crop","w":150}},"indices":[88,110],"type":"photo","id":544293932331311104,"media_url":"http://pbs.twimg.com/media/B424cpoCIAAby50.png"}]}},
{"contributors":null,"truncated":false,"text":"Sydney gunman caught on camera, a middle-aged man wearing Islamic lettering bandana http://t.co/1ZlzKDjvSf http://t.co/KGfGGRBMxl","in_reply_to_status_id":544292802197467136,"id":544296155564494848,"favorite_count":29,"source":"<a href=\"https://about.twitter.com/products/tweetdeck\" rel=\"nofollow\">TweetDeck</a>","retweeted":false,"coordinates":null,"entities":{"symbols":[],"user_mentions":[],"hashtags":[],"urls":[{"url":"http://t.co/1ZlzKDjvSf","indices":[84,106],"expanded_url":"http://on.rt.com/7r03cn","display_url":"on.rt.com/7r03cn"}],"media":[{"expanded_url":"http://twitter.com/RT_com/status/544296155564494848/photo/1","display_url":"pic.twitter.com/KGfGGRBMxl","url":"http://t.co/KGfGGRBMxl","media_url_https":"https://pbs.twimg.com/media/B426Yz7CcAAkqAo.png","id_str":"544296065399156736","sizes":{"large":{"h":232,"resize":"fit","w":463},"small":{"h":170,"resize":"fit","w":340},"medium":{"h":232,"resize":"fit","w":463},"thumb":{"h":150,"resize":"crop","w":150}},"indices":[107,129],"type":"photo","id":544296065399156736,"media_url":"http://pbs.twimg.com/media/B426Yz7CcAAkqAo.png"}]},"in_reply_to_screen_name":"RT_com","id_str":"544296155564494848","retweet_count":163,"in_reply_to_user_id":64643056,"favorited":false,"user":{"follow_request_sent":false,"profile_use_background_image":true,"profile_text_color":"000000","default_profile_image":false,"id":64643056,"profile_background_image_url_https":"https://pbs.twimg.com/profile_background_images/448107225769193472/16jIvlg2.jpeg","verified":true,"profile_location":null,"profile_image_url_https":"https://pbs.twimg.com/profile_images/423103093069205504/eTXULFRS_normal.png","profile_sidebar_fill_color":"EBEBEB","entities":{"url":{"urls":[{"url":"http://t.co/bDDyvy9DmR","indices":[0,22],"expanded_url":"http://RT.com","display_url":"RT.com"}]},"description":{"urls":[]}},"followers_count":827098,"profile_sidebar_border_color":"FFFFFF","id_str":"64643056","profile_background_color":"1D1D1D","listed_count":13381,"is_translation_enabled":false,"utc_offset":14400,"statuses_count":102997,"description":"RT, the global news network, broadcasts from Moscow, London and Washington studios to over 100 countries.","friends_count":460,"location":"","profile_link_color":"3D990F","profile_image_url":"http://pbs.twimg.com/profile_images/423103093069205504/eTXULFRS_normal.png","following":false,"geo_enabled":false,"profile_banner_url":"https://pbs.twimg.com/profile_banners/64643056/1409741388","profile_background_image_url":"http://pbs.twimg.com/profile_background_images/448107225769193472/16jIvlg2.jpeg","name":"RT","lang":"en","profile_background_tile":false,"favourites_count":24,"screen_name":"RT_com","notifications":false,"url":"http://t.co/bDDyvy9DmR","created_at":"Tue Aug 11 06:12:45 +0000 2009","contributors_enabled":false,"time_zone":"Moscow","protected":false,"default_profile":false,"is_translator":false},"geo":null,"in_reply_to_user_id_str":"64643056","possibly_sensitive":false,"lang":"en","created_at":"Mon Dec 15 01:01:30 +0000 2014","in_reply_to_status_id_str":"544292802197467136","place":null,"extended_entities":{"media":[{"expanded_url":"http://twitter.com/RT_com/status/544296155564494848/photo/1","display_url":"pic.twitter.com/KGfGGRBMxl","url":"http://t.co/KGfGGRBMxl","media_url_https":"https://pbs.twimg.com/media/B426Yz7CcAAkqAo.png","id_str":"544296065399156736","sizes":{"large":{"h":232,"resize":"fit","w":463},"small":{"h":170,"resize":"fit","w":340},"medium":{"h":232,"resize":"fit","w":463},"thumb":{"h":150,"resize":"crop","w":150}},"indices":[107,129],"type":"photo","id":544296065399156736,"media_url":"http://pbs.twimg.com/media/B426Yz7CcAAkqAo.png"}]}},
{"contributors":null,"truncated":false,"text":"@RT_com Apparently the word Sniper never entered anyones mind","in_reply_to_status_id":544296155564494848,"id":544296777579364352,"favorite_count":4,"source":"<a href=\"http://twitter.com/download/android\" rel=\"nofollow\">Twitter for Android</a>","retweeted":false,"coordinates":null,"entities":{"symbols":[],"user_mentions":[{"id":64643056,"indices":[0,7],"id_str":"64643056","screen_name":"RT_com","name":"RT"}],"hashtags":[],"urls":[]},"in_reply_to_screen_name":"RT_com","id_str":"544296777579364352","retweet_count":0,"in_reply_to_user_id":64643056,"favorited":false,"user":{"follow_request_sent":false,"profile_use_background_image":false,"profile_text_color":"000000","default_profile_image":false,"id":1206161593,"profile_background_image_url_https":"https://abs.twimg.com/images/themes/theme1/bg.png","verified":false,"profile_location":null,"profile_image_url_https":"https://pbs.twimg.com/profile_images/577504117263888384/2Rs1oLzO_normal.jpeg","profile_sidebar_fill_color":"000000","entities":{"description":{"urls":[]}},"followers_count":1150,"profile_sidebar_border_color":"000000","id_str":"1206161593","profile_background_color":"000000","listed_count":22,"is_translation_enabled":false,"utc_offset":null,"statuses_count":13260,"description":"Proud Texan,Liberty,Chaotic Neutral,Potential Candidate for Houston mayor 2015","friends_count":1980,"location":"Texas","profile_link_color":"09B300","profile_image_url":"http://pbs.twimg.com/profile_images/577504117263888384/2Rs1oLzO_normal.jpeg","following":false,"geo_enabled":true,"profile_background_image_url":"http://abs.twimg.com/images/themes/theme1/bg.png","name":"marty bingham","lang":"en","profile_background_tile":false,"favourites_count":5673,"screen_name":"TexasLiberty15","notifications":false,"url":null,"created_at":"Thu Feb 21 22:22:30 +0000 2013","contributors_enabled":false,"time_zone":null,"protected":false,"default_profile":false,"is_translator":false},"geo":null,"in_reply_to_user_id_str":"64643056","lang":"en","created_at":"Mon Dec 15 01:03:58 +0000 2014","in_reply_to_status_id_str":"544296155564494848","place":null},
{"contributors":null,"truncated":false,"text":"@RT_com it's #Arabic lettering. Not #Islamist lettering. Whatever 'Islamist' is... Never heard anything more silly in my life","in_reply_to_status_id":544296155564494848,"id":544323537818124288,"favorite_count":2,"source":"<a href=\"http://twitter.com/download/iphone\" rel=\"nofollow\">Twitter for iPhone</a>","retweeted":false,"coordinates":null,"entities":{"symbols":[],"user_mentions":[{"id":64643056,"indices":[0,7],"id_str":"64643056","screen_name":"RT_com","name":"RT"}],"hashtags":[{"indices":[13,20],"text":"Arabic"},{"indices":[36,45],"text":"Islamist"}],"urls":[]},"in_reply_to_screen_name":"RT_com","id_str":"544323537818124288","retweet_count":0,"in_reply_to_user_id":64643056,"favorited":false,"user":{"follow_request_sent":false,"profile_use_background_image":true,"profile_text_color":"333333","default_profile_image":false,"id":257143165,"profile_background_image_url_https":"https://abs.twimg.com/images/themes/theme1/bg.png","verified":false,"profile_location":null,"profile_image_url_https":"https://pbs.twimg.com/profile_images/575413325250625537/wqoZk9u9_normal.jpeg","profile_sidebar_fill_color":"DDEEF6","entities":{"description":{"urls":[]}},"followers_count":1645,"profile_sidebar_border_color":"C0DEED","id_str":"257143165","profile_background_color":"C0DEED","listed_count":35,"is_translation_enabled":false,"utc_offset":null,"statuses_count":22430,"description":"Sarah. British. Libyan. Praying for Libya, praying for the Ummah. Knowledge is power...","friends_count":211,"location":"UK","profile_link_color":"0084B4","profile_image_url":"http://pbs.twimg.com/profile_images/575413325250625537/wqoZk9u9_normal.jpeg","following":false,"geo_enabled":false,"profile_banner_url":"https://pbs.twimg.com/profile_banners/257143165/1356982952","profile_background_image_url":"http://abs.twimg.com/images/themes/theme1/bg.png","name":"Zlitniya","lang":"en","profile_background_tile":false,"favourites_count":37,"screen_name":"Zlitniya","notifications":false,"url":null,"created_at":"Thu Feb 24 20:43:25 +0000 2011","contributors_enabled":false,"time_zone":null,"protected":false,"default_profile":true,"is_translator":false},"geo":null,"in_reply_to_user_id_str":"64643056","lang":"en","created_at":"Mon Dec 15 02:50:19 +0000 2014","in_reply_to_status_id_str":"544296155564494848","place":null},
{"contributors":null,"truncated":false,"text":"@RT_com  Islamic lettering?  Since when does Islam have a friggin' alphabet?  You mean Arabic lettering.  Please be less stupid.  Thanks.","in_reply_to_status_id":544296155564494848,"id":544332807439654916,"favorite_count":2,"source":"<a href=\"https://twitter.com/download/android\" rel=\"nofollow\">Twitter for Android Tablets</a>","retweeted":false,"coordinates":null,"entities":{"symbols":[],"user_mentions":[{"id":64643056,"indices":[0,7],"id_str":"64643056","screen_name":"RT_com","name":"RT"}],"hashtags":[],"urls":[]},"in_reply_to_screen_name":"RT_com","id_str":"544332807439654916","retweet_count":0,"in_reply_to_user_id":64643056,"favorited":false,"user":{"follow_request_sent":false,"profile_use_background_image":true,"profile_text_color":"333333","default_profile_image":false,"id":1931711646,"profile_background_image_url_https":"https://pbs.twimg.com/profile_background_images/446937533121703936/rXP1TnZM.jpeg","verified":false,"profile_location":null,"profile_image_url_https":"https://pbs.twimg.com/profile_images/446933612793851904/PI6sSEHG_normal.jpeg","profile_sidebar_fill_color":"DDEEF6","entities":{"description":{"urls":[]}},"followers_count":67,"profile_sidebar_border_color":"FFFFFF","id_str":"1931711646","profile_background_color":"C0DEED","listed_count":1,"is_translation_enabled":false,"utc_offset":-28800,"statuses_count":3350,"description":"","friends_count":64,"location":"","profile_link_color":"0084B4","profile_image_url":"http://pbs.twimg.com/profile_images/446933612793851904/PI6sSEHG_normal.jpeg","following":false,"geo_enabled":false,"profile_banner_url":"https://pbs.twimg.com/profile_banners/1931711646/1395392620","profile_background_image_url":"http://pbs.twimg.com/profile_background_images/446937533121703936/rXP1TnZM.jpeg","name":"Matt Dubuque","lang":"en","profile_background_tile":false,"favourites_count":229,"screen_name":"mjd1735","notifications":false,"url":null,"created_at":"Thu Oct 03 19:01:21 +0000 2013","contributors_enabled":false,"time_zone":"Pacific Time (US & Canada)","protected":false,"default_profile":false,"is_translator":false},"geo":null,"in_reply_to_user_id_str":"64643056","lang":"en","created_at":"Mon Dec 15 03:27:09 +0000 2014","in_reply_to_status_id_str":"544296155564494848","place":null},
{"contributors":null,"truncated":false,"text":"@TexasLiberty15 @RT_com \nWhat if there are more than one gunman ?\nYou don't want to take such risk.","in_reply_to_status_id":544296777579364352,"id":544338235624009728,"favorite_count":0,"source":"<a href=\"http://twitter.com/#!/download/ipad\" rel=\"nofollow\">Twitter for iPad</a>","retweeted":false,"coordinates":null,"entities":{"symbols":[],"user_mentions":[{"id":1206161593,"indices":[0,15],"id_str":"1206161593","screen_name":"TexasLiberty15","name":"marty bingham"},{"id":64643056,"indices":[16,23],"id_str":"64643056","screen_name":"RT_com","name":"RT"}],"hashtags":[],"urls":[]},"in_reply_to_screen_name":"TexasLiberty15","id_str":"544338235624009728","retweet_count":1,"in_reply_to_user_id":1206161593,"favorited":false,"user":{"follow_request_sent":false,"profile_use_background_image":true,"profile_text_color":"333333","default_profile_image":false,"id":2871981538,"profile_background_image_url_https":"https://abs.twimg.com/images/themes/theme1/bg.png","verified":false,"profile_location":null,"profile_image_url_https":"https://pbs.twimg.com/profile_images/532638793753698304/DkuTPtA3_normal.jpeg","profile_sidebar_fill_color":"DDEEF6","entities":{"description":{"urls":[]}},"followers_count":5,"profile_sidebar_border_color":"C0DEED","id_str":"2871981538","profile_background_color":"C0DEED","listed_count":0,"is_translation_enabled":false,"utc_offset":-28800,"statuses_count":35,"description":"","friends_count":47,"location":"","profile_link_color":"0084B4","profile_image_url":"http://pbs.twimg.com/profile_images/532638793753698304/DkuTPtA3_normal.jpeg","following":false,"geo_enabled":false,"profile_background_image_url":"http://abs.twimg.com/images/themes/theme1/bg.png","name":"Farahani ","lang":"en","profile_background_tile":false,"favourites_count":28,"screen_name":"forenhight","notifications":false,"url":null,"created_at":"Tue Nov 11 07:37:43 +0000 2014","contributors_enabled":false,"time_zone":"PST","protected":false,"default_profile":true,"is_translator":false},"geo":null,"in_reply_to_user_id_str":"1206161593","lang":"en","created_at":"Mon Dec 15 03:48:43 +0000 2014","in_reply_to_status_id_str":"544296777579364352","place":null},
{"contributors":null,"truncated":false,"text":"@forenhight @RT_com Im sure there is more than one gunman","in_reply_to_status_id":544338235624009728,"id":544339385492062208,"favorite_count":0,"source":"<a href=\"http://twitter.com/download/android\" rel=\"nofollow\">Twitter for Android</a>","retweeted":false,"coordinates":null,"entities":{"symbols":[],"user_mentions":[{"id":2871981538,"indices":[0,11],"id_str":"2871981538","screen_name":"forenhight","name":"Farahani "},{"id":64643056,"indices":[12,19],"id_str":"64643056","screen_name":"RT_com","name":"RT"}],"hashtags":[],"urls":[]},"in_reply_to_screen_name":"forenhight","id_str":"544339385492062208","retweet_count":0,"in_reply_to_user_id":2871981538,"favorited":false,"user":{"follow_request_sent":false,"profile_use_background_image":false,"profile_text_color":"000000","default_profile_image":false,"id":1206161593,"profile_background_image_url_https":"https://abs.twimg.com/images/themes/theme1/bg.png","verified":false,"profile_location":null,"profile_image_url_https":"https://pbs.twimg.com/profile_images/577504117263888384/2Rs1oLzO_normal.jpeg","profile_sidebar_fill_color":"000000","entities":{"description":{"urls":[]}},"followers_count":1150,"profile_sidebar_border_color":"000000","id_str":"1206161593","profile_background_color":"000000","listed_count":22,"is_translation_enabled":false,"utc_offset":null,"statuses_count":13260,"description":"Proud Texan,Liberty,Chaotic Neutral,Potential Candidate for Houston mayor 2015","friends_count":1980,"location":"Texas","profile_link_color":"09B300","profile_image_url":"http://pbs.twimg.com/profile_images/577504117263888384/2Rs1oLzO_normal.jpeg","following":false,"geo_enabled":true,"profile_background_image_url":"http://abs.twimg.com/images/themes/theme1/bg.png","name":"marty bingham","lang":"en","profile_background_tile":false,"favourites_count":5673,"screen_name":"TexasLiberty15","notifications":false,"url":null,"created_at":"Thu Feb 21 22:22:30 +0000 2013","contributors_enabled":false,"time_zone":null,"protected":false,"default_profile":false,"is_translator":false},"geo":null,"in_reply_to_user_id_str":"2871981538","lang":"en","created_at":"Mon Dec 15 03:53:17 +0000 2014","in_reply_to_status_id_str":"544338235624009728","place":null},
{"contributors":null,"truncated":false,"text":"@forenhight @RT_com Whats to stop this/these psychos from beheading these hostages? Just for the fun of it?","in_reply_to_status_id":544339385492062208,"id":544339820210692096,"favorite_count":0,"source":"<a href=\"http://twitter.com/download/android\" rel=\"nofollow\">Twitter for Android</a>","retweeted":false,"coordinates":null,"entities":{"symbols":[],"user_mentions":[{"id":2871981538,"indices":[0,11],"id_str":"2871981538","screen_name":"forenhight","name":"Farahani "},{"id":64643056,"indices":[12,19],"id_str":"64643056","screen_name":"RT_com","name":"RT"}],"hashtags":[],"urls":[]},"in_reply_to_screen_name":"TexasLiberty15","id_str":"544339820210692096","retweet_count":0,"in_reply_to_user_id":1206161593,"favorited":false,"user":{"follow_request_sent":false,"profile_use_background_image":false,"profile_text_color":"000000","default_profile_image":false,"id":1206161593,"profile_background_image_url_https":"https://abs.twimg.com/images/themes/theme1/bg.png","verified":false,"profile_location":null,"profile_image_url_https":"https://pbs.twimg.com/profile_images/577504117263888384/2Rs1oLzO_normal.jpeg","profile_sidebar_fill_color":"000000","entities":{"description":{"urls":[]}},"followers_count":1150,"profile_sidebar_border_color":"000000","id_str":"1206161593","profile_background_color":"000000","listed_count":22,"is_translation_enabled":false,"utc_offset":null,"statuses_count":13260,"description":"Proud Texan,Liberty,Chaotic Neutral,Potential Candidate for Houston mayor 2015","friends_count":1980,"location":"Texas","profile_link_color":"09B300","profile_image_url":"http://pbs.twimg.com/profile_images/577504117263888384/2Rs1oLzO_normal.jpeg","following":false,"geo_enabled":true,"profile_background_image_url":"http://abs.twimg.com/images/themes/theme1/bg.png","name":"marty bingham","lang":"en","profile_background_tile":false,"favourites_count":5673,"screen_name":"TexasLiberty15","notifications":false,"url":null,"created_at":"Thu Feb 21 22:22:30 +0000 2013","contributors_enabled":false,"time_zone":null,"protected":false,"default_profile":false,"is_translator":false},"geo":null,"in_reply_to_user_id_str":"1206161593","lang":"en","created_at":"Mon Dec 15 03:55:01 +0000 2014","in_reply_to_status_id_str":"544339385492062208","place":null},
{"contributors":null,"truncated":false,"text":"@TexasLiberty15 @RT_com \nThe goal should be getting everyone out safely.","in_reply_to_status_id":544339385492062208,"id":544340151766622209,"favorite_count":0,"source":"<a href=\"http://twitter.com/#!/download/ipad\" rel=\"nofollow\">Twitter for iPad</a>","retweeted":false,"coordinates":null,"entities":{"symbols":[],"user_mentions":[{"id":1206161593,"indices":[0,15],"id_str":"1206161593","screen_name":"TexasLiberty15","name":"marty bingham"},{"id":64643056,"indices":[16,23],"id_str":"64643056","screen_name":"RT_com","name":"RT"}],"hashtags":[],"urls":[]},"in_reply_to_screen_name":"TexasLiberty15","id_str":"544340151766622209","retweet_count":1,"in_reply_to_user_id":1206161593,"favorited":false,"user":{"follow_request_sent":false,"profile_use_background_image":true,"profile_text_color":"333333","default_profile_image":false,"id":2871981538,"profile_background_image_url_https":"https://abs.twimg.com/images/themes/theme1/bg.png","verified":false,"profile_location":null,"profile_image_url_https":"https://pbs.twimg.com/profile_images/532638793753698304/DkuTPtA3_normal.jpeg","profile_sidebar_fill_color":"DDEEF6","entities":{"description":{"urls":[]}},"followers_count":5,"profile_sidebar_border_color":"C0DEED","id_str":"2871981538","profile_background_color":"C0DEED","listed_count":0,"is_translation_enabled":false,"utc_offset":-28800,"statuses_count":35,"description":"","friends_count":47,"location":"","profile_link_color":"0084B4","profile_image_url":"http://pbs.twimg.com/profile_images/532638793753698304/DkuTPtA3_normal.jpeg","following":false,"geo_enabled":false,"profile_background_image_url":"http://abs.twimg.com/images/themes/theme1/bg.png","name":"Farahani ","lang":"en","profile_background_tile":false,"favourites_count":28,"screen_name":"forenhight","notifications":false,"url":null,"created_at":"Tue Nov 11 07:37:43 +0000 2014","contributors_enabled":false,"time_zone":"PST","protected":false,"default_profile":true,"is_translator":false},"geo":null,"in_reply_to_user_id_str":"1206161593","lang":"en","created_at":"Mon Dec 15 03:56:20 +0000 2014","in_reply_to_status_id_str":"544339385492062208","place":null},
{"contributors":null,"truncated":false,"text":"@forenhight @RT_com Agreed..but the longer this goes on...the more their chances drop","in_reply_to_status_id":544340151766622209,"id":544340567614709760,"favorite_count":0,"source":"<a href=\"http://twitter.com/download/android\" rel=\"nofollow\">Twitter for Android</a>","retweeted":false,"coordinates":null,"entities":{"symbols":[],"user_mentions":[{"id":2871981538,"indices":[0,11],"id_str":"2871981538","screen_name":"forenhight","name":"Farahani "},{"id":64643056,"indices":[12,19],"id_str":"64643056","screen_name":"RT_com","name":"RT"}],"hashtags":[],"urls":[]},"in_reply_to_screen_name":"forenhight","id_str":"544340567614709760","retweet_count":0,"in_reply_to_user_id":2871981538,"favorited":false,"user":{"follow_request_sent":false,"profile_use_background_image":false,"profile_text_color":"000000","default_profile_image":false,"id":1206161593,"profile_background_image_url_https":"https://abs.twimg.com/images/themes/theme1/bg.png","verified":false,"profile_location":null,"profile_image_url_https":"https://pbs.twimg.com/profile_images/577504117263888384/2Rs1oLzO_normal.jpeg","profile_sidebar_fill_color":"000000","entities":{"description":{"urls":[]}},"followers_count":1150,"profile_sidebar_border_color":"000000","id_str":"1206161593","profile_background_color":"000000","listed_count":22,"is_translation_enabled":false,"utc_offset":null,"statuses_count":13260,"description":"Proud Texan,Liberty,Chaotic Neutral,Potential Candidate for Houston mayor 2015","friends_count":1980,"location":"Texas","profile_link_color":"09B300","profile_image_url":"http://pbs.twimg.com/profile_images/577504117263888384/2Rs1oLzO_normal.jpeg","following":false,"geo_enabled":true,"profile_background_image_url":"http://abs.twimg.com/images/themes/theme1/bg.png","name":"marty bingham","lang":"en","profile_background_tile":false,"favourites_count":5673,"screen_name":"TexasLiberty15","notifications":false,"url":null,"created_at":"Thu Feb 21 22:22:30 +0000 2013","contributors_enabled":false,"time_zone":null,"protected":false,"default_profile":false,"is_translator":false},"geo":null,"in_reply_to_user_id_str":"2871981538","lang":"en","created_at":"Mon Dec 15 03:57:59 +0000 2014","in_reply_to_status_id_str":"544340151766622209","place":null},
{"contributors":null,"truncated":false,"text":"@RT_com seriously? \"Islamic lettering\" .. whats that? A new term you just invented?","in_reply_to_status_id":544296155564494848,"id":544378300831760384,"favorite_count":0,"source":"<a href=\"http://twitter.com\" rel=\"nofollow\">Twitter Web Client</a>","retweeted":false,"coordinates":null,"entities":{"symbols":[],"user_mentions":[{"id":64643056,"indices":[0,7],"id_str":"64643056","screen_name":"RT_com","name":"RT"}],"hashtags":[],"urls":[]},"in_reply_to_screen_name":"RT_com","id_str":"544378300831760384","retweet_count":0,"in_reply_to_user_id":64643056,"favorited":false,"user":{"follow_request_sent":false,"profile_use_background_image":true,"profile_text_color":"333333","default_profile_image":false,"id":14178479,"profile_background_image_url_https":"https://abs.twimg.com/images/themes/theme1/bg.png","verified":false,"profile_location":null,"profile_image_url_https":"https://pbs.twimg.com/profile_images/463700853094768640/KjUEPNhX_normal.png","profile_sidebar_fill_color":"DDEEF6","entities":{"url":{"urls":[{"url":"http://t.co/cFS2Ay7agl","indices":[0,22],"expanded_url":"http://www.fahdmurtaza.com","display_url":"fahdmurtaza.com"}]},"description":{"urls":[]}},"followers_count":722,"profile_sidebar_border_color":"C0DEED","id_str":"14178479","profile_background_color":"C0DEED","listed_count":19,"is_translation_enabled":false,"utc_offset":14400,"statuses_count":2933,"description":"Developing web since 2002, living in  Dubai. I am a technical writer and occasional blogger.  I love sharing ideas.","friends_count":1632,"location":"Dubai, UAE","profile_link_color":"0084B4","profile_image_url":"http://pbs.twimg.com/profile_images/463700853094768640/KjUEPNhX_normal.png","following":false,"geo_enabled":true,"profile_banner_url":"https://pbs.twimg.com/profile_banners/14178479/1403088304","profile_background_image_url":"http://abs.twimg.com/images/themes/theme1/bg.png","name":"Fahad Murtaza","lang":"en","profile_background_tile":false,"favourites_count":167,"screen_name":"FahdMurtaza","notifications":false,"url":"http://t.co/cFS2Ay7agl","created_at":"Wed Mar 19 17:56:46 +0000 2008","contributors_enabled":false,"time_zone":"Baku","protected":false,"default_profile":true,"is_translator":false},"geo":null,"in_reply_to_user_id_str":"64643056","lang":"en","created_at":"Mon Dec 15 06:27:55 +0000 2014","in_reply_to_status_id_str":"544296155564494848","place":null},
{"contributors":null,"truncated":false,"text":"@Zlitniya @RT_com Maybe they are not as hot to kill as you, Zit.","in_reply_to_status_id":544323537818124288,"id":544537974424477699,"favorite_count":0,"source":"<a href=\"http://twitter.com\" rel=\"nofollow\">Twitter Web Client</a>","retweeted":false,"coordinates":null,"entities":{"symbols":[],"user_mentions":[{"id":257143165,"indices":[0,9],"id_str":"257143165","screen_name":"Zlitniya","name":"Zlitniya"},{"id":64643056,"indices":[10,17],"id_str":"64643056","screen_name":"RT_com","name":"RT"}],"hashtags":[],"urls":[]},"in_reply_to_screen_name":"Zlitniya","id_str":"544537974424477699","retweet_count":0,"in_reply_to_user_id":257143165,"favorited":false,"user":{"follow_request_sent":false,"profile_use_background_image":true,"profile_text_color":"4A66C1","default_profile_image":false,"id":573730718,"profile_background_image_url_https":"https://pbs.twimg.com/profile_background_images/439269504715984896/K65HEmNB.jpeg","verified":false,"profile_location":null,"profile_image_url_https":"https://pbs.twimg.com/profile_images/552017824395190272/P1PDgH8d_normal.jpeg","profile_sidebar_fill_color":"0E0E0E","entities":{"description":{"urls":[]}},"followers_count":698,"profile_sidebar_border_color":"FFFFFF","id_str":"573730718","profile_background_color":"ACDED6","listed_count":53,"is_translation_enabled":false,"utc_offset":-28800,"statuses_count":18093,"description":"Old Activist pissin off Greedy Old Pricks and Tea baggers. Advancing knowledge of the screwing of Palestine by Zionists!","friends_count":2051,"location":"Las Vegas, NV","profile_link_color":"038543","profile_image_url":"http://pbs.twimg.com/profile_images/552017824395190272/P1PDgH8d_normal.jpeg","following":false,"geo_enabled":true,"profile_banner_url":"https://pbs.twimg.com/profile_banners/573730718/1402635843","profile_background_image_url":"http://pbs.twimg.com/profile_background_images/439269504715984896/K65HEmNB.jpeg","name":"Jim Hyder","lang":"en","profile_background_tile":true,"favourites_count":1088,"screen_name":"DirtyDemocrat","notifications":false,"url":null,"created_at":"Mon May 07 15:30:18 +0000 2012","contributors_enabled":false,"time_zone":"Pacific Time (US & Canada)","protected":false,"default_profile":false,"is_translator":false},"geo":null,"in_reply_to_user_id_str":"257143165","lang":"en","created_at":"Mon Dec 15 17:02:24 +0000 2014","in_reply_to_status_id_str":"544323537818124288","place":null}
]