{"contributors": null, "truncated": false, "text": "Careful what you post about #Lindt Sydney siege; it feeds into bad guys' actions/reactions. Emergency responders need clear air.", "in_reply_to_status_id": null, "id": 544277607723048961, "favorite_count": 69, "source": "<a href=\"http://twitter.com\" rel=\"nofollow\">Twitter Web Client</a>", "retweeted": false, "coordinates": null, "entities": {"symbols": [], "user_mentions": [], "hashtags": [{"indices": [28, 34], "text": "Lindt"}], "urls": []}, "in_reply_to_screen_name": null, "id_str": "544277607723048961", "retweet_count": 155, "in_reply_to_user_id": null, "favorited": false, "user": {"follow_request_sent": false, "profile_use_background_image": false, "profile_text_color": "333333", "default_profile_image": false, "id": 17641218, "profile_background_image_url_https": "https://pbs.twimg.com/profile_background_images/378800000060461476/91c4e7709bb46c8309eb12f9b0746a94.jpeg", "verified": true, "profile_location": null, "profile_image_url_https": "https://pbs.twimg.com/profile_images/484677510144065537/oUCsF42I_normal.jpeg", "profile_sidebar_fill_color": "EFEFEF", "entities": {"url": {"urls": [{"url": "http://t.co/g8I7gDUnrp", "indices": [0, 22], "expanded_url": "http://about.me/slogan", "display_url": "about.me/slogan"}]}, "description": {"urls": []}}, "followers_count": 7028, "profile_sidebar_border_color": "000000", "id_str": "17641218", "profile_background_color": "00476B", "listed_count": 173, "is_translation_enabled": false, "utc_offset": 39600, "statuses_count": 18078, "description": "Truth well told: journalist, diplomat, public/govt/corp affairs executive, spokesman, crisis manager, strategic/media advisor. Oldtimer (ice) hockey player.", "friends_count": 163, "location": "London UK/Canberra, Australia", "profile_link_color": "009999", "profile_image_url": "http://pbs.twimg.com/profile_images/484677510144065537/oUCsF42I_normal.jpeg", "following": false, "geo_enabled": false, "profile_banner_url": "https://pbs.twimg.com/profile_banners/17641218/1404391005", "profile_background_image_url": "http://pbs.twimg.com/profile_background_images/378800000060461476/91c4e7709bb46c8309eb12f9b0746a94.jpeg", "name": "Sandi Logan", "lang": "en", "profile_background_tile": true, "favourites_count": 94, "screen_name": "SandiHLogan", "notifications": false, "url": "http://t.co/g8I7gDUnrp", "created_at": "Wed Nov 26 03:39:39 +0000 2008", "contributors_enabled": false, "time_zone": "Sydney", "protected": false, "default_profile": false, "is_translator": false}, "geo": null, "in_reply_to_user_id_str": null, "lang": "en", "created_at": "Sun Dec 14 23:47:48 +0000 2014", "in_reply_to_status_id_str": null, "place": null}