{"contributors": null, "truncated": false, "text": "Customers in Sydney cafe taken hostage. Siege in center of city. Watch our friends @9NewsSyd http://t.co/5nsRovuHd1 http://t.co/ho5YDCIkac", "in_reply_to_status_id": null, "id": 544280707800264704, "favorite_count": 28, "source": "<a href=\"http://twitter.com/download/iphone\" rel=\"nofollow\">Twitter for iPhone</a>", "retweeted": false, "coordinates": {"type": "Point", "coordinates": [-73.88606014, 40.67767534]}, "entities": {"symbols": [], "user_mentions": [{"id": 171802941, "indices": [83, 92], "id_str": "171802941", "screen_name": "9NewsSyd", "name": "Nine News Sydney"}], "hashtags": [], "urls": [{"url": "http://t.co/5nsRovuHd1", "indices": [93, 115], "expanded_url": "http://www.9news.com.au/national/2014/12/15/10/00/major-police-operation-in-sydneys-martin-place#6Mo4xhY4cDS6jwjx.99", "display_url": "9news.com.au/national/2014/\u2026"}], "media": [{"expanded_url": "http://twitter.com/WilliamsJon/status/544280707800264704/photo/1", "display_url": "pic.twitter.com/ho5YDCIkac", "url": "http://t.co/ho5YDCIkac", "media_url_https": "https://pbs.twimg.com/media/B42sagEIcAA6R9C.jpg", "id_str": "544280701265539072", "sizes": {"large": {"h": 577, "resize": "fit", "w": 1024}, "small": {"h": 191, "resize": "fit", "w": 340}, "medium": {"h": 338, "resize": "fit", "w": 600}, "thumb": {"h": 150, "resize": "crop", "w": 150}}, "indices": [116, 138], "type": "photo", "id": 544280701265539072, "media_url": "http://pbs.twimg.com/media/B42sagEIcAA6R9C.jpg"}]}, "in_reply_to_screen_name": null, "id_str": "544280707800264704", "retweet_count": 108, "in_reply_to_user_id": null, "favorited": false, "user": {"follow_request_sent": false, "profile_use_background_image": true, "profile_text_color": "333333", "default_profile_image": false, "id": 14460241, "profile_background_image_url_https": "https://pbs.twimg.com/profile_background_images/459418459529433088/DjDJMsp6.jpeg", "verified": true, "profile_location": null, "profile_image_url_https": "https://pbs.twimg.com/profile_images/533621429812486144/jOQpA1xs_normal.jpeg", "profile_sidebar_fill_color": "DDEEF6", "entities": {"url": {"urls": [{"url": "http://t.co/MGRc9vX0Wl", "indices": [0, 22], "expanded_url": "http://www.jon-williams.me", "display_url": "jon-williams.me"}]}, "description": {"urls": []}}, "followers_count": 34986, "profile_sidebar_border_color": "FFFFFF", "id_str": "14460241", "profile_background_color": "EBEBEB", "listed_count": 1519, "is_translation_enabled": false, "utc_offset": -18000, "statuses_count": 20347, "description": "Englishman in New York. Foreign editor @ABC, previously foreign editor @BBCNews. Runner, traveller. Views mine alone.", "friends_count": 250, "location": "Brooklyn, NY", "profile_link_color": "0934F2", "profile_image_url": "http://pbs.twimg.com/profile_images/533621429812486144/jOQpA1xs_normal.jpeg", "following": false, "geo_enabled": true, "profile_banner_url": "https://pbs.twimg.com/profile_banners/14460241/1409527985", "profile_background_image_url": "http://pbs.twimg.com/profile_background_images/459418459529433088/DjDJMsp6.jpeg", "name": "Jon Williams", "lang": "en", "profile_background_tile": false, "favourites_count": 0, "screen_name": "WilliamsJon", "notifications": false, "url": "http://t.co/MGRc9vX0Wl", "created_at": "Mon Apr 21 09:56:28 +0000 2008", "contributors_enabled": false, "time_zone": "Eastern Time (US & Canada)", "protected": false, "default_profile": false, "is_translator": false}, "geo": {"type": "Point", "coordinates": [40.67767534, -73.88606014]}, "in_reply_to_user_id_str": null, "possibly_sensitive": false, "lang": "en", "created_at": "Mon Dec 15 00:00:07 +0000 2014", "in_reply_to_status_id_str": null, "place": {"full_name": "Brooklyn, NY", "url": "https://api.twitter.com/1.1/geo/id/011add077f4d2da3.json", "country": "United States", "place_type": "city", "bounding_box": {"type": "Polygon", "coordinates": [[[-74.041878, 40.570842], [-73.855673, 40.570842], [-73.855673, 40.739434], [-74.041878, 40.739434]]]}, "contained_within": [], "country_code": "US", "attributes": {}, "id": "011add077f4d2da3", "name": "Brooklyn"}, "extended_entities": {"media": [{"expanded_url": "http://twitter.com/WilliamsJon/status/544280707800264704/photo/1", "display_url": "pic.twitter.com/ho5YDCIkac", "url": "http://t.co/ho5YDCIkac", "media_url_https": "https://pbs.twimg.com/media/B42sagEIcAA6R9C.jpg", "id_str": "544280701265539072", "sizes": {"large": {"h": 577, "resize": "fit", "w": 1024}, "small": {"h": 191, "resize": "fit", "w": 340}, "medium": {"h": 338, "resize": "fit", "w": 600}, "thumb": {"h": 150, "resize": "crop", "w": 150}}, "indices": [116, 138], "type": "photo", "id": 544280701265539072, "media_url": "http://pbs.twimg.com/media/B42sagEIcAA6R9C.jpg"}]}}