{"contributors":null,"truncated":false,"text":"Horrifying news about Sydney hostages\n\nPlease remember to ONLY blame the individuals involved not the religion they claim to operate under","in_reply_to_status_id":null,"id":544284526684286976,"favorite_count":714,"source":"<a href=\"http:\/\/twitter.com\/download\/iphone\" rel=\"nofollow\">Twitter for iPhone<\/a>","retweeted":false,"coordinates":null,"entities":{"symbols":[],"user_mentions":[],"hashtags":[],"urls":[]},"in_reply_to_screen_name":null,"id_str":"544284526684286976","retweet_count":792,"in_reply_to_user_id":null,"favorited":false,"user":{"follow_request_sent":false,"profile_use_background_image":true,"profile_text_color":"333333","default_profile_image":false,"id":100629223,"profile_background_image_url_https":"https:\/\/pbs.twimg.com\/profile_background_images\/795458254\/4d20d056883984701758450d09e538c2.jpeg","verified":true,"profile_location":null,"profile_image_url_https":"https:\/\/pbs.twimg.com\/profile_images\/527817171540258817\/DX5tFJZw_normal.jpeg","profile_sidebar_fill_color":"DDEEF6","entities":{"url":{"urls":[{"url":"http:\/\/t.co\/f7lbrfQqwn","indices":[0,22],"expanded_url":"http:\/\/www.shazamtop20.com.au","display_url":"shazamtop20.com.au"}]},"description":{"urls":[]}},"followers_count":90210,"profile_sidebar_border_color":"FFFFFF","id_str":"100629223","profile_background_color":"C0DEED","listed_count":104,"is_translation_enabled":false,"utc_offset":36000,"statuses_count":34309,"description":"\u25aa\ufe0fHosts 2 national radio shows @ShazamTop20 & @take40 \u25aa\ufe0fWon U14 female Javelin comp last year\u25aa\ufe0fOwn a Pterodactyl \u25aa\ufe0fYour cousin \u25aa\ufe0fSurprised i dont work at Supre","friends_count":623,"location":"Instagram: @Angus_OL","profile_link_color":"0084B4","profile_image_url":"http:\/\/pbs.twimg.com\/profile_images\/527817171540258817\/DX5tFJZw_normal.jpeg","following":false,"geo_enabled":true,"profile_banner_url":"https:\/\/pbs.twimg.com\/profile_banners\/100629223\/1413579133","profile_background_image_url":"http:\/\/pbs.twimg.com\/profile_background_images\/795458254\/4d20d056883984701758450d09e538c2.jpeg","name":"Lord Angus OLoughlin","lang":"en","profile_background_tile":true,"favourites_count":16995,"screen_name":"Angus_OL","notifications":false,"url":"http:\/\/t.co\/f7lbrfQqwn","created_at":"Wed Dec 30 23:59:26 +0000 2009","contributors_enabled":false,"time_zone":"Brisbane","protected":false,"default_profile":false,"is_translator":false},"geo":null,"in_reply_to_user_id_str":null,"lang":"en","created_at":"Mon Dec 15 00:15:18 +0000 2014","in_reply_to_status_id_str":null,"place":null}