{"contributors":null,"truncated":false,"text":"Statement from Prime Minister Tony Abbott on Sydney hostage situation. http:\/\/t.co\/MHkNRZFQWB","in_reply_to_status_id":null,"id":544289311504355328,"favorite_count":45,"source":"<a href=\"http:\/\/www.apple.com\" rel=\"nofollow\">Photos on iOS<\/a>","retweeted":false,"coordinates":null,"entities":{"symbols":[],"user_mentions":[],"hashtags":[],"urls":[],"media":[{"expanded_url":"http:\/\/twitter.com\/Simon_Cullen\/status\/544289311504355328\/photo\/1","display_url":"pic.twitter.com\/MHkNRZFQWB","url":"http:\/\/t.co\/MHkNRZFQWB","media_url_https":"https:\/\/pbs.twimg.com\/media\/B420PrJCMAIRtQn.png","id_str":"544289311353352194","sizes":{"small":{"h":247,"resize":"fit","w":340},"large":{"h":744,"resize":"fit","w":1024},"medium":{"h":436,"resize":"fit","w":600},"thumb":{"h":150,"resize":"crop","w":150}},"indices":[71,93],"type":"photo","id":544289311353352194,"media_url":"http:\/\/pbs.twimg.com\/media\/B420PrJCMAIRtQn.png"}]},"in_reply_to_screen_name":null,"id_str":"544289311504355328","retweet_count":211,"in_reply_to_user_id":null,"favorited":false,"user":{"follow_request_sent":false,"profile_use_background_image":false,"profile_text_color":"000000","default_profile_image":false,"id":74361628,"profile_background_image_url_https":"https:\/\/abs.twimg.com\/images\/themes\/theme15\/bg.png","verified":true,"profile_location":null,"profile_image_url_https":"https:\/\/pbs.twimg.com\/profile_images\/581515330842857472\/zI3Y5qkF_normal.jpg","profile_sidebar_fill_color":"000000","entities":{"url":{"urls":[{"url":"http:\/\/t.co\/feLYnhZXnk","indices":[0,22],"expanded_url":"http:\/\/www.abc.net.au\/news","display_url":"abc.net.au\/news"}]},"description":{"urls":[{"url":"http:\/\/t.co\/IBc3nCvuG7","indices":[65,87],"expanded_url":"http:\/\/simoncullen.work","display_url":"simoncullen.work"}]}},"followers_count":19266,"profile_sidebar_border_color":"000000","id_str":"74361628","profile_background_color":"000000","listed_count":624,"is_translation_enabled":false,"utc_offset":39600,"statuses_count":12209,"description":"Federal political reporter, ABC News, Parliament House. Contact: http:\/\/t.co\/IBc3nCvuG7(at)http:\/\/t.co\/N8GNSmRXu8","friends_count":679,"location":"Canberra","profile_link_color":"ABB8C2","profile_image_url":"http:\/\/pbs.twimg.com\/profile_images\/581515330842857472\/zI3Y5qkF_normal.jpg","following":false,"geo_enabled":false,"profile_banner_url":"https:\/\/pbs.twimg.com\/profile_banners\/74361628\/1396257913","profile_background_image_url":"http:\/\/abs.twimg.com\/images\/themes\/theme15\/bg.png","name":"Simon Cullen","lang":"en","profile_background_tile":false,"favourites_count":23,"screen_name":"Simon_Cullen","notifications":false,"url":"http:\/\/t.co\/feLYnhZXnk","created_at":"Tue Sep 15 04:10:18 +0000 2009","contributors_enabled":false,"time_zone":"Solomon Is.","protected":false,"default_profile":false,"is_translator":false},"geo":null,"in_reply_to_user_id_str":null,"possibly_sensitive":false,"lang":"en","created_at":"Mon Dec 15 00:34:18 +0000 2014","in_reply_to_status_id_str":null,"place":null,"extended_entities":{"media":[{"expanded_url":"http:\/\/twitter.com\/Simon_Cullen\/status\/544289311504355328\/photo\/1","display_url":"pic.twitter.com\/MHkNRZFQWB","url":"http:\/\/t.co\/MHkNRZFQWB","media_url_https":"https:\/\/pbs.twimg.com\/media\/B420PrJCMAIRtQn.png","id_str":"544289311353352194","sizes":{"small":{"h":247,"resize":"fit","w":340},"large":{"h":744,"resize":"fit","w":1024},"medium":{"h":436,"resize":"fit","w":600},"thumb":{"h":150,"resize":"crop","w":150}},"indices":[71,93],"type":"photo","id":544289311353352194,"media_url":"http:\/\/pbs.twimg.com\/media\/B420PrJCMAIRtQn.png"}]}}