[{"contributors":null,"truncated":false,"text":"“@liztilley84: Flag in window of Sydney Lindt cafe not an ISIS flag. Reads: ‘There is no God but Allah and Muhammad is the messenger of God’","in_reply_to_status_id":544277113683980288,"id":544277514349473793,"favorite_count":0,"source":"<a href=\"http://twitter.com/download/iphone\" rel=\"nofollow\">Twitter for iPhone</a>","retweeted":false,"coordinates":null,"entities":{"symbols":[],"user_mentions":[{"id":1269181292,"indices":[1,13],"id_str":"1269181292","screen_name":"liztilley84","name":"Elizabeth Tilley"}],"hashtags":[],"urls":[]},"in_reply_to_screen_name":"liztilley84","id_str":"544277514349473793","retweet_count":1,"in_reply_to_user_id":1269181292,"favorited":false,"user":{"follow_request_sent":false,"profile_use_background_image":true,"profile_text_color":"333333","default_profile_image":false,"id":612560364,"profile_background_image_url_https":"https://abs.twimg.com/images/themes/theme15/bg.png","verified":false,"profile_location":null,"profile_image_url_https":"https://pbs.twimg.com/profile_images/572717278795583488/_8djx6Is_normal.jpeg","profile_sidebar_fill_color":"C0DFEC","entities":{"description":{"urls":[]}},"followers_count":516,"profile_sidebar_border_color":"A8C7F7","id_str":"612560364","profile_background_color":"022330","listed_count":19,"is_translation_enabled":false,"utc_offset":0,"statuses_count":3474,"description":"Journalist, BBC Northern Ireland. \r\nEmail : Darran.Marshall@bbc.co.uk\r\n(These are not the views of the BBC. Retweet is not an endorsement)","friends_count":1421,"location":"","profile_link_color":"0084B4","profile_image_url":"http://pbs.twimg.com/profile_images/572717278795583488/_8djx6Is_normal.jpeg","following":false,"geo_enabled":false,"profile_background_image_url":"http://abs.twimg.com/images/themes/theme15/bg.png","name":"Darran Marshall","lang":"en","profile_background_tile":false,"favourites_count":23,"screen_name":"DarranMarshall","notifications":false,"url":null,"created_at":"Tue Jun 19 11:24:34 +0000 2012","contributors_enabled":false,"time_zone":"Dublin","protected":false,"default_profile":false,"is_translator":false},"geo":null,"in_reply_to_user_id_str":"1269181292","lang":"en","created_at":"Sun Dec 14 23:47:26 +0000 2014","in_reply_to_status_id_str":"544277113683980288","place":null},
{"contributors":null,"truncated":false,"text":"@liztilley84 @jaketapper @SkyNewsAust Unless they surrender peacefully with no one hurt, that's a difference without distinction.","in_reply_to_status_id":544277113683980288,"id":544279217588813824,"favorite_count":1,"source":"<a href=\"http://twitter.com\" rel=\"nofollow\">Twitter Web Client</a>","retweeted":false,"coordinates":null,"entities":{"symbols":[],"user_mentions":[{"id":1269181292,"indices":[0,12],"id_str":"1269181292","screen_name":"liztilley84","name":"Elizabeth Tilley"},{"id":14529929,"indices":[13,24],"id_str":"14529929","screen_name":"jaketapper","name":"Jake Tapper"},{"id":16834659,"indices":[25,37],"id_str":"16834659","screen_name":"SkyNewsAust","name":"Sky News Australia"}],"hashtags":[],"urls":[]},"in_reply_to_screen_name":"liztilley84","id_str":"544279217588813824","retweet_count":0,"in_reply_to_user_id":1269181292,"favorited":false,"user":{"follow_request_sent":false,"profile_use_background_image":true,"profile_text_color":"333333","default_profile_image":false,"id":77943492,"profile_background_image_url_https":"https://abs.twimg.com/images/themes/theme1/bg.png","verified":false,"profile_location":null,"profile_image_url_https":"https://pbs.twimg.com/profile_images/378800000630552406/df768af4e31cf95002e05ff9e9e0cc0c_normal.jpeg","profile_sidebar_fill_color":"DDEEF6","entities":{"url":{"urls":[{"url":"http://t.co/1qyMAsIKpP","indices":[0,22],"expanded_url":"http://joelengel.com","display_url":"joelengel.com"}]},"description":{"urls":[]}},"followers_count":971,"profile_sidebar_border_color":"C0DEED","id_str":"77943492","profile_background_color":"C0DEED","listed_count":35,"is_translation_enabled":false,"utc_offset":-28800,"statuses_count":15996,"description":"Long-ago journalist for the likes of  NYT and LAT and current author/co-author of nearly 20 books who feels really bad about his high self esteem.","friends_count":99,"location":"Southern Calif","profile_link_color":"0084B4","profile_image_url":"http://pbs.twimg.com/profile_images/378800000630552406/df768af4e31cf95002e05ff9e9e0cc0c_normal.jpeg","following":false,"geo_enabled":false,"profile_banner_url":"https://pbs.twimg.com/profile_banners/77943492/1373245033","profile_background_image_url":"http://abs.twimg.com/images/themes/theme1/bg.png","name":"Joel Engel","lang":"en","profile_background_tile":false,"favourites_count":317,"screen_name":"joelengel","notifications":false,"url":"http://t.co/1qyMAsIKpP","created_at":"Mon Sep 28 06:27:55 +0000 2009","contributors_enabled":false,"time_zone":"Pacific Time (US & Canada)","protected":false,"default_profile":true,"is_translator":false},"geo":null,"in_reply_to_user_id_str":"1269181292","lang":"en","created_at":"Sun Dec 14 23:54:12 +0000 2014","in_reply_to_status_id_str":"544277113683980288","place":null},
{"contributors":null,"truncated":false,"text":"@liztilley84 @mattcdef2000 @SkyNewsAust that's not a very comforting diff","in_reply_to_status_id":544277113683980288,"id":544279586721116160,"favorite_count":0,"source":"<a href=\"http://twitter.com/download/iphone\" rel=\"nofollow\">Twitter for iPhone</a>","retweeted":false,"coordinates":null,"entities":{"symbols":[],"user_mentions":[{"id":1269181292,"indices":[0,12],"id_str":"1269181292","screen_name":"liztilley84","name":"Elizabeth Tilley"},{"id":10723262,"indices":[13,26],"id_str":"10723262","screen_name":"mattcdef2000","name":"Matt Coleman"},{"id":16834659,"indices":[27,39],"id_str":"16834659","screen_name":"SkyNewsAust","name":"Sky News Australia"}],"hashtags":[],"urls":[]},"in_reply_to_screen_name":"liztilley84","id_str":"544279586721116160","retweet_count":0,"in_reply_to_user_id":1269181292,"favorited":false,"user":{"follow_request_sent":false,"profile_use_background_image":true,"profile_text_color":"333333","default_profile_image":false,"id":21643658,"profile_background_image_url_https":"https://abs.twimg.com/images/themes/theme1/bg.png","verified":false,"profile_location":null,"profile_image_url_https":"https://pbs.twimg.com/profile_images/220252819/woman_normal.jpg","profile_sidebar_fill_color":"DDEEF6","entities":{"description":{"urls":[]}},"followers_count":79,"profile_sidebar_border_color":"C0DEED","id_str":"21643658","profile_background_color":"C0DEED","listed_count":0,"is_translation_enabled":false,"utc_offset":37800,"statuses_count":176,"description":"","friends_count":881,"location":"Thebarton, SA","profile_link_color":"0084B4","profile_image_url":"http://pbs.twimg.com/profile_images/220252819/woman_normal.jpg","following":false,"geo_enabled":false,"profile_banner_url":"https://pbs.twimg.com/profile_banners/21643658/1388921075","profile_background_image_url":"http://abs.twimg.com/images/themes/theme1/bg.png","name":"Mary Dew","lang":"en","profile_background_tile":false,"favourites_count":10,"screen_name":"marydewriddoch","notifications":false,"url":null,"created_at":"Mon Feb 23 10:16:17 +0000 2009","contributors_enabled":false,"time_zone":"Adelaide","protected":false,"default_profile":true,"is_translator":false},"geo":null,"in_reply_to_user_id_str":"1269181292","lang":"en","created_at":"Sun Dec 14 23:55:40 +0000 2014","in_reply_to_status_id_str":"544277113683980288","place":null},
{"contributors":null,"truncated":false,"text":"It is Definitely a Flag used by ISIS and Every Islamic Terrorist in the WORLD @liztilley84 @SkyNewsAust","in_reply_to_status_id":544277113683980288,"id":544279759501266944,"favorite_count":1,"source":"<a href=\"http://twitter.com\" rel=\"nofollow\">Twitter Web Client</a>","retweeted":false,"coordinates":null,"entities":{"symbols":[],"user_mentions":[{"id":1269181292,"indices":[78,90],"id_str":"1269181292","screen_name":"liztilley84","name":"Elizabeth Tilley"},{"id":16834659,"indices":[91,103],"id_str":"16834659","screen_name":"SkyNewsAust","name":"Sky News Australia"}],"hashtags":[],"urls":[]},"in_reply_to_screen_name":"liztilley84","id_str":"544279759501266944","retweet_count":0,"in_reply_to_user_id":1269181292,"favorited":false,"user":{"follow_request_sent":false,"profile_use_background_image":true,"profile_text_color":"333333","default_profile_image":false,"id":1903011067,"profile_background_image_url_https":"https://abs.twimg.com/images/themes/theme1/bg.png","verified":false,"profile_location":null,"profile_image_url_https":"https://pbs.twimg.com/profile_images/378800000505067682/5b4e6db4293be774457414550713a9bc_normal.jpeg","profile_sidebar_fill_color":"DDEEF6","entities":{"url":{"urls":[{"url":"http://t.co/XBcsBMKVy4","indices":[0,22],"expanded_url":"http://constitutionwarrior.wordpress.com/","display_url":"constitutionwarrior.wordpress.com"}]},"description":{"urls":[{"url":"http://t.co/7wjfzqqBg1","indices":[81,103],"expanded_url":"http://teachingamericanhistory.org/fed-antifed/antifederalist/","display_url":"teachingamericanhistory.org/fed-antifed/an…"}]}},"followers_count":2580,"profile_sidebar_border_color":"C0DEED","id_str":"1903011067","profile_background_color":"C0DEED","listed_count":62,"is_translation_enabled":false,"utc_offset":-28800,"statuses_count":19538,"description":"Retired Army SFC 13R 11B 13F Iraq Veteran Carrying the Torch of Anti-Federalism\r\nhttp://t.co/7wjfzqqBg1","friends_count":1947,"location":"Fields of Liberty","profile_link_color":"0084B4","profile_image_url":"http://pbs.twimg.com/profile_images/378800000505067682/5b4e6db4293be774457414550713a9bc_normal.jpeg","following":false,"geo_enabled":false,"profile_banner_url":"https://pbs.twimg.com/profile_banners/1903011067/1399572802","profile_background_image_url":"http://abs.twimg.com/images/themes/theme1/bg.png","name":"A Federal Farmer","lang":"en","profile_background_tile":false,"favourites_count":1096,"screen_name":"AFederalFarmer","notifications":false,"url":"http://t.co/XBcsBMKVy4","created_at":"Wed Sep 25 05:40:52 +0000 2013","contributors_enabled":false,"time_zone":"Pacific Time (US & Canada)","protected":false,"default_profile":true,"is_translator":false},"geo":null,"in_reply_to_user_id_str":"1269181292","lang":"en","created_at":"Sun Dec 14 23:56:21 +0000 2014","in_reply_to_status_id_str":"544277113683980288","place":null},
{"contributors":null,"truncated":false,"text":". @liztilley84 @JimmyPrinceton @SkyNewsAust that's scumsucking Muslim enough to be considered ISIS by me","in_reply_to_status_id":544277113683980288,"id":544279816640270336,"favorite_count":1,"source":"<a href=\"http://twitter.com/download/iphone\" rel=\"nofollow\">Twitter for iPhone</a>","retweeted":false,"coordinates":null,"entities":{"symbols":[],"user_mentions":[{"id":1269181292,"indices":[2,14],"id_str":"1269181292","screen_name":"liztilley84","name":"Elizabeth Tilley"},{"id":539490309,"indices":[15,30],"id_str":"539490309","screen_name":"JimmyPrinceton","name":"Jimmy"},{"id":16834659,"indices":[31,43],"id_str":"16834659","screen_name":"SkyNewsAust","name":"Sky News Australia"}],"hashtags":[],"urls":[]},"in_reply_to_screen_name":"liztilley84","id_str":"544279816640270336","retweet_count":2,"in_reply_to_user_id":1269181292,"favorited":false,"user":{"follow_request_sent":false,"profile_use_background_image":true,"profile_text_color":"333333","default_profile_image":false,"id":40191477,"profile_background_image_url_https":"https://pbs.twimg.com/profile_background_images/697510043/ef5851348ad6d9a32483aaffec61aef0.jpeg","verified":false,"profile_location":null,"profile_image_url_https":"https://pbs.twimg.com/profile_images/568886804120485888/rrOHb9Lt_normal.jpeg","profile_sidebar_fill_color":"DDEEF6","entities":{"url":{"urls":[{"url":"http://t.co/KJzWRBh1O5","indices":[0,22],"expanded_url":"http://magpul.com/","display_url":"magpul.com"}]},"description":{"urls":[]}},"followers_count":1691,"profile_sidebar_border_color":"FFFFFF","id_str":"40191477","profile_background_color":"131516","listed_count":39,"is_translation_enabled":false,"utc_offset":-25200,"statuses_count":87569,"description":"Don't follow me. I'm a racist, oil hungry, seal bashing, zealot. I also may be doing the drugs #420NO #nomofo #nohomo #progun #WAR","friends_count":465,"location":"Canada","profile_link_color":"009999","profile_image_url":"http://pbs.twimg.com/profile_images/568886804120485888/rrOHb9Lt_normal.jpeg","following":false,"geo_enabled":false,"profile_banner_url":"https://pbs.twimg.com/profile_banners/40191477/1416614743","profile_background_image_url":"http://pbs.twimg.com/profile_background_images/697510043/ef5851348ad6d9a32483aaffec61aef0.jpeg","name":"Johnny Mofo","lang":"en","profile_background_tile":true,"favourites_count":25712,"screen_name":"JohnnyJesus","notifications":false,"url":"http://t.co/KJzWRBh1O5","created_at":"Fri May 15 06:37:09 +0000 2009","contributors_enabled":false,"time_zone":"Mountain Time (US & Canada)","protected":false,"default_profile":false,"is_translator":false},"geo":null,"in_reply_to_user_id_str":"1269181292","lang":"en","created_at":"Sun Dec 14 23:56:35 +0000 2014","in_reply_to_status_id_str":"544277113683980288","place":null},
{"contributors":null,"truncated":false,"text":"@liztilley84 @GaltsGirl @SkyNewsAust close enough","in_reply_to_status_id":544277113683980288,"id":544279979237076994,"favorite_count":0,"source":"<a href=\"http://twitter.com/download/android\" rel=\"nofollow\">Twitter for Android</a>","retweeted":false,"coordinates":null,"entities":{"symbols":[],"user_mentions":[{"id":1269181292,"indices":[0,12],"id_str":"1269181292","screen_name":"liztilley84","name":"Elizabeth Tilley"},{"id":74014041,"indices":[13,23],"id_str":"74014041","screen_name":"GaltsGirl","name":"Michelle Ray"},{"id":16834659,"indices":[24,36],"id_str":"16834659","screen_name":"SkyNewsAust","name":"Sky News Australia"}],"hashtags":[],"urls":[]},"in_reply_to_screen_name":"liztilley84","id_str":"544279979237076994","retweet_count":0,"in_reply_to_user_id":1269181292,"favorited":false,"user":{"follow_request_sent":false,"profile_use_background_image":true,"profile_text_color":"A79E13","default_profile_image":false,"id":118214601,"profile_background_image_url_https":"https://pbs.twimg.com/profile_background_images/843904301/c9ef07460623b3acc7993ec3f09fc0db.png","verified":false,"profile_location":null,"profile_image_url_https":"https://pbs.twimg.com/profile_images/528184635327401985/isJiwqWW_normal.png","profile_sidebar_fill_color":"B29837","entities":{"url":{"urls":[{"url":"http://t.co/BmH9LClcFx","indices":[0,22],"expanded_url":"http://genestrother.com","display_url":"genestrother.com"}]},"description":{"urls":[]}},"followers_count":1407,"profile_sidebar_border_color":"FFFFFF","id_str":"118214601","profile_background_color":"190B07","listed_count":28,"is_translation_enabled":false,"utc_offset":-21600,"statuses_count":14035,"description":"Restoring sanity. Righting wrongs. Raining truth. Annoying football fans w politics and political fans w football #cowboys #tcot #tgdn","friends_count":1830,"location":"Big D","profile_link_color":"8E7D11","profile_image_url":"http://pbs.twimg.com/profile_images/528184635327401985/isJiwqWW_normal.png","following":false,"geo_enabled":true,"profile_banner_url":"https://pbs.twimg.com/profile_banners/118214601/1414763966","profile_background_image_url":"http://pbs.twimg.com/profile_background_images/843904301/c9ef07460623b3acc7993ec3f09fc0db.png","name":"DDaddy","lang":"en","profile_background_tile":false,"favourites_count":100,"screen_name":"DoomsDaddy","notifications":false,"url":"http://t.co/BmH9LClcFx","created_at":"Sat Feb 27 23:39:34 +0000 2010","contributors_enabled":false,"time_zone":"Central Time (US & Canada)","protected":false,"default_profile":false,"is_translator":false},"geo":null,"in_reply_to_user_id_str":"1269181292","lang":"en","created_at":"Sun Dec 14 23:57:13 +0000 2014","in_reply_to_status_id_str":"544277113683980288","place":null},
{"contributors":null,"truncated":false,"text":"@liztilley84 @justdreaming12 @SkyNewsAust doesnt the ISIS flag say the same words but different design?","in_reply_to_status_id":544277113683980288,"id":544280009146249216,"favorite_count":0,"source":"<a href=\"http://twitter.com/download/android\" rel=\"nofollow\">Twitter for Android</a>","retweeted":false,"coordinates":null,"entities":{"symbols":[],"user_mentions":[{"id":1269181292,"indices":[0,12],"id_str":"1269181292","screen_name":"liztilley84","name":"Elizabeth Tilley"},{"id":483149591,"indices":[13,28],"id_str":"483149591","screen_name":"justdreaming12","name":"Marianne "},{"id":16834659,"indices":[29,41],"id_str":"16834659","screen_name":"SkyNewsAust","name":"Sky News Australia"}],"hashtags":[],"urls":[]},"in_reply_to_screen_name":"liztilley84","id_str":"544280009146249216","retweet_count":0,"in_reply_to_user_id":1269181292,"favorited":false,"user":{"follow_request_sent":false,"profile_use_background_image":true,"profile_text_color":"140314","default_profile_image":false,"id":79379759,"profile_background_image_url_https":"https://pbs.twimg.com/profile_background_images/69337734/imaging.png","verified":false,"profile_location":null,"profile_image_url_https":"https://pbs.twimg.com/profile_images/572347271108427776/pA8R1AXW_normal.jpeg","profile_sidebar_fill_color":"90989C","entities":{"url":{"urls":[{"url":"http://t.co/1KGdHW98Pi","indices":[0,22],"expanded_url":"http://www.facebook.com/n1ck1985","display_url":"facebook.com/n1ck1985"}]},"description":{"urls":[]}},"followers_count":1171,"profile_sidebar_border_color":"D1DDE3","id_str":"79379759","profile_background_color":"022333","listed_count":46,"is_translation_enabled":false,"utc_offset":39600,"statuses_count":38502,"description":"Digital Production @foxsportspulse. Engaged to the rambunctious @ameltoe. Love my @stkildafc, #phillies, #sixers & #flyers! Views are all my own so... sorry!","friends_count":2001,"location":"Melbourne, Australia","profile_link_color":"0F171A","profile_image_url":"http://pbs.twimg.com/profile_images/572347271108427776/pA8R1AXW_normal.jpeg","following":false,"geo_enabled":true,"profile_banner_url":"https://pbs.twimg.com/profile_banners/79379759/1404922935","profile_background_image_url":"http://pbs.twimg.com/profile_background_images/69337734/imaging.png","name":"n 1 c k","lang":"en","profile_background_tile":true,"favourites_count":2202,"screen_name":"nicksplitter","notifications":false,"url":"http://t.co/1KGdHW98Pi","created_at":"Sat Oct 03 05:01:02 +0000 2009","contributors_enabled":false,"time_zone":"Melbourne","protected":false,"default_profile":false,"is_translator":false},"geo":null,"in_reply_to_user_id_str":"1269181292","lang":"en","created_at":"Sun Dec 14 23:57:21 +0000 2014","in_reply_to_status_id_str":"544277113683980288","place":null},
{"contributors":null,"truncated":false,"text":"@liztilley84 @AliasHere @SkyNewsAust Religion is deadly.","in_reply_to_status_id":544277113683980288,"id":544280122292199424,"favorite_count":0,"source":"<a href=\"http://twitter.com\" rel=\"nofollow\">Twitter Web Client</a>","retweeted":false,"coordinates":null,"entities":{"symbols":[],"user_mentions":[{"id":1269181292,"indices":[0,12],"id_str":"1269181292","screen_name":"liztilley84","name":"Elizabeth Tilley"},{"id":229278838,"indices":[13,23],"id_str":"229278838","screen_name":"AliasHere","name":"AliasHere"},{"id":16834659,"indices":[24,36],"id_str":"16834659","screen_name":"SkyNewsAust","name":"Sky News Australia"}],"hashtags":[],"urls":[]},"in_reply_to_screen_name":"liztilley84","id_str":"544280122292199424","retweet_count":0,"in_reply_to_user_id":1269181292,"favorited":false,"user":{"follow_request_sent":false,"profile_use_background_image":true,"profile_text_color":"663B12","default_profile_image":false,"id":1598574949,"profile_background_image_url_https":"https://abs.twimg.com/images/themes/theme2/bg.gif","verified":false,"profile_location":null,"profile_image_url_https":"https://pbs.twimg.com/profile_images/378800000169071701/0d4449d5585d98df52f92377b6212539_normal.png","profile_sidebar_fill_color":"DAECF4","entities":{"description":{"urls":[]}},"followers_count":1777,"profile_sidebar_border_color":"FFFFFF","id_str":"1598574949","profile_background_color":"C0DEED","listed_count":43,"is_translation_enabled":false,"utc_offset":-18000,"statuses_count":5975,"description":"Assistant State Attorney, Broward County; Partisan Liberal Democrat; Land Use Planning; Women's Rights activist; Attorney; Southern/Midwesterner and caring.","friends_count":1779,"location":"Broward County, Florida","profile_link_color":"0084B4","profile_image_url":"http://pbs.twimg.com/profile_images/378800000169071701/0d4449d5585d98df52f92377b6212539_normal.png","following":false,"geo_enabled":false,"profile_banner_url":"https://pbs.twimg.com/profile_banners/1598574949/1374375882","profile_background_image_url":"http://abs.twimg.com/images/themes/theme2/bg.gif","name":"Adam B. Bear","lang":"en","profile_background_tile":false,"favourites_count":2579,"screen_name":"democraticbear","notifications":false,"url":null,"created_at":"Tue Jul 16 14:37:04 +0000 2013","contributors_enabled":false,"time_zone":"Eastern Time (US & Canada)","protected":false,"default_profile":false,"is_translator":false},"geo":null,"in_reply_to_user_id_str":"1269181292","lang":"en","created_at":"Sun Dec 14 23:57:48 +0000 2014","in_reply_to_status_id_str":"544277113683980288","place":null},
{"contributors":null,"truncated":false,"text":"@liztilley84 @jaketapper @SkyNewsAust which is an ISIS flag https://t.co/oeBw7bSA0R","in_reply_to_status_id":544277113683980288,"id":544280129913225217,"favorite_count":0,"source":"<a href=\"http://twitter.com\" rel=\"nofollow\">Twitter Web Client</a>","retweeted":false,"coordinates":null,"entities":{"symbols":[],"user_mentions":[{"id":1269181292,"indices":[0,12],"id_str":"1269181292","screen_name":"liztilley84","name":"Elizabeth Tilley"},{"id":14529929,"indices":[13,24],"id_str":"14529929","screen_name":"jaketapper","name":"Jake Tapper"},{"id":16834659,"indices":[25,37],"id_str":"16834659","screen_name":"SkyNewsAust","name":"Sky News Australia"}],"hashtags":[],"urls":[{"url":"https://t.co/oeBw7bSA0R","indices":[60,83],"expanded_url":"https://encrypted-tbn2.gstatic.com/images?q=tbn:ANd9GcQLWDc7KAEforzkMpN6aAtYgzkBwDTf8iDhuohQmP3v1nKY3y1F6Q","display_url":"encrypted-tbn2.gstatic.com/images?q=tbn:A…"}]},"in_reply_to_screen_name":"liztilley84","id_str":"544280129913225217","retweet_count":0,"in_reply_to_user_id":1269181292,"favorited":false,"user":{"follow_request_sent":false,"profile_use_background_image":true,"profile_text_color":"412006","default_profile_image":false,"id":90738770,"profile_background_image_url_https":"https://pbs.twimg.com/profile_background_images/439809803/tigrenuit.jpg","verified":false,"profile_location":null,"profile_image_url_https":"https://pbs.twimg.com/profile_images/554735414536175617/gdwn3D6D_normal.jpeg","profile_sidebar_fill_color":"F0EBE1","entities":{"url":{"urls":[{"url":"http://t.co/0kk9LHgABB","indices":[0,22],"expanded_url":"http://paper.li/itsme_leclerc","display_url":"paper.li/itsme_leclerc"}]},"description":{"urls":[]}},"followers_count":2002,"profile_sidebar_border_color":"BCB302","id_str":"90738770","profile_background_color":"0F637D","listed_count":91,"is_translation_enabled":false,"utc_offset":3600,"statuses_count":44996,"description":"from a French #militaryfamily, trying to contribute to the defense infosphere. Tweets in French and English\r\nViews are mine, RTs for info.","friends_count":1932,"location":"France","profile_link_color":"0B48B3","profile_image_url":"http://pbs.twimg.com/profile_images/554735414536175617/gdwn3D6D_normal.jpeg","following":false,"geo_enabled":false,"profile_banner_url":"https://pbs.twimg.com/profile_banners/90738770/1417802883","profile_background_image_url":"http://pbs.twimg.com/profile_background_images/439809803/tigrenuit.jpg","name":"it is I, Leclerc ن","lang":"en","profile_background_tile":true,"favourites_count":945,"screen_name":"itsme_leclerc","notifications":false,"url":"http://t.co/0kk9LHgABB","created_at":"Tue Nov 17 22:42:12 +0000 2009","contributors_enabled":false,"time_zone":"Paris","protected":false,"default_profile":false,"is_translator":false},"geo":null,"in_reply_to_user_id_str":"1269181292","possibly_sensitive":false,"lang":"en","created_at":"Sun Dec 14 23:57:49 +0000 2014","in_reply_to_status_id_str":"544277113683980288","place":null},
{"contributors":null,"truncated":false,"text":"@liztilley84 @JimmyPrinceton @SkyNewsAust \nAh, well that's a relief - thought this may have been Islamic in nature.","in_reply_to_status_id":544277113683980288,"id":544280175304015872,"favorite_count":0,"source":"<a href=\"http://twitter.com/download/iphone\" rel=\"nofollow\">Twitter for iPhone</a>","retweeted":false,"coordinates":null,"entities":{"symbols":[],"user_mentions":[{"id":1269181292,"indices":[0,12],"id_str":"1269181292","screen_name":"liztilley84","name":"Elizabeth Tilley"},{"id":539490309,"indices":[13,28],"id_str":"539490309","screen_name":"JimmyPrinceton","name":"Jimmy"},{"id":16834659,"indices":[29,41],"id_str":"16834659","screen_name":"SkyNewsAust","name":"Sky News Australia"}],"hashtags":[],"urls":[]},"in_reply_to_screen_name":"liztilley84","id_str":"544280175304015872","retweet_count":0,"in_reply_to_user_id":1269181292,"favorited":false,"user":{"follow_request_sent":false,"profile_use_background_image":true,"profile_text_color":"000000","default_profile_image":false,"id":14592739,"profile_background_image_url_https":"https://pbs.twimg.com/profile_background_images/51294418/shark_2.jpg","verified":false,"profile_location":null,"profile_image_url_https":"https://pbs.twimg.com/profile_images/1598875989/MelRamos_velveeta_normal.jpg","profile_sidebar_fill_color":"E0FF92","entities":{"description":{"urls":[]}},"followers_count":957,"profile_sidebar_border_color":"87BC44","id_str":"14592739","profile_background_color":"9AE4E8","listed_count":32,"is_translation_enabled":false,"utc_offset":-18000,"statuses_count":11372,"description":"Writer, Columnist, bad movie aficionado, and occasional caucasian. The only thing worse than the films I watch are the hockey teams I follow.","friends_count":211,"location":"Sub-Disney","profile_link_color":"0000FF","profile_image_url":"http://pbs.twimg.com/profile_images/1598875989/MelRamos_velveeta_normal.jpg","following":false,"geo_enabled":false,"profile_banner_url":"https://pbs.twimg.com/profile_banners/14592739/1398195446","profile_background_image_url":"http://pbs.twimg.com/profile_background_images/51294418/shark_2.jpg","name":"Martini Shark","lang":"en","profile_background_tile":true,"favourites_count":354,"screen_name":"MartiniShark","notifications":false,"url":null,"created_at":"Tue Apr 29 23:27:51 +0000 2008","contributors_enabled":false,"time_zone":"Eastern Time (US & Canada)","protected":false,"default_profile":false,"is_translator":false},"geo":null,"in_reply_to_user_id_str":"1269181292","lang":"en","created_at":"Sun Dec 14 23:58:00 +0000 2014","in_reply_to_status_id_str":"544277113683980288","place":null},
{"contributors":null,"truncated":false,"text":"@liztilley84 @jaketapper @SkyNewsAust what do you imagine the ISIS flag says? Just curious.","in_reply_to_status_id":544277113683980288,"id":544280218941136896,"favorite_count":0,"source":"<a href=\"http://twitter.com/download/iphone\" rel=\"nofollow\">Twitter for iPhone</a>","retweeted":false,"coordinates":null,"entities":{"symbols":[],"user_mentions":[{"id":1269181292,"indices":[0,12],"id_str":"1269181292","screen_name":"liztilley84","name":"Elizabeth Tilley"},{"id":14529929,"indices":[13,24],"id_str":"14529929","screen_name":"jaketapper","name":"Jake Tapper"},{"id":16834659,"indices":[25,37],"id_str":"16834659","screen_name":"SkyNewsAust","name":"Sky News Australia"}],"hashtags":[],"urls":[]},"in_reply_to_screen_name":"liztilley84","id_str":"544280218941136896","retweet_count":0,"in_reply_to_user_id":1269181292,"favorited":false,"user":{"follow_request_sent":false,"profile_use_background_image":true,"profile_text_color":"0D020D","default_profile_image":false,"id":255730745,"profile_background_image_url_https":"https://abs.twimg.com/images/themes/theme1/bg.png","verified":false,"profile_location":null,"profile_image_url_https":"https://pbs.twimg.com/profile_images/554662167132110848/Exww6Yrv_normal.jpeg","profile_sidebar_fill_color":"1F0CAD","entities":{"description":{"urls":[]}},"followers_count":1003,"profile_sidebar_border_color":"01070F","id_str":"255730745","profile_background_color":"A6142C","listed_count":30,"is_translation_enabled":false,"utc_offset":-28800,"statuses_count":31273,"description":"Radiologist, Scientist. LWNJ. Ran Robie, kayaked Chile, skied Bogus. Now lucky to get out of bed. Body in ID ♥ in SF, SEA. Pwned by Benin basenjis.#UniteBlue","friends_count":2001,"location":"","profile_link_color":"00B315","profile_image_url":"http://pbs.twimg.com/profile_images/554662167132110848/Exww6Yrv_normal.jpeg","following":false,"geo_enabled":false,"profile_banner_url":"https://pbs.twimg.com/profile_banners/255730745/1393297021","profile_background_image_url":"http://abs.twimg.com/images/themes/theme1/bg.png","name":"Rose-Marie Holt","lang":"en","profile_background_tile":false,"favourites_count":8553,"screen_name":"Rose_Marie_Holt","notifications":false,"url":null,"created_at":"Mon Feb 21 23:19:29 +0000 2011","contributors_enabled":false,"time_zone":"Pacific Time (US & Canada)","protected":false,"default_profile":false,"is_translator":false},"geo":null,"in_reply_to_user_id_str":"1269181292","lang":"en","created_at":"Sun Dec 14 23:58:11 +0000 2014","in_reply_to_status_id_str":"544277113683980288","place":null},
{"contributors":null,"truncated":false,"text":"@joelengel  it's not even a difference","in_reply_to_status_id":544279217588813824,"id":544280356937936896,"favorite_count":1,"source":"<a href=\"http://twitter.com/download/iphone\" rel=\"nofollow\">Twitter for iPhone</a>","retweeted":false,"coordinates":null,"entities":{"symbols":[],"user_mentions":[{"id":77943492,"indices":[0,10],"id_str":"77943492","screen_name":"joelengel","name":"Joel Engel"}],"hashtags":[],"urls":[]},"in_reply_to_screen_name":"joelengel","id_str":"544280356937936896","retweet_count":0,"in_reply_to_user_id":77943492,"favorited":false,"user":{"follow_request_sent":false,"profile_use_background_image":true,"profile_text_color":"0D020D","default_profile_image":false,"id":255730745,"profile_background_image_url_https":"https://abs.twimg.com/images/themes/theme1/bg.png","verified":false,"profile_location":null,"profile_image_url_https":"https://pbs.twimg.com/profile_images/554662167132110848/Exww6Yrv_normal.jpeg","profile_sidebar_fill_color":"1F0CAD","entities":{"description":{"urls":[]}},"followers_count":1003,"profile_sidebar_border_color":"01070F","id_str":"255730745","profile_background_color":"A6142C","listed_count":30,"is_translation_enabled":false,"utc_offset":-28800,"statuses_count":31273,"description":"Radiologist, Scientist. LWNJ. Ran Robie, kayaked Chile, skied Bogus. Now lucky to get out of bed. Body in ID ♥ in SF, SEA. Pwned by Benin basenjis.#UniteBlue","friends_count":2001,"location":"","profile_link_color":"00B315","profile_image_url":"http://pbs.twimg.com/profile_images/554662167132110848/Exww6Yrv_normal.jpeg","following":false,"geo_enabled":false,"profile_banner_url":"https://pbs.twimg.com/profile_banners/255730745/1393297021","profile_background_image_url":"http://abs.twimg.com/images/themes/theme1/bg.png","name":"Rose-Marie Holt","lang":"en","profile_background_tile":false,"favourites_count":8553,"screen_name":"Rose_Marie_Holt","notifications":false,"url":null,"created_at":"Mon Feb 21 23:19:29 +0000 2011","contributors_enabled":false,"time_zone":"Pacific Time (US & Canada)","protected":false,"default_profile":false,"is_translator":false},"geo":null,"in_reply_to_user_id_str":"77943492","lang":"en","created_at":"Sun Dec 14 23:58:43 +0000 2014","in_reply_to_status_id_str":"544279217588813824","place":null},
{"contributors":null,"truncated":false,"text":"@liztilley84 @jaketapper @SkyNewsAust message same bc #ISIS appropriated the flag. Difference in hands of gunmen? http://t.co/4udYTT6bP4","in_reply_to_status_id":544277113683980288,"id":544281313948078080,"favorite_count":0,"source":"<a href=\"http://twitter.com/download/iphone\" rel=\"nofollow\">Twitter for iPhone</a>","retweeted":false,"coordinates":null,"entities":{"symbols":[],"user_mentions":[{"id":1269181292,"indices":[0,12],"id_str":"1269181292","screen_name":"liztilley84","name":"Elizabeth Tilley"},{"id":14529929,"indices":[13,24],"id_str":"14529929","screen_name":"jaketapper","name":"Jake Tapper"},{"id":16834659,"indices":[25,37],"id_str":"16834659","screen_name":"SkyNewsAust","name":"Sky News Australia"}],"hashtags":[{"indices":[54,59],"text":"ISIS"}],"urls":[{"url":"http://t.co/4udYTT6bP4","indices":[114,136],"expanded_url":"http://www.pri.org/stories/2014-09-04/ever-wonder-what-black-and-white-isis-flag-means","display_url":"pri.org/stories/2014-0…"}]},"in_reply_to_screen_name":"liztilley84","id_str":"544281313948078080","retweet_count":0,"in_reply_to_user_id":1269181292,"favorited":false,"user":{"follow_request_sent":false,"profile_use_background_image":true,"profile_text_color":"0D020D","default_profile_image":false,"id":255730745,"profile_background_image_url_https":"https://abs.twimg.com/images/themes/theme1/bg.png","verified":false,"profile_location":null,"profile_image_url_https":"https://pbs.twimg.com/profile_images/554662167132110848/Exww6Yrv_normal.jpeg","profile_sidebar_fill_color":"1F0CAD","entities":{"description":{"urls":[]}},"followers_count":1003,"profile_sidebar_border_color":"01070F","id_str":"255730745","profile_background_color":"A6142C","listed_count":30,"is_translation_enabled":false,"utc_offset":-28800,"statuses_count":31273,"description":"Radiologist, Scientist. LWNJ. Ran Robie, kayaked Chile, skied Bogus. Now lucky to get out of bed. Body in ID ♥ in SF, SEA. Pwned by Benin basenjis.#UniteBlue","friends_count":2001,"location":"","profile_link_color":"00B315","profile_image_url":"http://pbs.twimg.com/profile_images/554662167132110848/Exww6Yrv_normal.jpeg","following":false,"geo_enabled":false,"profile_banner_url":"https://pbs.twimg.com/profile_banners/255730745/1393297021","profile_background_image_url":"http://abs.twimg.com/images/themes/theme1/bg.png","name":"Rose-Marie Holt","lang":"en","profile_background_tile":false,"favourites_count":8553,"screen_name":"Rose_Marie_Holt","notifications":false,"url":null,"created_at":"Mon Feb 21 23:19:29 +0000 2011","contributors_enabled":false,"time_zone":"Pacific Time (US & Canada)","protected":false,"default_profile":false,"is_translator":false},"geo":null,"in_reply_to_user_id_str":"1269181292","possibly_sensitive":false,"lang":"en","created_at":"Mon Dec 15 00:02:32 +0000 2014","in_reply_to_status_id_str":"544277113683980288","place":null},
{"contributors":null,"truncated":false,"text":"@AFederalFarmer @liztilley84 @SkyNewsAust yes a black banner.","in_reply_to_status_id":544279759501266944,"id":544281690361708544,"favorite_count":0,"source":"<a href=\"http://twitter.com/download/iphone\" rel=\"nofollow\">Twitter for iPhone</a>","retweeted":false,"coordinates":null,"entities":{"symbols":[],"user_mentions":[{"id":1903011067,"indices":[0,15],"id_str":"1903011067","screen_name":"AFederalFarmer","name":"A Federal Farmer"},{"id":1269181292,"indices":[16,28],"id_str":"1269181292","screen_name":"liztilley84","name":"Elizabeth Tilley"},{"id":16834659,"indices":[29,41],"id_str":"16834659","screen_name":"SkyNewsAust","name":"Sky News Australia"}],"hashtags":[],"urls":[]},"in_reply_to_screen_name":"AFederalFarmer","id_str":"544281690361708544","retweet_count":0,"in_reply_to_user_id":1903011067,"favorited":false,"user":{"follow_request_sent":false,"profile_use_background_image":true,"profile_text_color":"0D020D","default_profile_image":false,"id":255730745,"profile_background_image_url_https":"https://abs.twimg.com/images/themes/theme1/bg.png","verified":false,"profile_location":null,"profile_image_url_https":"https://pbs.twimg.com/profile_images/554662167132110848/Exww6Yrv_normal.jpeg","profile_sidebar_fill_color":"1F0CAD","entities":{"description":{"urls":[]}},"followers_count":1003,"profile_sidebar_border_color":"01070F","id_str":"255730745","profile_background_color":"A6142C","listed_count":30,"is_translation_enabled":false,"utc_offset":-28800,"statuses_count":31273,"description":"Radiologist, Scientist. LWNJ. Ran Robie, kayaked Chile, skied Bogus. Now lucky to get out of bed. Body in ID ♥ in SF, SEA. Pwned by Benin basenjis.#UniteBlue","friends_count":2001,"location":"","profile_link_color":"00B315","profile_image_url":"http://pbs.twimg.com/profile_images/554662167132110848/Exww6Yrv_normal.jpeg","following":false,"geo_enabled":false,"profile_banner_url":"https://pbs.twimg.com/profile_banners/255730745/1393297021","profile_background_image_url":"http://abs.twimg.com/images/themes/theme1/bg.png","name":"Rose-Marie Holt","lang":"en","profile_background_tile":false,"favourites_count":8553,"screen_name":"Rose_Marie_Holt","notifications":false,"url":null,"created_at":"Mon Feb 21 23:19:29 +0000 2011","contributors_enabled":false,"time_zone":"Pacific Time (US & Canada)","protected":false,"default_profile":false,"is_translator":false},"geo":null,"in_reply_to_user_id_str":"1903011067","lang":"en","created_at":"Mon Dec 15 00:04:01 +0000 2014","in_reply_to_status_id_str":"544279759501266944","place":null},
{"contributors":null,"truncated":false,"text":"@liztilley84 @jaketapper @SkyNewsAust the black banner is the message.","in_reply_to_status_id":544277113683980288,"id":544281882460827648,"favorite_count":0,"source":"<a href=\"http://twitter.com/download/iphone\" rel=\"nofollow\">Twitter for iPhone</a>","retweeted":false,"coordinates":null,"entities":{"symbols":[],"user_mentions":[{"id":1269181292,"indices":[0,12],"id_str":"1269181292","screen_name":"liztilley84","name":"Elizabeth Tilley"},{"id":14529929,"indices":[13,24],"id_str":"14529929","screen_name":"jaketapper","name":"Jake Tapper"},{"id":16834659,"indices":[25,37],"id_str":"16834659","screen_name":"SkyNewsAust","name":"Sky News Australia"}],"hashtags":[],"urls":[]},"in_reply_to_screen_name":"liztilley84","id_str":"544281882460827648","retweet_count":0,"in_reply_to_user_id":1269181292,"favorited":false,"user":{"follow_request_sent":false,"profile_use_background_image":true,"profile_text_color":"0D020D","default_profile_image":false,"id":255730745,"profile_background_image_url_https":"https://abs.twimg.com/images/themes/theme1/bg.png","verified":false,"profile_location":null,"profile_image_url_https":"https://pbs.twimg.com/profile_images/554662167132110848/Exww6Yrv_normal.jpeg","profile_sidebar_fill_color":"1F0CAD","entities":{"description":{"urls":[]}},"followers_count":1003,"profile_sidebar_border_color":"01070F","id_str":"255730745","profile_background_color":"A6142C","listed_count":30,"is_translation_enabled":false,"utc_offset":-28800,"statuses_count":31273,"description":"Radiologist, Scientist. LWNJ. Ran Robie, kayaked Chile, skied Bogus. Now lucky to get out of bed. Body in ID ♥ in SF, SEA. Pwned by Benin basenjis.#UniteBlue","friends_count":2001,"location":"","profile_link_color":"00B315","profile_image_url":"http://pbs.twimg.com/profile_images/554662167132110848/Exww6Yrv_normal.jpeg","following":false,"geo_enabled":false,"profile_banner_url":"https://pbs.twimg.com/profile_banners/255730745/1393297021","profile_background_image_url":"http://abs.twimg.com/images/themes/theme1/bg.png","name":"Rose-Marie Holt","lang":"en","profile_background_tile":false,"favourites_count":8553,"screen_name":"Rose_Marie_Holt","notifications":false,"url":null,"created_at":"Mon Feb 21 23:19:29 +0000 2011","contributors_enabled":false,"time_zone":"Pacific Time (US & Canada)","protected":false,"default_profile":false,"is_translator":false},"geo":null,"in_reply_to_user_id_str":"1269181292","lang":"en","created_at":"Mon Dec 15 00:04:47 +0000 2014","in_reply_to_status_id_str":"544277113683980288","place":null},
{"contributors":null,"truncated":false,"text":"@liztilley84 @tedermeatballs @SkyNewsAust the religion of peace and tolerance strikes again. Will the world ever wake up?  Diversity kills","in_reply_to_status_id":544277113683980288,"id":544282157699837952,"favorite_count":0,"source":"<a href=\"http://twitter.com/download/iphone\" rel=\"nofollow\">Twitter for iPhone</a>","retweeted":false,"coordinates":null,"entities":{"symbols":[],"user_mentions":[{"id":1269181292,"indices":[0,12],"id_str":"1269181292","screen_name":"liztilley84","name":"Elizabeth Tilley"},{"id":169473051,"indices":[13,28],"id_str":"169473051","screen_name":"tedermeatballs","name":"keith jackson"},{"id":16834659,"indices":[29,41],"id_str":"16834659","screen_name":"SkyNewsAust","name":"Sky News Australia"}],"hashtags":[],"urls":[]},"in_reply_to_screen_name":"liztilley84","id_str":"544282157699837952","retweet_count":0,"in_reply_to_user_id":1269181292,"favorited":false,"user":{"follow_request_sent":false,"profile_use_background_image":true,"profile_text_color":"333333","default_profile_image":false,"id":2314296184,"profile_background_image_url_https":"https://abs.twimg.com/images/themes/theme1/bg.png","verified":false,"profile_location":null,"profile_image_url_https":"https://pbs.twimg.com/profile_images/519623251052343297/0bOi07Ix_normal.jpeg","profile_sidebar_fill_color":"DDEEF6","entities":{"description":{"urls":[]}},"followers_count":97,"profile_sidebar_border_color":"C0DEED","id_str":"2314296184","profile_background_color":"C0DEED","listed_count":0,"is_translation_enabled":false,"utc_offset":null,"statuses_count":175,"description":"fan of Blackpool fc and the Denver Broncos","friends_count":901,"location":"clitheroe","profile_link_color":"0084B4","profile_image_url":"http://pbs.twimg.com/profile_images/519623251052343297/0bOi07Ix_normal.jpeg","following":false,"geo_enabled":true,"profile_background_image_url":"http://abs.twimg.com/images/themes/theme1/bg.png","name":"Derick","lang":"en-gb","profile_background_tile":false,"favourites_count":212,"screen_name":"Derick23674381","notifications":false,"url":null,"created_at":"Thu Jan 30 15:02:10 +0000 2014","contributors_enabled":false,"time_zone":null,"protected":false,"default_profile":true,"is_translator":false},"geo":null,"in_reply_to_user_id_str":"1269181292","lang":"en","created_at":"Mon Dec 15 00:05:53 +0000 2014","in_reply_to_status_id_str":"544277113683980288","place":null},
{"contributors":null,"truncated":false,"text":"@Gulag1930 yeah I know it's still terrorism, just not necessarily IS behind it, although it still could be for equal measure.","in_reply_to_status_id":544283570718900224,"id":544283753728970752,"favorite_count":0,"source":"<a href=\"http://twitter.com/download/iphone\" rel=\"nofollow\">Twitter for iPhone</a>","retweeted":false,"coordinates":null,"entities":{"symbols":[],"user_mentions":[{"id":324475528,"indices":[0,10],"id_str":"324475528","screen_name":"Gulag1930","name":"Manny"}],"hashtags":[],"urls":[]},"in_reply_to_screen_name":"Gulag1930","id_str":"544283753728970752","retweet_count":0,"in_reply_to_user_id":324475528,"favorited":false,"user":{"follow_request_sent":false,"profile_use_background_image":true,"profile_text_color":"333333","default_profile_image":false,"id":171265219,"profile_background_image_url_https":"https://abs.twimg.com/images/themes/theme1/bg.png","verified":false,"profile_location":null,"profile_image_url_https":"https://pbs.twimg.com/profile_images/576093664763588608/XSrpGJbL_normal.jpeg","profile_sidebar_fill_color":"DDEEF6","entities":{"description":{"urls":[]}},"followers_count":998,"profile_sidebar_border_color":"C0DEED","id_str":"171265219","profile_background_color":"89C9FA","listed_count":2,"is_translation_enabled":false,"utc_offset":0,"statuses_count":12104,"description":"","friends_count":672,"location":"NCL/LPL","profile_link_color":"94D487","profile_image_url":"http://pbs.twimg.com/profile_images/576093664763588608/XSrpGJbL_normal.jpeg","following":false,"geo_enabled":true,"profile_banner_url":"https://pbs.twimg.com/profile_banners/171265219/1417401666","profile_background_image_url":"http://abs.twimg.com/images/themes/theme1/bg.png","name":"Matt O'Toole","lang":"en","profile_background_tile":false,"favourites_count":2333,"screen_name":"_otoolem","notifications":false,"url":null,"created_at":"Mon Jul 26 23:35:10 +0000 2010","contributors_enabled":false,"time_zone":"London","protected":false,"default_profile":false,"is_translator":false},"geo":null,"in_reply_to_user_id_str":"324475528","lang":"en","created_at":"Mon Dec 15 00:12:13 +0000 2014","in_reply_to_status_id_str":"544283570718900224","place":null},
{"contributors":null,"truncated":false,"text":"@Gulag1930 @liztilley84 @_otoolem @SkyNewsAust yawnnnnnn whys this fucking bitch caring so much, still mad pakis... fuck off man","in_reply_to_status_id":544283570718900224,"id":544283863896567808,"favorite_count":2,"source":"<a href=\"http://twitter.com\" rel=\"nofollow\">Twitter Web Client</a>","retweeted":false,"coordinates":null,"entities":{"symbols":[],"user_mentions":[{"id":324475528,"indices":[0,10],"id_str":"324475528","screen_name":"Gulag1930","name":"Manny"},{"id":1269181292,"indices":[11,23],"id_str":"1269181292","screen_name":"liztilley84","name":"Elizabeth Tilley"},{"id":171265219,"indices":[24,33],"id_str":"171265219","screen_name":"_otoolem","name":"Matt O'Toole"},{"id":16834659,"indices":[34,46],"id_str":"16834659","screen_name":"SkyNewsAust","name":"Sky News Australia"}],"hashtags":[],"urls":[]},"in_reply_to_screen_name":"Gulag1930","id_str":"544283863896567808","retweet_count":0,"in_reply_to_user_id":324475528,"favorited":false,"user":{"follow_request_sent":false,"profile_use_background_image":false,"profile_text_color":"333333","default_profile_image":false,"id":481489519,"profile_background_image_url_https":"https://pbs.twimg.com/profile_background_images/378800000117701903/45d58b548f920aec3a4ca0da2ea0833a.jpeg","verified":false,"profile_location":null,"profile_image_url_https":"https://pbs.twimg.com/profile_images/584836462782390272/YNlmU6BH_normal.jpg","profile_sidebar_fill_color":"DDEEF6","entities":{"description":{"urls":[]}},"followers_count":375,"profile_sidebar_border_color":"FFFFFF","id_str":"481489519","profile_background_color":"C0DEED","listed_count":1,"is_translation_enabled":false,"utc_offset":0,"statuses_count":4381,"description":"lend me a 10a and ill stick it on red","friends_count":183,"location":"Birmingham. UK","profile_link_color":"091EDB","profile_image_url":"http://pbs.twimg.com/profile_images/584836462782390272/YNlmU6BH_normal.jpg","following":false,"geo_enabled":false,"profile_background_image_url":"http://pbs.twimg.com/profile_background_images/378800000117701903/45d58b548f920aec3a4ca0da2ea0833a.jpeg","name":".","lang":"en","profile_background_tile":false,"favourites_count":3027,"screen_name":"Clarkzenbacher","notifications":false,"url":null,"created_at":"Thu Feb 02 20:35:20 +0000 2012","contributors_enabled":false,"time_zone":"London","protected":false,"default_profile":false,"is_translator":false},"geo":null,"in_reply_to_user_id_str":"324475528","lang":"en","created_at":"Mon Dec 15 00:12:40 +0000 2014","in_reply_to_status_id_str":"544283570718900224","place":null},
{"contributors":null,"truncated":false,"text":"@marydewriddoch maybe/maybe not but important for media to get facts completely straight in situations like this","in_reply_to_status_id":544279586721116160,"id":544284287600578560,"favorite_count":0,"source":"<a href=\"https://about.twitter.com/products/tweetdeck\" rel=\"nofollow\">TweetDeck</a>","retweeted":false,"coordinates":null,"entities":{"symbols":[],"user_mentions":[{"id":21643658,"indices":[0,15],"id_str":"21643658","screen_name":"marydewriddoch","name":"Mary Dew"}],"hashtags":[],"urls":[]},"in_reply_to_screen_name":"marydewriddoch","id_str":"544284287600578560","retweet_count":0,"in_reply_to_user_id":21643658,"favorited":false,"user":{"follow_request_sent":false,"profile_use_background_image":true,"profile_text_color":"333333","default_profile_image":false,"id":10723262,"profile_background_image_url_https":"https://abs.twimg.com/images/themes/theme14/bg.gif","verified":false,"profile_location":null,"profile_image_url_https":"https://pbs.twimg.com/profile_images/3587780730/95931c44987ef7c67d45746de5140a66_normal.jpeg","profile_sidebar_fill_color":"EFEFEF","entities":{"url":{"urls":[{"url":"http://t.co/ObX56F6hmO","indices":[0,22],"expanded_url":"http://www.abc.net.au/news/sa","display_url":"abc.net.au/news/sa"}]},"description":{"urls":[]}},"followers_count":1500,"profile_sidebar_border_color":"EEEEEE","id_str":"10723262","profile_background_color":"131516","listed_count":57,"is_translation_enabled":false,"utc_offset":37800,"statuses_count":35021,"description":"A carefully brewed blend of the deadly serious, the awesomely funny & the unbelievably insane. Reads 891 @abcnewsadelaide every 1/2hr.","friends_count":121,"location":"Adelaide, Australia","profile_link_color":"009999","profile_image_url":"http://pbs.twimg.com/profile_images/3587780730/95931c44987ef7c67d45746de5140a66_normal.jpeg","following":false,"geo_enabled":false,"profile_banner_url":"https://pbs.twimg.com/profile_banners/10723262/1402955142","profile_background_image_url":"http://abs.twimg.com/images/themes/theme14/bg.gif","name":"Matt Coleman","lang":"en","profile_background_tile":true,"favourites_count":162,"screen_name":"mattcdef2000","notifications":false,"url":"http://t.co/ObX56F6hmO","created_at":"Thu Nov 29 23:13:44 +0000 2007","contributors_enabled":false,"time_zone":"Adelaide","protected":false,"default_profile":false,"is_translator":false},"geo":null,"in_reply_to_user_id_str":"21643658","lang":"en","created_at":"Mon Dec 15 00:14:21 +0000 2014","in_reply_to_status_id_str":"544279586721116160","place":null},
{"contributors":null,"truncated":false,"text":".@Derick23674381 @liztilley84 From the 'peace loving' christian bible: \"Slay utterly young &amp; old, maids, little children and women.\"","in_reply_to_status_id":544282157699837952,"id":544286408429826049,"favorite_count":0,"source":"<a href=\"http://m.ubersocial.com\" rel=\"nofollow\">UberSocial Mobile</a>","retweeted":false,"coordinates":null,"entities":{"symbols":[],"user_mentions":[{"id":2314296184,"indices":[1,16],"id_str":"2314296184","screen_name":"Derick23674381","name":"Derick"},{"id":1269181292,"indices":[17,29],"id_str":"1269181292","screen_name":"liztilley84","name":"Elizabeth Tilley"}],"hashtags":[],"urls":[]},"in_reply_to_screen_name":"Derick23674381","id_str":"544286408429826049","retweet_count":0,"in_reply_to_user_id":2314296184,"favorited":false,"user":{"follow_request_sent":false,"profile_use_background_image":false,"profile_text_color":"333333","default_profile_image":false,"id":284150833,"profile_background_image_url_https":"https://pbs.twimg.com/profile_background_images/690180372/d5993fdd4af0885f0bb2bddc93c40fc9.png","verified":false,"profile_location":null,"profile_image_url_https":"https://pbs.twimg.com/profile_images/429963852508196864/OmFfOUwO_normal.jpeg","profile_sidebar_fill_color":"EFEFEF","entities":{"description":{"urls":[]}},"followers_count":1722,"profile_sidebar_border_color":"000000","id_str":"284150833","profile_background_color":"020A01","listed_count":43,"is_translation_enabled":false,"utc_offset":3600,"statuses_count":66611,"description":"We have assembled inside this ancient and insane theatre to propagate our lust for life and flee the swarming wisdom of the streets.","friends_count":1986,"location":"People's Republic of Glasgow","profile_link_color":"09DB3A","profile_image_url":"http://pbs.twimg.com/profile_images/429963852508196864/OmFfOUwO_normal.jpeg","following":false,"geo_enabled":false,"profile_banner_url":"https://pbs.twimg.com/profile_banners/284150833/1391346477","profile_background_image_url":"http://pbs.twimg.com/profile_background_images/690180372/d5993fdd4af0885f0bb2bddc93c40fc9.png","name":"Veridis Quo","lang":"en","profile_background_tile":true,"favourites_count":3864,"screen_name":"METAKNlGHT","notifications":false,"url":null,"created_at":"Mon Apr 18 18:37:32 +0000 2011","contributors_enabled":false,"time_zone":"Amsterdam","protected":false,"default_profile":false,"is_translator":false},"geo":null,"in_reply_to_user_id_str":"2314296184","lang":"en","created_at":"Mon Dec 15 00:22:46 +0000 2014","in_reply_to_status_id_str":"544282157699837952","place":null},
{"contributors":null,"truncated":false,"text":"@liztilley84 @tedermeatballs @SkyNewsAust erm yes I think we've moved on though.Unless I'm mistaken the events in Sydney are occurring now.","in_reply_to_status_id":544282157699837952,"id":544287537897168896,"favorite_count":0,"source":"<a href=\"http://twitter.com/download/iphone\" rel=\"nofollow\">Twitter for iPhone</a>","retweeted":false,"coordinates":null,"entities":{"symbols":[],"user_mentions":[{"id":1269181292,"indices":[0,12],"id_str":"1269181292","screen_name":"liztilley84","name":"Elizabeth Tilley"},{"id":169473051,"indices":[13,28],"id_str":"169473051","screen_name":"tedermeatballs","name":"keith jackson"},{"id":16834659,"indices":[29,41],"id_str":"16834659","screen_name":"SkyNewsAust","name":"Sky News Australia"}],"hashtags":[],"urls":[]},"in_reply_to_screen_name":"Derick23674381","id_str":"544287537897168896","retweet_count":0,"in_reply_to_user_id":2314296184,"favorited":false,"user":{"follow_request_sent":false,"profile_use_background_image":true,"profile_text_color":"333333","default_profile_image":false,"id":2314296184,"profile_background_image_url_https":"https://abs.twimg.com/images/themes/theme1/bg.png","verified":false,"profile_location":null,"profile_image_url_https":"https://pbs.twimg.com/profile_images/519623251052343297/0bOi07Ix_normal.jpeg","profile_sidebar_fill_color":"DDEEF6","entities":{"description":{"urls":[]}},"followers_count":100,"profile_sidebar_border_color":"C0DEED","id_str":"2314296184","profile_background_color":"C0DEED","listed_count":0,"is_translation_enabled":false,"utc_offset":null,"statuses_count":175,"description":"fan of Blackpool fc and the Denver Broncos","friends_count":901,"location":"clitheroe","profile_link_color":"0084B4","profile_image_url":"http://pbs.twimg.com/profile_images/519623251052343297/0bOi07Ix_normal.jpeg","following":false,"geo_enabled":true,"profile_background_image_url":"http://abs.twimg.com/images/themes/theme1/bg.png","name":"Derick","lang":"en-gb","profile_background_tile":false,"favourites_count":212,"screen_name":"Derick23674381","notifications":false,"url":null,"created_at":"Thu Jan 30 15:02:10 +0000 2014","contributors_enabled":false,"time_zone":null,"protected":false,"default_profile":true,"is_translator":false},"geo":null,"in_reply_to_user_id_str":"2314296184","lang":"en","created_at":"Mon Dec 15 00:27:16 +0000 2014","in_reply_to_status_id_str":"544282157699837952","place":null},
{"contributors":null,"truncated":false,"text":"@_otoolem @Gulag1930 if the enemy is al Qaeda-ism rather than AQ (same for ISIS) the ideology is the enemy.","in_reply_to_status_id":544283753728970752,"id":544301564567896064,"favorite_count":0,"source":"<a href=\"http://twitter.com/download/iphone\" rel=\"nofollow\">Twitter for iPhone</a>","retweeted":false,"coordinates":null,"entities":{"symbols":[],"user_mentions":[{"id":171265219,"indices":[0,9],"id_str":"171265219","screen_name":"_otoolem","name":"Matt O'Toole"},{"id":324475528,"indices":[10,20],"id_str":"324475528","screen_name":"Gulag1930","name":"Manny"}],"hashtags":[],"urls":[]},"in_reply_to_screen_name":"_otoolem","id_str":"544301564567896064","retweet_count":0,"in_reply_to_user_id":171265219,"favorited":false,"user":{"follow_request_sent":false,"profile_use_background_image":true,"profile_text_color":"0D020D","default_profile_image":false,"id":255730745,"profile_background_image_url_https":"https://abs.twimg.com/images/themes/theme1/bg.png","verified":false,"profile_location":null,"profile_image_url_https":"https://pbs.twimg.com/profile_images/554662167132110848/Exww6Yrv_normal.jpeg","profile_sidebar_fill_color":"1F0CAD","entities":{"description":{"urls":[]}},"followers_count":1002,"profile_sidebar_border_color":"01070F","id_str":"255730745","profile_background_color":"A6142C","listed_count":30,"is_translation_enabled":false,"utc_offset":-28800,"statuses_count":31339,"description":"Radiologist, Scientist. LWNJ. Ran Robie, kayaked Chile, skied Bogus. Now lucky to get out of bed. Body in ID ♥ in SF, SEA. Pwned by Benin basenjis.#UniteBlue","friends_count":1999,"location":"","profile_link_color":"00B315","profile_image_url":"http://pbs.twimg.com/profile_images/554662167132110848/Exww6Yrv_normal.jpeg","following":false,"geo_enabled":false,"profile_banner_url":"https://pbs.twimg.com/profile_banners/255730745/1393297021","profile_background_image_url":"http://abs.twimg.com/images/themes/theme1/bg.png","name":"Rose-Marie Holt","lang":"en","profile_background_tile":false,"favourites_count":8572,"screen_name":"Rose_Marie_Holt","notifications":false,"url":null,"created_at":"Mon Feb 21 23:19:29 +0000 2011","contributors_enabled":false,"time_zone":"Pacific Time (US & Canada)","protected":false,"default_profile":false,"is_translator":false},"geo":null,"in_reply_to_user_id_str":"171265219","lang":"en","created_at":"Mon Dec 15 01:23:00 +0000 2014","in_reply_to_status_id_str":"544283753728970752","place":null}
]