[{"contributors":null,"truncated":false,"text":"Big jerks. RT @CBSNews: BREAKING: Hostages held in downtown Sydney cafe; Islamic flag displayed - http://t.co/Nqeh5jzZvf","in_reply_to_status_id":544281689233850370,"id":544281971820879873,"favorite_count":0,"source":"<a href=\"http://twitter.com/download/iphone\" rel=\"nofollow\">Twitter for iPhone</a>","retweeted":false,"coordinates":null,"entities":{"symbols":[],"user_mentions":[{"id":15012486,"indices":[14,22],"id_str":"15012486","screen_name":"CBSNews","name":"CBS News"}],"hashtags":[],"urls":[{"url":"http://t.co/Nqeh5jzZvf","indices":[98,120],"expanded_url":"http://cbsn.ws/1wt2tEo","display_url":"cbsn.ws/1wt2tEo"}]},"in_reply_to_screen_name":"CBSNews","id_str":"544281971820879873","retweet_count":2,"in_reply_to_user_id":15012486,"favorited":false,"user":{"follow_request_sent":false,"profile_use_background_image":true,"profile_text_color":"333333","default_profile_image":false,"id":19024627,"profile_background_image_url_https":"https://abs.twimg.com/images/themes/theme1/bg.png","verified":true,"profile_location":null,"profile_image_url_https":"https://pbs.twimg.com/profile_images/378800000452959740/eb0cb545c11d8cce3f9ceb7279f4544d_normal.jpeg","profile_sidebar_fill_color":"DDEEF6","entities":{"url":{"urls":[{"url":"http://t.co/Ezzd4QHPz0","indices":[0,22],"expanded_url":"http://www.nydailynews.com","display_url":"nydailynews.com"}]},"description":{"urls":[]}},"followers_count":17329,"profile_sidebar_border_color":"C0DEED","id_str":"19024627","profile_background_color":"C0DEED","listed_count":736,"is_translation_enabled":false,"utc_offset":-18000,"statuses_count":120078,"description":"New York Daily News opinion editor, editorial writer, human. What I write here is in my unofficial capacity as a human.","friends_count":5921,"location":"","profile_link_color":"0084B4","profile_image_url":"http://pbs.twimg.com/profile_images/378800000452959740/eb0cb545c11d8cce3f9ceb7279f4544d_normal.jpeg","following":false,"geo_enabled":true,"profile_background_image_url":"http://abs.twimg.com/images/themes/theme1/bg.png","name":"Josh Greenman","lang":"en","profile_background_tile":false,"favourites_count":1152,"screen_name":"joshgreenman","notifications":false,"url":"http://t.co/Ezzd4QHPz0","created_at":"Thu Jan 15 15:10:20 +0000 2009","contributors_enabled":false,"time_zone":"Eastern Time (US & Canada)","protected":false,"default_profile":true,"is_translator":false},"geo":null,"in_reply_to_user_id_str":"15012486","possibly_sensitive":false,"lang":"en","created_at":"Mon Dec 15 00:05:09 +0000 2014","in_reply_to_status_id_str":"544281689233850370","place":null},
{"contributors":null,"truncated":false,"text":"@CBSNews","in_reply_to_status_id":544281689233850370,"id":544282176536461314,"favorite_count":0,"source":"<a href=\"http://twitter.com/download/iphone\" rel=\"nofollow\">Twitter for iPhone</a>","retweeted":false,"coordinates":null,"entities":{"symbols":[],"user_mentions":[{"id":15012486,"indices":[0,8],"id_str":"15012486","screen_name":"CBSNews","name":"CBS News"}],"hashtags":[],"urls":[]},"in_reply_to_screen_name":"CBSNews","id_str":"544282176536461314","retweet_count":0,"in_reply_to_user_id":15012486,"favorited":false,"user":{"follow_request_sent":false,"profile_use_background_image":true,"profile_text_color":"333333","default_profile_image":false,"id":38284217,"profile_background_image_url_https":"https://abs.twimg.com/images/themes/theme1/bg.png","verified":false,"profile_location":null,"profile_image_url_https":"https://pbs.twimg.com/profile_images/477286357920776194/SQWbmelG_normal.jpeg","profile_sidebar_fill_color":"DDEEF6","entities":{"description":{"urls":[]}},"followers_count":66,"profile_sidebar_border_color":"C0DEED","id_str":"38284217","profile_background_color":"C0DEED","listed_count":1,"is_translation_enabled":false,"utc_offset":-21600,"statuses_count":161,"description":"Working to be the Best!","friends_count":184,"location":"Georgia","profile_link_color":"0084B4","profile_image_url":"http://pbs.twimg.com/profile_images/477286357920776194/SQWbmelG_normal.jpeg","following":false,"geo_enabled":true,"profile_background_image_url":"http://abs.twimg.com/images/themes/theme1/bg.png","name":"JODY♊️","lang":"en","profile_background_tile":false,"favourites_count":49,"screen_name":"Irony4real","notifications":false,"url":null,"created_at":"Wed May 06 21:42:41 +0000 2009","contributors_enabled":false,"time_zone":"Central Time (US & Canada)","protected":false,"default_profile":true,"is_translator":false},"geo":null,"in_reply_to_user_id_str":"15012486","lang":"und","created_at":"Mon Dec 15 00:05:57 +0000 2014","in_reply_to_status_id_str":"544281689233850370","place":null},
{"contributors":null,"truncated":false,"text":".@CBSNews there's no such thing as \"Islamic flag\", the flag does Islamic connotation. What's important to cover the flag or hostages?","in_reply_to_status_id":544281689233850370,"id":544282505663107072,"favorite_count":1,"source":"<a href=\"http://twitter.com/download/iphone\" rel=\"nofollow\">Twitter for iPhone</a>","retweeted":false,"coordinates":null,"entities":{"symbols":[],"user_mentions":[{"id":15012486,"indices":[1,9],"id_str":"15012486","screen_name":"CBSNews","name":"CBS News"}],"hashtags":[],"urls":[]},"in_reply_to_screen_name":"CBSNews","id_str":"544282505663107072","retweet_count":0,"in_reply_to_user_id":15012486,"favorited":false,"user":{"follow_request_sent":false,"profile_use_background_image":true,"profile_text_color":"7B8894","default_profile_image":false,"id":47066924,"profile_background_image_url_https":"https://pbs.twimg.com/profile_background_images/766879496/0d4a3071baf3406fa5d04b6bad5456df.jpeg","verified":false,"profile_location":null,"profile_image_url_https":"https://pbs.twimg.com/profile_images/564420913253208066/9-DRIN4X_normal.jpeg","profile_sidebar_fill_color":"FAFAFA","entities":{"description":{"urls":[]}},"followers_count":9409,"profile_sidebar_border_color":"FFFFFF","id_str":"47066924","profile_background_color":"F2EEEF","listed_count":133,"is_translation_enabled":false,"utc_offset":-25200,"statuses_count":43438,"description":"كاتبة في جريدة الراية القطريةColumnist,Counter terrorism,Middle East-US Foreign Policy.Theology.Feminist.Sarcastic.RT≠endorsement.HR4All.Cogito ergo sum.","friends_count":826,"location":"Washington D.C / Qatar ","profile_link_color":"8F2E2E","profile_image_url":"http://pbs.twimg.com/profile_images/564420913253208066/9-DRIN4X_normal.jpeg","following":false,"geo_enabled":true,"profile_banner_url":"https://pbs.twimg.com/profile_banners/47066924/1397486298","profile_background_image_url":"http://pbs.twimg.com/profile_background_images/766879496/0d4a3071baf3406fa5d04b6bad5456df.jpeg","name":"ريم الحرمي","lang":"en","profile_background_tile":true,"favourites_count":18812,"screen_name":"Reem_AlHarmi","notifications":false,"url":null,"created_at":"Sun Jun 14 09:50:29 +0000 2009","contributors_enabled":false,"time_zone":"Mountain Time (US & Canada)","protected":false,"default_profile":false,"is_translator":false},"geo":null,"in_reply_to_user_id_str":"15012486","lang":"en","created_at":"Mon Dec 15 00:07:16 +0000 2014","in_reply_to_status_id_str":"544281689233850370","place":null},
{"contributors":null,"truncated":false,"text":"@CBSNews Lets just hope the authorities arent mean to perpetrators. Perhaps of they ask real nice, they will surrender.","in_reply_to_status_id":544281689233850370,"id":544282542980202496,"favorite_count":0,"source":"<a href=\"http://twitter.com/download/android\" rel=\"nofollow\">Twitter for Android</a>","retweeted":false,"coordinates":null,"entities":{"symbols":[],"user_mentions":[{"id":15012486,"indices":[0,8],"id_str":"15012486","screen_name":"CBSNews","name":"CBS News"}],"hashtags":[],"urls":[]},"in_reply_to_screen_name":"CBSNews","id_str":"544282542980202496","retweet_count":0,"in_reply_to_user_id":15012486,"favorited":false,"user":{"follow_request_sent":false,"profile_use_background_image":true,"profile_text_color":"333333","default_profile_image":false,"id":2892277057,"profile_background_image_url_https":"https://abs.twimg.com/images/themes/theme1/bg.png","verified":false,"profile_location":null,"profile_image_url_https":"https://pbs.twimg.com/profile_images/554013062613975041/iKlmPVWy_normal.jpeg","profile_sidebar_fill_color":"DDEEF6","entities":{"description":{"urls":[]}},"followers_count":32,"profile_sidebar_border_color":"C0DEED","id_str":"2892277057","profile_background_color":"C0DEED","listed_count":1,"is_translation_enabled":false,"utc_offset":null,"statuses_count":1609,"description":"","friends_count":195,"location":"","profile_link_color":"0084B4","profile_image_url":"http://pbs.twimg.com/profile_images/554013062613975041/iKlmPVWy_normal.jpeg","following":false,"geo_enabled":true,"profile_background_image_url":"http://abs.twimg.com/images/themes/theme1/bg.png","name":"BRH1964","lang":"en","profile_background_tile":false,"favourites_count":80,"screen_name":"brh1964","notifications":false,"url":null,"created_at":"Thu Nov 06 14:06:29 +0000 2014","contributors_enabled":false,"time_zone":null,"protected":false,"default_profile":true,"is_translator":false},"geo":null,"in_reply_to_user_id_str":"15012486","lang":"en","created_at":"Mon Dec 15 00:07:25 +0000 2014","in_reply_to_status_id_str":"544281689233850370","place":null},
{"contributors":null,"truncated":false,"text":"@CBSNews @BryanLowry3 Historic Speech http://t.co/tIdJn76HoC","in_reply_to_status_id":544281689233850370,"id":544282818449518593,"favorite_count":0,"source":"<a href=\"http://twitter.com\" rel=\"nofollow\">Twitter Web Client</a>","retweeted":false,"coordinates":null,"entities":{"symbols":[],"user_mentions":[{"id":15012486,"indices":[0,8],"id_str":"15012486","screen_name":"CBSNews","name":"CBS News"},{"id":860712752,"indices":[9,21],"id_str":"860712752","screen_name":"BryanLowry3","name":"Bryan Lowry"}],"hashtags":[],"urls":[{"url":"http://t.co/tIdJn76HoC","indices":[38,60],"expanded_url":"http://www.veteranstoday.com/2014/12/13/historic-speech-in-damascus-sends-shockwaves-around-the-world/","display_url":"veteranstoday.com/2014/12/13/his…"}]},"in_reply_to_screen_name":"CBSNews","id_str":"544282818449518593","retweet_count":0,"in_reply_to_user_id":15012486,"favorited":false,"user":{"follow_request_sent":false,"profile_use_background_image":true,"profile_text_color":"3E4415","default_profile_image":false,"id":349784771,"profile_background_image_url_https":"https://pbs.twimg.com/profile_background_images/306024513/beautiful-leaf_size_600x450.jpg","verified":false,"profile_location":null,"profile_image_url_https":"https://pbs.twimg.com/profile_images/1481484419/tn_leaf-wave_size_600x450_normal.jpg","profile_sidebar_fill_color":"99CC33","entities":{"description":{"urls":[]}},"followers_count":479,"profile_sidebar_border_color":"829D5E","id_str":"349784771","profile_background_color":"352726","listed_count":4,"is_translation_enabled":false,"utc_offset":-21600,"statuses_count":16928,"description":"Connecting the dots.","friends_count":2001,"location":"","profile_link_color":"168A26","profile_image_url":"http://pbs.twimg.com/profile_images/1481484419/tn_leaf-wave_size_600x450_normal.jpg","following":false,"geo_enabled":false,"profile_banner_url":"https://pbs.twimg.com/profile_banners/349784771/1393951758","profile_background_image_url":"http://pbs.twimg.com/profile_background_images/306024513/beautiful-leaf_size_600x450.jpg","name":"New Human New Earth ","lang":"en","profile_background_tile":true,"favourites_count":1960,"screen_name":"NuHumanNuEarth","notifications":false,"url":null,"created_at":"Sat Aug 06 17:55:41 +0000 2011","contributors_enabled":false,"time_zone":"Central Time (US & Canada)","protected":false,"default_profile":false,"is_translator":false},"geo":null,"in_reply_to_user_id_str":"15012486","possibly_sensitive":false,"lang":"en","created_at":"Mon Dec 15 00:08:30 +0000 2014","in_reply_to_status_id_str":"544281689233850370","place":null},
{"contributors":null,"truncated":false,"text":"Kill em all! “@brh1964:@CBSNews Lets just hope the authorities arent mean to perpetrators. Perhaps of they ask real nice, theyll surrender.”","in_reply_to_status_id":544282542980202496,"id":544283429484101632,"favorite_count":1,"source":"<a href=\"http://twitter.com/#!/download/ipad\" rel=\"nofollow\">Twitter for iPad</a>","retweeted":false,"coordinates":null,"entities":{"symbols":[],"user_mentions":[{"id":2892277057,"indices":[14,22],"id_str":"2892277057","screen_name":"brh1964","name":"BRH1964"},{"id":15012486,"indices":[23,31],"id_str":"15012486","screen_name":"CBSNews","name":"CBS News"}],"hashtags":[],"urls":[]},"in_reply_to_screen_name":"brh1964","id_str":"544283429484101632","retweet_count":0,"in_reply_to_user_id":2892277057,"favorited":false,"user":{"follow_request_sent":false,"profile_use_background_image":true,"profile_text_color":"333333","default_profile_image":false,"id":156283168,"profile_background_image_url_https":"https://abs.twimg.com/images/themes/theme1/bg.png","verified":false,"profile_location":null,"profile_image_url_https":"https://pbs.twimg.com/profile_images/378800000828581782/47e9a56585685e6e129e7e4eb173dd0b_normal.jpeg","profile_sidebar_fill_color":"DDEEF6","entities":{"description":{"urls":[]}},"followers_count":1323,"profile_sidebar_border_color":"C0DEED","id_str":"156283168","profile_background_color":"C0DEED","listed_count":37,"is_translation_enabled":false,"utc_offset":-21600,"statuses_count":19736,"description":"These are MY views ONLY. #Jesus #MyWife #MyKids #Guns #ARMY #Redskins #TCU #Comics #Movies #Latino #NoDrama. Married to the woman of my dreams!","friends_count":1290,"location":"Sumanitu Taka","profile_link_color":"0084B4","profile_image_url":"http://pbs.twimg.com/profile_images/378800000828581782/47e9a56585685e6e129e7e4eb173dd0b_normal.jpeg","following":false,"geo_enabled":false,"profile_banner_url":"https://pbs.twimg.com/profile_banners/156283168/1386130518","profile_background_image_url":"http://abs.twimg.com/images/themes/theme1/bg.png","name":"Batch is كافر","lang":"en","profile_background_tile":false,"favourites_count":8793,"screen_name":"WhatKyleSays","notifications":false,"url":null,"created_at":"Wed Jun 16 14:21:05 +0000 2010","contributors_enabled":false,"time_zone":"Central Time (US & Canada)","protected":false,"default_profile":true,"is_translator":false},"geo":null,"in_reply_to_user_id_str":"2892277057","lang":"en","created_at":"Mon Dec 15 00:10:56 +0000 2014","in_reply_to_status_id_str":"544282542980202496","place":null},
{"contributors":null,"truncated":false,"text":"Squirrel!! Look over here!  Don't talk about torture and our government screwing us. Talk about them Terrarists! @CBSNews @RockyMntnMike","in_reply_to_status_id":544281689233850370,"id":544283750331187200,"favorite_count":0,"source":"<a href=\"http://twitter.com/download/android\" rel=\"nofollow\">Twitter for Android</a>","retweeted":false,"coordinates":null,"entities":{"symbols":[],"user_mentions":[{"id":15012486,"indices":[113,121],"id_str":"15012486","screen_name":"CBSNews","name":"CBS News"},{"id":589407608,"indices":[122,136],"id_str":"589407608","screen_name":"RockyMntnMike","name":"Rocky Mountain Mike"}],"hashtags":[],"urls":[]},"in_reply_to_screen_name":"CBSNews","id_str":"544283750331187200","retweet_count":0,"in_reply_to_user_id":15012486,"favorited":false,"user":{"follow_request_sent":false,"profile_use_background_image":true,"profile_text_color":"999999","default_profile_image":false,"id":174273428,"profile_background_image_url_https":"https://pbs.twimg.com/profile_background_images/707824561/52b027778452301d4821695f3e0b4382.jpeg","verified":false,"profile_location":null,"profile_image_url_https":"https://pbs.twimg.com/profile_images/412347338909167617/XJ37LEqT_normal.jpeg","profile_sidebar_fill_color":"000000","entities":{"description":{"urls":[]}},"followers_count":416,"profile_sidebar_border_color":"333333","id_str":"174273428","profile_background_color":"FFFFFF","listed_count":21,"is_translation_enabled":false,"utc_offset":-18000,"statuses_count":4564,"description":"love my hottie, his 6 strings & our crazy cats. Politically frazzled. I balance it with the beach, silliness, live music and sports. And lots of caffeine...","friends_count":625,"location":"Some Beach, FL","profile_link_color":"020763","profile_image_url":"http://pbs.twimg.com/profile_images/412347338909167617/XJ37LEqT_normal.jpeg","following":false,"geo_enabled":false,"profile_banner_url":"https://pbs.twimg.com/profile_banners/174273428/1403053193","profile_background_image_url":"http://pbs.twimg.com/profile_background_images/707824561/52b027778452301d4821695f3e0b4382.jpeg","name":"mell ","lang":"en","profile_background_tile":false,"favourites_count":727,"screen_name":"themellster","notifications":false,"url":null,"created_at":"Tue Aug 03 14:46:44 +0000 2010","contributors_enabled":false,"time_zone":"America/Detroit","protected":false,"default_profile":false,"is_translator":false},"geo":null,"in_reply_to_user_id_str":"15012486","lang":"en","created_at":"Mon Dec 15 00:12:13 +0000 2014","in_reply_to_status_id_str":"544281689233850370","place":null},
{"contributors":null,"truncated":false,"text":"@CBSNews would love to see someone come up with a really insightful smart move to make all come out safely - simple &amp; effective","in_reply_to_status_id":544281689233850370,"id":544283944456171520,"favorite_count":0,"source":"<a href=\"http://twitter.com/download/iphone\" rel=\"nofollow\">Twitter for iPhone</a>","retweeted":false,"coordinates":null,"entities":{"symbols":[],"user_mentions":[{"id":15012486,"indices":[0,8],"id_str":"15012486","screen_name":"CBSNews","name":"CBS News"}],"hashtags":[],"urls":[]},"in_reply_to_screen_name":"CBSNews","id_str":"544283944456171520","retweet_count":0,"in_reply_to_user_id":15012486,"favorited":false,"user":{"follow_request_sent":false,"profile_use_background_image":true,"profile_text_color":"333333","default_profile_image":false,"id":18195001,"profile_background_image_url_https":"https://pbs.twimg.com/profile_background_images/884951871/639e80b8808cf70797428bfbf88b0cf0.jpeg","verified":false,"profile_location":null,"profile_image_url_https":"https://pbs.twimg.com/profile_images/474931716331536384/lE9fQOAT_normal.jpeg","profile_sidebar_fill_color":"A0C5C7","entities":{"description":{"urls":[]}},"followers_count":425,"profile_sidebar_border_color":"FFFFFF","id_str":"18195001","profile_background_color":"352726","listed_count":7,"is_translation_enabled":false,"utc_offset":-28800,"statuses_count":25978,"description":"Woman living in Seattle - Curious about a lot of things.","friends_count":1802,"location":"Downtown Seattle","profile_link_color":"D02B55","profile_image_url":"http://pbs.twimg.com/profile_images/474931716331536384/lE9fQOAT_normal.jpeg","following":false,"geo_enabled":false,"profile_banner_url":"https://pbs.twimg.com/profile_banners/18195001/1402067689","profile_background_image_url":"http://pbs.twimg.com/profile_background_images/884951871/639e80b8808cf70797428bfbf88b0cf0.jpeg","name":"Jenniferlayne53","lang":"en","profile_background_tile":true,"favourites_count":2283,"screen_name":"Jenniferlayne53","notifications":false,"url":null,"created_at":"Wed Dec 17 18:08:10 +0000 2008","contributors_enabled":false,"time_zone":"Pacific Time (US & Canada)","protected":false,"default_profile":false,"is_translator":false},"geo":null,"in_reply_to_user_id_str":"15012486","lang":"en","created_at":"Mon Dec 15 00:12:59 +0000 2014","in_reply_to_status_id_str":"544281689233850370","place":null},
{"contributors":null,"truncated":false,"text":"@CBSNews @bobingle99 Aw S*....they just asked to talk to Tony Abbott on the air. Smh....Do they think they are playing a video game?","in_reply_to_status_id":544281689233850370,"id":544285881411325953,"favorite_count":0,"source":"<a href=\"http://twitter.com\" rel=\"nofollow\">Twitter Web Client</a>","retweeted":false,"coordinates":null,"entities":{"symbols":[],"user_mentions":[{"id":15012486,"indices":[0,8],"id_str":"15012486","screen_name":"CBSNews","name":"CBS News"},{"id":19561082,"indices":[9,20],"id_str":"19561082","screen_name":"bobingle99","name":"Bob Ingle"}],"hashtags":[],"urls":[]},"in_reply_to_screen_name":"CBSNews","id_str":"544285881411325953","retweet_count":0,"in_reply_to_user_id":15012486,"favorited":false,"user":{"follow_request_sent":false,"profile_use_background_image":true,"profile_text_color":"333333","default_profile_image":false,"id":82682487,"profile_background_image_url_https":"https://abs.twimg.com/images/themes/theme1/bg.png","verified":false,"profile_location":null,"profile_image_url_https":"https://pbs.twimg.com/profile_images/2457291110/ppopxdzjkrihue6jgnsy_normal.gif","profile_sidebar_fill_color":"DDEEF6","entities":{"description":{"urls":[]}},"followers_count":350,"profile_sidebar_border_color":"C0DEED","id_str":"82682487","profile_background_color":"C0DEED","listed_count":14,"is_translation_enabled":false,"utc_offset":-18000,"statuses_count":8541,"description":"e-Bonics y'all","friends_count":576,"location":"","profile_link_color":"0084B4","profile_image_url":"http://pbs.twimg.com/profile_images/2457291110/ppopxdzjkrihue6jgnsy_normal.gif","following":false,"geo_enabled":true,"profile_background_image_url":"http://abs.twimg.com/images/themes/theme1/bg.png","name":"ibeetb","lang":"en","profile_background_tile":false,"favourites_count":5286,"screen_name":"ibeetb","notifications":false,"url":null,"created_at":"Thu Oct 15 18:40:51 +0000 2009","contributors_enabled":false,"time_zone":"Eastern Time (US & Canada)","protected":false,"default_profile":true,"is_translator":false},"geo":null,"in_reply_to_user_id_str":"15012486","lang":"en","created_at":"Mon Dec 15 00:20:41 +0000 2014","in_reply_to_status_id_str":"544281689233850370","place":null},
{"contributors":null,"truncated":false,"text":"@CBSNews @NoSilentConsent - @BarackObama's #Australia.   Bet they wish they were armed for self defense.  @TheDemocrats pay attention.","in_reply_to_status_id":544281689233850370,"id":544287169419161602,"favorite_count":1,"source":"<a href=\"http://twitter.com/#!/download/ipad\" rel=\"nofollow\">Twitter for iPad</a>","retweeted":false,"coordinates":null,"entities":{"symbols":[],"user_mentions":[{"id":15012486,"indices":[0,8],"id_str":"15012486","screen_name":"CBSNews","name":"CBS News"},{"id":20200651,"indices":[9,25],"id_str":"20200651","screen_name":"NoSilentConsent","name":"Silence is Consent!"},{"id":813286,"indices":[28,40],"id_str":"813286","screen_name":"BarackObama","name":"Barack Obama"},{"id":14377605,"indices":[106,119],"id_str":"14377605","screen_name":"TheDemocrats","name":"The Democrats"}],"hashtags":[{"indices":[43,53],"text":"Australia"}],"urls":[]},"in_reply_to_screen_name":"CBSNews","id_str":"544287169419161602","retweet_count":1,"in_reply_to_user_id":15012486,"favorited":false,"user":{"follow_request_sent":false,"profile_use_background_image":true,"profile_text_color":"333333","default_profile_image":false,"id":496668868,"profile_background_image_url_https":"https://abs.twimg.com/images/themes/theme1/bg.png","verified":false,"profile_location":null,"profile_image_url_https":"https://pbs.twimg.com/profile_images/1837676659/Nobama_normal.gif","profile_sidebar_fill_color":"DDEEF6","entities":{"description":{"urls":[]}},"followers_count":130,"profile_sidebar_border_color":"C0DEED","id_str":"496668868","profile_background_color":"C0DEED","listed_count":3,"is_translation_enabled":false,"utc_offset":null,"statuses_count":2413,"description":"","friends_count":224,"location":"","profile_link_color":"0084B4","profile_image_url":"http://pbs.twimg.com/profile_images/1837676659/Nobama_normal.gif","following":false,"geo_enabled":false,"profile_background_image_url":"http://abs.twimg.com/images/themes/theme1/bg.png","name":"NoBama452012","lang":"en","profile_background_tile":false,"favourites_count":58,"screen_name":"NoBama452012","notifications":false,"url":null,"created_at":"Sun Feb 19 05:44:06 +0000 2012","contributors_enabled":false,"time_zone":null,"protected":false,"default_profile":true,"is_translator":false},"geo":null,"in_reply_to_user_id_str":"15012486","lang":"en","created_at":"Mon Dec 15 00:25:48 +0000 2014","in_reply_to_status_id_str":"544281689233850370","place":null},
{"contributors":null,"truncated":false,"text":"@CBSNews i find that hard to believe since Australia has a gun ban.","in_reply_to_status_id":544281689233850370,"id":544287521060814848,"favorite_count":0,"source":"<a href=\"http://twitter.com\" rel=\"nofollow\">Twitter Web Client</a>","retweeted":false,"coordinates":null,"entities":{"symbols":[],"user_mentions":[{"id":15012486,"indices":[0,8],"id_str":"15012486","screen_name":"CBSNews","name":"CBS News"}],"hashtags":[],"urls":[]},"in_reply_to_screen_name":"CBSNews","id_str":"544287521060814848","retweet_count":0,"in_reply_to_user_id":15012486,"favorited":false,"user":{"follow_request_sent":false,"profile_use_background_image":false,"profile_text_color":"000000","default_profile_image":false,"id":1043529588,"profile_background_image_url_https":"https://abs.twimg.com/images/themes/theme1/bg.png","verified":false,"profile_location":null,"profile_image_url_https":"https://pbs.twimg.com/profile_images/541665833089368066/xDxLpnsZ_normal.jpeg","profile_sidebar_fill_color":"000000","entities":{"description":{"urls":[]}},"followers_count":573,"profile_sidebar_border_color":"000000","id_str":"1043529588","profile_background_color":"000000","listed_count":24,"is_translation_enabled":false,"utc_offset":null,"statuses_count":20218,"description":"atheist, science, sci-fi geek metallurgist,  free thinker","friends_count":979,"location":" earth","profile_link_color":"B30000","profile_image_url":"http://pbs.twimg.com/profile_images/541665833089368066/xDxLpnsZ_normal.jpeg","following":false,"geo_enabled":false,"profile_background_image_url":"http://abs.twimg.com/images/themes/theme1/bg.png","name":"captain caveman","lang":"en","profile_background_tile":false,"favourites_count":3631,"screen_name":"anonoMAN42","notifications":false,"url":null,"created_at":"Sat Dec 29 01:16:56 +0000 2012","contributors_enabled":false,"time_zone":null,"protected":false,"default_profile":false,"is_translator":false},"geo":null,"in_reply_to_user_id_str":"15012486","lang":"en","created_at":"Mon Dec 15 00:27:12 +0000 2014","in_reply_to_status_id_str":"544281689233850370","place":null},
{"contributors":null,"truncated":false,"text":"“@CBSNews: BREAKING: Hostages held in downtown Sydney cafe; Islamic flag displayed - http://t.co/LkvoGe8kAB” Stay safe my Aussie friends :(","in_reply_to_status_id":544281689233850370,"id":544287795163201536,"favorite_count":0,"source":"<a href=\"http://twitter.com/download/iphone\" rel=\"nofollow\">Twitter for iPhone</a>","retweeted":false,"coordinates":null,"entities":{"symbols":[],"user_mentions":[{"id":15012486,"indices":[1,9],"id_str":"15012486","screen_name":"CBSNews","name":"CBS News"}],"hashtags":[],"urls":[{"url":"http://t.co/LkvoGe8kAB","indices":[85,107],"expanded_url":"http://cbsn.ws/1wt2tEo","display_url":"cbsn.ws/1wt2tEo"}]},"in_reply_to_screen_name":"CBSNews","id_str":"544287795163201536","retweet_count":0,"in_reply_to_user_id":15012486,"favorited":false,"user":{"follow_request_sent":false,"profile_use_background_image":true,"profile_text_color":"333333","default_profile_image":false,"id":2154102183,"profile_background_image_url_https":"https://abs.twimg.com/images/themes/theme1/bg.png","verified":false,"profile_location":null,"profile_image_url_https":"https://pbs.twimg.com/profile_images/554298204028952577/0Iwtq7tK_normal.jpeg","profile_sidebar_fill_color":"DDEEF6","entities":{"description":{"urls":[]}},"followers_count":229,"profile_sidebar_border_color":"C0DEED","id_str":"2154102183","profile_background_color":"C0DEED","listed_count":1,"is_translation_enabled":false,"utc_offset":-14400,"statuses_count":4362,"description":"","friends_count":193,"location":"","profile_link_color":"0084B4","profile_image_url":"http://pbs.twimg.com/profile_images/554298204028952577/0Iwtq7tK_normal.jpeg","following":false,"geo_enabled":false,"profile_banner_url":"https://pbs.twimg.com/profile_banners/2154102183/1415880339","profile_background_image_url":"http://abs.twimg.com/images/themes/theme1/bg.png","name":"Sarcastic Stepmom","lang":"en","profile_background_tile":false,"favourites_count":6102,"screen_name":"Marissa_saysso","notifications":false,"url":null,"created_at":"Sat Oct 26 10:09:29 +0000 2013","contributors_enabled":false,"time_zone":"Atlantic Time (Canada)","protected":false,"default_profile":true,"is_translator":false},"geo":null,"in_reply_to_user_id_str":"15012486","possibly_sensitive":false,"lang":"en","created_at":"Mon Dec 15 00:28:17 +0000 2014","in_reply_to_status_id_str":"544281689233850370","place":null},
{"contributors":null,"truncated":false,"text":"@Reem_AlHarmi @CBSNews - #Islam is evil.","in_reply_to_status_id":544282505663107072,"id":544287798480896000,"favorite_count":0,"source":"<a href=\"http://twitter.com/#!/download/ipad\" rel=\"nofollow\">Twitter for iPad</a>","retweeted":false,"coordinates":null,"entities":{"symbols":[],"user_mentions":[{"id":47066924,"indices":[0,13],"id_str":"47066924","screen_name":"Reem_AlHarmi","name":"ريم الحرمي"},{"id":15012486,"indices":[14,22],"id_str":"15012486","screen_name":"CBSNews","name":"CBS News"}],"hashtags":[{"indices":[25,31],"text":"Islam"}],"urls":[]},"in_reply_to_screen_name":"Reem_AlHarmi","id_str":"544287798480896000","retweet_count":0,"in_reply_to_user_id":47066924,"favorited":false,"user":{"follow_request_sent":false,"profile_use_background_image":true,"profile_text_color":"333333","default_profile_image":false,"id":496668868,"profile_background_image_url_https":"https://abs.twimg.com/images/themes/theme1/bg.png","verified":false,"profile_location":null,"profile_image_url_https":"https://pbs.twimg.com/profile_images/1837676659/Nobama_normal.gif","profile_sidebar_fill_color":"DDEEF6","entities":{"description":{"urls":[]}},"followers_count":130,"profile_sidebar_border_color":"C0DEED","id_str":"496668868","profile_background_color":"C0DEED","listed_count":3,"is_translation_enabled":false,"utc_offset":null,"statuses_count":2413,"description":"","friends_count":224,"location":"","profile_link_color":"0084B4","profile_image_url":"http://pbs.twimg.com/profile_images/1837676659/Nobama_normal.gif","following":false,"geo_enabled":false,"profile_background_image_url":"http://abs.twimg.com/images/themes/theme1/bg.png","name":"NoBama452012","lang":"en","profile_background_tile":false,"favourites_count":58,"screen_name":"NoBama452012","notifications":false,"url":null,"created_at":"Sun Feb 19 05:44:06 +0000 2012","contributors_enabled":false,"time_zone":null,"protected":false,"default_profile":true,"is_translator":false},"geo":null,"in_reply_to_user_id_str":"47066924","lang":"en","created_at":"Mon Dec 15 00:28:18 +0000 2014","in_reply_to_status_id_str":"544282505663107072","place":null},
{"contributors":null,"truncated":false,"text":"@Reem_AlHarmi @CBSNews - Dipshit - Don't post on a global feed and expect zero commentary.  #Islam is a disease.  A plague on this earth.","in_reply_to_status_id":544288224726638592,"id":544289226037420032,"favorite_count":0,"source":"<a href=\"http://twitter.com/#!/download/ipad\" rel=\"nofollow\">Twitter for iPad</a>","retweeted":false,"coordinates":null,"entities":{"symbols":[],"user_mentions":[{"id":47066924,"indices":[0,13],"id_str":"47066924","screen_name":"Reem_AlHarmi","name":"ريم الحرمي"},{"id":15012486,"indices":[14,22],"id_str":"15012486","screen_name":"CBSNews","name":"CBS News"}],"hashtags":[{"indices":[92,98],"text":"Islam"}],"urls":[]},"in_reply_to_screen_name":"Reem_AlHarmi","id_str":"544289226037420032","retweet_count":0,"in_reply_to_user_id":47066924,"favorited":false,"user":{"follow_request_sent":false,"profile_use_background_image":true,"profile_text_color":"333333","default_profile_image":false,"id":496668868,"profile_background_image_url_https":"https://abs.twimg.com/images/themes/theme1/bg.png","verified":false,"profile_location":null,"profile_image_url_https":"https://pbs.twimg.com/profile_images/1837676659/Nobama_normal.gif","profile_sidebar_fill_color":"DDEEF6","entities":{"description":{"urls":[]}},"followers_count":130,"profile_sidebar_border_color":"C0DEED","id_str":"496668868","profile_background_color":"C0DEED","listed_count":3,"is_translation_enabled":false,"utc_offset":null,"statuses_count":2413,"description":"","friends_count":224,"location":"","profile_link_color":"0084B4","profile_image_url":"http://pbs.twimg.com/profile_images/1837676659/Nobama_normal.gif","following":false,"geo_enabled":false,"profile_background_image_url":"http://abs.twimg.com/images/themes/theme1/bg.png","name":"NoBama452012","lang":"en","profile_background_tile":false,"favourites_count":58,"screen_name":"NoBama452012","notifications":false,"url":null,"created_at":"Sun Feb 19 05:44:06 +0000 2012","contributors_enabled":false,"time_zone":null,"protected":false,"default_profile":true,"is_translator":false},"geo":null,"in_reply_to_user_id_str":"47066924","lang":"en","created_at":"Mon Dec 15 00:33:58 +0000 2014","in_reply_to_status_id_str":"544288224726638592","place":null},
{"contributors":null,"truncated":false,"text":"@CBSNews @suesista oh shit","in_reply_to_status_id":544281689233850370,"id":544289366324297728,"favorite_count":0,"source":"<a href=\"http://twitter.com/download/iphone\" rel=\"nofollow\">Twitter for iPhone</a>","retweeted":false,"coordinates":null,"entities":{"symbols":[],"user_mentions":[{"id":15012486,"indices":[0,8],"id_str":"15012486","screen_name":"CBSNews","name":"CBS News"},{"id":32489614,"indices":[9,18],"id_str":"32489614","screen_name":"suesista","name":"susan carney"}],"hashtags":[],"urls":[]},"in_reply_to_screen_name":"CBSNews","id_str":"544289366324297728","retweet_count":0,"in_reply_to_user_id":15012486,"favorited":false,"user":{"follow_request_sent":false,"profile_use_background_image":true,"profile_text_color":"634047","default_profile_image":false,"id":14707322,"profile_background_image_url_https":"https://abs.twimg.com/images/themes/theme3/bg.gif","verified":false,"profile_location":null,"profile_image_url_https":"https://pbs.twimg.com/profile_images/378800000673546704/d5120c905682e643b837145420f1cd1d_normal.jpeg","profile_sidebar_fill_color":"E3E2DE","entities":{"description":{"urls":[]}},"followers_count":343,"profile_sidebar_border_color":"D3D2CF","id_str":"14707322","profile_background_color":"EDECE9","listed_count":7,"is_translation_enabled":false,"utc_offset":-18000,"statuses_count":20487,"description":"Not my monkeys, not my circus.","friends_count":393,"location":"florida","profile_link_color":"088253","profile_image_url":"http://pbs.twimg.com/profile_images/378800000673546704/d5120c905682e643b837145420f1cd1d_normal.jpeg","following":false,"geo_enabled":true,"profile_banner_url":"https://pbs.twimg.com/profile_banners/14707322/1383224031","profile_background_image_url":"http://abs.twimg.com/images/themes/theme3/bg.gif","name":"Malarkey","lang":"en","profile_background_tile":false,"favourites_count":29539,"screen_name":"cbrodrick","notifications":false,"url":null,"created_at":"Thu May 08 23:40:27 +0000 2008","contributors_enabled":false,"time_zone":"Eastern Time (US & Canada)","protected":false,"default_profile":false,"is_translator":false},"geo":null,"in_reply_to_user_id_str":"15012486","lang":"en","created_at":"Mon Dec 15 00:34:31 +0000 2014","in_reply_to_status_id_str":"544281689233850370","place":null},
{"contributors":null,"truncated":false,"text":"@CBSNews @shellonline There is no such thing as an Islamic flag. Made up by men","in_reply_to_status_id":544281689233850370,"id":544289830859853826,"favorite_count":1,"source":"<a href=\"http://twitter.com/download/android\" rel=\"nofollow\">Twitter for Android</a>","retweeted":false,"coordinates":null,"entities":{"symbols":[],"user_mentions":[{"id":15012486,"indices":[0,8],"id_str":"15012486","screen_name":"CBSNews","name":"CBS News"},{"id":17771767,"indices":[9,21],"id_str":"17771767","screen_name":"shellonline","name":"Michelle M. Guilbeau"}],"hashtags":[],"urls":[]},"in_reply_to_screen_name":"CBSNews","id_str":"544289830859853826","retweet_count":0,"in_reply_to_user_id":15012486,"favorited":false,"user":{"follow_request_sent":false,"profile_use_background_image":true,"profile_text_color":"333333","default_profile_image":false,"id":29578815,"profile_background_image_url_https":"https://pbs.twimg.com/profile_background_images/378800000175530107/ec5AStNP.jpeg","verified":false,"profile_location":null,"profile_image_url_https":"https://pbs.twimg.com/profile_images/586542642307080192/QPbQ0W9r_normal.jpg","profile_sidebar_fill_color":"C0DFEC","entities":{"url":{"urls":[{"url":"http://t.co/DIQmXKiAvA","indices":[0,22],"expanded_url":"http://about.me/drwill","display_url":"about.me/drwill"}]},"description":{"urls":[{"url":"http://t.co/T5mkm1nscs","indices":[113,135],"expanded_url":"http://goo.gl/g52kDP","display_url":"goo.gl/g52kDP"}]}},"followers_count":4709,"profile_sidebar_border_color":"FFFFFF","id_str":"29578815","profile_background_color":"022330","listed_count":269,"is_translation_enabled":false,"utc_offset":-21600,"statuses_count":120286,"description":"Connected Educator | Doctor of Education | Consultant | GEG MS Leader l Fan of all things Google | Dissertation: http://t.co/T5mkm1nscs","friends_count":4808,"location":"earth","profile_link_color":"0084B4","profile_image_url":"http://pbs.twimg.com/profile_images/586542642307080192/QPbQ0W9r_normal.jpg","following":false,"geo_enabled":true,"profile_banner_url":"https://pbs.twimg.com/profile_banners/29578815/1406112626","profile_background_image_url":"http://pbs.twimg.com/profile_background_images/378800000175530107/ec5AStNP.jpeg","name":"Dr. Will","lang":"en","profile_background_tile":false,"favourites_count":11439,"screen_name":"iamDrWill","notifications":false,"url":"http://t.co/DIQmXKiAvA","created_at":"Tue Apr 07 23:36:08 +0000 2009","contributors_enabled":false,"time_zone":"Central Time (US & Canada)","protected":false,"default_profile":false,"is_translator":false},"geo":null,"in_reply_to_user_id_str":"15012486","lang":"en","created_at":"Mon Dec 15 00:36:22 +0000 2014","in_reply_to_status_id_str":"544281689233850370","place":null},
{"contributors":null,"truncated":false,"text":"@CBSNews\nWhat's an Islamic flag?  Can nobody translate this by now?","in_reply_to_status_id":544281689233850370,"id":544294204038737922,"favorite_count":0,"source":"<a href=\"http://twitter.com/download/android\" rel=\"nofollow\">Twitter for Android</a>","retweeted":false,"coordinates":null,"entities":{"symbols":[],"user_mentions":[{"id":15012486,"indices":[0,8],"id_str":"15012486","screen_name":"CBSNews","name":"CBS News"}],"hashtags":[],"urls":[]},"in_reply_to_screen_name":"CBSNews","id_str":"544294204038737922","retweet_count":0,"in_reply_to_user_id":15012486,"favorited":false,"user":{"follow_request_sent":false,"profile_use_background_image":true,"profile_text_color":"3E4415","default_profile_image":false,"id":1636738092,"profile_background_image_url_https":"https://abs.twimg.com/images/themes/theme17/bg.gif","verified":false,"profile_location":null,"profile_image_url_https":"https://pbs.twimg.com/profile_images/472104925321641984/WymYhNHs_normal.jpeg","profile_sidebar_fill_color":"99CC33","entities":{"description":{"urls":[]}},"followers_count":114,"profile_sidebar_border_color":"FFFFFF","id_str":"1636738092","profile_background_color":"5C7E87","listed_count":4,"is_translation_enabled":false,"utc_offset":-18000,"statuses_count":1484,"description":"Celiac. Cynic. Sugar Mama to Trophy Husband. Mourner of Beer. RT = Endorsement","friends_count":294,"location":"Maryland, USA","profile_link_color":"CC3366","profile_image_url":"http://pbs.twimg.com/profile_images/472104925321641984/WymYhNHs_normal.jpeg","following":false,"geo_enabled":false,"profile_banner_url":"https://pbs.twimg.com/profile_banners/1636738092/1401123405","profile_background_image_url":"http://abs.twimg.com/images/themes/theme17/bg.gif","name":"Kathleen Mattson","lang":"en","profile_background_tile":false,"favourites_count":1655,"screen_name":"katwoman153","notifications":false,"url":null,"created_at":"Thu Aug 01 00:52:37 +0000 2013","contributors_enabled":false,"time_zone":"Eastern Time (US & Canada)","protected":false,"default_profile":false,"is_translator":false},"geo":null,"in_reply_to_user_id_str":"15012486","lang":"en","created_at":"Mon Dec 15 00:53:45 +0000 2014","in_reply_to_status_id_str":"544281689233850370","place":null},
{"contributors":null,"truncated":false,"text":"@cbrodrick @CBSNews yep.","in_reply_to_status_id":544289366324297728,"id":544294384007520257,"favorite_count":0,"source":"<a href=\"http://twitter.com\" rel=\"nofollow\">Twitter Web Client</a>","retweeted":false,"coordinates":null,"entities":{"symbols":[],"user_mentions":[{"id":14707322,"indices":[0,10],"id_str":"14707322","screen_name":"cbrodrick","name":"Malarkey"},{"id":15012486,"indices":[11,19],"id_str":"15012486","screen_name":"CBSNews","name":"CBS News"}],"hashtags":[],"urls":[]},"in_reply_to_screen_name":"cbrodrick","id_str":"544294384007520257","retweet_count":0,"in_reply_to_user_id":14707322,"favorited":false,"user":{"follow_request_sent":false,"profile_use_background_image":true,"profile_text_color":"3D1957","default_profile_image":false,"id":32489614,"profile_background_image_url_https":"https://abs.twimg.com/images/themes/theme10/bg.gif","verified":false,"profile_location":null,"profile_image_url_https":"https://pbs.twimg.com/profile_images/1355633323/equinox06_normal.jpg","profile_sidebar_fill_color":"7AC3EE","entities":{"description":{"urls":[]}},"followers_count":1620,"profile_sidebar_border_color":"FFFFFF","id_str":"32489614","profile_background_color":"642D8B","listed_count":38,"is_translation_enabled":false,"utc_offset":-28800,"statuses_count":27989,"description":"single bartender,democratic socialist, activist, pissed, best friend of three-legged dog. Block rude RW trolls. RTs not necessarily endorsements.","friends_count":1973,"location":"reno, nevada","profile_link_color":"FF0000","profile_image_url":"http://pbs.twimg.com/profile_images/1355633323/equinox06_normal.jpg","following":false,"geo_enabled":false,"profile_banner_url":"https://pbs.twimg.com/profile_banners/32489614/1381460289","profile_background_image_url":"http://abs.twimg.com/images/themes/theme10/bg.gif","name":"susan carney","lang":"en","profile_background_tile":true,"favourites_count":6132,"screen_name":"suesista","notifications":false,"url":null,"created_at":"Fri Apr 17 17:29:37 +0000 2009","contributors_enabled":false,"time_zone":"Pacific Time (US & Canada)","protected":false,"default_profile":false,"is_translator":false},"geo":null,"in_reply_to_user_id_str":"14707322","lang":"und","created_at":"Mon Dec 15 00:54:28 +0000 2014","in_reply_to_status_id_str":"544289366324297728","place":null}
]