{"contributors":null,"truncated":false,"text":"Islamic flag flown as 13 hostages in Sydney's CBD forced against windows http:\/\/t.co\/qrADRShZqY http:\/\/t.co\/EaR2kpGSqd","in_reply_to_status_id":null,"id":544287922166726657,"favorite_count":69,"source":"<a href=\"http:\/\/www.socialflow.com\" rel=\"nofollow\">SocialFlow<\/a>","retweeted":false,"coordinates":null,"entities":{"symbols":[],"user_mentions":[],"hashtags":[],"urls":[{"url":"http:\/\/t.co\/qrADRShZqY","indices":[73,95],"expanded_url":"http:\/\/on.mash.to\/1GnsZSy","display_url":"on.mash.to\/1GnsZSy"}],"media":[{"expanded_url":"http:\/\/twitter.com\/mashable\/status\/544287922166726657\/photo\/1","display_url":"pic.twitter.com\/EaR2kpGSqd","url":"http:\/\/t.co\/EaR2kpGSqd","media_url_https":"https:\/\/pbs.twimg.com\/media\/B42y-z1IcAA-rNk.jpg","id_str":"544287922116390912","sizes":{"small":{"h":189,"resize":"fit","w":340},"large":{"h":530,"resize":"fit","w":950},"medium":{"h":334,"resize":"fit","w":600},"thumb":{"h":150,"resize":"crop","w":150}},"indices":[96,118],"type":"photo","id":544287922116390912,"media_url":"http:\/\/pbs.twimg.com\/media\/B42y-z1IcAA-rNk.jpg"}]},"in_reply_to_screen_name":null,"id_str":"544287922166726657","retweet_count":337,"in_reply_to_user_id":null,"favorited":false,"user":{"follow_request_sent":false,"profile_use_background_image":false,"profile_text_color":"3B3B3B","default_profile_image":false,"id":972651,"profile_background_image_url_https":"https:\/\/pbs.twimg.com\/profile_background_images\/705312036\/bf7ca2a3f077d7e57b12a5ea4f1db268.png","verified":true,"profile_location":null,"profile_image_url_https":"https:\/\/pbs.twimg.com\/profile_images\/528344637757337600\/uD0-5J7h_normal.png","profile_sidebar_fill_color":"88DBF4","entities":{"url":{"urls":[{"url":"http:\/\/t.co\/1Gm8aVACKn","indices":[0,22],"expanded_url":"http:\/\/mashable.com","display_url":"mashable.com"}]},"description":{"urls":[]}},"followers_count":4814659,"profile_sidebar_border_color":"FFFFFF","id_str":"972651","profile_background_color":"00AEEF","listed_count":120330,"is_translation_enabled":true,"utc_offset":-18000,"statuses_count":124243,"description":"News, resources, inspiration and fun for the connected generation. Tweets by @mashable staff.","friends_count":2778,"location":"","profile_link_color":"00AEEF","profile_image_url":"http:\/\/pbs.twimg.com\/profile_images\/528344637757337600\/uD0-5J7h_normal.png","following":false,"geo_enabled":false,"profile_banner_url":"https:\/\/pbs.twimg.com\/profile_banners\/972651\/1401484849","profile_background_image_url":"http:\/\/pbs.twimg.com\/profile_background_images\/705312036\/bf7ca2a3f077d7e57b12a5ea4f1db268.png","name":"Mashable","lang":"en","profile_background_tile":false,"favourites_count":417,"screen_name":"mashable","notifications":false,"url":"http:\/\/t.co\/1Gm8aVACKn","created_at":"Mon Mar 12 01:28:01 +0000 2007","contributors_enabled":false,"time_zone":"Eastern Time (US & Canada)","protected":false,"default_profile":false,"is_translator":false},"geo":null,"in_reply_to_user_id_str":null,"possibly_sensitive":false,"lang":"en","created_at":"Mon Dec 15 00:28:47 +0000 2014","in_reply_to_status_id_str":null,"place":null,"extended_entities":{"media":[{"expanded_url":"http:\/\/twitter.com\/mashable\/status\/544287922166726657\/photo\/1","display_url":"pic.twitter.com\/EaR2kpGSqd","url":"http:\/\/t.co\/EaR2kpGSqd","media_url_https":"https:\/\/pbs.twimg.com\/media\/B42y-z1IcAA-rNk.jpg","id_str":"544287922116390912","sizes":{"small":{"h":189,"resize":"fit","w":340},"large":{"h":530,"resize":"fit","w":950},"medium":{"h":334,"resize":"fit","w":600},"thumb":{"h":150,"resize":"crop","w":150}},"indices":[96,118],"type":"photo","id":544287922116390912,"media_url":"http:\/\/pbs.twimg.com\/media\/B42y-z1IcAA-rNk.jpg"}]}}