{"contributors":null,"truncated":false,"text":"13 hostages are being held in a Sydney store by apparent jihadist supporters http:\/\/t.co\/XqhQB8SeyN","in_reply_to_status_id":null,"id":544285194815942657,"favorite_count":17,"source":"<a href=\"http:\/\/sproutsocial.com\" rel=\"nofollow\">Sprout Social<\/a>","retweeted":false,"coordinates":null,"entities":{"symbols":[],"user_mentions":[],"hashtags":[],"urls":[{"url":"http:\/\/t.co\/XqhQB8SeyN","indices":[77,99],"expanded_url":"http:\/\/bit.ly\/1Dy2xru","display_url":"bit.ly\/1Dy2xru"}]},"in_reply_to_screen_name":null,"id_str":"544285194815942657","retweet_count":103,"in_reply_to_user_id":null,"favorited":false,"user":{"follow_request_sent":false,"profile_use_background_image":false,"profile_text_color":"000000","default_profile_image":false,"id":2884771,"profile_background_image_url_https":"https:\/\/pbs.twimg.com\/profile_background_images\/251616259\/20110510_twitter.gif","verified":true,"profile_location":null,"profile_image_url_https":"https:\/\/pbs.twimg.com\/profile_images\/565191389495844864\/levM32NJ_normal.png","profile_sidebar_fill_color":"F2F2F2","entities":{"url":{"urls":[{"url":"http:\/\/t.co\/yXAVq5BgMR","indices":[0,22],"expanded_url":"http:\/\/www.newsweek.com","display_url":"newsweek.com"}]},"description":{"urls":[]}},"followers_count":2428769,"profile_sidebar_border_color":"FFFFFF","id_str":"2884771","profile_background_color":"EE2A26","listed_count":33610,"is_translation_enabled":false,"utc_offset":-18000,"statuses_count":31521,"description":"Get smarter, faster.","friends_count":58786,"location":"New York, NY","profile_link_color":"990000","profile_image_url":"http:\/\/pbs.twimg.com\/profile_images\/565191389495844864\/levM32NJ_normal.png","following":false,"geo_enabled":false,"profile_banner_url":"https:\/\/pbs.twimg.com\/profile_banners\/2884771\/1417714927","profile_background_image_url":"http:\/\/pbs.twimg.com\/profile_background_images\/251616259\/20110510_twitter.gif","name":"Newsweek","lang":"en","profile_background_tile":true,"favourites_count":1264,"screen_name":"Newsweek","notifications":false,"url":"http:\/\/t.co\/yXAVq5BgMR","created_at":"Thu Mar 29 19:51:11 +0000 2007","contributors_enabled":false,"time_zone":"Eastern Time (US & Canada)","protected":false,"default_profile":false,"is_translator":false},"geo":null,"in_reply_to_user_id_str":null,"possibly_sensitive":false,"lang":"en","created_at":"Mon Dec 15 00:17:57 +0000 2014","in_reply_to_status_id_str":null,"place":null}