{"contributors":null,"truncated":false,"text":"Reports from Sydney, Australia, that a cafe is being held up, ISIS flag displayed, hostages at window. See @morningshowon7 tweets","in_reply_to_status_id":null,"id":544273427075710976,"favorite_count":22,"source":"<a href=\"https:\/\/about.twitter.com\/products\/tweetdeck\" rel=\"nofollow\">TweetDeck<\/a>","retweeted":false,"coordinates":null,"entities":{"symbols":[],"user_mentions":[{"id":22705952,"indices":[107,122],"id_str":"22705952","screen_name":"morningshowon7","name":"The Morning Show"}],"hashtags":[],"urls":[]},"in_reply_to_screen_name":null,"id_str":"544273427075710976","retweet_count":161,"in_reply_to_user_id":null,"favorited":false,"user":{"follow_request_sent":false,"profile_use_background_image":true,"profile_text_color":"333333","default_profile_image":false,"id":17004618,"profile_background_image_url_https":"https:\/\/pbs.twimg.com\/profile_background_images\/4431004\/twitter_post.png","verified":true,"profile_location":null,"profile_image_url_https":"https:\/\/pbs.twimg.com\/profile_images\/550815420601479168\/RUsdNBCL_normal.jpeg","profile_sidebar_fill_color":"DDFFCC","entities":{"url":{"urls":[{"url":"http:\/\/t.co\/CO7uxBI0Os","indices":[0,22],"expanded_url":"http:\/\/www.nytimes.com\/kristof","display_url":"nytimes.com\/kristof"}]},"description":{"urls":[{"url":"http:\/\/t.co\/1RlrJ9Yu2R","indices":[99,121],"expanded_url":"http:\/\/www.facebook.com\/kristof","display_url":"facebook.com\/kristof"}]}},"followers_count":1532440,"profile_sidebar_border_color":"BDDCAD","id_str":"17004618","profile_background_color":"9AE4E8","listed_count":22445,"is_translation_enabled":false,"utc_offset":-18000,"statuses_count":18724,"description":"New York Times columnist, two-time Pulitzer Prize winner, co-author Half the Sky & A Path Appears, http:\/\/t.co\/1RlrJ9Yu2R","friends_count":917,"location":"Everywhere","profile_link_color":"0084B4","profile_image_url":"http:\/\/pbs.twimg.com\/profile_images\/550815420601479168\/RUsdNBCL_normal.jpeg","following":false,"geo_enabled":true,"profile_background_image_url":"http:\/\/pbs.twimg.com\/profile_background_images\/4431004\/twitter_post.png","name":"Nicholas Kristof","lang":"en","profile_background_tile":true,"favourites_count":59,"screen_name":"NickKristof","notifications":false,"url":"http:\/\/t.co\/CO7uxBI0Os","created_at":"Mon Oct 27 19:14:53 +0000 2008","contributors_enabled":false,"time_zone":"Eastern Time (US & Canada)","protected":false,"default_profile":false,"is_translator":false},"geo":null,"in_reply_to_user_id_str":null,"lang":"en","created_at":"Sun Dec 14 23:31:11 +0000 2014","in_reply_to_status_id_str":null,"place":null}