{"contributors":null,"truncated":false,"text":"Sydney Australia: Not technically ISIS flag but Shahadah flag with Islamic creed on it. Commonly used by militants: http:\/\/t.co\/s7kg2wSrlQ","in_reply_to_status_id":null,"id":544274757689307136,"favorite_count":50,"source":"<a href=\"http:\/\/twitter.com\" rel=\"nofollow\">Twitter Web Client<\/a>","retweeted":false,"coordinates":null,"entities":{"symbols":[],"user_mentions":[],"hashtags":[],"urls":[],"media":[{"expanded_url":"http:\/\/twitter.com\/CaliphateCop\/status\/544274757689307136\/photo\/1","display_url":"pic.twitter.com\/s7kg2wSrlQ","url":"http:\/\/t.co\/s7kg2wSrlQ","media_url_https":"https:\/\/pbs.twimg.com\/media\/B42nAfBIcAEZXjO.jpg","id_str":"544274756749783041","sizes":{"small":{"h":254,"resize":"fit","w":340},"large":{"h":449,"resize":"fit","w":599},"medium":{"h":449,"resize":"fit","w":599},"thumb":{"h":150,"resize":"crop","w":150}},"indices":[116,138],"type":"photo","id":544274756749783041,"media_url":"http:\/\/pbs.twimg.com\/media\/B42nAfBIcAEZXjO.jpg"}]},"in_reply_to_screen_name":null,"id_str":"544274757689307136","retweet_count":252,"in_reply_to_user_id":null,"favorited":false,"user":{"follow_request_sent":false,"profile_use_background_image":true,"profile_text_color":"666666","default_profile_image":false,"id":1056552596,"profile_background_image_url_https":"https:\/\/pbs.twimg.com\/profile_background_images\/378800000179370368\/7irvFW-0.jpeg","verified":false,"profile_location":null,"profile_image_url_https":"https:\/\/pbs.twimg.com\/profile_images\/567417916165861376\/elsGWoyw_normal.jpeg","profile_sidebar_fill_color":"252429","entities":{"url":{"urls":[{"url":"http:\/\/t.co\/FEJfJ7dbRK","indices":[0,22],"expanded_url":"http:\/\/www.undercoverjihadi.com","display_url":"undercoverjihadi.com"}]},"description":{"urls":[]}},"followers_count":2508,"profile_sidebar_border_color":"000000","id_str":"1056552596","profile_background_color":"062106","listed_count":84,"is_translation_enabled":false,"utc_offset":-14400,"statuses_count":26467,"description":"Ex Ninja, now PhD student & National Security expert *Pro NATSEC Oversight *Liberal *Coexist! *Non-nutjob Muslim *Bay'ah2 Imam Al Mahdi & JesusCaliphate","friends_count":1531,"location":"Canada, EH! :)","profile_link_color":"2FC2EF","profile_image_url":"http:\/\/pbs.twimg.com\/profile_images\/567417916165861376\/elsGWoyw_normal.jpeg","following":false,"geo_enabled":false,"profile_banner_url":"https:\/\/pbs.twimg.com\/profile_banners\/1056552596\/1403122494","profile_background_image_url":"http:\/\/pbs.twimg.com\/profile_background_images\/378800000179370368\/7irvFW-0.jpeg","name":"Mubin Shaikh","lang":"en","profile_background_tile":false,"favourites_count":9859,"screen_name":"CaliphateCop","notifications":false,"url":"http:\/\/t.co\/FEJfJ7dbRK","created_at":"Thu Jan 03 01:16:39 +0000 2013","contributors_enabled":false,"time_zone":"Atlantic Time (Canada)","protected":false,"default_profile":false,"is_translator":false},"geo":null,"in_reply_to_user_id_str":null,"possibly_sensitive":false,"lang":"en","created_at":"Sun Dec 14 23:36:29 +0000 2014","in_reply_to_status_id_str":null,"place":null,"extended_entities":{"media":[{"expanded_url":"http:\/\/twitter.com\/CaliphateCop\/status\/544274757689307136\/photo\/1","display_url":"pic.twitter.com\/s7kg2wSrlQ","url":"http:\/\/t.co\/s7kg2wSrlQ","media_url_https":"https:\/\/pbs.twimg.com\/media\/B42nAfBIcAEZXjO.jpg","id_str":"544274756749783041","sizes":{"small":{"h":254,"resize":"fit","w":340},"large":{"h":449,"resize":"fit","w":599},"medium":{"h":449,"resize":"fit","w":599},"thumb":{"h":150,"resize":"crop","w":150}},"indices":[116,138],"type":"photo","id":544274756749783041,"media_url":"http:\/\/pbs.twimg.com\/media\/B42nAfBIcAEZXjO.jpg"}]}}