[{"contributors":null,"truncated":false,"text":"@KristyMayr7 @theleadernews not ISIS flags","in_reply_to_status_id":544271069146656768,"id":544271964890611712,"favorite_count":0,"source":"<a href=\"http://twitter.com/download/iphone\" rel=\"nofollow\">Twitter for iPhone</a>","retweeted":false,"coordinates":null,"entities":{"symbols":[],"user_mentions":[{"id":258627226,"indices":[0,12],"id_str":"258627226","screen_name":"KristyMayr7","name":"Kristy Mayr"},{"id":92637636,"indices":[13,27],"id_str":"92637636","screen_name":"theleadernews","name":"The Leader"}],"hashtags":[],"urls":[]},"in_reply_to_screen_name":"KristyMayr7","id_str":"544271964890611712","retweet_count":0,"in_reply_to_user_id":258627226,"favorited":false,"user":{"follow_request_sent":false,"profile_use_background_image":true,"profile_text_color":"333333","default_profile_image":false,"id":1038235795,"profile_background_image_url_https":"https://abs.twimg.com/images/themes/theme1/bg.png","verified":false,"profile_location":null,"profile_image_url_https":"https://pbs.twimg.com/profile_images/506319314769551360/xPu7jvg5_normal.jpeg","profile_sidebar_fill_color":"DDEEF6","entities":{"description":{"urls":[]}},"followers_count":1941,"profile_sidebar_border_color":"C0DEED","id_str":"1038235795","profile_background_color":"C0DEED","listed_count":47,"is_translation_enabled":false,"utc_offset":null,"statuses_count":289316,"description":"Mother of three, destroying the joint, frightbat, i dont suffer RWNJ","friends_count":272,"location":"","profile_link_color":"0084B4","profile_image_url":"http://pbs.twimg.com/profile_images/506319314769551360/xPu7jvg5_normal.jpeg","following":false,"geo_enabled":true,"profile_background_image_url":"http://abs.twimg.com/images/themes/theme1/bg.png","name":"Susan Mackay","lang":"en","profile_background_tile":false,"favourites_count":66924,"screen_name":"mackaysuzie","notifications":false,"url":null,"created_at":"Wed Dec 26 22:32:33 +0000 2012","contributors_enabled":false,"time_zone":null,"protected":false,"default_profile":true,"is_translator":false},"geo":null,"in_reply_to_user_id_str":"258627226","lang":"en","created_at":"Sun Dec 14 23:25:23 +0000 2014","in_reply_to_status_id_str":"544271069146656768","place":null},
{"contributors":null,"truncated":false,"text":"@KristyMayr7 @worstbloke sorry - how do you know it's an ISIS flag? Can you actually confirm that?","in_reply_to_status_id":544271069146656768,"id":544272007013994496,"favorite_count":2,"source":"<a href=\"http://twitter.com\" rel=\"nofollow\">Twitter Web Client</a>","retweeted":false,"coordinates":null,"entities":{"symbols":[],"user_mentions":[{"id":258627226,"indices":[0,12],"id_str":"258627226","screen_name":"KristyMayr7","name":"Kristy Mayr"},{"id":1644866557,"indices":[13,24],"id_str":"1644866557","screen_name":"worstbloke","name":"victorian bitter"}],"hashtags":[],"urls":[]},"in_reply_to_screen_name":"KristyMayr7","id_str":"544272007013994496","retweet_count":0,"in_reply_to_user_id":258627226,"favorited":false,"user":{"follow_request_sent":false,"profile_use_background_image":true,"profile_text_color":"3E4415","default_profile_image":false,"id":22470244,"profile_background_image_url_https":"https://pbs.twimg.com/profile_background_images/873655684/b028eff81d23fb6ce4504bf291b2fa16.jpeg","verified":false,"profile_location":null,"profile_image_url_https":"https://pbs.twimg.com/profile_images/3688961446/e3c763e7dcd5e840f62356a88cc0e4b5_normal.jpeg","profile_sidebar_fill_color":"99CC33","entities":{"url":{"urls":[{"url":"http://t.co/TcdDQDiIIZ","indices":[0,22],"expanded_url":"http://www.facebook.com/juliawhy","display_url":"facebook.com/juliawhy"}]},"description":{"urls":[]}},"followers_count":865,"profile_sidebar_border_color":"FFFFFF","id_str":"22470244","profile_background_color":"352726","listed_count":20,"is_translation_enabled":false,"utc_offset":39600,"statuses_count":3717,"description":"Co-founder of new Sydney label EXXE Records...I play in The Cathys and JuliaWhy? & scream in Snotty Babies....Instagram me juliawhymusic","friends_count":1980,"location":"Sydney, Australia","profile_link_color":"FF00FF","profile_image_url":"http://pbs.twimg.com/profile_images/3688961446/e3c763e7dcd5e840f62356a88cc0e4b5_normal.jpeg","following":false,"geo_enabled":false,"profile_background_image_url":"http://pbs.twimg.com/profile_background_images/873655684/b028eff81d23fb6ce4504bf291b2fa16.jpeg","name":"Julia Why?","lang":"en","profile_background_tile":false,"favourites_count":2322,"screen_name":"Julia_Why","notifications":false,"url":"http://t.co/TcdDQDiIIZ","created_at":"Mon Mar 02 09:48:30 +0000 2009","contributors_enabled":false,"time_zone":"Sydney","protected":false,"default_profile":false,"is_translator":false},"geo":null,"in_reply_to_user_id_str":"258627226","lang":"en","created_at":"Sun Dec 14 23:25:33 +0000 2014","in_reply_to_status_id_str":"544271069146656768","place":null},
{"contributors":null,"truncated":false,"text":"MT @KristyMayr7: We understand there are two gunmen and up to a dozen hostages inside the cafe under siege at Sydney.. ISIS flags on display","in_reply_to_status_id":544271069146656768,"id":544272511912136704,"favorite_count":0,"source":"<a href=\"http://twitter.com/download/iphone\" rel=\"nofollow\">Twitter for iPhone</a>","retweeted":false,"coordinates":null,"entities":{"symbols":[],"user_mentions":[{"id":258627226,"indices":[3,15],"id_str":"258627226","screen_name":"KristyMayr7","name":"Kristy Mayr"}],"hashtags":[],"urls":[]},"in_reply_to_screen_name":"KristyMayr7","id_str":"544272511912136704","retweet_count":1,"in_reply_to_user_id":258627226,"favorited":false,"user":{"follow_request_sent":false,"profile_use_background_image":true,"profile_text_color":"6A4836","default_profile_image":false,"id":15382667,"profile_background_image_url_https":"https://pbs.twimg.com/profile_background_images/163093172/x73430ed8bda7014fabc1a58518be9ce.jpg","verified":false,"profile_location":null,"profile_image_url_https":"https://pbs.twimg.com/profile_images/3237667387/b394a83665d813dc703233ab137be90d_normal.jpeg","profile_sidebar_fill_color":"200709","entities":{"description":{"urls":[]}},"followers_count":9170,"profile_sidebar_border_color":"B68B9E","id_str":"15382667","profile_background_color":"200709","listed_count":353,"is_translation_enabled":false,"utc_offset":-18000,"statuses_count":105521,"description":"Prissy tomboy who somehow became a TV reporter in USA. Sport loving, globe-trotting, news junkie. Tri-lingualx2 \nInsta: @kokomodianne","friends_count":907,"location":"Charlotte ","profile_link_color":"FA743E","profile_image_url":"http://pbs.twimg.com/profile_images/3237667387/b394a83665d813dc703233ab137be90d_normal.jpeg","following":false,"geo_enabled":true,"profile_banner_url":"https://pbs.twimg.com/profile_banners/15382667/1360822139","profile_background_image_url":"http://pbs.twimg.com/profile_background_images/163093172/x73430ed8bda7014fabc1a58518be9ce.jpg","name":"Dianne Gallagher","lang":"en","profile_background_tile":false,"favourites_count":388,"screen_name":"DianneG","notifications":false,"url":null,"created_at":"Thu Jul 10 20:20:23 +0000 2008","contributors_enabled":false,"time_zone":"Eastern Time (US & Canada)","protected":false,"default_profile":false,"is_translator":false},"geo":null,"in_reply_to_user_id_str":"258627226","lang":"en","created_at":"Sun Dec 14 23:27:33 +0000 2014","in_reply_to_status_id_str":"544271069146656768","place":null},
{"contributors":null,"truncated":false,"text":"@KristyMayr7 @maddychipendale Have you actually confirmed its an ISIS flag or are you talking shit","in_reply_to_status_id":544271069146656768,"id":544272839889526784,"favorite_count":1,"source":"<a href=\"http://twitter.com/download/iphone\" rel=\"nofollow\">Twitter for iPhone</a>","retweeted":false,"coordinates":null,"entities":{"symbols":[],"user_mentions":[{"id":258627226,"indices":[0,12],"id_str":"258627226","screen_name":"KristyMayr7","name":"Kristy Mayr"},{"id":348977579,"indices":[13,29],"id_str":"348977579","screen_name":"maddychipendale","name":"madyson"}],"hashtags":[],"urls":[]},"in_reply_to_screen_name":"KristyMayr7","id_str":"544272839889526784","retweet_count":0,"in_reply_to_user_id":258627226,"favorited":false,"user":{"follow_request_sent":false,"profile_use_background_image":false,"profile_text_color":"333333","default_profile_image":false,"id":1928866418,"profile_background_image_url_https":"https://pbs.twimg.com/profile_background_images/378800000169562341/zD7jkI1v.png","verified":false,"profile_location":null,"profile_image_url_https":"https://pbs.twimg.com/profile_images/584942127303405568/3ahuswW-_normal.jpg","profile_sidebar_fill_color":"DDEEF6","entities":{"url":{"urls":[{"url":"http://t.co/BaNe85R9jF","indices":[0,22],"expanded_url":"http://Instagram.com/circustiger","display_url":"Instagram.com/circustiger"}]},"description":{"urls":[]}},"followers_count":2013,"profile_sidebar_border_color":"FFFFFF","id_str":"1928866418","profile_background_color":"FFFFFF","listed_count":20,"is_translation_enabled":false,"utc_offset":36000,"statuses_count":28339,"description":"Rock out with your guac out","friends_count":582,"location":"Australia ","profile_link_color":"F5ABB5","profile_image_url":"http://pbs.twimg.com/profile_images/584942127303405568/3ahuswW-_normal.jpg","following":false,"geo_enabled":false,"profile_banner_url":"https://pbs.twimg.com/profile_banners/1928866418/1414403736","profile_background_image_url":"http://pbs.twimg.com/profile_background_images/378800000169562341/zD7jkI1v.png","name":"Katelyn","lang":"en-gb","profile_background_tile":false,"favourites_count":7312,"screen_name":"asifkatelyn","notifications":false,"url":"http://t.co/BaNe85R9jF","created_at":"Thu Oct 03 01:32:23 +0000 2013","contributors_enabled":false,"time_zone":"Brisbane","protected":false,"default_profile":false,"is_translator":false},"geo":null,"in_reply_to_user_id_str":"258627226","lang":"en","created_at":"Sun Dec 14 23:28:51 +0000 2014","in_reply_to_status_id_str":"544271069146656768","place":null},
{"contributors":null,"truncated":false,"text":"@DianneG More on situation at Martin Place in Sydney, AU http://t.co/MWMQsw0IHB\n\n @KristyMayr7","in_reply_to_status_id":544272511912136704,"id":544272856528715776,"favorite_count":0,"source":"<a href=\"https://about.twitter.com/products/tweetdeck\" rel=\"nofollow\">TweetDeck</a>","retweeted":false,"coordinates":null,"entities":{"symbols":[],"user_mentions":[{"id":15382667,"indices":[0,8],"id_str":"15382667","screen_name":"DianneG","name":"Dianne Gallagher"},{"id":258627226,"indices":[82,94],"id_str":"258627226","screen_name":"KristyMayr7","name":"Kristy Mayr"}],"hashtags":[],"urls":[{"url":"http://t.co/MWMQsw0IHB","indices":[57,79],"expanded_url":"http://www.news.com.au/national/a-man-is-holding-several-people-hostage-at-martin-place-cafe/story-fncynjr2-1227156241649","display_url":"news.com.au/national/a-man…"}]},"in_reply_to_screen_name":"DianneG","id_str":"544272856528715776","retweet_count":1,"in_reply_to_user_id":15382667,"favorited":false,"user":{"follow_request_sent":false,"profile_use_background_image":true,"profile_text_color":"333333","default_profile_image":false,"id":511276619,"profile_background_image_url_https":"https://pbs.twimg.com/profile_background_images/439120615/november_sun_2.jpg","verified":false,"profile_location":null,"profile_image_url_https":"https://pbs.twimg.com/profile_images/510110987563716608/aPFHxTe6_normal.jpeg","profile_sidebar_fill_color":"DDEEF6","entities":{"description":{"urls":[]}},"followers_count":405,"profile_sidebar_border_color":"C0DEED","id_str":"511276619","profile_background_color":"C0DEED","listed_count":31,"is_translation_enabled":false,"utc_offset":-18000,"statuses_count":14743,"description":"Weather Watcher, Navy Mom, Emergency Medicine, Loves Auburn, Loves Tuskegee,  Loves the states of Alabama., North Carolina and Georgia!","friends_count":587,"location":"Varies","profile_link_color":"003CB3","profile_image_url":"http://pbs.twimg.com/profile_images/510110987563716608/aPFHxTe6_normal.jpeg","following":false,"geo_enabled":true,"profile_banner_url":"https://pbs.twimg.com/profile_banners/511276619/1410455015","profile_background_image_url":"http://pbs.twimg.com/profile_background_images/439120615/november_sun_2.jpg","name":"Cynthia C. ","lang":"en","profile_background_tile":false,"favourites_count":493,"screen_name":"ALGANCTNwx","notifications":false,"url":null,"created_at":"Fri Mar 02 03:13:08 +0000 2012","contributors_enabled":false,"time_zone":"Eastern Time (US & Canada)","protected":false,"default_profile":false,"is_translator":false},"geo":null,"in_reply_to_user_id_str":"15382667","possibly_sensitive":false,"lang":"en","created_at":"Sun Dec 14 23:28:55 +0000 2014","in_reply_to_status_id_str":"544272511912136704","place":null},
{"contributors":null,"truncated":false,"text":"@ALGANCTNwx yeah. That's her station","in_reply_to_status_id":544272856528715776,"id":544273614229733377,"favorite_count":0,"source":"<a href=\"http://twitter.com/download/iphone\" rel=\"nofollow\">Twitter for iPhone</a>","retweeted":false,"coordinates":null,"entities":{"symbols":[],"user_mentions":[{"id":511276619,"indices":[0,11],"id_str":"511276619","screen_name":"ALGANCTNwx","name":"Cynthia C. "}],"hashtags":[],"urls":[]},"in_reply_to_screen_name":"ALGANCTNwx","id_str":"544273614229733377","retweet_count":0,"in_reply_to_user_id":511276619,"favorited":false,"user":{"follow_request_sent":false,"profile_use_background_image":true,"profile_text_color":"6A4836","default_profile_image":false,"id":15382667,"profile_background_image_url_https":"https://pbs.twimg.com/profile_background_images/163093172/x73430ed8bda7014fabc1a58518be9ce.jpg","verified":false,"profile_location":null,"profile_image_url_https":"https://pbs.twimg.com/profile_images/3237667387/b394a83665d813dc703233ab137be90d_normal.jpeg","profile_sidebar_fill_color":"200709","entities":{"description":{"urls":[]}},"followers_count":9170,"profile_sidebar_border_color":"B68B9E","id_str":"15382667","profile_background_color":"200709","listed_count":353,"is_translation_enabled":false,"utc_offset":-18000,"statuses_count":105515,"description":"Prissy tomboy who somehow became a TV reporter in USA. Sport loving, globe-trotting, news junkie. Tri-lingualx2 \nInsta: @kokomodianne","friends_count":907,"location":"Charlotte ","profile_link_color":"FA743E","profile_image_url":"http://pbs.twimg.com/profile_images/3237667387/b394a83665d813dc703233ab137be90d_normal.jpeg","following":false,"geo_enabled":true,"profile_banner_url":"https://pbs.twimg.com/profile_banners/15382667/1360822139","profile_background_image_url":"http://pbs.twimg.com/profile_background_images/163093172/x73430ed8bda7014fabc1a58518be9ce.jpg","name":"Dianne Gallagher","lang":"en","profile_background_tile":false,"favourites_count":388,"screen_name":"DianneG","notifications":false,"url":null,"created_at":"Thu Jul 10 20:20:23 +0000 2008","contributors_enabled":false,"time_zone":"Eastern Time (US & Canada)","protected":false,"default_profile":false,"is_translator":false},"geo":null,"in_reply_to_user_id_str":"511276619","lang":"en","created_at":"Sun Dec 14 23:31:56 +0000 2014","in_reply_to_status_id_str":"544272856528715776","place":null},
{"contributors":null,"truncated":false,"text":"@KristyMayr7 @7NewsAdelaide not ISIS flags. Shahada flags.","in_reply_to_status_id":544271069146656768,"id":544274483289157632,"favorite_count":0,"source":"<a href=\"http://twitter.com/download/iphone\" rel=\"nofollow\">Twitter for iPhone</a>","retweeted":false,"coordinates":null,"entities":{"symbols":[],"user_mentions":[{"id":258627226,"indices":[0,12],"id_str":"258627226","screen_name":"KristyMayr7","name":"Kristy Mayr"},{"id":269581619,"indices":[13,27],"id_str":"269581619","screen_name":"7NewsAdelaide","name":"7News Adelaide"}],"hashtags":[],"urls":[]},"in_reply_to_screen_name":"KristyMayr7","id_str":"544274483289157632","retweet_count":1,"in_reply_to_user_id":258627226,"favorited":false,"user":{"follow_request_sent":false,"profile_use_background_image":true,"profile_text_color":"333333","default_profile_image":false,"id":35742815,"profile_background_image_url_https":"https://abs.twimg.com/images/themes/theme1/bg.png","verified":false,"profile_location":null,"profile_image_url_https":"https://pbs.twimg.com/profile_images/378800000408318933/6b21cbd46601cb5c96fc94fbbe89dc9f_normal.jpeg","profile_sidebar_fill_color":"DDEEF6","entities":{"description":{"urls":[]}},"followers_count":564,"profile_sidebar_border_color":"C0DEED","id_str":"35742815","profile_background_color":"C0DEED","listed_count":16,"is_translation_enabled":false,"utc_offset":-36000,"statuses_count":7081,"description":"Reforming cynic, lover of the arts -literature, photography, music. History, politics, feminism \nintrigue me. Fool for a certain Irish/Aussie singer/songwriter.","friends_count":1167,"location":"Melbourne","profile_link_color":"0084B4","profile_image_url":"http://pbs.twimg.com/profile_images/378800000408318933/6b21cbd46601cb5c96fc94fbbe89dc9f_normal.jpeg","following":false,"geo_enabled":false,"profile_background_image_url":"http://abs.twimg.com/images/themes/theme1/bg.png","name":"Catherine","lang":"en","profile_background_tile":false,"favourites_count":2121,"screen_name":"Trillything","notifications":false,"url":null,"created_at":"Mon Apr 27 13:39:10 +0000 2009","contributors_enabled":false,"time_zone":"Hawaii","protected":false,"default_profile":true,"is_translator":false},"geo":null,"in_reply_to_user_id_str":"258627226","lang":"en","created_at":"Sun Dec 14 23:35:23 +0000 2014","in_reply_to_status_id_str":"544271069146656768","place":null},
{"contributors":null,"truncated":false,"text":"@Julia_Why @KristyMayr7 @worstbloke no she can't cos it's actually not","in_reply_to_status_id":544272007013994496,"id":544280324360781824,"favorite_count":2,"source":"<a href=\"http://twitter.com/download/iphone\" rel=\"nofollow\">Twitter for iPhone</a>","retweeted":false,"coordinates":null,"entities":{"symbols":[],"user_mentions":[{"id":22470244,"indices":[0,10],"id_str":"22470244","screen_name":"Julia_Why","name":"Julia Why?"},{"id":258627226,"indices":[11,23],"id_str":"258627226","screen_name":"KristyMayr7","name":"Kristy Mayr"},{"id":1644866557,"indices":[24,35],"id_str":"1644866557","screen_name":"worstbloke","name":"victorian bitter"}],"hashtags":[],"urls":[]},"in_reply_to_screen_name":"Julia_Why","id_str":"544280324360781824","retweet_count":0,"in_reply_to_user_id":22470244,"favorited":false,"user":{"follow_request_sent":false,"profile_use_background_image":true,"profile_text_color":"333333","default_profile_image":false,"id":347883924,"profile_background_image_url_https":"https://abs.twimg.com/images/themes/theme1/bg.png","verified":false,"profile_location":null,"profile_image_url_https":"https://pbs.twimg.com/profile_images/589208290065690624/iLwAkI0H_normal.jpg","profile_sidebar_fill_color":"DDEEF6","entities":{"description":{"urls":[]}},"followers_count":170,"profile_sidebar_border_color":"C0DEED","id_str":"347883924","profile_background_color":"C0DEED","listed_count":1,"is_translation_enabled":false,"utc_offset":null,"statuses_count":7084,"description":"rude sarcastic","friends_count":70,"location":"Sydney","profile_link_color":"0084B4","profile_image_url":"http://pbs.twimg.com/profile_images/589208290065690624/iLwAkI0H_normal.jpg","following":false,"geo_enabled":false,"profile_banner_url":"https://pbs.twimg.com/profile_banners/347883924/1410677612","profile_background_image_url":"http://abs.twimg.com/images/themes/theme1/bg.png","name":"Julz","lang":"en","profile_background_tile":false,"favourites_count":13160,"screen_name":"julia_goo_lia","notifications":false,"url":null,"created_at":"Wed Aug 03 14:35:44 +0000 2011","contributors_enabled":false,"time_zone":null,"protected":false,"default_profile":true,"is_translator":false},"geo":null,"in_reply_to_user_id_str":"22470244","lang":"en","created_at":"Sun Dec 14 23:58:36 +0000 2014","in_reply_to_status_id_str":"544272007013994496","place":null},
{"contributors":null,"truncated":false,"text":"@KristyMayr7; several of your tweets are either wrong or misleading. Please hold yourself to higher journalism standards!","in_reply_to_status_id":544271069146656768,"id":544292547955146752,"favorite_count":0,"source":"<a href=\"http://twitter.com\" rel=\"nofollow\">Twitter Web Client</a>","retweeted":false,"coordinates":null,"entities":{"symbols":[],"user_mentions":[{"id":258627226,"indices":[0,12],"id_str":"258627226","screen_name":"KristyMayr7","name":"Kristy Mayr"}],"hashtags":[],"urls":[]},"in_reply_to_screen_name":"KristyMayr7","id_str":"544292547955146752","retweet_count":0,"in_reply_to_user_id":258627226,"favorited":false,"user":{"follow_request_sent":false,"profile_use_background_image":true,"profile_text_color":"54493E","default_profile_image":false,"id":25019964,"profile_background_image_url_https":"https://pbs.twimg.com/profile_background_images/195829824/bikecoffee_413_41562.jpg","verified":false,"profile_location":null,"profile_image_url_https":"https://pbs.twimg.com/profile_images/1368012336/Caitie_Instagram_normal.jpg","profile_sidebar_fill_color":"281E17","entities":{"url":{"urls":[{"url":"http://t.co/zyQWYJM5QZ","indices":[0,22],"expanded_url":"http://www.ic3academy.org","display_url":"ic3academy.org"}]},"description":{"urls":[]}},"followers_count":444,"profile_sidebar_border_color":"7A5C45","id_str":"25019964","profile_background_color":"3C2C22","listed_count":9,"is_translation_enabled":false,"utc_offset":-18000,"statuses_count":3775,"description":"It's a bit ambitious but... I like to think I'm more interesting than one line.","friends_count":629,"location":"Chicago, Illinois USA","profile_link_color":"7A5C45","profile_image_url":"http://pbs.twimg.com/profile_images/1368012336/Caitie_Instagram_normal.jpg","following":false,"geo_enabled":true,"profile_background_image_url":"http://pbs.twimg.com/profile_background_images/195829824/bikecoffee_413_41562.jpg","name":"Caitie Goddard","lang":"en","profile_background_tile":false,"favourites_count":95,"screen_name":"CaitieGoddard","notifications":false,"url":"http://t.co/zyQWYJM5QZ","created_at":"Wed Mar 18 03:26:47 +0000 2009","contributors_enabled":false,"time_zone":"Eastern Time (US & Canada)","protected":false,"default_profile":false,"is_translator":false},"geo":null,"in_reply_to_user_id_str":"258627226","lang":"en","created_at":"Mon Dec 15 00:47:10 +0000 2014","in_reply_to_status_id_str":"544271069146656768","place":null},
{"contributors":null,"truncated":false,"text":"@KristyMayr7  Journalists report facts - reporters bleat out crap they hear. ISIS my arse.","in_reply_to_status_id":544271069146656768,"id":544300575592939520,"favorite_count":0,"source":"<a href=\"http://twitter.com\" rel=\"nofollow\">Twitter Web Client</a>","retweeted":false,"coordinates":null,"entities":{"symbols":[],"user_mentions":[{"id":258627226,"indices":[0,12],"id_str":"258627226","screen_name":"KristyMayr7","name":"Kristy Mayr"}],"hashtags":[],"urls":[]},"in_reply_to_screen_name":"KristyMayr7","id_str":"544300575592939520","retweet_count":0,"in_reply_to_user_id":258627226,"favorited":false,"user":{"follow_request_sent":false,"profile_use_background_image":false,"profile_text_color":"333333","default_profile_image":false,"id":177153496,"profile_background_image_url_https":"https://pbs.twimg.com/profile_background_images/530651334731505664/_eKK7JM0.jpeg","verified":false,"profile_location":null,"profile_image_url_https":"https://pbs.twimg.com/profile_images/529536855918641152/2aTIzkKD_normal.jpeg","profile_sidebar_fill_color":"DDEEF6","entities":{"description":{"urls":[]}},"followers_count":53,"profile_sidebar_border_color":"FFFFFF","id_str":"177153496","profile_background_color":"C0DEED","listed_count":0,"is_translation_enabled":false,"utc_offset":36000,"statuses_count":931,"description":"Statistics are like bikinis - what they show is interesting, but what they hide is far more important.","friends_count":163,"location":"Brisbane QLD OZ","profile_link_color":"0084B4","profile_image_url":"http://pbs.twimg.com/profile_images/529536855918641152/2aTIzkKD_normal.jpeg","following":false,"geo_enabled":true,"profile_banner_url":"https://pbs.twimg.com/profile_banners/177153496/1415352374","profile_background_image_url":"http://pbs.twimg.com/profile_background_images/530651334731505664/_eKK7JM0.jpeg","name":"Paul Jones","lang":"en","profile_background_tile":false,"favourites_count":28,"screen_name":"loudmouthpants","notifications":false,"url":null,"created_at":"Wed Aug 11 11:29:30 +0000 2010","contributors_enabled":false,"time_zone":"Brisbane","protected":false,"default_profile":false,"is_translator":false},"geo":null,"in_reply_to_user_id_str":"258627226","lang":"en","created_at":"Mon Dec 15 01:19:04 +0000 2014","in_reply_to_status_id_str":"544271069146656768","place":{"full_name":"Brisbane, Queensland","url":"https://api.twitter.com/1.1/geo/id/004ec16c62325149.json","country":"Australia","place_type":"city","bounding_box":{"type":"Polygon","coordinates":[[[152.668522848,-27.767440994],[153.31787024,-27.767440994],[153.31787024,-26.996844991],[152.668522848,-26.996844991]]]},"contained_within":[],"country_code":"AU","attributes":{},"id":"004ec16c62325149","name":"Brisbane"}},
{"contributors":null,"truncated":false,"text":"@KristyMayr7 Flag in #Sydney hostage situation shows the Islamic profession of faith ('shahada'). Not an IS flag despite the same wording","in_reply_to_status_id":544271069146656768,"id":544304399456432128,"favorite_count":0,"source":"<a href=\"http://twitter.com/download/iphone\" rel=\"nofollow\">Twitter for iPhone</a>","retweeted":false,"coordinates":null,"entities":{"symbols":[],"user_mentions":[{"id":258627226,"indices":[0,12],"id_str":"258627226","screen_name":"KristyMayr7","name":"Kristy Mayr"}],"hashtags":[{"indices":[21,28],"text":"Sydney"}],"urls":[]},"in_reply_to_screen_name":"KristyMayr7","id_str":"544304399456432128","retweet_count":0,"in_reply_to_user_id":258627226,"favorited":false,"user":{"follow_request_sent":false,"profile_use_background_image":true,"profile_text_color":"333333","default_profile_image":false,"id":1622751547,"profile_background_image_url_https":"https://pbs.twimg.com/profile_background_images/378800000033737514/6c37ae0fe698c0412fc00575cf4d944b.png","verified":false,"profile_location":null,"profile_image_url_https":"https://pbs.twimg.com/profile_images/378800000190795978/fe27b0366eb10c3d56975a16345f9cdf_normal.jpeg","profile_sidebar_fill_color":"DDEEF6","entities":{"url":{"urls":[{"url":"http://t.co/lJzw1eW9bv","indices":[0,22],"expanded_url":"http://bbcarabic.com","display_url":"bbcarabic.com"}]},"description":{"urls":[]}},"followers_count":181,"profile_sidebar_border_color":"FFFFFF","id_str":"1622751547","profile_background_color":"EDEDED","listed_count":6,"is_translation_enabled":false,"utc_offset":0,"statuses_count":336,"description":"مقدم برامج ومراسل في بي بي سي العربية. Presenter & Reporter for BBC Arabic","friends_count":78,"location":"London. UK","profile_link_color":"0084B4","profile_image_url":"http://pbs.twimg.com/profile_images/378800000190795978/fe27b0366eb10c3d56975a16345f9cdf_normal.jpeg","following":false,"geo_enabled":false,"profile_background_image_url":"http://pbs.twimg.com/profile_background_images/378800000033737514/6c37ae0fe698c0412fc00575cf4d944b.png","name":"Reda El Mawy","lang":"en-gb","profile_background_tile":false,"favourites_count":41,"screen_name":"RedaMawyBBC","notifications":false,"url":"http://t.co/lJzw1eW9bv","created_at":"Fri Jul 26 11:24:08 +0000 2013","contributors_enabled":false,"time_zone":"London","protected":false,"default_profile":false,"is_translator":false},"geo":null,"in_reply_to_user_id_str":"258627226","lang":"en","created_at":"Mon Dec 15 01:34:16 +0000 2014","in_reply_to_status_id_str":"544271069146656768","place":null},
{"contributors":null,"truncated":false,"text":"@KristyMayr7 This is not true. As you have made a lot of Tweets you may have forgotten this one. Do the right thing and remove it.","in_reply_to_status_id":544271069146656768,"id":544414074906222593,"favorite_count":0,"source":"<a href=\"http://twitter.com/download/iphone\" rel=\"nofollow\">Twitter for iPhone</a>","retweeted":false,"coordinates":null,"entities":{"symbols":[],"user_mentions":[{"id":258627226,"indices":[0,12],"id_str":"258627226","screen_name":"KristyMayr7","name":"Kristy Mayr"}],"hashtags":[],"urls":[]},"in_reply_to_screen_name":"KristyMayr7","id_str":"544414074906222593","retweet_count":0,"in_reply_to_user_id":258627226,"favorited":false,"user":{"follow_request_sent":false,"profile_use_background_image":true,"profile_text_color":"333333","default_profile_image":false,"id":176044310,"profile_background_image_url_https":"https://abs.twimg.com/images/themes/theme14/bg.gif","verified":false,"profile_location":null,"profile_image_url_https":"https://pbs.twimg.com/profile_images/579607379295109120/UkGVRBw7_normal.jpg","profile_sidebar_fill_color":"EFEFEF","entities":{"description":{"urls":[]}},"followers_count":154,"profile_sidebar_border_color":"EEEEEE","id_str":"176044310","profile_background_color":"131516","listed_count":3,"is_translation_enabled":false,"utc_offset":36000,"statuses_count":3450,"description":"Dedicated full-time 'temporary' public servant, part-time party planner. Studying to be a marketing genius. Member of ALP & nuts about UFC","friends_count":361,"location":"Brisbane Australia","profile_link_color":"009999","profile_image_url":"http://pbs.twimg.com/profile_images/579607379295109120/UkGVRBw7_normal.jpg","following":false,"geo_enabled":true,"profile_banner_url":"https://pbs.twimg.com/profile_banners/176044310/1385956792","profile_background_image_url":"http://abs.twimg.com/images/themes/theme14/bg.gif","name":"Rachel Smith","lang":"en","profile_background_tile":true,"favourites_count":274,"screen_name":"RachelASmtih","notifications":false,"url":null,"created_at":"Sun Aug 08 11:28:49 +0000 2010","contributors_enabled":false,"time_zone":"Brisbane","protected":false,"default_profile":false,"is_translator":false},"geo":null,"in_reply_to_user_id_str":"258627226","lang":"en","created_at":"Mon Dec 15 08:50:04 +0000 2014","in_reply_to_status_id_str":"544271069146656768","place":null}
]