{"contributors":null,"truncated":false,"text":"JUST IN: Two gunmen, dozen hostages inside cafe in Sydney, Australia. ISIS flags remain on display. - @KristyMayr7 http:\/\/t.co\/p4GyCRobSa","in_reply_to_status_id":null,"id":544272701108797440,"favorite_count":18,"source":"<a href=\"http:\/\/twitter.com\/download\/iphone\" rel=\"nofollow\">Twitter for iPhone<\/a>","retweeted":false,"coordinates":null,"entities":{"symbols":[],"user_mentions":[{"id":258627226,"indices":[102,114],"id_str":"258627226","screen_name":"KristyMayr7","name":"Kristy Mayr"}],"hashtags":[],"urls":[],"media":[{"expanded_url":"http:\/\/twitter.com\/MajorNews911\/status\/544272701108797440\/photo\/1","display_url":"pic.twitter.com\/p4GyCRobSa","url":"http:\/\/t.co\/p4GyCRobSa","media_url_https":"https:\/\/pbs.twimg.com\/media\/B42lIdmIIAAAOBt.jpg","id_str":"544272694783778816","sizes":{"large":{"h":541,"resize":"fit","w":814},"small":{"h":225,"resize":"fit","w":340},"medium":{"h":398,"resize":"fit","w":600},"thumb":{"h":150,"resize":"crop","w":150}},"indices":[115,137],"type":"photo","id":544272694783778816,"media_url":"http:\/\/pbs.twimg.com\/media\/B42lIdmIIAAAOBt.jpg"}]},"in_reply_to_screen_name":null,"id_str":"544272701108797440","retweet_count":143,"in_reply_to_user_id":null,"favorited":false,"user":{"follow_request_sent":false,"profile_use_background_image":false,"profile_text_color":"000000","default_profile_image":false,"id":2738397743,"profile_background_image_url_https":"https:\/\/abs.twimg.com\/images\/themes\/theme1\/bg.png","verified":false,"profile_location":null,"profile_image_url_https":"https:\/\/pbs.twimg.com\/profile_images\/565888359906942976\/fXMrkS0q_normal.jpeg","profile_sidebar_fill_color":"000000","entities":{"url":{"urls":[{"url":"http:\/\/t.co\/4PzHBz9CHt","indices":[0,22],"expanded_url":"http:\/\/BreakingNews.com","display_url":"BreakingNews.com"}]},"description":{"urls":[]}},"followers_count":7356,"profile_sidebar_border_color":"000000","id_str":"2738397743","profile_background_color":"000000","listed_count":142,"is_translation_enabled":false,"utc_offset":-18000,"statuses_count":7932,"description":"@BreakingNews reporter. Number one for Developing, Breaking News.","friends_count":5721,"location":"","profile_link_color":"C40707","profile_image_url":"http:\/\/pbs.twimg.com\/profile_images\/565888359906942976\/fXMrkS0q_normal.jpeg","following":false,"geo_enabled":true,"profile_banner_url":"https:\/\/pbs.twimg.com\/profile_banners\/2738397743\/1417186266","profile_background_image_url":"http:\/\/abs.twimg.com\/images\/themes\/theme1\/bg.png","name":"G.Alexander(BRKNEWS)","lang":"en","profile_background_tile":false,"favourites_count":1195,"screen_name":"MajorNews911","notifications":false,"url":"http:\/\/t.co\/4PzHBz9CHt","created_at":"Sat Aug 09 19:51:45 +0000 2014","contributors_enabled":false,"time_zone":"Eastern Time (US & Canada)","protected":false,"default_profile":false,"is_translator":false},"geo":null,"in_reply_to_user_id_str":null,"possibly_sensitive":false,"lang":"en","created_at":"Sun Dec 14 23:28:18 +0000 2014","in_reply_to_status_id_str":null,"place":null,"extended_entities":{"media":[{"expanded_url":"http:\/\/twitter.com\/MajorNews911\/status\/544272701108797440\/photo\/1","display_url":"pic.twitter.com\/p4GyCRobSa","url":"http:\/\/t.co\/p4GyCRobSa","media_url_https":"https:\/\/pbs.twimg.com\/media\/B42lIdmIIAAAOBt.jpg","id_str":"544272694783778816","sizes":{"large":{"h":541,"resize":"fit","w":814},"small":{"h":225,"resize":"fit","w":340},"medium":{"h":398,"resize":"fit","w":600},"thumb":{"h":150,"resize":"crop","w":150}},"indices":[115,137],"type":"photo","id":544272694783778816,"media_url":"http:\/\/pbs.twimg.com\/media\/B42lIdmIIAAAOBt.jpg"}]}}