{"contributors":null,"truncated":false,"text":"thinking of the people in Martin Place in Sydney right now, and for the police, etc having to deal with the situation. so terrifying","in_reply_to_status_id":null,"id":544286688436969472,"favorite_count":10871,"source":"<a href=\"http:\/\/twitter.com\" rel=\"nofollow\">Twitter Web Client<\/a>","retweeted":false,"coordinates":null,"entities":{"symbols":[],"user_mentions":[],"hashtags":[],"urls":[]},"in_reply_to_screen_name":null,"id_str":"544286688436969472","retweet_count":3688,"in_reply_to_user_id":null,"favorited":false,"user":{"follow_request_sent":false,"profile_use_background_image":true,"profile_text_color":"448668","default_profile_image":false,"id":53338746,"profile_background_image_url_https":"https:\/\/pbs.twimg.com\/profile_background_images\/453355112061087744\/Ovwxqg7z.jpeg","verified":true,"profile_location":null,"profile_image_url_https":"https:\/\/pbs.twimg.com\/profile_images\/589431205231071232\/1mzXgiaV_normal.jpg","profile_sidebar_fill_color":"011A36","entities":{"url":{"urls":[{"url":"http:\/\/t.co\/6Gb6zMmJ25","indices":[0,22],"expanded_url":"http:\/\/youtube.com\/troye","display_url":"youtube.com\/troye"}]},"description":{"urls":[{"url":"http:\/\/t.co\/6CECqkkKYC","indices":[26,48],"expanded_url":"http:\/\/troye.si\/vanTRXYE","display_url":"troye.si\/vanTRXYE"}]}},"followers_count":2158497,"profile_sidebar_border_color":"FFFFFF","id_str":"53338746","profile_background_color":"F2F2F2","listed_count":6984,"is_translation_enabled":false,"utc_offset":28800,"statuses_count":8952,"description":"15 \/ 08 \/ 14 - BUY #TRXYE http:\/\/t.co\/6CECqkkKYC - Business Enquiries - emma@emmajanemanagement.com","friends_count":726,"location":"","profile_link_color":"31667D","profile_image_url":"http:\/\/pbs.twimg.com\/profile_images\/589431205231071232\/1mzXgiaV_normal.jpg","following":false,"geo_enabled":true,"profile_banner_url":"https:\/\/pbs.twimg.com\/profile_banners\/53338746\/1408428043","profile_background_image_url":"http:\/\/pbs.twimg.com\/profile_background_images\/453355112061087744\/Ovwxqg7z.jpeg","name":"Troye Sivan","lang":"en","profile_background_tile":false,"favourites_count":11994,"screen_name":"troyesivan","notifications":false,"url":"http:\/\/t.co\/6Gb6zMmJ25","created_at":"Fri Jul 03 09:00:57 +0000 2009","contributors_enabled":false,"time_zone":"Perth","protected":false,"default_profile":false,"is_translator":false},"geo":null,"in_reply_to_user_id_str":null,"lang":"en","created_at":"Mon Dec 15 00:23:53 +0000 2014","in_reply_to_status_id_str":null,"place":null}