{"contributors":null,"truncated":false,"text":"From @guardian on Ray Hadley's speculative reports: #sydneysiege http:\/\/t.co\/qRXKjmJZyq","in_reply_to_status_id":null,"id":544296671950020609,"favorite_count":37,"source":"<a href=\"http:\/\/twitter.com\/download\/iphone\" rel=\"nofollow\">Twitter for iPhone<\/a>","retweeted":false,"coordinates":null,"entities":{"symbols":[],"user_mentions":[{"id":87818409,"indices":[5,14],"id_str":"87818409","screen_name":"guardian","name":"The Guardian"}],"hashtags":[{"indices":[52,64],"text":"sydneysiege"}],"urls":[],"media":[{"expanded_url":"http:\/\/twitter.com\/MelanieTait\/status\/544296671950020609\/photo\/1","display_url":"pic.twitter.com\/qRXKjmJZyq","url":"http:\/\/t.co\/qRXKjmJZyq","media_url_https":"https:\/\/pbs.twimg.com\/media\/B4267HJCAAAId8Z.jpg","id_str":"544296654673674240","sizes":{"small":{"h":605,"resize":"fit","w":340},"large":{"h":1024,"resize":"fit","w":575},"medium":{"h":1024,"resize":"fit","w":575},"thumb":{"h":150,"resize":"crop","w":150}},"indices":[65,87],"type":"photo","id":544296654673674240,"media_url":"http:\/\/pbs.twimg.com\/media\/B4267HJCAAAId8Z.jpg"}]},"in_reply_to_screen_name":null,"id_str":"544296671950020609","retweet_count":124,"in_reply_to_user_id":null,"favorited":false,"user":{"follow_request_sent":false,"profile_use_background_image":true,"profile_text_color":"333333","default_profile_image":false,"id":240028072,"profile_background_image_url_https":"https:\/\/pbs.twimg.com\/profile_background_images\/367095351\/puddle_pic_jeronomo.jpg","verified":false,"profile_location":null,"profile_image_url_https":"https:\/\/pbs.twimg.com\/profile_images\/583021938160709632\/BIvCrEQR_normal.jpg","profile_sidebar_fill_color":"DDEEF6","entities":{"url":{"urls":[{"url":"http:\/\/t.co\/aTdMYUpvFP","indices":[0,22],"expanded_url":"http:\/\/www.facebook.com\/melanietaitabc","display_url":"facebook.com\/melanietaitabc"}]},"description":{"urls":[]}},"followers_count":3454,"profile_sidebar_border_color":"C0DEED","id_str":"240028072","profile_background_color":"C0DEED","listed_count":94,"is_translation_enabled":false,"utc_offset":39600,"statuses_count":18117,"description":"ABC @radionational Weekend Arts and @nhtstories Presenter. Feminist. Opinions my own. RTs \u2260 endorsement. Insta: melaniejtait","friends_count":986,"location":"Sydney","profile_link_color":"0084B4","profile_image_url":"http:\/\/pbs.twimg.com\/profile_images\/583021938160709632\/BIvCrEQR_normal.jpg","following":false,"geo_enabled":true,"profile_banner_url":"https:\/\/pbs.twimg.com\/profile_banners\/240028072\/1390216770","profile_background_image_url":"http:\/\/pbs.twimg.com\/profile_background_images\/367095351\/puddle_pic_jeronomo.jpg","name":"Melanie Tait","lang":"en","profile_background_tile":true,"favourites_count":4328,"screen_name":"MelanieTait","notifications":false,"url":"http:\/\/t.co\/aTdMYUpvFP","created_at":"Wed Jan 19 00:32:25 +0000 2011","contributors_enabled":false,"time_zone":"Sydney","protected":false,"default_profile":false,"is_translator":false},"geo":null,"in_reply_to_user_id_str":null,"possibly_sensitive":false,"lang":"en","created_at":"Mon Dec 15 01:03:33 +0000 2014","in_reply_to_status_id_str":null,"place":null,"extended_entities":{"media":[{"expanded_url":"http:\/\/twitter.com\/MelanieTait\/status\/544296671950020609\/photo\/1","display_url":"pic.twitter.com\/qRXKjmJZyq","url":"http:\/\/t.co\/qRXKjmJZyq","media_url_https":"https:\/\/pbs.twimg.com\/media\/B4267HJCAAAId8Z.jpg","id_str":"544296654673674240","sizes":{"small":{"h":605,"resize":"fit","w":340},"large":{"h":1024,"resize":"fit","w":575},"medium":{"h":1024,"resize":"fit","w":575},"thumb":{"h":150,"resize":"crop","w":150}},"indices":[65,87],"type":"photo","id":544296654673674240,"media_url":"http:\/\/pbs.twimg.com\/media\/B4267HJCAAAId8Z.jpg"}]}}