{"contributors":null,"truncated":false,"text":"Plea to media - do not tweet tactical information about police positions in Sydney siege","in_reply_to_status_id":null,"id":544284599996526592,"favorite_count":152,"source":"<a href=\"http:\/\/twitter.com\/download\/iphone\" rel=\"nofollow\">Twitter for iPhone<\/a>","retweeted":false,"coordinates":null,"entities":{"symbols":[],"user_mentions":[],"hashtags":[],"urls":[]},"in_reply_to_screen_name":null,"id_str":"544284599996526592","retweet_count":415,"in_reply_to_user_id":null,"favorited":false,"user":{"follow_request_sent":false,"profile_use_background_image":true,"profile_text_color":"999999","default_profile_image":false,"id":17668544,"profile_background_image_url_https":"https:\/\/pbs.twimg.com\/profile_background_images\/79694842\/x4a32436ee3d73406cfd9cc2597f037a.png","verified":false,"profile_location":null,"profile_image_url_https":"https:\/\/pbs.twimg.com\/profile_images\/2867741433\/9d3b640fad9662c0fd41a193498bca6e_normal.jpeg","profile_sidebar_fill_color":"333333","entities":{"url":{"urls":[{"url":"http:\/\/t.co\/6UApEeml9t","indices":[0,22],"expanded_url":"http:\/\/www.lowyinstitute.org\/people\/rory-medcalf","display_url":"lowyinstitute.org\/people\/rory-me\u2026"}]},"description":{"urls":[]}},"followers_count":13416,"profile_sidebar_border_color":"000000","id_str":"17668544","profile_background_color":"CCCCCC","listed_count":561,"is_translation_enabled":false,"utc_offset":39600,"statuses_count":20073,"description":"Watching Indo-Pacific strategy. Lowy Institute Program Director, Brookings Nonresident Senior Fellow. Head of ANU National Security College from January 2015.","friends_count":5498,"location":"Sydney","profile_link_color":"666666","profile_image_url":"http:\/\/pbs.twimg.com\/profile_images\/2867741433\/9d3b640fad9662c0fd41a193498bca6e_normal.jpeg","following":false,"geo_enabled":true,"profile_background_image_url":"http:\/\/pbs.twimg.com\/profile_background_images\/79694842\/x4a32436ee3d73406cfd9cc2597f037a.png","name":"Rory Medcalf","lang":"en","profile_background_tile":true,"favourites_count":62,"screen_name":"Rory_Medcalf","notifications":false,"url":"http:\/\/t.co\/6UApEeml9t","created_at":"Thu Nov 27 03:35:58 +0000 2008","contributors_enabled":false,"time_zone":"Canberra","protected":false,"default_profile":false,"is_translator":false},"geo":null,"in_reply_to_user_id_str":null,"lang":"en","created_at":"Mon Dec 15 00:15:35 +0000 2014","in_reply_to_status_id_str":null,"place":null}