{"contributors": null, "truncated": false, "text": "Note: Flag held up by Sydney hostages is NOT the flag commonly used by ISIS http://t.co/HFOY0ctLNV http://t.co/2zOj5KynRz", "in_reply_to_status_id": null, "id": 544281235271745537, "favorite_count": 26, "source": "<a href=\"https://about.twitter.com/products/tweetdeck\" rel=\"nofollow\">TweetDeck</a>", "retweeted": false, "coordinates": null, "entities": {"symbols": [], "user_mentions": [], "hashtags": [], "urls": [{"url": "http://t.co/HFOY0ctLNV", "indices": [76, 98], "expanded_url": "http://www.buzzfeed.com/bradesposito/martinplace?bftw=news", "display_url": "buzzfeed.com/bradesposito/m\u2026"}], "media": [{"expanded_url": "http://twitter.com/BuzzFeedNews/status/544281235271745537/photo/1", "display_url": "pic.twitter.com/2zOj5KynRz", "url": "http://t.co/2zOj5KynRz", "media_url_https": "https://pbs.twimg.com/media/B42skgOCAAIgDHT.png", "id_str": "544280873105752066", "sizes": {"large": {"h": 351, "resize": "fit", "w": 627}, "small": {"h": 190, "resize": "fit", "w": 340}, "medium": {"h": 335, "resize": "fit", "w": 600}, "thumb": {"h": 150, "resize": "crop", "w": 150}}, "indices": [99, 121], "type": "photo", "id": 544280873105752066, "media_url": "http://pbs.twimg.com/media/B42skgOCAAIgDHT.png"}]}, "in_reply_to_screen_name": null, "id_str": "544281235271745537", "retweet_count": 134, "in_reply_to_user_id": null, "favorited": false, "user": {"follow_request_sent": false, "profile_use_background_image": false, "profile_text_color": "000000", "default_profile_image": false, "id": 1020058453, "profile_background_image_url_https": "https://abs.twimg.com/images/themes/theme1/bg.png", "verified": true, "profile_location": null, "profile_image_url_https": "https://pbs.twimg.com/profile_images/519909714964910080/rhpg8-d1_normal.jpeg", "profile_sidebar_fill_color": "000000", "entities": {"url": {"urls": [{"url": "http://t.co/x64xavQfp6", "indices": [0, 22], "expanded_url": "http://www.buzzfeed.com/news", "display_url": "buzzfeed.com/news"}]}, "description": {"urls": []}}, "followers_count": 187867, "profile_sidebar_border_color": "000000", "id_str": "1020058453", "profile_background_color": "000000", "listed_count": 3509, "is_translation_enabled": false, "utc_offset": -18000, "statuses_count": 37330, "description": "A news wire for the social web. Reporting by @michaelhayes, @weeddude, @austinhunt and others.", "friends_count": 4737, "location": "", "profile_link_color": "000000", "profile_image_url": "http://pbs.twimg.com/profile_images/519909714964910080/rhpg8-d1_normal.jpeg", "following": false, "geo_enabled": false, "profile_background_image_url": "http://abs.twimg.com/images/themes/theme1/bg.png", "name": "BuzzFeed News", "lang": "en", "profile_background_tile": false, "favourites_count": 296, "screen_name": "BuzzFeedNews", "notifications": false, "url": "http://t.co/x64xavQfp6", "created_at": "Tue Dec 18 15:46:37 +0000 2012", "contributors_enabled": false, "time_zone": "Eastern Time (US & Canada)", "protected": false, "default_profile": false, "is_translator": false}, "geo": null, "in_reply_to_user_id_str": null, "possibly_sensitive": false, "lang": "en", "created_at": "Mon Dec 15 00:02:13 +0000 2014", "in_reply_to_status_id_str": null, "place": null, "extended_entities": {"media": [{"expanded_url": "http://twitter.com/BuzzFeedNews/status/544281235271745537/photo/1", "display_url": "pic.twitter.com/2zOj5KynRz", "url": "http://t.co/2zOj5KynRz", "media_url_https": "https://pbs.twimg.com/media/B42skgOCAAIgDHT.png", "id_str": "544280873105752066", "sizes": {"large": {"h": 351, "resize": "fit", "w": 627}, "small": {"h": 190, "resize": "fit", "w": 340}, "medium": {"h": 335, "resize": "fit", "w": 600}, "thumb": {"h": 150, "resize": "crop", "w": 150}}, "indices": [99, 121], "type": "photo", "id": 544280873105752066, "media_url": "http://pbs.twimg.com/media/B42skgOCAAIgDHT.png"}, {"expanded_url": "http://twitter.com/BuzzFeedNews/status/544281235271745537/photo/1", "display_url": "pic.twitter.com/2zOj5KynRz", "url": "http://t.co/2zOj5KynRz", "media_url_https": "https://pbs.twimg.com/media/B42skZ4CcAAMjHN.jpg", "id_str": "544280871402893312", "sizes": {"small": {"h": 214, "resize": "fit", "w": 340}, "large": {"h": 624, "resize": "fit", "w": 990}, "medium": {"h": 378, "resize": "fit", "w": 600}, "thumb": {"h": 150, "resize": "crop", "w": 150}}, "indices": [99, 121], "type": "photo", "id": 544280871402893312, "media_url": "http://pbs.twimg.com/media/B42skZ4CcAAMjHN.jpg"}]}}