{"contributors":null,"truncated":false,"text":"Heya @espn can you put \"Hostage crisis in Sydney. Islamist flag held in window\" on your crawl so Obama sees it? Thanks.","in_reply_to_status_id":null,"id":544286537299787777,"favorite_count":182,"source":"<a href=\"http:\/\/twitter.com\/download\/iphone\" rel=\"nofollow\">Twitter for iPhone<\/a>","retweeted":false,"coordinates":null,"entities":{"symbols":[],"user_mentions":[{"id":2557521,"indices":[5,10],"id_str":"2557521","screen_name":"espn","name":"ESPN"}],"hashtags":[],"urls":[]},"in_reply_to_screen_name":null,"id_str":"544286537299787777","retweet_count":260,"in_reply_to_user_id":null,"favorited":false,"user":{"follow_request_sent":false,"profile_use_background_image":true,"profile_text_color":"333333","default_profile_image":false,"id":393469195,"profile_background_image_url_https":"https:\/\/pbs.twimg.com\/profile_background_images\/521682633609080832\/LOOJRr6e.jpeg","verified":false,"profile_location":null,"profile_image_url_https":"https:\/\/pbs.twimg.com\/profile_images\/559040122880933889\/eRHsK9-T_normal.jpeg","profile_sidebar_fill_color":"F3F3F3","entities":{"url":{"urls":[{"url":"http:\/\/t.co\/OD7pkxHnUB","indices":[0,22],"expanded_url":"http:\/\/thewilderness.me\/","display_url":"thewilderness.me"}]},"description":{"urls":[{"url":"http:\/\/t.co\/BiWHRrtkpc","indices":[83,105],"expanded_url":"http:\/\/ricochet.com\/profile\/26555\/","display_url":"ricochet.com\/profile\/26555\/"}]}},"followers_count":15432,"profile_sidebar_border_color":"000000","id_str":"393469195","profile_background_color":"CCCCCC","listed_count":554,"is_translation_enabled":false,"utc_offset":-18000,"statuses_count":102373,"description":"Raconteur + Fundit. I publish + produce The Wilderness + contribute to @Ricochet - http:\/\/t.co\/BiWHRrtkpc #SarcasticFont","friends_count":1470,"location":"New York City of Brooklyn","profile_link_color":"731010","profile_image_url":"http:\/\/pbs.twimg.com\/profile_images\/559040122880933889\/eRHsK9-T_normal.jpeg","following":false,"geo_enabled":true,"profile_banner_url":"https:\/\/pbs.twimg.com\/profile_banners\/393469195\/1398224393","profile_background_image_url":"http:\/\/pbs.twimg.com\/profile_background_images\/521682633609080832\/LOOJRr6e.jpeg","name":"S.M","lang":"en","profile_background_tile":false,"favourites_count":462,"screen_name":"redsteeze","notifications":false,"url":"http:\/\/t.co\/OD7pkxHnUB","created_at":"Tue Oct 18 15:46:57 +0000 2011","contributors_enabled":false,"time_zone":"Quito","protected":false,"default_profile":false,"is_translator":false},"geo":null,"in_reply_to_user_id_str":null,"lang":"en","created_at":"Mon Dec 15 00:23:17 +0000 2014","in_reply_to_status_id_str":null,"place":null}