[{"contributors":null,"truncated":false,"text":"@GrayConnolly yes. Stay out of cbd completely.","in_reply_to_status_id":544274364288364544,"id":544274752676720640,"favorite_count":1,"source":"<a href=\"http://twitter.com/download/iphone\" rel=\"nofollow\">Twitter for iPhone</a>","retweeted":false,"coordinates":null,"entities":{"symbols":[],"user_mentions":[{"id":499696436,"indices":[0,13],"id_str":"499696436","screen_name":"GrayConnolly","name":"Gray Connolly"}],"hashtags":[],"urls":[]},"in_reply_to_screen_name":"GrayConnolly","id_str":"544274752676720640","retweet_count":1,"in_reply_to_user_id":499696436,"favorited":false,"user":{"follow_request_sent":false,"profile_use_background_image":true,"profile_text_color":"333333","default_profile_image":false,"id":832990914,"profile_background_image_url_https":"https://abs.twimg.com/images/themes/theme14/bg.gif","verified":false,"profile_location":null,"profile_image_url_https":"https://pbs.twimg.com/profile_images/491535133988491265/BCtOUDQ0_normal.jpeg","profile_sidebar_fill_color":"EFEFEF","entities":{"description":{"urls":[]}},"followers_count":508,"profile_sidebar_border_color":"FFFFFF","id_str":"832990914","profile_background_color":"131516","listed_count":8,"is_translation_enabled":false,"utc_offset":null,"statuses_count":17607,"description":"Sometimes I wonder...","friends_count":1165,"location":"Sydney","profile_link_color":"009999","profile_image_url":"http://pbs.twimg.com/profile_images/491535133988491265/BCtOUDQ0_normal.jpeg","following":false,"geo_enabled":false,"profile_banner_url":"https://pbs.twimg.com/profile_banners/832990914/1409809274","profile_background_image_url":"http://abs.twimg.com/images/themes/theme14/bg.gif","name":"Sam","lang":"en","profile_background_tile":true,"favourites_count":4910,"screen_name":"samthewarden","notifications":false,"url":null,"created_at":"Wed Sep 19 10:05:52 +0000 2012","contributors_enabled":false,"time_zone":null,"protected":false,"default_profile":false,"is_translator":false},"geo":null,"in_reply_to_user_id_str":"499696436","lang":"en","created_at":"Sun Dec 14 23:36:27 +0000 2014","in_reply_to_status_id_str":"544274364288364544","place":null},
{"contributors":null,"truncated":false,"text":"@GrayConnolly   Binary events...","in_reply_to_status_id":544274364288364544,"id":544275155212861441,"favorite_count":0,"source":"<a href=\"http://twitter.com/download/iphone\" rel=\"nofollow\">Twitter for iPhone</a>","retweeted":false,"coordinates":null,"entities":{"symbols":[],"user_mentions":[{"id":499696436,"indices":[0,13],"id_str":"499696436","screen_name":"GrayConnolly","name":"Gray Connolly"}],"hashtags":[],"urls":[]},"in_reply_to_screen_name":"GrayConnolly","id_str":"544275155212861441","retweet_count":0,"in_reply_to_user_id":499696436,"favorited":false,"user":{"follow_request_sent":false,"profile_use_background_image":false,"profile_text_color":"000000","default_profile_image":false,"id":430096982,"profile_background_image_url_https":"https://abs.twimg.com/images/themes/theme14/bg.gif","verified":false,"profile_location":null,"profile_image_url_https":"https://pbs.twimg.com/profile_images/528509056353579008/92WPPkc2_normal.jpeg","profile_sidebar_fill_color":"000000","entities":{"url":{"urls":[{"url":"http://t.co/dV94H5e71g","indices":[0,22],"expanded_url":"http://www.eagtactical.com","display_url":"eagtactical.com"}]},"description":{"urls":[]}},"followers_count":1005,"profile_sidebar_border_color":"000000","id_str":"430096982","profile_background_color":"000000","listed_count":34,"is_translation_enabled":false,"utc_offset":-25200,"statuses_count":66724,"description":"Consultant. Instructor with EAG Tactical. No matter where you go, there you are.....","friends_count":2001,"location":"This Side Of Impossible","profile_link_color":"ABB8C2","profile_image_url":"http://pbs.twimg.com/profile_images/528509056353579008/92WPPkc2_normal.jpeg","following":false,"geo_enabled":true,"profile_background_image_url":"http://abs.twimg.com/images/themes/theme14/bg.gif","name":"The Angriest Angel","lang":"en","profile_background_tile":false,"favourites_count":9543,"screen_name":"MichaelHueser","notifications":false,"url":"http://t.co/dV94H5e71g","created_at":"Tue Dec 06 19:19:19 +0000 2011","contributors_enabled":false,"time_zone":"Mountain Time (US & Canada)","protected":false,"default_profile":false,"is_translator":false},"geo":null,"in_reply_to_user_id_str":"499696436","lang":"en","created_at":"Sun Dec 14 23:38:03 +0000 2014","in_reply_to_status_id_str":"544274364288364544","place":null},
{"contributors":null,"truncated":false,"text":"@MichaelHueser  Lindt cafe may be rank amateurs, may be trained pros...we have no idea at this stage","in_reply_to_status_id":544275155212861441,"id":544275466962477056,"favorite_count":1,"source":"<a href=\"http://twitter.com\" rel=\"nofollow\">Twitter Web Client</a>","retweeted":false,"coordinates":null,"entities":{"symbols":[],"user_mentions":[{"id":430096982,"indices":[0,14],"id_str":"430096982","screen_name":"MichaelHueser","name":"The Angriest Angel"}],"hashtags":[],"urls":[]},"in_reply_to_screen_name":"MichaelHueser","id_str":"544275466962477056","retweet_count":0,"in_reply_to_user_id":430096982,"favorited":false,"user":{"follow_request_sent":false,"profile_use_background_image":true,"profile_text_color":"F20E40","default_profile_image":false,"id":499696436,"profile_background_image_url_https":"https://pbs.twimg.com/profile_background_images/535667489443569665/9nDYDnVG.jpeg","verified":false,"profile_location":null,"profile_image_url_https":"https://pbs.twimg.com/profile_images/588984739459010560/9282aLAP_normal.jpg","profile_sidebar_fill_color":"C0DFEC","entities":{"url":{"urls":[{"url":"http://t.co/tR4lLi09ZV","indices":[0,22],"expanded_url":"http://strategycounsel.blogspot.com.au","display_url":"strategycounsel.blogspot.com.au"}]},"description":{"urls":[]}},"followers_count":1240,"profile_sidebar_border_color":"FFFFFF","id_str":"499696436","profile_background_color":"226B85","listed_count":51,"is_translation_enabled":false,"utc_offset":39600,"statuses_count":970,"description":"Husbandist|Strategist|Realist|Militarist| Ultramontanist|Biblicist|Jurist| ~SSFC/KLF/ISTJ/Car guy/Basset Hound owner~Proverbs 27:17~ *RTs NOT endorsements*","friends_count":1829,"location":"Sydney","profile_link_color":"DD2E44","profile_image_url":"http://pbs.twimg.com/profile_images/588984739459010560/9282aLAP_normal.jpg","following":false,"geo_enabled":true,"profile_banner_url":"https://pbs.twimg.com/profile_banners/499696436/1398219547","profile_background_image_url":"http://pbs.twimg.com/profile_background_images/535667489443569665/9nDYDnVG.jpeg","name":"Gray Connolly","lang":"en-gb","profile_background_tile":true,"favourites_count":17645,"screen_name":"GrayConnolly","notifications":false,"url":"http://t.co/tR4lLi09ZV","created_at":"Wed Feb 22 11:28:07 +0000 2012","contributors_enabled":false,"time_zone":"Sydney","protected":false,"default_profile":false,"is_translator":false},"geo":null,"in_reply_to_user_id_str":"430096982","lang":"en","created_at":"Sun Dec 14 23:39:18 +0000 2014","in_reply_to_status_id_str":"544275155212861441","place":{"full_name":"Sydney, New South Wales","url":"https://api.twitter.com/1.1/geo/id/0073b76548e5984f.json","country":"Australia","place_type":"city","bounding_box":{"type":"Polygon","coordinates":[[[150.520928608,-34.1183470085],[151.343020992,-34.1183470085],[151.343020992,-33.578140996],[150.520928608,-33.578140996]]]},"contained_within":[],"country_code":"AU","attributes":{},"id":"0073b76548e5984f","name":"Sydney"}},
{"contributors":null,"truncated":false,"text":"@GrayConnolly @ChrisAshton praying this ends well and is not a diverse. #siege","in_reply_to_status_id":544274364288364544,"id":544275811549728768,"favorite_count":1,"source":"<a href=\"http://twitter.com/download/iphone\" rel=\"nofollow\">Twitter for iPhone</a>","retweeted":false,"coordinates":null,"entities":{"symbols":[],"user_mentions":[{"id":499696436,"indices":[0,13],"id_str":"499696436","screen_name":"GrayConnolly","name":"Gray Connolly"},{"id":19650408,"indices":[14,26],"id_str":"19650408","screen_name":"ChrisAshton","name":"Chris Ashton ن"}],"hashtags":[{"indices":[72,78],"text":"siege"}],"urls":[]},"in_reply_to_screen_name":"GrayConnolly","id_str":"544275811549728768","retweet_count":1,"in_reply_to_user_id":499696436,"favorited":false,"user":{"follow_request_sent":false,"profile_use_background_image":true,"profile_text_color":"333333","default_profile_image":false,"id":49551808,"profile_background_image_url_https":"https://abs.twimg.com/images/themes/theme1/bg.png","verified":false,"profile_location":null,"profile_image_url_https":"https://pbs.twimg.com/profile_images/533071943734272001/XmpjTUzR_normal.jpeg","profile_sidebar_fill_color":"DDEEF6","entities":{"url":{"urls":[{"url":"http://t.co/XNbwCSFMS5","indices":[0,22],"expanded_url":"http://cis.org.au/research-scholars/cis-research-scholars/author/18-sammut-jeremy","display_url":"cis.org.au/research-schol…"}]},"description":{"urls":[]}},"followers_count":71,"profile_sidebar_border_color":"C0DEED","id_str":"49551808","profile_background_color":"C0DEED","listed_count":3,"is_translation_enabled":false,"utc_offset":null,"statuses_count":187,"description":"Dr Jeremy Sammut (PhD).Research Fellow at Centre for Independent Studies. Expertise: health policy, child protection, and multiculturalism. RT not endorsement.","friends_count":136,"location":"Sydney","profile_link_color":"0084B4","profile_image_url":"http://pbs.twimg.com/profile_images/533071943734272001/XmpjTUzR_normal.jpeg","following":false,"geo_enabled":true,"profile_background_image_url":"http://abs.twimg.com/images/themes/theme1/bg.png","name":"jeremy sammut","lang":"en","profile_background_tile":false,"favourites_count":3,"screen_name":"JeremySammut71","notifications":false,"url":"http://t.co/XNbwCSFMS5","created_at":"Mon Jun 22 05:57:17 +0000 2009","contributors_enabled":false,"time_zone":null,"protected":false,"default_profile":true,"is_translator":false},"geo":null,"in_reply_to_user_id_str":"499696436","lang":"en","created_at":"Sun Dec 14 23:40:40 +0000 2014","in_reply_to_status_id_str":"544274364288364544","place":null},
{"contributors":null,"truncated":false,"text":"@JeremySammut71 @GrayConnolly you bet. Lots of friends in CBD at this prime Christmas shopping time!","in_reply_to_status_id":544275811549728768,"id":544276027728347136,"favorite_count":0,"source":"<a href=\"http://twitter.com/download/iphone\" rel=\"nofollow\">Twitter for iPhone</a>","retweeted":false,"coordinates":null,"entities":{"symbols":[],"user_mentions":[{"id":49551808,"indices":[0,15],"id_str":"49551808","screen_name":"JeremySammut71","name":"jeremy sammut"},{"id":499696436,"indices":[16,29],"id_str":"499696436","screen_name":"GrayConnolly","name":"Gray Connolly"}],"hashtags":[],"urls":[]},"in_reply_to_screen_name":"JeremySammut71","id_str":"544276027728347136","retweet_count":0,"in_reply_to_user_id":49551808,"favorited":false,"user":{"follow_request_sent":false,"profile_use_background_image":true,"profile_text_color":"333333","default_profile_image":false,"id":19650408,"profile_background_image_url_https":"https://pbs.twimg.com/profile_background_images/835422319/a123f7faaeb1d93237f62e38ec81408b.jpeg","verified":false,"profile_location":null,"profile_image_url_https":"https://pbs.twimg.com/profile_images/579872529130516480/weWKYsgK_normal.jpg","profile_sidebar_fill_color":"DDEEF6","entities":{"url":{"urls":[{"url":"http://t.co/ABFSxhKT76","indices":[0,22],"expanded_url":"http://www.spectator.co.uk/author/chrisashton/","display_url":"spectator.co.uk/author/chrisas…"}]},"description":{"urls":[]}},"followers_count":479,"profile_sidebar_border_color":"C0DEED","id_str":"19650408","profile_background_color":"C0DEED","listed_count":7,"is_translation_enabled":false,"utc_offset":39600,"statuses_count":524,"description":"Reformed Christian, husband, father, Americaphile, conservative to libertarians, libertarian to conservatives. RT≠E.","friends_count":673,"location":"Sydney, NSW, Australia","profile_link_color":"0084B4","profile_image_url":"http://pbs.twimg.com/profile_images/579872529130516480/weWKYsgK_normal.jpg","following":false,"geo_enabled":true,"profile_background_image_url":"http://pbs.twimg.com/profile_background_images/835422319/a123f7faaeb1d93237f62e38ec81408b.jpeg","name":"Chris Ashton ن","lang":"en","profile_background_tile":true,"favourites_count":96,"screen_name":"ChrisAshton","notifications":false,"url":"http://t.co/ABFSxhKT76","created_at":"Wed Jan 28 13:09:42 +0000 2009","contributors_enabled":false,"time_zone":"Sydney","protected":false,"default_profile":false,"is_translator":false},"geo":null,"in_reply_to_user_id_str":"49551808","lang":"en","created_at":"Sun Dec 14 23:41:31 +0000 2014","in_reply_to_status_id_str":"544275811549728768","place":null},
{"contributors":null,"truncated":false,"text":"@JeremySammut71 @ChrisAshton  same here - may be rank amateurs, may be pros...","in_reply_to_status_id":544275811549728768,"id":544276095097266176,"favorite_count":0,"source":"<a href=\"http://twitter.com\" rel=\"nofollow\">Twitter Web Client</a>","retweeted":false,"coordinates":null,"entities":{"symbols":[],"user_mentions":[{"id":49551808,"indices":[0,15],"id_str":"49551808","screen_name":"JeremySammut71","name":"jeremy sammut"},{"id":19650408,"indices":[16,28],"id_str":"19650408","screen_name":"ChrisAshton","name":"Chris Ashton ن"}],"hashtags":[],"urls":[]},"in_reply_to_screen_name":"JeremySammut71","id_str":"544276095097266176","retweet_count":0,"in_reply_to_user_id":49551808,"favorited":false,"user":{"follow_request_sent":false,"profile_use_background_image":true,"profile_text_color":"F20E40","default_profile_image":false,"id":499696436,"profile_background_image_url_https":"https://pbs.twimg.com/profile_background_images/535667489443569665/9nDYDnVG.jpeg","verified":false,"profile_location":null,"profile_image_url_https":"https://pbs.twimg.com/profile_images/588984739459010560/9282aLAP_normal.jpg","profile_sidebar_fill_color":"C0DFEC","entities":{"url":{"urls":[{"url":"http://t.co/tR4lLi09ZV","indices":[0,22],"expanded_url":"http://strategycounsel.blogspot.com.au","display_url":"strategycounsel.blogspot.com.au"}]},"description":{"urls":[]}},"followers_count":1240,"profile_sidebar_border_color":"FFFFFF","id_str":"499696436","profile_background_color":"226B85","listed_count":51,"is_translation_enabled":false,"utc_offset":39600,"statuses_count":970,"description":"Husbandist|Strategist|Realist|Militarist| Ultramontanist|Biblicist|Jurist| ~SSFC/KLF/ISTJ/Car guy/Basset Hound owner~Proverbs 27:17~ *RTs NOT endorsements*","friends_count":1829,"location":"Sydney","profile_link_color":"DD2E44","profile_image_url":"http://pbs.twimg.com/profile_images/588984739459010560/9282aLAP_normal.jpg","following":false,"geo_enabled":true,"profile_banner_url":"https://pbs.twimg.com/profile_banners/499696436/1398219547","profile_background_image_url":"http://pbs.twimg.com/profile_background_images/535667489443569665/9nDYDnVG.jpeg","name":"Gray Connolly","lang":"en-gb","profile_background_tile":true,"favourites_count":17645,"screen_name":"GrayConnolly","notifications":false,"url":"http://t.co/tR4lLi09ZV","created_at":"Wed Feb 22 11:28:07 +0000 2012","contributors_enabled":false,"time_zone":"Sydney","protected":false,"default_profile":false,"is_translator":false},"geo":null,"in_reply_to_user_id_str":"49551808","lang":"en","created_at":"Sun Dec 14 23:41:47 +0000 2014","in_reply_to_status_id_str":"544275811549728768","place":{"full_name":"Sydney, New South Wales","url":"https://api.twitter.com/1.1/geo/id/0073b76548e5984f.json","country":"Australia","place_type":"city","bounding_box":{"type":"Polygon","coordinates":[[[150.520928608,-34.1183470085],[151.343020992,-34.1183470085],[151.343020992,-33.578140996],[150.520928608,-33.578140996]]]},"contained_within":[],"country_code":"AU","attributes":{},"id":"0073b76548e5984f","name":"Sydney"}},
{"contributors":null,"truncated":false,"text":"@GrayConnolly   Ping me with further...","in_reply_to_status_id":544275466962477056,"id":544278565890826240,"favorite_count":0,"source":"<a href=\"http://twitter.com/download/iphone\" rel=\"nofollow\">Twitter for iPhone</a>","retweeted":false,"coordinates":null,"entities":{"symbols":[],"user_mentions":[{"id":499696436,"indices":[0,13],"id_str":"499696436","screen_name":"GrayConnolly","name":"Gray Connolly"}],"hashtags":[],"urls":[]},"in_reply_to_screen_name":"GrayConnolly","id_str":"544278565890826240","retweet_count":0,"in_reply_to_user_id":499696436,"favorited":false,"user":{"follow_request_sent":false,"profile_use_background_image":false,"profile_text_color":"000000","default_profile_image":false,"id":430096982,"profile_background_image_url_https":"https://abs.twimg.com/images/themes/theme14/bg.gif","verified":false,"profile_location":null,"profile_image_url_https":"https://pbs.twimg.com/profile_images/528509056353579008/92WPPkc2_normal.jpeg","profile_sidebar_fill_color":"000000","entities":{"url":{"urls":[{"url":"http://t.co/dV94H5e71g","indices":[0,22],"expanded_url":"http://www.eagtactical.com","display_url":"eagtactical.com"}]},"description":{"urls":[]}},"followers_count":1005,"profile_sidebar_border_color":"000000","id_str":"430096982","profile_background_color":"000000","listed_count":34,"is_translation_enabled":false,"utc_offset":-25200,"statuses_count":66724,"description":"Consultant. Instructor with EAG Tactical. No matter where you go, there you are.....","friends_count":2001,"location":"This Side Of Impossible","profile_link_color":"ABB8C2","profile_image_url":"http://pbs.twimg.com/profile_images/528509056353579008/92WPPkc2_normal.jpeg","following":false,"geo_enabled":true,"profile_background_image_url":"http://abs.twimg.com/images/themes/theme14/bg.gif","name":"The Angriest Angel","lang":"en","profile_background_tile":false,"favourites_count":9543,"screen_name":"MichaelHueser","notifications":false,"url":"http://t.co/dV94H5e71g","created_at":"Tue Dec 06 19:19:19 +0000 2011","contributors_enabled":false,"time_zone":"Mountain Time (US & Canada)","protected":false,"default_profile":false,"is_translator":false},"geo":null,"in_reply_to_user_id_str":"499696436","lang":"en","created_at":"Sun Dec 14 23:51:36 +0000 2014","in_reply_to_status_id_str":"544275466962477056","place":null},
{"contributors":null,"truncated":false,"text":"@GrayConnolly @BeauGiles That’s what I was wondering … 😕","in_reply_to_status_id":544274364288364544,"id":544280331214270464,"favorite_count":0,"source":"<a href=\"http://tapbots.com/software/tweetbot/mac\" rel=\"nofollow\">Tweetbot for Mac</a>","retweeted":false,"coordinates":null,"entities":{"symbols":[],"user_mentions":[{"id":499696436,"indices":[0,13],"id_str":"499696436","screen_name":"GrayConnolly","name":"Gray Connolly"},{"id":7636802,"indices":[14,24],"id_str":"7636802","screen_name":"BeauGiles","name":"Beau Giles"}],"hashtags":[],"urls":[]},"in_reply_to_screen_name":"GrayConnolly","id_str":"544280331214270464","retweet_count":0,"in_reply_to_user_id":499696436,"favorited":false,"user":{"follow_request_sent":false,"profile_use_background_image":true,"profile_text_color":"333333","default_profile_image":false,"id":901337576,"profile_background_image_url_https":"https://pbs.twimg.com/profile_background_images/378800000025628177/71084d4a3f0cc49990d915be3d92a12c.jpeg","verified":false,"profile_location":null,"profile_image_url_https":"https://pbs.twimg.com/profile_images/496589634713812993/ogIydLbK_normal.jpeg","profile_sidebar_fill_color":"C0DFEC","entities":{"url":{"urls":[{"url":"http://t.co/WRXZD0ZroJ","indices":[0,22],"expanded_url":"http://www.evocative.cc","display_url":"evocative.cc"}]},"description":{"urls":[]}},"followers_count":543,"profile_sidebar_border_color":"000000","id_str":"901337576","profile_background_color":"000000","listed_count":39,"is_translation_enabled":false,"utc_offset":36000,"statuses_count":18003,"description":"I'm a graphic designer, photographer & marketing communications manager, who's into branding, tech, cars & coffee • Owner @evocative_cc • Photog @BeanBrewding","friends_count":273,"location":"Brisbane Australia","profile_link_color":"808080","profile_image_url":"http://pbs.twimg.com/profile_images/496589634713812993/ogIydLbK_normal.jpeg","following":false,"geo_enabled":false,"profile_banner_url":"https://pbs.twimg.com/profile_banners/901337576/1418184480","profile_background_image_url":"http://pbs.twimg.com/profile_background_images/378800000025628177/71084d4a3f0cc49990d915be3d92a12c.jpeg","name":"Ben Johnston","lang":"en","profile_background_tile":false,"favourites_count":508,"screen_name":"BenJohnston_","notifications":false,"url":"http://t.co/WRXZD0ZroJ","created_at":"Wed Oct 24 07:00:39 +0000 2012","contributors_enabled":false,"time_zone":"Brisbane","protected":false,"default_profile":false,"is_translator":false},"geo":null,"in_reply_to_user_id_str":"499696436","lang":"en","created_at":"Sun Dec 14 23:58:37 +0000 2014","in_reply_to_status_id_str":"544274364288364544","place":null},
{"contributors":null,"truncated":false,"text":"@GrayConnolly @20committee if my geography right, Lindt quite close to Commonwealth UK Governor General compound; but seems one incident","in_reply_to_status_id":544274364288364544,"id":544280986692108289,"favorite_count":1,"source":"<a href=\"http://twitter.com/download/iphone\" rel=\"nofollow\">Twitter for iPhone</a>","retweeted":false,"coordinates":null,"entities":{"symbols":[],"user_mentions":[{"id":499696436,"indices":[0,13],"id_str":"499696436","screen_name":"GrayConnolly","name":"Gray Connolly"},{"id":635608354,"indices":[14,26],"id_str":"635608354","screen_name":"20committee","name":"John Schindler"}],"hashtags":[],"urls":[]},"in_reply_to_screen_name":"GrayConnolly","id_str":"544280986692108289","retweet_count":0,"in_reply_to_user_id":499696436,"favorited":false,"user":{"follow_request_sent":false,"profile_use_background_image":true,"profile_text_color":"333333","default_profile_image":false,"id":25298606,"profile_background_image_url_https":"https://pbs.twimg.com/profile_background_images/39695330/twitterProfilePhoto.jpg","verified":false,"profile_location":null,"profile_image_url_https":"https://pbs.twimg.com/profile_images/576908897438547968/jD3Xmeru_normal.jpeg","profile_sidebar_fill_color":"EADEAA","entities":{"description":{"urls":[]}},"followers_count":662,"profile_sidebar_border_color":"D9B17E","id_str":"25298606","profile_background_color":"8B542B","listed_count":10,"is_translation_enabled":false,"utc_offset":null,"statuses_count":27791,"description":"Culture, Veteran, Justice","friends_count":505,"location":" Commonwealth Realm ","profile_link_color":"9D582E","profile_image_url":"http://pbs.twimg.com/profile_images/576908897438547968/jD3Xmeru_normal.jpeg","following":false,"geo_enabled":true,"profile_banner_url":"https://pbs.twimg.com/profile_banners/25298606/1417980295","profile_background_image_url":"http://pbs.twimg.com/profile_background_images/39695330/twitterProfilePhoto.jpg","name":"Paul Alker","lang":"en","profile_background_tile":false,"favourites_count":6087,"screen_name":"Sharky57","notifications":false,"url":null,"created_at":"Thu Mar 19 14:01:58 +0000 2009","contributors_enabled":false,"time_zone":null,"protected":false,"default_profile":false,"is_translator":false},"geo":null,"in_reply_to_user_id_str":"499696436","lang":"en","created_at":"Mon Dec 15 00:01:14 +0000 2014","in_reply_to_status_id_str":"544274364288364544","place":null},
{"contributors":null,"truncated":false,"text":"@GrayConnolly @Aussie_Skinhead no suspect is waiting for all to see the flag. http://t.co/fuSPHQBKqM","in_reply_to_status_id":544274364288364544,"id":544335226025943040,"favorite_count":0,"source":"<a href=\"http://twitter.com/download/android\" rel=\"nofollow\">Twitter for Android</a>","retweeted":false,"coordinates":null,"entities":{"symbols":[],"user_mentions":[{"id":499696436,"indices":[0,13],"id_str":"499696436","screen_name":"GrayConnolly","name":"Gray Connolly"},{"id":2429876353,"indices":[14,30],"id_str":"2429876353","screen_name":"Aussie_Skinhead","name":"BRUTUS"}],"hashtags":[],"urls":[],"media":[{"expanded_url":"http://twitter.com/Aussiewill2/status/544335226025943040/photo/1","display_url":"pic.twitter.com/fuSPHQBKqM","url":"http://t.co/fuSPHQBKqM","media_url_https":"https://pbs.twimg.com/media/B43eAEQCQAEDObq.jpg","id_str":"544335222704062465","sizes":{"large":{"h":296,"resize":"fit","w":599},"small":{"h":168,"resize":"fit","w":340},"medium":{"h":296,"resize":"fit","w":599},"thumb":{"h":150,"resize":"crop","w":150}},"indices":[78,100],"type":"photo","id":544335222704062465,"media_url":"http://pbs.twimg.com/media/B43eAEQCQAEDObq.jpg"}]},"in_reply_to_screen_name":"GrayConnolly","id_str":"544335226025943040","retweet_count":0,"in_reply_to_user_id":499696436,"favorited":false,"user":{"follow_request_sent":false,"profile_use_background_image":true,"profile_text_color":"333333","default_profile_image":false,"id":516103610,"profile_background_image_url_https":"https://abs.twimg.com/images/themes/theme1/bg.png","verified":false,"profile_location":null,"profile_image_url_https":"https://pbs.twimg.com/profile_images/583830505038053376/lELZpPmX_normal.jpg","profile_sidebar_fill_color":"DDEEF6","entities":{"description":{"urls":[]}},"followers_count":163,"profile_sidebar_border_color":"C0DEED","id_str":"516103610","profile_background_color":"C0DEED","listed_count":6,"is_translation_enabled":false,"utc_offset":36000,"statuses_count":4700,"description":"Entrepreneur, athlete, tycoon, lover of fine ass. *slightly satirical* (for the slightly slow leftoids)","friends_count":121,"location":"Sydney Downunder","profile_link_color":"0084B4","profile_image_url":"http://pbs.twimg.com/profile_images/583830505038053376/lELZpPmX_normal.jpg","following":false,"geo_enabled":false,"profile_banner_url":"https://pbs.twimg.com/profile_banners/516103610/1418726920","profile_background_image_url":"http://abs.twimg.com/images/themes/theme1/bg.png","name":"Aussiewill","lang":"en","profile_background_tile":false,"favourites_count":3172,"screen_name":"Aussiewill2","notifications":false,"url":null,"created_at":"Tue Mar 06 02:29:55 +0000 2012","contributors_enabled":false,"time_zone":"Brisbane","protected":false,"default_profile":true,"is_translator":false},"geo":null,"in_reply_to_user_id_str":"499696436","possibly_sensitive":true,"lang":"en","created_at":"Mon Dec 15 03:36:45 +0000 2014","in_reply_to_status_id_str":"544274364288364544","place":null,"extended_entities":{"media":[{"expanded_url":"http://twitter.com/Aussiewill2/status/544335226025943040/photo/1","display_url":"pic.twitter.com/fuSPHQBKqM","url":"http://t.co/fuSPHQBKqM","media_url_https":"https://pbs.twimg.com/media/B43eAEQCQAEDObq.jpg","id_str":"544335222704062465","sizes":{"large":{"h":296,"resize":"fit","w":599},"small":{"h":168,"resize":"fit","w":340},"medium":{"h":296,"resize":"fit","w":599},"thumb":{"h":150,"resize":"crop","w":150}},"indices":[78,100],"type":"photo","id":544335222704062465,"media_url":"http://pbs.twimg.com/media/B43eAEQCQAEDObq.jpg"}]}},
{"contributors":null,"truncated":false,"text":"@GrayConnolly If it is he's done now","in_reply_to_status_id":544274364288364544,"id":544516403001192449,"favorite_count":0,"source":"<a href=\"https://twitter.com/download/android\" rel=\"nofollow\">Twitter for Android Tablets</a>","retweeted":false,"coordinates":null,"entities":{"symbols":[],"user_mentions":[{"id":499696436,"indices":[0,13],"id_str":"499696436","screen_name":"GrayConnolly","name":"Gray Connolly"}],"hashtags":[],"urls":[]},"in_reply_to_screen_name":"GrayConnolly","id_str":"544516403001192449","retweet_count":0,"in_reply_to_user_id":499696436,"favorited":false,"user":{"follow_request_sent":false,"profile_use_background_image":true,"profile_text_color":"333333","default_profile_image":false,"id":415312254,"profile_background_image_url_https":"https://pbs.twimg.com/profile_background_images/463839620065554433/jYjXiEeq.jpeg","verified":false,"profile_location":null,"profile_image_url_https":"https://pbs.twimg.com/profile_images/1681948028/mydigitallifeweb_normal.jpg","profile_sidebar_fill_color":"EFEFEF","entities":{"url":{"urls":[{"url":"http://t.co/BYhLREYRqV","indices":[0,22],"expanded_url":"http://mydigitallife.com.au","display_url":"mydigitallife.com.au"}]},"description":{"urls":[]}},"followers_count":149,"profile_sidebar_border_color":"000000","id_str":"415312254","profile_background_color":"3B343B","listed_count":2,"is_translation_enabled":false,"utc_offset":39600,"statuses_count":1778,"description":"Beautiful wife, beautiful child.\r\nLatest tech and whether its useful in our lives. If it is have to have it.","friends_count":568,"location":"Australia","profile_link_color":"381CA8","profile_image_url":"http://pbs.twimg.com/profile_images/1681948028/mydigitallifeweb_normal.jpg","following":false,"geo_enabled":true,"profile_banner_url":"https://pbs.twimg.com/profile_banners/415312254/1401691909","profile_background_image_url":"http://pbs.twimg.com/profile_background_images/463839620065554433/jYjXiEeq.jpeg","name":"deano","lang":"en","profile_background_tile":false,"favourites_count":56,"screen_name":"mydigitallifeau","notifications":false,"url":"http://t.co/BYhLREYRqV","created_at":"Fri Nov 18 05:18:20 +0000 2011","contributors_enabled":false,"time_zone":"Sydney","protected":false,"default_profile":false,"is_translator":false},"geo":null,"in_reply_to_user_id_str":"499696436","lang":"en","created_at":"Mon Dec 15 15:36:41 +0000 2014","in_reply_to_status_id_str":"544274364288364544","place":null}
]