[{"contributors":null,"truncated":false,"text":"@BenFordham #prayforMartinPlace","in_reply_to_status_id":544272134764122112,"id":544272244814266369,"favorite_count":0,"source":"<a href=\"http://twitter.com/download/android\" rel=\"nofollow\">Twitter for Android</a>","retweeted":false,"coordinates":null,"entities":{"symbols":[],"user_mentions":[{"id":28287525,"indices":[0,11],"id_str":"28287525","screen_name":"BenFordham","name":"BenFordham"}],"hashtags":[{"indices":[12,31],"text":"prayforMartinPlace"}],"urls":[]},"in_reply_to_screen_name":"BenFordham","id_str":"544272244814266369","retweet_count":0,"in_reply_to_user_id":28287525,"favorited":false,"user":{"follow_request_sent":false,"profile_use_background_image":true,"profile_text_color":"333333","default_profile_image":false,"id":419095475,"profile_background_image_url_https":"https://pbs.twimg.com/profile_background_images/407600932/cronulla_1978.jpg","verified":false,"profile_location":null,"profile_image_url_https":"https://pbs.twimg.com/profile_images/546951358109069313/kaOFp9J0_normal.jpeg","profile_sidebar_fill_color":"DDEEF6","entities":{"url":{"urls":[{"url":"http://t.co/tJiKhOPWD4","indices":[0,22],"expanded_url":"http://www.sharks.com.au","display_url":"sharks.com.au"}]},"description":{"urls":[]}},"followers_count":506,"profile_sidebar_border_color":"C0DEED","id_str":"419095475","profile_background_color":"C0DEED","listed_count":10,"is_translation_enabled":false,"utc_offset":-36000,"statuses_count":23436,"description":"Proud Aussie! Blue thru & thru. Rugby League!! Passionate Cronulla Sharks & Man Utd Fan. MMA, NFL, All round sports tragic!","friends_count":1466,"location":"Australia mate!","profile_link_color":"0084B4","profile_image_url":"http://pbs.twimg.com/profile_images/546951358109069313/kaOFp9J0_normal.jpeg","following":false,"geo_enabled":false,"profile_banner_url":"https://pbs.twimg.com/profile_banners/419095475/1415777772","profile_background_image_url":"http://pbs.twimg.com/profile_background_images/407600932/cronulla_1978.jpg","name":"MasterManUtd","lang":"en","profile_background_tile":true,"favourites_count":5108,"screen_name":"MasterSharky","notifications":false,"url":"http://t.co/tJiKhOPWD4","created_at":"Tue Nov 22 23:22:15 +0000 2011","contributors_enabled":false,"time_zone":"Hawaii","protected":false,"default_profile":false,"is_translator":false},"geo":null,"in_reply_to_user_id_str":"28287525","lang":"und","created_at":"Sun Dec 14 23:26:29 +0000 2014","in_reply_to_status_id_str":"544272134764122112","place":null},
{"contributors":null,"truncated":false,"text":"“@BenFordham: Say a prayer for those being held hostage in the Lindt cafe in Martin Place, Sydney. #sydneysiege” hoping every1 stays safe","in_reply_to_status_id":544272134764122112,"id":544272292453183489,"favorite_count":1,"source":"<a href=\"http://twitter.com/download/iphone\" rel=\"nofollow\">Twitter for iPhone</a>","retweeted":false,"coordinates":null,"entities":{"symbols":[],"user_mentions":[{"id":28287525,"indices":[1,12],"id_str":"28287525","screen_name":"BenFordham","name":"BenFordham"}],"hashtags":[{"indices":[99,111],"text":"sydneysiege"}],"urls":[]},"in_reply_to_screen_name":"BenFordham","id_str":"544272292453183489","retweet_count":0,"in_reply_to_user_id":28287525,"favorited":false,"user":{"follow_request_sent":false,"profile_use_background_image":true,"profile_text_color":"333333","default_profile_image":false,"id":152829461,"profile_background_image_url_https":"https://abs.twimg.com/images/themes/theme7/bg.gif","verified":false,"profile_location":null,"profile_image_url_https":"https://pbs.twimg.com/profile_images/550296226512379904/TS7bEoJz_normal.jpeg","profile_sidebar_fill_color":"F3F3F3","entities":{"url":{"urls":[{"url":"http://t.co/EdOeUF3YIc","indices":[0,22],"expanded_url":"http://republic.net.au","display_url":"republic.net.au"}]},"description":{"urls":[{"url":"http://t.co/9w4ZGJ3hwz","indices":[121,143],"expanded_url":"http://lj-lifeisacabernet.blogspot.com/","display_url":"lj-lifeisacabernet.blogspot.com"}]}},"followers_count":1876,"profile_sidebar_border_color":"DFDFDF","id_str":"152829461","profile_background_color":"EBEBEB","listed_count":78,"is_translation_enabled":false,"utc_offset":39600,"statuses_count":27255,"description":"foodie, wine-ey, travel-obsessed syd based public affairs  practitioner\r\n (with a past in journalism and politics shhh!) http://t.co/9w4ZGJ3hwz","friends_count":2019,"location":"sydney","profile_link_color":"990000","profile_image_url":"http://pbs.twimg.com/profile_images/550296226512379904/TS7bEoJz_normal.jpeg","following":false,"geo_enabled":true,"profile_banner_url":"https://pbs.twimg.com/profile_banners/152829461/1411161516","profile_background_image_url":"http://abs.twimg.com/images/themes/theme7/bg.gif","name":"LJLoch","lang":"en","profile_background_tile":true,"favourites_count":2523,"screen_name":"ljLoch","notifications":false,"url":"http://t.co/EdOeUF3YIc","created_at":"Mon Jun 07 00:29:22 +0000 2010","contributors_enabled":false,"time_zone":"Sydney","protected":false,"default_profile":false,"is_translator":false},"geo":null,"in_reply_to_user_id_str":"28287525","lang":"en","created_at":"Sun Dec 14 23:26:41 +0000 2014","in_reply_to_status_id_str":"544272134764122112","place":null},
{"contributors":null,"truncated":false,"text":"@BenFordham feeling sick to my stomach, prayers and thoughts with them and their safety!","in_reply_to_status_id":544272134764122112,"id":544273043925639169,"favorite_count":0,"source":"<a href=\"http://twitter.com/download/iphone\" rel=\"nofollow\">Twitter for iPhone</a>","retweeted":false,"coordinates":null,"entities":{"symbols":[],"user_mentions":[{"id":28287525,"indices":[0,11],"id_str":"28287525","screen_name":"BenFordham","name":"BenFordham"}],"hashtags":[],"urls":[]},"in_reply_to_screen_name":"BenFordham","id_str":"544273043925639169","retweet_count":0,"in_reply_to_user_id":28287525,"favorited":false,"user":{"follow_request_sent":false,"profile_use_background_image":true,"profile_text_color":"333333","default_profile_image":false,"id":487257825,"profile_background_image_url_https":"https://abs.twimg.com/images/themes/theme1/bg.png","verified":false,"profile_location":null,"profile_image_url_https":"https://pbs.twimg.com/profile_images/519264274951065600/k6T_p-Cf_normal.jpeg","profile_sidebar_fill_color":"DDEEF6","entities":{"url":{"urls":[{"url":"https://t.co/5Sp6PgKkuF","indices":[0,23],"expanded_url":"https://facebook.com/firstavenuehomes","display_url":"facebook.com/firstavenuehom…"}]},"description":{"urls":[]}},"followers_count":146,"profile_sidebar_border_color":"C0DEED","id_str":"487257825","profile_background_color":"C0DEED","listed_count":4,"is_translation_enabled":false,"utc_offset":39600,"statuses_count":2388,"description":"Jessica • 29 • Builder's wife • Mum to gorgeous baby boy • Instagram: jessica.k__ • Pinterest: jxoxo","friends_count":335,"location":"Melbourne","profile_link_color":"0084B4","profile_image_url":"http://pbs.twimg.com/profile_images/519264274951065600/k6T_p-Cf_normal.jpeg","following":false,"geo_enabled":false,"profile_banner_url":"https://pbs.twimg.com/profile_banners/487257825/1360652883","profile_background_image_url":"http://abs.twimg.com/images/themes/theme1/bg.png","name":"Jessica","lang":"en","profile_background_tile":false,"favourites_count":427,"screen_name":"_jessicak__","notifications":false,"url":"https://t.co/5Sp6PgKkuF","created_at":"Thu Feb 09 05:21:14 +0000 2012","contributors_enabled":false,"time_zone":"Melbourne","protected":false,"default_profile":true,"is_translator":false},"geo":null,"in_reply_to_user_id_str":"28287525","lang":"en","created_at":"Sun Dec 14 23:29:40 +0000 2014","in_reply_to_status_id_str":"544272134764122112","place":null},
{"contributors":null,"truncated":false,"text":"@BenFordham hope no one gets seriously gets hurt.","in_reply_to_status_id":544272134764122112,"id":544273183457558528,"favorite_count":0,"source":"<a href=\"http://twitter.com/#!/download/ipad\" rel=\"nofollow\">Twitter for iPad</a>","retweeted":false,"coordinates":null,"entities":{"symbols":[],"user_mentions":[{"id":28287525,"indices":[0,11],"id_str":"28287525","screen_name":"BenFordham","name":"BenFordham"}],"hashtags":[],"urls":[]},"in_reply_to_screen_name":"BenFordham","id_str":"544273183457558528","retweet_count":0,"in_reply_to_user_id":28287525,"favorited":false,"user":{"follow_request_sent":false,"profile_use_background_image":true,"profile_text_color":"362720","default_profile_image":false,"id":343287142,"profile_background_image_url_https":"https://abs.twimg.com/images/themes/theme11/bg.gif","verified":false,"profile_location":null,"profile_image_url_https":"https://pbs.twimg.com/profile_images/549539132964220928/JsSDbQi2_normal.jpeg","profile_sidebar_fill_color":"E5507E","entities":{"description":{"urls":[]}},"followers_count":38,"profile_sidebar_border_color":"CC3366","id_str":"343287142","profile_background_color":"FF6699","listed_count":0,"is_translation_enabled":false,"utc_offset":37800,"statuses_count":774,"description":"farmers wife, mother of two young adults, love sci fi and walking dead, love the sheep and living in the country on our farm.","friends_count":46,"location":"Riverton S.A.","profile_link_color":"B40B43","profile_image_url":"http://pbs.twimg.com/profile_images/549539132964220928/JsSDbQi2_normal.jpeg","following":false,"geo_enabled":false,"profile_banner_url":"https://pbs.twimg.com/profile_banners/343287142/1363262831","profile_background_image_url":"http://abs.twimg.com/images/themes/theme11/bg.gif","name":"allison behn","lang":"en","profile_background_tile":true,"favourites_count":5013,"screen_name":"farmerallie","notifications":false,"url":null,"created_at":"Wed Jul 27 10:07:46 +0000 2011","contributors_enabled":false,"time_zone":"Adelaide","protected":false,"default_profile":false,"is_translator":false},"geo":null,"in_reply_to_user_id_str":"28287525","lang":"en","created_at":"Sun Dec 14 23:30:13 +0000 2014","in_reply_to_status_id_str":"544272134764122112","place":null},
{"contributors":null,"truncated":false,"text":"@BenFordham what pieces of shit","in_reply_to_status_id":544272134764122112,"id":544273318518726656,"favorite_count":0,"source":"<a href=\"http://twitter.com/download/iphone\" rel=\"nofollow\">Twitter for iPhone</a>","retweeted":false,"coordinates":null,"entities":{"symbols":[],"user_mentions":[{"id":28287525,"indices":[0,11],"id_str":"28287525","screen_name":"BenFordham","name":"BenFordham"}],"hashtags":[],"urls":[]},"in_reply_to_screen_name":"BenFordham","id_str":"544273318518726656","retweet_count":0,"in_reply_to_user_id":28287525,"favorited":false,"user":{"follow_request_sent":false,"profile_use_background_image":true,"profile_text_color":"333333","default_profile_image":false,"id":546408425,"profile_background_image_url_https":"https://abs.twimg.com/images/themes/theme1/bg.png","verified":false,"profile_location":null,"profile_image_url_https":"https://pbs.twimg.com/profile_images/413482752764174337/xXxs1dEr_normal.jpeg","profile_sidebar_fill_color":"DDEEF6","entities":{"description":{"urls":[]}},"followers_count":58,"profile_sidebar_border_color":"C0DEED","id_str":"546408425","profile_background_color":"C0DEED","listed_count":0,"is_translation_enabled":false,"utc_offset":null,"statuses_count":1233,"description":"","friends_count":673,"location":"","profile_link_color":"0084B4","profile_image_url":"http://pbs.twimg.com/profile_images/413482752764174337/xXxs1dEr_normal.jpeg","following":false,"geo_enabled":false,"profile_background_image_url":"http://abs.twimg.com/images/themes/theme1/bg.png","name":"Marty","lang":"en","profile_background_tile":false,"favourites_count":1322,"screen_name":"uncleMT","notifications":false,"url":null,"created_at":"Fri Apr 06 00:56:05 +0000 2012","contributors_enabled":false,"time_zone":null,"protected":false,"default_profile":true,"is_translator":false},"geo":null,"in_reply_to_user_id_str":"28287525","lang":"en","created_at":"Sun Dec 14 23:30:45 +0000 2014","in_reply_to_status_id_str":"544272134764122112","place":null},
{"contributors":null,"truncated":false,"text":"@BenFordham how about we don't play into their hands by running it live on every TV station?","in_reply_to_status_id":544272134764122112,"id":544273436516696064,"favorite_count":0,"source":"<a href=\"http://twitter.com/download/android\" rel=\"nofollow\">Twitter for Android</a>","retweeted":false,"coordinates":null,"entities":{"symbols":[],"user_mentions":[{"id":28287525,"indices":[0,11],"id_str":"28287525","screen_name":"BenFordham","name":"BenFordham"}],"hashtags":[],"urls":[]},"in_reply_to_screen_name":"BenFordham","id_str":"544273436516696064","retweet_count":0,"in_reply_to_user_id":28287525,"favorited":false,"user":{"follow_request_sent":false,"profile_use_background_image":true,"profile_text_color":"333333","default_profile_image":false,"id":47851319,"profile_background_image_url_https":"https://abs.twimg.com/images/themes/theme1/bg.png","verified":false,"profile_location":null,"profile_image_url_https":"https://pbs.twimg.com/profile_images/512584615379214336/-jzJGa6X_normal.jpeg","profile_sidebar_fill_color":"DDEEF6","entities":{"description":{"urls":[]}},"followers_count":1128,"profile_sidebar_border_color":"C0DEED","id_str":"47851319","profile_background_color":"C0DEED","listed_count":9,"is_translation_enabled":false,"utc_offset":36000,"statuses_count":9207,"description":"sports nut - footy, cricket, golf and the rest","friends_count":557,"location":"Brisbane","profile_link_color":"0084B4","profile_image_url":"http://pbs.twimg.com/profile_images/512584615379214336/-jzJGa6X_normal.jpeg","following":false,"geo_enabled":true,"profile_banner_url":"https://pbs.twimg.com/profile_banners/47851319/1417176006","profile_background_image_url":"http://abs.twimg.com/images/themes/theme1/bg.png","name":"A.C.K Thomson","lang":"en","profile_background_tile":false,"favourites_count":37,"screen_name":"thommo81","notifications":false,"url":null,"created_at":"Wed Jun 17 04:10:35 +0000 2009","contributors_enabled":false,"time_zone":"Brisbane","protected":false,"default_profile":true,"is_translator":false},"geo":null,"in_reply_to_user_id_str":"28287525","lang":"en","created_at":"Sun Dec 14 23:31:14 +0000 2014","in_reply_to_status_id_str":"544272134764122112","place":null},
{"contributors":null,"truncated":false,"text":"@BenFordham @kelliesloane no pray. Hope that those managing the incident are doing what they were trained to do.","in_reply_to_status_id":544272134764122112,"id":544273711520423937,"favorite_count":0,"source":"<a href=\"http://twitter.com/download/android\" rel=\"nofollow\">Twitter for Android</a>","retweeted":false,"coordinates":null,"entities":{"symbols":[],"user_mentions":[{"id":28287525,"indices":[0,11],"id_str":"28287525","screen_name":"BenFordham","name":"BenFordham"},{"id":48211571,"indices":[12,25],"id_str":"48211571","screen_name":"kelliesloane","name":"Kellie Sloane"}],"hashtags":[],"urls":[]},"in_reply_to_screen_name":"BenFordham","id_str":"544273711520423937","retweet_count":0,"in_reply_to_user_id":28287525,"favorited":false,"user":{"follow_request_sent":false,"profile_use_background_image":true,"profile_text_color":"333333","default_profile_image":false,"id":9138142,"profile_background_image_url_https":"https://abs.twimg.com/images/themes/theme1/bg.png","verified":false,"profile_location":null,"profile_image_url_https":"https://pbs.twimg.com/profile_images/1376254647/tw_8715783_1306855721_normal.jpg","profile_sidebar_fill_color":"DDEEF6","entities":{"description":{"urls":[]}},"followers_count":667,"profile_sidebar_border_color":"C0DEED","id_str":"9138142","profile_background_color":"C0DEED","listed_count":17,"is_translation_enabled":false,"utc_offset":39600,"statuses_count":19915,"description":"Just a nerd who enjoys the little things in life: politics, social media and socks & sandals.\r\n\r\nAll opinions expressed here are my own, not my employer.","friends_count":1048,"location":"Footscray, Victoria","profile_link_color":"0084B4","profile_image_url":"http://pbs.twimg.com/profile_images/1376254647/tw_8715783_1306855721_normal.jpg","following":false,"geo_enabled":true,"profile_background_image_url":"http://abs.twimg.com/images/themes/theme1/bg.png","name":"thomas king","lang":"en","profile_background_tile":false,"favourites_count":320,"screen_name":"thomasking","notifications":false,"url":null,"created_at":"Fri Sep 28 05:19:48 +0000 2007","contributors_enabled":false,"time_zone":"Melbourne","protected":false,"default_profile":true,"is_translator":false},"geo":null,"in_reply_to_user_id_str":"28287525","lang":"en","created_at":"Sun Dec 14 23:32:19 +0000 2014","in_reply_to_status_id_str":"544272134764122112","place":null},
{"contributors":null,"truncated":false,"text":"Yeah.. that's going to help! “@BenFordham: Say a prayer for those being held hostage in the Lindt cafe in Martin Place, Sydney #sydneysiege”","in_reply_to_status_id":544272134764122112,"id":544274302778867712,"favorite_count":1,"source":"<a href=\"http://twitter.com/download/iphone\" rel=\"nofollow\">Twitter for iPhone</a>","retweeted":false,"coordinates":null,"entities":{"symbols":[],"user_mentions":[{"id":28287525,"indices":[30,41],"id_str":"28287525","screen_name":"BenFordham","name":"BenFordham"}],"hashtags":[{"indices":[127,139],"text":"sydneysiege"}],"urls":[]},"in_reply_to_screen_name":"BenFordham","id_str":"544274302778867712","retweet_count":1,"in_reply_to_user_id":28287525,"favorited":false,"user":{"follow_request_sent":false,"profile_use_background_image":true,"profile_text_color":"333333","default_profile_image":false,"id":259958080,"profile_background_image_url_https":"https://abs.twimg.com/images/themes/theme1/bg.png","verified":false,"profile_location":null,"profile_image_url_https":"https://pbs.twimg.com/profile_images/378800000433527941/80125411fe37878123261cf981b74f6a_normal.jpeg","profile_sidebar_fill_color":"DDEEF6","entities":{"description":{"urls":[]}},"followers_count":128,"profile_sidebar_border_color":"C0DEED","id_str":"259958080","profile_background_color":"C0DEED","listed_count":1,"is_translation_enabled":false,"utc_offset":null,"statuses_count":3225,"description":"once i saw a blimp","friends_count":1062,"location":"","profile_link_color":"0084B4","profile_image_url":"http://pbs.twimg.com/profile_images/378800000433527941/80125411fe37878123261cf981b74f6a_normal.jpeg","following":false,"geo_enabled":false,"profile_banner_url":"https://pbs.twimg.com/profile_banners/259958080/1396648771","profile_background_image_url":"http://abs.twimg.com/images/themes/theme1/bg.png","name":"Sir Andrew","lang":"en","profile_background_tile":false,"favourites_count":149,"screen_name":"Noideamate1","notifications":false,"url":null,"created_at":"Wed Mar 02 23:05:01 +0000 2011","contributors_enabled":false,"time_zone":null,"protected":false,"default_profile":true,"is_translator":false},"geo":null,"in_reply_to_user_id_str":"28287525","lang":"en","created_at":"Sun Dec 14 23:34:40 +0000 2014","in_reply_to_status_id_str":"544272134764122112","place":null},
{"contributors":null,"truncated":false,"text":"@Noideamate1 @BenFordham can't hurt","in_reply_to_status_id":544274302778867712,"id":544274635718524928,"favorite_count":0,"source":"<a href=\"http://twitter.com/#!/download/ipad\" rel=\"nofollow\">Twitter for iPad</a>","retweeted":false,"coordinates":null,"entities":{"symbols":[],"user_mentions":[{"id":259958080,"indices":[0,12],"id_str":"259958080","screen_name":"Noideamate1","name":"Sir Andrew"},{"id":28287525,"indices":[13,24],"id_str":"28287525","screen_name":"BenFordham","name":"BenFordham"}],"hashtags":[],"urls":[]},"in_reply_to_screen_name":"Noideamate1","id_str":"544274635718524928","retweet_count":0,"in_reply_to_user_id":259958080,"favorited":false,"user":{"follow_request_sent":false,"profile_use_background_image":true,"profile_text_color":"666666","default_profile_image":false,"id":59485812,"profile_background_image_url_https":"https://abs.twimg.com/images/themes/theme9/bg.gif","verified":false,"profile_location":null,"profile_image_url_https":"https://pbs.twimg.com/profile_images/561509958684901376/W5-6_DM__normal.jpeg","profile_sidebar_fill_color":"252429","entities":{"description":{"urls":[]}},"followers_count":145,"profile_sidebar_border_color":"181A1E","id_str":"59485812","profile_background_color":"1A1B1F","listed_count":6,"is_translation_enabled":false,"utc_offset":-28800,"statuses_count":6023,"description":"husband / father / runner / lover of the snow chocolate and ranga cats","friends_count":912,"location":"Melbourne, Australia","profile_link_color":"2FC2EF","profile_image_url":"http://pbs.twimg.com/profile_images/561509958684901376/W5-6_DM__normal.jpeg","following":false,"geo_enabled":true,"profile_background_image_url":"http://abs.twimg.com/images/themes/theme9/bg.gif","name":"RG","lang":"en","profile_background_tile":false,"favourites_count":36,"screen_name":"rgilloway","notifications":false,"url":null,"created_at":"Thu Jul 23 14:54:08 +0000 2009","contributors_enabled":false,"time_zone":"Pacific Time (US & Canada)","protected":false,"default_profile":false,"is_translator":false},"geo":null,"in_reply_to_user_id_str":"259958080","lang":"en","created_at":"Sun Dec 14 23:35:59 +0000 2014","in_reply_to_status_id_str":"544274302778867712","place":null},
{"contributors":null,"truncated":false,"text":"@tiwigirl @BenFordham You know there is a funny reporter who likes to hang around pseudo-vigilantes like @HumanHeadline and @mpsmithnews","in_reply_to_status_id":544273853292101633,"id":544274659747700736,"favorite_count":1,"source":"<a href=\"http://twitter.com\" rel=\"nofollow\">Twitter Web Client</a>","retweeted":false,"coordinates":null,"entities":{"symbols":[],"user_mentions":[{"id":85458718,"indices":[0,9],"id_str":"85458718","screen_name":"tiwigirl","name":"Tiwigirl  "},{"id":28287525,"indices":[10,21],"id_str":"28287525","screen_name":"BenFordham","name":"BenFordham"},{"id":180258856,"indices":[105,119],"id_str":"180258856","screen_name":"HumanHeadline","name":"Derryn Hinch"},{"id":776994955,"indices":[124,136],"id_str":"776994955","screen_name":"mpsmithnews","name":"Michael Smith News"}],"hashtags":[],"urls":[]},"in_reply_to_screen_name":"tiwigirl","id_str":"544274659747700736","retweet_count":1,"in_reply_to_user_id":85458718,"favorited":false,"user":{"follow_request_sent":false,"profile_use_background_image":true,"profile_text_color":"333333","default_profile_image":false,"id":2253140732,"profile_background_image_url_https":"https://abs.twimg.com/images/themes/theme1/bg.png","verified":false,"profile_location":null,"profile_image_url_https":"https://pbs.twimg.com/profile_images/554815809575325696/CnfgiXZ0_normal.jpeg","profile_sidebar_fill_color":"DDEEF6","entities":{"description":{"urls":[]}},"followers_count":204,"profile_sidebar_border_color":"C0DEED","id_str":"2253140732","profile_background_color":"C0DEED","listed_count":5,"is_translation_enabled":false,"utc_offset":null,"statuses_count":4395,"description":"","friends_count":437,"location":"","profile_link_color":"0084B4","profile_image_url":"http://pbs.twimg.com/profile_images/554815809575325696/CnfgiXZ0_normal.jpeg","following":false,"geo_enabled":false,"profile_background_image_url":"http://abs.twimg.com/images/themes/theme1/bg.png","name":"Andrew Howard","lang":"en","profile_background_tile":false,"favourites_count":931,"screen_name":"AndyMugiwara56","notifications":false,"url":null,"created_at":"Thu Dec 19 07:26:52 +0000 2013","contributors_enabled":false,"time_zone":null,"protected":false,"default_profile":true,"is_translator":false},"geo":null,"in_reply_to_user_id_str":"85458718","lang":"en","created_at":"Sun Dec 14 23:36:05 +0000 2014","in_reply_to_status_id_str":"544273853292101633","place":null},
{"contributors":null,"truncated":false,"text":"@tiwigirl @BenFordham I think \"they\" might be starting to realize why vigilantism is needed in the world.","in_reply_to_status_id":544273853292101633,"id":544274744531357696,"favorite_count":0,"source":"<a href=\"http://twitter.com\" rel=\"nofollow\">Twitter Web Client</a>","retweeted":false,"coordinates":null,"entities":{"symbols":[],"user_mentions":[{"id":85458718,"indices":[0,9],"id_str":"85458718","screen_name":"tiwigirl","name":"Tiwigirl  "},{"id":28287525,"indices":[10,21],"id_str":"28287525","screen_name":"BenFordham","name":"BenFordham"}],"hashtags":[],"urls":[]},"in_reply_to_screen_name":"tiwigirl","id_str":"544274744531357696","retweet_count":0,"in_reply_to_user_id":85458718,"favorited":false,"user":{"follow_request_sent":false,"profile_use_background_image":true,"profile_text_color":"333333","default_profile_image":false,"id":2253140732,"profile_background_image_url_https":"https://abs.twimg.com/images/themes/theme1/bg.png","verified":false,"profile_location":null,"profile_image_url_https":"https://pbs.twimg.com/profile_images/554815809575325696/CnfgiXZ0_normal.jpeg","profile_sidebar_fill_color":"DDEEF6","entities":{"description":{"urls":[]}},"followers_count":204,"profile_sidebar_border_color":"C0DEED","id_str":"2253140732","profile_background_color":"C0DEED","listed_count":5,"is_translation_enabled":false,"utc_offset":null,"statuses_count":4395,"description":"","friends_count":437,"location":"","profile_link_color":"0084B4","profile_image_url":"http://pbs.twimg.com/profile_images/554815809575325696/CnfgiXZ0_normal.jpeg","following":false,"geo_enabled":false,"profile_background_image_url":"http://abs.twimg.com/images/themes/theme1/bg.png","name":"Andrew Howard","lang":"en","profile_background_tile":false,"favourites_count":931,"screen_name":"AndyMugiwara56","notifications":false,"url":null,"created_at":"Thu Dec 19 07:26:52 +0000 2013","contributors_enabled":false,"time_zone":null,"protected":false,"default_profile":true,"is_translator":false},"geo":null,"in_reply_to_user_id_str":"85458718","lang":"en","created_at":"Sun Dec 14 23:36:25 +0000 2014","in_reply_to_status_id_str":"544273853292101633","place":null},
{"contributors":null,"truncated":false,"text":"@BenFordham very sad. It makes me feel sick that these cowards attack innocent people.","in_reply_to_status_id":544272134764122112,"id":544278129099816960,"favorite_count":2,"source":"<a href=\"http://twitter.com/download/iphone\" rel=\"nofollow\">Twitter for iPhone</a>","retweeted":false,"coordinates":null,"entities":{"symbols":[],"user_mentions":[{"id":28287525,"indices":[0,11],"id_str":"28287525","screen_name":"BenFordham","name":"BenFordham"}],"hashtags":[],"urls":[]},"in_reply_to_screen_name":"BenFordham","id_str":"544278129099816960","retweet_count":0,"in_reply_to_user_id":28287525,"favorited":false,"user":{"follow_request_sent":false,"profile_use_background_image":true,"profile_text_color":"333333","default_profile_image":true,"id":1561720554,"profile_background_image_url_https":"https://abs.twimg.com/images/themes/theme1/bg.png","verified":false,"profile_location":null,"profile_image_url_https":"https://abs.twimg.com/sticky/default_profile_images/default_profile_2_normal.png","profile_sidebar_fill_color":"DDEEF6","entities":{"description":{"urls":[]}},"followers_count":2,"profile_sidebar_border_color":"C0DEED","id_str":"1561720554","profile_background_color":"C0DEED","listed_count":0,"is_translation_enabled":false,"utc_offset":null,"statuses_count":57,"description":"","friends_count":26,"location":"","profile_link_color":"0084B4","profile_image_url":"http://abs.twimg.com/sticky/default_profile_images/default_profile_2_normal.png","following":false,"geo_enabled":true,"profile_background_image_url":"http://abs.twimg.com/images/themes/theme1/bg.png","name":"Suzanne Lombardo","lang":"en-gb","profile_background_tile":false,"favourites_count":1,"screen_name":"suzannelombardo","notifications":false,"url":null,"created_at":"Mon Jul 01 23:56:59 +0000 2013","contributors_enabled":false,"time_zone":null,"protected":false,"default_profile":true,"is_translator":false},"geo":null,"in_reply_to_user_id_str":"28287525","lang":"en","created_at":"Sun Dec 14 23:49:52 +0000 2014","in_reply_to_status_id_str":"544272134764122112","place":null},
{"contributors":null,"truncated":false,"text":"@BenFordham isn't \"prayer\" how we got into this situation in the first place?","in_reply_to_status_id":544272134764122112,"id":544278769452589056,"favorite_count":2,"source":"<a href=\"http://tapbots.com/tweetbot\" rel=\"nofollow\">Tweetbot for iΟS</a>","retweeted":false,"coordinates":null,"entities":{"symbols":[],"user_mentions":[{"id":28287525,"indices":[0,11],"id_str":"28287525","screen_name":"BenFordham","name":"BenFordham"}],"hashtags":[],"urls":[]},"in_reply_to_screen_name":"BenFordham","id_str":"544278769452589056","retweet_count":0,"in_reply_to_user_id":28287525,"favorited":false,"user":{"follow_request_sent":false,"profile_use_background_image":true,"profile_text_color":"333333","default_profile_image":false,"id":200788288,"profile_background_image_url_https":"https://abs.twimg.com/images/themes/theme14/bg.gif","verified":false,"profile_location":null,"profile_image_url_https":"https://pbs.twimg.com/profile_images/1818635659/IMG_2599_normal.jpg","profile_sidebar_fill_color":"EFEFEF","entities":{"description":{"urls":[]}},"followers_count":11,"profile_sidebar_border_color":"EEEEEE","id_str":"200788288","profile_background_color":"131516","listed_count":1,"is_translation_enabled":false,"utc_offset":39600,"statuses_count":255,"description":"","friends_count":64,"location":"","profile_link_color":"009999","profile_image_url":"http://pbs.twimg.com/profile_images/1818635659/IMG_2599_normal.jpg","following":false,"geo_enabled":true,"profile_banner_url":"https://pbs.twimg.com/profile_banners/200788288/1362140990","profile_background_image_url":"http://abs.twimg.com/images/themes/theme14/bg.gif","name":"Chris","lang":"en","profile_background_tile":true,"favourites_count":1,"screen_name":"chris_kabuki","notifications":false,"url":null,"created_at":"Sun Oct 10 07:40:33 +0000 2010","contributors_enabled":false,"time_zone":"Sydney","protected":false,"default_profile":false,"is_translator":false},"geo":null,"in_reply_to_user_id_str":"28287525","lang":"en","created_at":"Sun Dec 14 23:52:25 +0000 2014","in_reply_to_status_id_str":"544272134764122112","place":null},
{"contributors":null,"truncated":false,"text":"@BenFordham @AdamBaldwin Don't need prayers when you have the Australian SOG &amp; SAS on the job. Predicting dead Islamists within the hour.","in_reply_to_status_id":544272134764122112,"id":544282204537253888,"favorite_count":0,"source":"<a href=\"http://twitter.com\" rel=\"nofollow\">Twitter Web Client</a>","retweeted":false,"coordinates":null,"entities":{"symbols":[],"user_mentions":[{"id":28287525,"indices":[0,11],"id_str":"28287525","screen_name":"BenFordham","name":"BenFordham"},{"id":91279573,"indices":[12,24],"id_str":"91279573","screen_name":"AdamBaldwin","name":"Adam Baldwin"}],"hashtags":[],"urls":[]},"in_reply_to_screen_name":"BenFordham","id_str":"544282204537253888","retweet_count":0,"in_reply_to_user_id":28287525,"favorited":false,"user":{"follow_request_sent":false,"profile_use_background_image":true,"profile_text_color":"333333","default_profile_image":false,"id":2870292259,"profile_background_image_url_https":"https://abs.twimg.com/images/themes/theme1/bg.png","verified":false,"profile_location":null,"profile_image_url_https":"https://pbs.twimg.com/profile_images/525055411599060992/ni7M7khN_normal.jpeg","profile_sidebar_fill_color":"DDEEF6","entities":{"description":{"urls":[]}},"followers_count":30,"profile_sidebar_border_color":"C0DEED","id_str":"2870292259","profile_background_color":"C0DEED","listed_count":0,"is_translation_enabled":false,"utc_offset":39600,"statuses_count":6,"description":"","friends_count":31,"location":"","profile_link_color":"0084B4","profile_image_url":"http://pbs.twimg.com/profile_images/525055411599060992/ni7M7khN_normal.jpeg","following":false,"geo_enabled":false,"profile_banner_url":"https://pbs.twimg.com/profile_banners/2870292259/1414124878","profile_background_image_url":"http://abs.twimg.com/images/themes/theme1/bg.png","name":"cracray","lang":"en","profile_background_tile":false,"favourites_count":2,"screen_name":"craycrayivan","notifications":false,"url":null,"created_at":"Wed Oct 22 05:46:43 +0000 2014","contributors_enabled":false,"time_zone":"Solomon Is.","protected":false,"default_profile":true,"is_translator":false},"geo":null,"in_reply_to_user_id_str":"28287525","lang":"en","created_at":"Mon Dec 15 00:06:04 +0000 2014","in_reply_to_status_id_str":"544272134764122112","place":null},
{"contributors":null,"truncated":false,"text":"@BenFordham prayers and thoughts with everyone, stay safe.","in_reply_to_status_id":544272134764122112,"id":544288752663658499,"favorite_count":0,"source":"<a href=\"http://twitter.com/#!/download/ipad\" rel=\"nofollow\">Twitter for iPad</a>","retweeted":false,"coordinates":null,"entities":{"symbols":[],"user_mentions":[{"id":28287525,"indices":[0,11],"id_str":"28287525","screen_name":"BenFordham","name":"BenFordham"}],"hashtags":[],"urls":[]},"in_reply_to_screen_name":"BenFordham","id_str":"544288752663658499","retweet_count":0,"in_reply_to_user_id":28287525,"favorited":false,"user":{"follow_request_sent":false,"profile_use_background_image":true,"profile_text_color":"333333","default_profile_image":false,"id":2772373944,"profile_background_image_url_https":"https://abs.twimg.com/images/themes/theme1/bg.png","verified":false,"profile_location":null,"profile_image_url_https":"https://pbs.twimg.com/profile_images/553788440790065152/XgjICERB_normal.jpeg","profile_sidebar_fill_color":"DDEEF6","entities":{"description":{"urls":[]}},"followers_count":27,"profile_sidebar_border_color":"C0DEED","id_str":"2772373944","profile_background_color":"C0DEED","listed_count":0,"is_translation_enabled":false,"utc_offset":null,"statuses_count":187,"description":"Live, laugh and have fun!","friends_count":146,"location":"","profile_link_color":"0084B4","profile_image_url":"http://pbs.twimg.com/profile_images/553788440790065152/XgjICERB_normal.jpeg","following":null,"geo_enabled":false,"profile_background_image_url":"http://abs.twimg.com/images/themes/theme1/bg.png","name":"Scott Kennedy","lang":"en","profile_background_tile":false,"favourites_count":3400,"screen_name":"scottkennedy41","notifications":null,"url":null,"created_at":"Wed Aug 27 05:18:49 +0000 2014","contributors_enabled":false,"time_zone":null,"protected":false,"default_profile":true,"is_translator":false},"geo":null,"in_reply_to_user_id_str":"28287525","lang":"en","created_at":"Mon Dec 15 00:32:05 +0000 2014","in_reply_to_status_id_str":"544272134764122112","place":null},
{"contributors":null,"truncated":false,"text":"You could kiss your dog on the lips as well... Not going to help... Not going to hurt..  @rgilloway","in_reply_to_status_id":544274635718524928,"id":544289386108424192,"favorite_count":0,"source":"<a href=\"http://twitter.com/download/iphone\" rel=\"nofollow\">Twitter for iPhone</a>","retweeted":false,"coordinates":null,"entities":{"symbols":[],"user_mentions":[{"id":59485812,"indices":[89,99],"id_str":"59485812","screen_name":"rgilloway","name":"RG"}],"hashtags":[],"urls":[]},"in_reply_to_screen_name":"rgilloway","id_str":"544289386108424192","retweet_count":0,"in_reply_to_user_id":59485812,"favorited":false,"user":{"follow_request_sent":false,"profile_use_background_image":true,"profile_text_color":"333333","default_profile_image":false,"id":259958080,"profile_background_image_url_https":"https://abs.twimg.com/images/themes/theme1/bg.png","verified":false,"profile_location":null,"profile_image_url_https":"https://pbs.twimg.com/profile_images/378800000433527941/80125411fe37878123261cf981b74f6a_normal.jpeg","profile_sidebar_fill_color":"DDEEF6","entities":{"description":{"urls":[]}},"followers_count":128,"profile_sidebar_border_color":"C0DEED","id_str":"259958080","profile_background_color":"C0DEED","listed_count":1,"is_translation_enabled":false,"utc_offset":null,"statuses_count":3225,"description":"once i saw a blimp","friends_count":1062,"location":"","profile_link_color":"0084B4","profile_image_url":"http://pbs.twimg.com/profile_images/378800000433527941/80125411fe37878123261cf981b74f6a_normal.jpeg","following":false,"geo_enabled":false,"profile_banner_url":"https://pbs.twimg.com/profile_banners/259958080/1396648771","profile_background_image_url":"http://abs.twimg.com/images/themes/theme1/bg.png","name":"Sir Andrew","lang":"en","profile_background_tile":false,"favourites_count":149,"screen_name":"Noideamate1","notifications":false,"url":null,"created_at":"Wed Mar 02 23:05:01 +0000 2011","contributors_enabled":false,"time_zone":null,"protected":false,"default_profile":true,"is_translator":false},"geo":null,"in_reply_to_user_id_str":"59485812","lang":"en","created_at":"Mon Dec 15 00:34:36 +0000 2014","in_reply_to_status_id_str":"544274635718524928","place":null},
{"contributors":null,"truncated":false,"text":"@Noideamate1 @BenFordham let's hope their prayers are heard by Allah he seems to be running this show. Religion sucks!!","in_reply_to_status_id":544274302778867712,"id":544325717954023426,"favorite_count":0,"source":"<a href=\"http://twitter.com/download/android\" rel=\"nofollow\">Twitter for Android</a>","retweeted":false,"coordinates":null,"entities":{"symbols":[],"user_mentions":[{"id":259958080,"indices":[0,12],"id_str":"259958080","screen_name":"Noideamate1","name":"Sir Andrew"},{"id":28287525,"indices":[13,24],"id_str":"28287525","screen_name":"BenFordham","name":"BenFordham"}],"hashtags":[],"urls":[]},"in_reply_to_screen_name":"Noideamate1","id_str":"544325717954023426","retweet_count":0,"in_reply_to_user_id":259958080,"favorited":false,"user":{"follow_request_sent":false,"profile_use_background_image":true,"profile_text_color":"333333","default_profile_image":false,"id":511737039,"profile_background_image_url_https":"https://abs.twimg.com/images/themes/theme1/bg.png","verified":false,"profile_location":null,"profile_image_url_https":"https://pbs.twimg.com/profile_images/1871207898/vpq2m6zc_normal","profile_sidebar_fill_color":"DDEEF6","entities":{"description":{"urls":[]}},"followers_count":47,"profile_sidebar_border_color":"C0DEED","id_str":"511737039","profile_background_color":"C0DEED","listed_count":0,"is_translation_enabled":false,"utc_offset":null,"statuses_count":544,"description":"Australian, atheist, father, leftish socialist democrat, motorcycle/motoring enthusiast, possibly misogynistic.","friends_count":81,"location":"","profile_link_color":"0084B4","profile_image_url":"http://pbs.twimg.com/profile_images/1871207898/vpq2m6zc_normal","following":false,"geo_enabled":false,"profile_banner_url":"https://pbs.twimg.com/profile_banners/511737039/1410043507","profile_background_image_url":"http://abs.twimg.com/images/themes/theme1/bg.png","name":"Damian O'Brien","lang":"en","profile_background_tile":false,"favourites_count":213,"screen_name":"obrien_damian","notifications":false,"url":null,"created_at":"Fri Mar 02 10:48:34 +0000 2012","contributors_enabled":false,"time_zone":null,"protected":false,"default_profile":true,"is_translator":false},"geo":null,"in_reply_to_user_id_str":"259958080","lang":"en","created_at":"Mon Dec 15 02:58:58 +0000 2014","in_reply_to_status_id_str":"544274302778867712","place":null}
]