{"contributors":null,"truncated":false,"text":"BREAKING NEWS: Gunmen take hostages at Sydney cafe, wave Islamic flag http:\/\/t.co\/zmSo3ARDVs http:\/\/t.co\/QHajosoOPW","in_reply_to_status_id":null,"id":544282355989753857,"favorite_count":28,"source":"<a href=\"https:\/\/about.twitter.com\/products\/tweetdeck\" rel=\"nofollow\">TweetDeck<\/a>","retweeted":false,"coordinates":null,"entities":{"symbols":[],"user_mentions":[],"hashtags":[],"urls":[{"url":"http:\/\/t.co\/zmSo3ARDVs","indices":[70,92],"expanded_url":"http:\/\/tinyurl.com\/qgkakkm","display_url":"tinyurl.com\/qgkakkm"},{"url":"http:\/\/t.co\/QHajosoOPW","indices":[93,115],"expanded_url":"http:\/\/twitter.com\/7NewsSydney\/status\/544281991554662401\/photo\/1","display_url":"pic.twitter.com\/QHajosoOPW"}]},"in_reply_to_screen_name":null,"id_str":"544282355989753857","retweet_count":180,"in_reply_to_user_id":null,"favorited":false,"user":{"follow_request_sent":false,"profile_use_background_image":true,"profile_text_color":"333333","default_profile_image":false,"id":292777349,"profile_background_image_url_https":"https:\/\/abs.twimg.com\/images\/themes\/theme8\/bg.gif","verified":false,"profile_location":null,"profile_image_url_https":"https:\/\/pbs.twimg.com\/profile_images\/527514489919262721\/QKC5oMPD_normal.jpeg","profile_sidebar_fill_color":"EADEAA","entities":{"url":{"urls":[{"url":"http:\/\/t.co\/Q8HIb8qQbq","indices":[0,22],"expanded_url":"http:\/\/PzFeed.com","display_url":"PzFeed.com"}]},"description":{"urls":[]}},"followers_count":201986,"profile_sidebar_border_color":"FFFFFF","id_str":"292777349","profile_background_color":"8B542B","listed_count":2228,"is_translation_enabled":false,"utc_offset":-18000,"statuses_count":21790,"description":"A global news channel bringing you breaking news as it happens and the most talked about stories, pictures and videos from around the world.","friends_count":3540,"location":"tips@PzFeed.com","profile_link_color":"9D582E","profile_image_url":"http:\/\/pbs.twimg.com\/profile_images\/527514489919262721\/QKC5oMPD_normal.jpeg","following":false,"geo_enabled":true,"profile_banner_url":"https:\/\/pbs.twimg.com\/profile_banners\/292777349\/1410983400","profile_background_image_url":"http:\/\/abs.twimg.com\/images\/themes\/theme8\/bg.gif","name":"PzFeed Top News","lang":"en","profile_background_tile":false,"favourites_count":299,"screen_name":"PzFeed","notifications":false,"url":"http:\/\/t.co\/Q8HIb8qQbq","created_at":"Wed May 04 06:32:13 +0000 2011","contributors_enabled":false,"time_zone":"Eastern Time (US & Canada)","protected":false,"default_profile":false,"is_translator":false},"geo":null,"in_reply_to_user_id_str":null,"possibly_sensitive":false,"lang":"en","created_at":"Mon Dec 15 00:06:40 +0000 2014","in_reply_to_status_id_str":null,"place":null}