{"contributors":null,"truncated":false,"text":"Sydney cafe siege: Two gunmen and up to a dozen hostages inside the cafe under siege in Martin Place, Sydney. ISIS flags remain in display.","in_reply_to_status_id":null,"id":544271815007145984,"favorite_count":23,"source":"<a href=\"https:\/\/about.twitter.com\/products\/tweetdeck\" rel=\"nofollow\">TweetDeck<\/a>","retweeted":false,"coordinates":null,"entities":{"symbols":[],"user_mentions":[],"hashtags":[],"urls":[]},"in_reply_to_screen_name":null,"id_str":"544271815007145984","retweet_count":132,"in_reply_to_user_id":null,"favorited":false,"user":{"follow_request_sent":false,"profile_use_background_image":true,"profile_text_color":"333333","default_profile_image":false,"id":63362429,"profile_background_image_url_https":"https:\/\/pbs.twimg.com\/profile_background_images\/685773045\/ac47d972d68a2b30c30ff5ec376ce553.png","verified":true,"profile_location":null,"profile_image_url_https":"https:\/\/pbs.twimg.com\/profile_images\/582429959379013632\/xSRyG2vq_normal.jpg","profile_sidebar_fill_color":"DDEEF6","entities":{"url":{"urls":[{"url":"http:\/\/t.co\/JXucrlUzxR","indices":[0,22],"expanded_url":"http:\/\/au.news.yahoo.com\/","display_url":"au.news.yahoo.com"}]},"description":{"urls":[{"url":"http:\/\/t.co\/aWtWKTEG","indices":[67,87],"expanded_url":"http:\/\/au.news.yahoo.com\/","display_url":"au.news.yahoo.com"}]}},"followers_count":88144,"profile_sidebar_border_color":"FFFFFF","id_str":"63362429","profile_background_color":"000000","listed_count":696,"is_translation_enabled":false,"utc_offset":39600,"statuses_count":62870,"description":"Local, national and world news straight from the Yahoo!7 Newsroom. http:\/\/t.co\/aWtWKTEG","friends_count":3828,"location":"Australia","profile_link_color":"0084B4","profile_image_url":"http:\/\/pbs.twimg.com\/profile_images\/582429959379013632\/xSRyG2vq_normal.jpg","following":false,"geo_enabled":false,"profile_banner_url":"https:\/\/pbs.twimg.com\/profile_banners\/63362429\/1361750280","profile_background_image_url":"http:\/\/pbs.twimg.com\/profile_background_images\/685773045\/ac47d972d68a2b30c30ff5ec376ce553.png","name":"7News Yahoo!7 ","lang":"en","profile_background_tile":false,"favourites_count":32,"screen_name":"Y7News","notifications":false,"url":"http:\/\/t.co\/JXucrlUzxR","created_at":"Thu Aug 06 03:54:12 +0000 2009","contributors_enabled":false,"time_zone":"Sydney","protected":false,"default_profile":false,"is_translator":false},"geo":null,"in_reply_to_user_id_str":null,"lang":"en","created_at":"Sun Dec 14 23:24:47 +0000 2014","in_reply_to_status_id_str":null,"place":null}