{"contributors": null, "truncated": false, "text": "Geoblock lifted on #ABCNews24. Streaming coverage of the Martin Place siege in Sydney here  http://t.co/HvQuvP4SIb.", "in_reply_to_status_id": null, "id": 544278985249550337, "favorite_count": 55, "source": "<a href=\"http://twitter.com/#!/download/ipad\" rel=\"nofollow\">Twitter for iPad</a>", "retweeted": false, "coordinates": null, "entities": {"symbols": [], "user_mentions": [], "hashtags": [{"indices": [19, 29], "text": "ABCNews24"}], "urls": [{"url": "http://t.co/HvQuvP4SIb", "indices": [92, 114], "expanded_url": "http://abc.net.au/news24", "display_url": "abc.net.au/news24"}]}, "in_reply_to_screen_name": null, "id_str": "544278985249550337", "retweet_count": 305, "in_reply_to_user_id": null, "favorited": false, "user": {"follow_request_sent": false, "profile_use_background_image": true, "profile_text_color": "333333", "default_profile_image": false, "id": 22123727, "profile_background_image_url_https": "https://abs.twimg.com/images/themes/theme18/bg.gif", "verified": true, "profile_location": null, "profile_image_url_https": "https://pbs.twimg.com/profile_images/1454885057/shep8_normal.jpg", "profile_sidebar_fill_color": "F6F6F6", "entities": {"url": {"urls": [{"url": "http://t.co/YqV1NtzWuo", "indices": [0, 22], "expanded_url": "http://www.abc.net.au", "display_url": "abc.net.au"}]}, "description": {"urls": []}}, "followers_count": 63559, "profile_sidebar_border_color": "EEEEEE", "id_str": "22123727", "profile_background_color": "ACDED6", "listed_count": 1340, "is_translation_enabled": false, "utc_offset": 39600, "statuses_count": 12075, "description": "MD of the Australian Broadcasting Corporation. Retweets and links are not endorsements - rather signposts to interesting thinking or reading.", "friends_count": 1894, "location": "Australia", "profile_link_color": "038543", "profile_image_url": "http://pbs.twimg.com/profile_images/1454885057/shep8_normal.jpg", "following": false, "geo_enabled": true, "profile_banner_url": "https://pbs.twimg.com/profile_banners/22123727/1406249931", "profile_background_image_url": "http://abs.twimg.com/images/themes/theme18/bg.gif", "name": "Mark Scott", "lang": "en", "profile_background_tile": false, "favourites_count": 130, "screen_name": "mscott", "notifications": false, "url": "http://t.co/YqV1NtzWuo", "created_at": "Fri Feb 27 09:18:48 +0000 2009", "contributors_enabled": false, "time_zone": "Sydney", "protected": false, "default_profile": false, "is_translator": false}, "geo": null, "in_reply_to_user_id_str": null, "possibly_sensitive": false, "lang": "en", "created_at": "Sun Dec 14 23:53:16 +0000 2014", "in_reply_to_status_id_str": null, "place": null}