{"contributors":null,"truncated":false,"text":"This is The Islamic State flag, not the one in the window in Sydney. http:\/\/t.co\/PV3UNuGCms","in_reply_to_status_id":null,"id":544276998017646593,"favorite_count":46,"source":"<a href=\"https:\/\/about.twitter.com\/products\/tweetdeck\" rel=\"nofollow\">TweetDeck<\/a>","retweeted":false,"coordinates":null,"entities":{"symbols":[],"user_mentions":[],"hashtags":[],"urls":[],"media":[{"expanded_url":"http:\/\/twitter.com\/azelin\/status\/544276998017646593\/photo\/1","display_url":"pic.twitter.com\/PV3UNuGCms","url":"http:\/\/t.co\/PV3UNuGCms","media_url_https":"https:\/\/pbs.twimg.com\/media\/B42pC2ZCAAAlFXr.jpg","id_str":"544276996407033856","sizes":{"small":{"h":226,"resize":"fit","w":340},"large":{"h":682,"resize":"fit","w":1024},"medium":{"h":399,"resize":"fit","w":600},"thumb":{"h":150,"resize":"crop","w":150}},"indices":[69,91],"type":"photo","id":544276996407033856,"media_url":"http:\/\/pbs.twimg.com\/media\/B42pC2ZCAAAlFXr.jpg"}]},"in_reply_to_screen_name":null,"id_str":"544276998017646593","retweet_count":173,"in_reply_to_user_id":null,"favorited":false,"user":{"follow_request_sent":false,"profile_use_background_image":true,"profile_text_color":"333333","default_profile_image":false,"id":15400294,"profile_background_image_url_https":"https:\/\/pbs.twimg.com\/profile_background_images\/37292497\/DSCN3291.JPG","verified":false,"profile_location":null,"profile_image_url_https":"https:\/\/pbs.twimg.com\/profile_images\/1123620434\/photo_normal.jpeg","profile_sidebar_fill_color":"DDFFCC","entities":{"url":{"urls":[{"url":"http:\/\/t.co\/KWRqwiIuV8","indices":[0,22],"expanded_url":"http:\/\/jihadology.net\/","display_url":"jihadology.net"}]},"description":{"urls":[]}},"followers_count":17530,"profile_sidebar_border_color":"BDDCAD","id_str":"15400294","profile_background_color":"9AE4E8","listed_count":854,"is_translation_enabled":false,"utc_offset":-21600,"statuses_count":63156,"description":"Richard Borow Fellow at the Washington Institute, Rena and Sami David Fellow at ICSR, PhD candidate at King's College London, Founder of Jihadology","friends_count":418,"location":"Chicago - DC - London","profile_link_color":"0084B4","profile_image_url":"http:\/\/pbs.twimg.com\/profile_images\/1123620434\/photo_normal.jpeg","following":false,"geo_enabled":false,"profile_background_image_url":"http:\/\/pbs.twimg.com\/profile_background_images\/37292497\/DSCN3291.JPG","name":"Aaron Y. Zelin","lang":"en","profile_background_tile":false,"favourites_count":1205,"screen_name":"azelin","notifications":false,"url":"http:\/\/t.co\/KWRqwiIuV8","created_at":"Sat Jul 12 03:42:06 +0000 2008","contributors_enabled":false,"time_zone":"Central Time (US & Canada)","protected":false,"default_profile":false,"is_translator":false},"geo":null,"in_reply_to_user_id_str":null,"possibly_sensitive":false,"lang":"en","created_at":"Sun Dec 14 23:45:23 +0000 2014","in_reply_to_status_id_str":null,"place":null,"extended_entities":{"media":[{"expanded_url":"http:\/\/twitter.com\/azelin\/status\/544276998017646593\/photo\/1","display_url":"pic.twitter.com\/PV3UNuGCms","url":"http:\/\/t.co\/PV3UNuGCms","media_url_https":"https:\/\/pbs.twimg.com\/media\/B42pC2ZCAAAlFXr.jpg","id_str":"544276996407033856","sizes":{"small":{"h":226,"resize":"fit","w":340},"large":{"h":682,"resize":"fit","w":1024},"medium":{"h":399,"resize":"fit","w":600},"thumb":{"h":150,"resize":"crop","w":150}},"indices":[69,91],"type":"photo","id":544276996407033856,"media_url":"http:\/\/pbs.twimg.com\/media\/B42pC2ZCAAAlFXr.jpg"}]}}