[{"contributors":null,"truncated":false,"text":"@australian @JRCarrollCJ","in_reply_to_status_id":544289941996326912,"id":544291376968790016,"favorite_count":0,"source":"<a href=\"http://twitter.com/download/iphone\" rel=\"nofollow\">Twitter for iPhone</a>","retweeted":false,"coordinates":null,"entities":{"symbols":[],"user_mentions":[{"id":9609632,"indices":[0,11],"id_str":"9609632","screen_name":"australian","name":"The Australian"},{"id":437048841,"indices":[12,24],"id_str":"437048841","screen_name":"JRCarrollCJ","name":"James Robert Carroll"}],"hashtags":[],"urls":[]},"in_reply_to_screen_name":"australian","id_str":"544291376968790016","retweet_count":0,"in_reply_to_user_id":9609632,"favorited":false,"user":{"follow_request_sent":false,"profile_use_background_image":true,"profile_text_color":"333333","default_profile_image":false,"id":293048332,"profile_background_image_url_https":"https://abs.twimg.com/images/themes/theme1/bg.png","verified":false,"profile_location":null,"profile_image_url_https":"https://pbs.twimg.com/profile_images/450822894076301312/jpeuPZy5_normal.jpeg","profile_sidebar_fill_color":"DDEEF6","entities":{"description":{"urls":[]}},"followers_count":1181,"profile_sidebar_border_color":"C0DEED","id_str":"293048332","profile_background_color":"C0DEED","listed_count":51,"is_translation_enabled":false,"utc_offset":-18000,"statuses_count":3499,"description":"Editorial writer, The Courier-Journal","friends_count":128,"location":"Louisville","profile_link_color":"0084B4","profile_image_url":"http://pbs.twimg.com/profile_images/450822894076301312/jpeuPZy5_normal.jpeg","following":false,"geo_enabled":true,"profile_banner_url":"https://pbs.twimg.com/profile_banners/293048332/1399169027","profile_background_image_url":"http://abs.twimg.com/images/themes/theme1/bg.png","name":"Deborah Yetter","lang":"en","profile_background_tile":false,"favourites_count":123,"screen_name":"d_yetter","notifications":false,"url":null,"created_at":"Wed May 04 17:29:57 +0000 2011","contributors_enabled":false,"time_zone":"Eastern Time (US & Canada)","protected":false,"default_profile":true,"is_translator":false},"geo":null,"in_reply_to_user_id_str":"9609632","lang":"und","created_at":"Mon Dec 15 00:42:31 +0000 2014","in_reply_to_status_id_str":"544289941996326912","place":null},
{"contributors":null,"truncated":false,"text":"@australian @HepworthAnnabel thank god our madness is limited to running around and causing anyone any harm. Hope for a peaceful ending","in_reply_to_status_id":544289941996326912,"id":544317955714994176,"favorite_count":1,"source":"<a href=\"http://twitter.com/download/iphone\" rel=\"nofollow\">Twitter for iPhone</a>","retweeted":false,"coordinates":null,"entities":{"symbols":[],"user_mentions":[{"id":9609632,"indices":[0,11],"id_str":"9609632","screen_name":"australian","name":"The Australian"},{"id":619806093,"indices":[12,28],"id_str":"619806093","screen_name":"HepworthAnnabel","name":"Annabel Hepworth"}],"hashtags":[],"urls":[]},"in_reply_to_screen_name":"australian","id_str":"544317955714994176","retweet_count":0,"in_reply_to_user_id":9609632,"favorited":false,"user":{"follow_request_sent":false,"profile_use_background_image":true,"profile_text_color":"333333","default_profile_image":false,"id":1463318630,"profile_background_image_url_https":"https://abs.twimg.com/images/themes/theme1/bg.png","verified":false,"profile_location":null,"profile_image_url_https":"https://pbs.twimg.com/profile_images/3720482030/4100d8b72196fd5e025a95363ff01644_normal.jpeg","profile_sidebar_fill_color":"DDEEF6","entities":{"description":{"urls":[]}},"followers_count":43,"profile_sidebar_border_color":"C0DEED","id_str":"1463318630","profile_background_color":"C0DEED","listed_count":0,"is_translation_enabled":false,"utc_offset":null,"statuses_count":159,"description":"HR&IR consultant; Sydney Strider; Alexanderia Rovers Rugby League Masters player; South Sydney fanactic","friends_count":51,"location":"Sydney","profile_link_color":"0084B4","profile_image_url":"http://pbs.twimg.com/profile_images/3720482030/4100d8b72196fd5e025a95363ff01644_normal.jpeg","following":false,"geo_enabled":false,"profile_banner_url":"https://pbs.twimg.com/profile_banners/1463318630/1385685039","profile_background_image_url":"http://abs.twimg.com/images/themes/theme1/bg.png","name":"Joe Degabriele","lang":"en","profile_background_tile":false,"favourites_count":2,"screen_name":"JoeDegabriele","notifications":false,"url":null,"created_at":"Mon May 27 22:48:06 +0000 2013","contributors_enabled":false,"time_zone":null,"protected":false,"default_profile":true,"is_translator":false},"geo":null,"in_reply_to_user_id_str":"9609632","lang":"en","created_at":"Mon Dec 15 02:28:08 +0000 2014","in_reply_to_status_id_str":"544289941996326912","place":null},
{"contributors":null,"truncated":false,"text":"@australian Prime ministers should not have to comment on everything.","in_reply_to_status_id":544289941996326912,"id":544322700726906880,"favorite_count":0,"source":"<a href=\"http://twitter.com/download/android\" rel=\"nofollow\">Twitter for Android</a>","retweeted":false,"coordinates":null,"entities":{"symbols":[],"user_mentions":[{"id":9609632,"indices":[0,11],"id_str":"9609632","screen_name":"australian","name":"The Australian"}],"hashtags":[],"urls":[]},"in_reply_to_screen_name":"australian","id_str":"544322700726906880","retweet_count":0,"in_reply_to_user_id":9609632,"favorited":false,"user":{"follow_request_sent":false,"profile_use_background_image":true,"profile_text_color":"333333","default_profile_image":false,"id":416089358,"profile_background_image_url_https":"https://abs.twimg.com/images/themes/theme1/bg.png","verified":false,"profile_location":null,"profile_image_url_https":"https://pbs.twimg.com/profile_images/1856711766/Monash_normal.JPG","profile_sidebar_fill_color":"DDEEF6","entities":{"url":{"urls":[{"url":"http://t.co/0inyIYOx","indices":[0,20],"expanded_url":"http://www.greenbarrow.com.au","display_url":"greenbarrow.com.au"}]},"description":{"urls":[]}},"followers_count":66,"profile_sidebar_border_color":"FFFFFF","id_str":"416089358","profile_background_color":"C0DEED","listed_count":0,"is_translation_enabled":false,"utc_offset":39600,"statuses_count":1840,"description":"Who's on the Australian banknotes? Aussie Notables!\nWritten by Allan Drummond.  Publishing Biographies since 1996","friends_count":186,"location":"Melbourne, Australia","profile_link_color":"0F8F08","profile_image_url":"http://pbs.twimg.com/profile_images/1856711766/Monash_normal.JPG","following":false,"geo_enabled":true,"profile_banner_url":"https://pbs.twimg.com/profile_banners/416089358/1407221125","profile_background_image_url":"http://abs.twimg.com/images/themes/theme1/bg.png","name":"AussieNotables","lang":"en","profile_background_tile":false,"favourites_count":35,"screen_name":"AussieNotables","notifications":false,"url":"http://t.co/0inyIYOx","created_at":"Sat Nov 19 06:42:00 +0000 2011","contributors_enabled":false,"time_zone":"Melbourne","protected":false,"default_profile":false,"is_translator":false},"geo":null,"in_reply_to_user_id_str":"9609632","lang":"en","created_at":"Mon Dec 15 02:46:59 +0000 2014","in_reply_to_status_id_str":"544289941996326912","place":null},
{"contributors":null,"truncated":false,"text":"“@australian: Prime Minister Tony Abbott's statement on the #SydneySiege. Updates: http://t.co/JdOuBIWgOy http://t.co/7PNaXrDndK”","in_reply_to_status_id":544289941996326912,"id":544403327459790848,"favorite_count":1,"source":"<a href=\"http://twitter.com/download/iphone\" rel=\"nofollow\">Twitter for iPhone</a>","retweeted":false,"coordinates":null,"entities":{"symbols":[],"user_mentions":[{"id":9609632,"indices":[1,12],"id_str":"9609632","screen_name":"australian","name":"The Australian"}],"hashtags":[{"indices":[60,72],"text":"SydneySiege"}],"urls":[{"url":"http://t.co/JdOuBIWgOy","indices":[83,105],"expanded_url":"http://bit.ly/13ojWTI","display_url":"bit.ly/13ojWTI"}],"media":[{"source_user_id":9609632,"source_status_id_str":"544289941996326912","expanded_url":"http://twitter.com/australian/status/544289941996326912/photo/1","display_url":"pic.twitter.com/7PNaXrDndK","url":"http://t.co/7PNaXrDndK","media_url_https":"https://pbs.twimg.com/media/B420ySbCMAIoRni.png","source_user_id_str":"9609632","source_status_id":544289941996326912,"id_str":"544289906013384706","sizes":{"large":{"h":718,"resize":"fit","w":1000},"small":{"h":244,"resize":"fit","w":340},"medium":{"h":430,"resize":"fit","w":600},"thumb":{"h":150,"resize":"crop","w":150}},"indices":[106,128],"type":"photo","id":544289906013384706,"media_url":"http://pbs.twimg.com/media/B420ySbCMAIoRni.png"}]},"in_reply_to_screen_name":"australian","id_str":"544403327459790848","retweet_count":1,"in_reply_to_user_id":9609632,"favorited":false,"user":{"follow_request_sent":false,"profile_use_background_image":true,"profile_text_color":"333333","default_profile_image":false,"id":15016500,"profile_background_image_url_https":"https://pbs.twimg.com/profile_background_images/75803240/DSC00336.JPG","verified":false,"profile_location":null,"profile_image_url_https":"https://pbs.twimg.com/profile_images/572104562720546818/Lf74-hq__normal.jpeg","profile_sidebar_fill_color":"DDFFCC","entities":{"url":{"urls":[{"url":"http://t.co/6BUQUfg2P8","indices":[0,22],"expanded_url":"http://uk.linkedin.com/pub/ed-fraser/18/662/654","display_url":"uk.linkedin.com/pub/ed-fraser/…"}]},"description":{"urls":[]}},"followers_count":11821,"profile_sidebar_border_color":"BDDCAD","id_str":"15016500","profile_background_color":"9AE4E8","listed_count":698,"is_translation_enabled":false,"utc_offset":0,"statuses_count":32363,"description":"Channel 4 News, Managing Editor. Purveyor of *boring news tweets*. Seriously Scottish","friends_count":1210,"location":"London","profile_link_color":"0084B4","profile_image_url":"http://pbs.twimg.com/profile_images/572104562720546818/Lf74-hq__normal.jpeg","following":false,"geo_enabled":true,"profile_banner_url":"https://pbs.twimg.com/profile_banners/15016500/1418341413","profile_background_image_url":"http://pbs.twimg.com/profile_background_images/75803240/DSC00336.JPG","name":"Ed Fraser","lang":"en","profile_background_tile":true,"favourites_count":248,"screen_name":"frasereC4","notifications":false,"url":"http://t.co/6BUQUfg2P8","created_at":"Thu Jun 05 11:00:55 +0000 2008","contributors_enabled":false,"time_zone":"London","protected":false,"default_profile":false,"is_translator":false},"geo":null,"in_reply_to_user_id_str":"9609632","possibly_sensitive":false,"lang":"en","created_at":"Mon Dec 15 08:07:22 +0000 2014","in_reply_to_status_id_str":"544289941996326912","place":null,"extended_entities":{"media":[{"source_user_id":9609632,"source_status_id_str":"544289941996326912","expanded_url":"http://twitter.com/australian/status/544289941996326912/photo/1","display_url":"pic.twitter.com/7PNaXrDndK","url":"http://t.co/7PNaXrDndK","media_url_https":"https://pbs.twimg.com/media/B420ySbCMAIoRni.png","source_user_id_str":"9609632","source_status_id":544289941996326912,"id_str":"544289906013384706","sizes":{"large":{"h":718,"resize":"fit","w":1000},"small":{"h":244,"resize":"fit","w":340},"medium":{"h":430,"resize":"fit","w":600},"thumb":{"h":150,"resize":"crop","w":150}},"indices":[106,128],"type":"photo","id":544289906013384706,"media_url":"http://pbs.twimg.com/media/B420ySbCMAIoRni.png"}]}}
]