[{"contributors":null,"truncated":false,"text":"@RT_com Evacuate the city, asap! We do not know if he acts on his own yet he threatens he has devices all over Sydney.","in_reply_to_status_id":544293753130082305,"id":544293997825777664,"favorite_count":1,"source":"<a href=\"http://twitter.com\" rel=\"nofollow\">Twitter Web Client</a>","retweeted":false,"coordinates":null,"entities":{"symbols":[],"user_mentions":[{"id":64643056,"indices":[0,7],"id_str":"64643056","screen_name":"RT_com","name":"RT"}],"hashtags":[],"urls":[]},"in_reply_to_screen_name":"RT_com","id_str":"544293997825777664","retweet_count":1,"in_reply_to_user_id":64643056,"favorited":false,"user":{"follow_request_sent":false,"profile_use_background_image":true,"profile_text_color":"333333","default_profile_image":false,"id":930789798,"profile_background_image_url_https":"https://pbs.twimg.com/profile_background_images/378800000165823982/9qS7QKJ1.jpeg","verified":false,"profile_location":null,"profile_image_url_https":"https://pbs.twimg.com/profile_images/585848554025025537/6Sy7n0cR_normal.jpg","profile_sidebar_fill_color":"DDEEF6","entities":{"description":{"urls":[]}},"followers_count":513,"profile_sidebar_border_color":"FFFFFF","id_str":"930789798","profile_background_color":"DBE9ED","listed_count":13,"is_translation_enabled":false,"utc_offset":3600,"statuses_count":12290,"description":"A 22 y.o. leftist #journalist, #EU-lover & #LGBT rights supporter.:) Talk 2 me:D I follow back.I run SLD Wołów twitter & fb :). #SLD #PES #Federalists","friends_count":704,"location":"European Union (US of Europe)","profile_link_color":"CC3366","profile_image_url":"http://pbs.twimg.com/profile_images/585848554025025537/6Sy7n0cR_normal.jpg","following":false,"geo_enabled":false,"profile_banner_url":"https://pbs.twimg.com/profile_banners/930789798/1409079041","profile_background_image_url":"http://pbs.twimg.com/profile_background_images/378800000165823982/9qS7QKJ1.jpeg","name":"Łukasz Lisak","lang":"pl","profile_background_tile":false,"favourites_count":2703,"screen_name":"RundfunkEuropa","notifications":false,"url":null,"created_at":"Tue Nov 06 23:59:03 +0000 2012","contributors_enabled":false,"time_zone":"Amsterdam","protected":false,"default_profile":false,"is_translator":false},"geo":null,"in_reply_to_user_id_str":"64643056","lang":"en","created_at":"Mon Dec 15 00:52:56 +0000 2014","in_reply_to_status_id_str":"544293753130082305","place":null},
{"contributors":null,"truncated":false,"text":"@RT_com isis love choclate... Who knew.. Lol. They gotta make sure its alcohol free ofcourse","in_reply_to_status_id":544293753130082305,"id":544294275723558912,"favorite_count":0,"source":"<a href=\"http://twitter.com/download/android\" rel=\"nofollow\">Twitter for Android</a>","retweeted":false,"coordinates":null,"entities":{"symbols":[],"user_mentions":[{"id":64643056,"indices":[0,7],"id_str":"64643056","screen_name":"RT_com","name":"RT"}],"hashtags":[],"urls":[]},"in_reply_to_screen_name":"RT_com","id_str":"544294275723558912","retweet_count":0,"in_reply_to_user_id":64643056,"favorited":false,"user":{"follow_request_sent":false,"profile_use_background_image":true,"profile_text_color":"333333","default_profile_image":false,"id":2773644809,"profile_background_image_url_https":"https://pbs.twimg.com/profile_background_images/512296636291104769/p4lWESNx.jpeg","verified":false,"profile_location":null,"profile_image_url_https":"https://pbs.twimg.com/profile_images/583756206231134210/neoAAUD2_normal.jpg","profile_sidebar_fill_color":"DDEEF6","entities":{"description":{"urls":[]}},"followers_count":267,"profile_sidebar_border_color":"FFFFFF","id_str":"2773644809","profile_background_color":"131516","listed_count":1,"is_translation_enabled":false,"utc_offset":0,"statuses_count":2947,"description":"✮MUFC✮ MMA ✮ Future Aerospace Engineer.. I apologise for all accidents now | 'The Chechen wolf never dies... he only sleeps' #AhlusSunnah #ислам #Чеченск","friends_count":341,"location":"Moscow ✈ Manchester ","profile_link_color":"89C9FA","profile_image_url":"http://pbs.twimg.com/profile_images/583756206231134210/neoAAUD2_normal.jpg","following":false,"geo_enabled":true,"profile_banner_url":"https://pbs.twimg.com/profile_banners/2773644809/1418855420","profile_background_image_url":"http://pbs.twimg.com/profile_background_images/512296636291104769/p4lWESNx.jpeg","name":"✮ ✮ ✮","lang":"en","profile_background_tile":true,"favourites_count":549,"screen_name":"ARTURXII","notifications":false,"url":null,"created_at":"Wed Sep 17 16:58:20 +0000 2014","contributors_enabled":false,"time_zone":"London","protected":false,"default_profile":false,"is_translator":false},"geo":null,"in_reply_to_user_id_str":"64643056","lang":"en","created_at":"Mon Dec 15 00:54:02 +0000 2014","in_reply_to_status_id_str":"544293753130082305","place":null},
{"contributors":null,"truncated":false,"text":"@RundfunkEuropa @RT_com well...you're  just a silly paranoid fuck now aren't you","in_reply_to_status_id":544293997825777664,"id":544294473292079104,"favorite_count":0,"source":"<a href=\"http://twitter.com/download/iphone\" rel=\"nofollow\">Twitter for iPhone</a>","retweeted":false,"coordinates":null,"entities":{"symbols":[],"user_mentions":[{"id":930789798,"indices":[0,15],"id_str":"930789798","screen_name":"RundfunkEuropa","name":"Łukasz Lisak"},{"id":64643056,"indices":[16,23],"id_str":"64643056","screen_name":"RT_com","name":"RT"}],"hashtags":[],"urls":[]},"in_reply_to_screen_name":"RundfunkEuropa","id_str":"544294473292079104","retweet_count":0,"in_reply_to_user_id":930789798,"favorited":false,"user":{"follow_request_sent":false,"profile_use_background_image":true,"profile_text_color":"333333","default_profile_image":false,"id":429978338,"profile_background_image_url_https":"https://abs.twimg.com/images/themes/theme1/bg.png","verified":false,"profile_location":null,"profile_image_url_https":"https://pbs.twimg.com/profile_images/546655840930123776/7nNL1A12_normal.jpeg","profile_sidebar_fill_color":"DDEEF6","entities":{"description":{"urls":[]}},"followers_count":37,"profile_sidebar_border_color":"C0DEED","id_str":"429978338","profile_background_color":"C0DEED","listed_count":1,"is_translation_enabled":false,"utc_offset":null,"statuses_count":1308,"description":"Music producer, awake american, sheeple hater... I dont care about 'followers' ...i use twitter for information ...immune to cognative dissonance, are you?","friends_count":109,"location":"","profile_link_color":"0084B4","profile_image_url":"http://pbs.twimg.com/profile_images/546655840930123776/7nNL1A12_normal.jpeg","following":false,"geo_enabled":false,"profile_background_image_url":"http://abs.twimg.com/images/themes/theme1/bg.png","name":"Marvus","lang":"en","profile_background_tile":false,"favourites_count":66,"screen_name":"burnrecording","notifications":false,"url":null,"created_at":"Tue Dec 06 16:33:11 +0000 2011","contributors_enabled":false,"time_zone":null,"protected":false,"default_profile":true,"is_translator":false},"geo":null,"in_reply_to_user_id_str":"930789798","lang":"en","created_at":"Mon Dec 15 00:54:49 +0000 2014","in_reply_to_status_id_str":"544293997825777664","place":null},
{"contributors":null,"truncated":false,"text":"@RT_com this is exactly why Feinstein can shove that #CIAReport up her ass","in_reply_to_status_id":544293753130082305,"id":544294742260215809,"favorite_count":2,"source":"<a href=\"http://twitter.com/#!/download/ipad\" rel=\"nofollow\">Twitter for iPad</a>","retweeted":false,"coordinates":null,"entities":{"symbols":[],"user_mentions":[{"id":64643056,"indices":[0,7],"id_str":"64643056","screen_name":"RT_com","name":"RT"}],"hashtags":[{"indices":[53,63],"text":"CIAReport"}],"urls":[]},"in_reply_to_screen_name":"RT_com","id_str":"544294742260215809","retweet_count":0,"in_reply_to_user_id":64643056,"favorited":false,"user":{"follow_request_sent":false,"profile_use_background_image":true,"profile_text_color":"333333","default_profile_image":false,"id":1228514706,"profile_background_image_url_https":"https://abs.twimg.com/images/themes/theme1/bg.png","verified":false,"profile_location":null,"profile_image_url_https":"https://pbs.twimg.com/profile_images/584846552075784193/-tKyhOcj_normal.jpg","profile_sidebar_fill_color":"DDEEF6","entities":{"description":{"urls":[]}},"followers_count":144,"profile_sidebar_border_color":"C0DEED","id_str":"1228514706","profile_background_color":"C0DEED","listed_count":6,"is_translation_enabled":false,"utc_offset":null,"statuses_count":4541,"description":"","friends_count":293,"location":"New Jersey","profile_link_color":"0084B4","profile_image_url":"http://pbs.twimg.com/profile_images/584846552075784193/-tKyhOcj_normal.jpg","following":false,"geo_enabled":true,"profile_background_image_url":"http://abs.twimg.com/images/themes/theme1/bg.png","name":"bob","lang":"en","profile_background_tile":false,"favourites_count":2112,"screen_name":"BCplanes","notifications":false,"url":null,"created_at":"Thu Feb 28 22:42:25 +0000 2013","contributors_enabled":false,"time_zone":null,"protected":false,"default_profile":true,"is_translator":false},"geo":null,"in_reply_to_user_id_str":"64643056","lang":"en","created_at":"Mon Dec 15 00:55:53 +0000 2014","in_reply_to_status_id_str":"544293753130082305","place":null},
{"contributors":null,"truncated":false,"text":"@burnrecording @RT_com I hate terrorism and I am worried about the people of our western civilisation.","in_reply_to_status_id":544294473292079104,"id":544294802129707008,"favorite_count":0,"source":"<a href=\"http://twitter.com\" rel=\"nofollow\">Twitter Web Client</a>","retweeted":false,"coordinates":null,"entities":{"symbols":[],"user_mentions":[{"id":429978338,"indices":[0,14],"id_str":"429978338","screen_name":"burnrecording","name":"Marvus"},{"id":64643056,"indices":[15,22],"id_str":"64643056","screen_name":"RT_com","name":"RT"}],"hashtags":[],"urls":[]},"in_reply_to_screen_name":"burnrecording","id_str":"544294802129707008","retweet_count":0,"in_reply_to_user_id":429978338,"favorited":false,"user":{"follow_request_sent":false,"profile_use_background_image":true,"profile_text_color":"333333","default_profile_image":false,"id":930789798,"profile_background_image_url_https":"https://pbs.twimg.com/profile_background_images/378800000165823982/9qS7QKJ1.jpeg","verified":false,"profile_location":null,"profile_image_url_https":"https://pbs.twimg.com/profile_images/585848554025025537/6Sy7n0cR_normal.jpg","profile_sidebar_fill_color":"DDEEF6","entities":{"description":{"urls":[]}},"followers_count":513,"profile_sidebar_border_color":"FFFFFF","id_str":"930789798","profile_background_color":"DBE9ED","listed_count":13,"is_translation_enabled":false,"utc_offset":3600,"statuses_count":12290,"description":"A 22 y.o. leftist #journalist, #EU-lover & #LGBT rights supporter.:) Talk 2 me:D I follow back.I run SLD Wołów twitter & fb :). #SLD #PES #Federalists","friends_count":704,"location":"European Union (US of Europe)","profile_link_color":"CC3366","profile_image_url":"http://pbs.twimg.com/profile_images/585848554025025537/6Sy7n0cR_normal.jpg","following":false,"geo_enabled":false,"profile_banner_url":"https://pbs.twimg.com/profile_banners/930789798/1409079041","profile_background_image_url":"http://pbs.twimg.com/profile_background_images/378800000165823982/9qS7QKJ1.jpeg","name":"Łukasz Lisak","lang":"pl","profile_background_tile":false,"favourites_count":2703,"screen_name":"RundfunkEuropa","notifications":false,"url":null,"created_at":"Tue Nov 06 23:59:03 +0000 2012","contributors_enabled":false,"time_zone":"Amsterdam","protected":false,"default_profile":false,"is_translator":false},"geo":null,"in_reply_to_user_id_str":"429978338","lang":"en","created_at":"Mon Dec 15 00:56:07 +0000 2014","in_reply_to_status_id_str":"544294473292079104","place":null},
{"contributors":null,"truncated":false,"text":"@RundfunkEuropa @RT_com western countries have killed more innocent children than hitler assmunch. But you prob don't consider that terror??","in_reply_to_status_id":544294802129707008,"id":544295402510761984,"favorite_count":0,"source":"<a href=\"http://twitter.com/download/iphone\" rel=\"nofollow\">Twitter for iPhone</a>","retweeted":false,"coordinates":null,"entities":{"symbols":[],"user_mentions":[{"id":930789798,"indices":[0,15],"id_str":"930789798","screen_name":"RundfunkEuropa","name":"Łukasz Lisak"},{"id":64643056,"indices":[16,23],"id_str":"64643056","screen_name":"RT_com","name":"RT"}],"hashtags":[],"urls":[]},"in_reply_to_screen_name":"RundfunkEuropa","id_str":"544295402510761984","retweet_count":0,"in_reply_to_user_id":930789798,"favorited":false,"user":{"follow_request_sent":false,"profile_use_background_image":true,"profile_text_color":"333333","default_profile_image":false,"id":429978338,"profile_background_image_url_https":"https://abs.twimg.com/images/themes/theme1/bg.png","verified":false,"profile_location":null,"profile_image_url_https":"https://pbs.twimg.com/profile_images/546655840930123776/7nNL1A12_normal.jpeg","profile_sidebar_fill_color":"DDEEF6","entities":{"description":{"urls":[]}},"followers_count":37,"profile_sidebar_border_color":"C0DEED","id_str":"429978338","profile_background_color":"C0DEED","listed_count":1,"is_translation_enabled":false,"utc_offset":null,"statuses_count":1308,"description":"Music producer, awake american, sheeple hater... I dont care about 'followers' ...i use twitter for information ...immune to cognative dissonance, are you?","friends_count":109,"location":"","profile_link_color":"0084B4","profile_image_url":"http://pbs.twimg.com/profile_images/546655840930123776/7nNL1A12_normal.jpeg","following":false,"geo_enabled":false,"profile_background_image_url":"http://abs.twimg.com/images/themes/theme1/bg.png","name":"Marvus","lang":"en","profile_background_tile":false,"favourites_count":66,"screen_name":"burnrecording","notifications":false,"url":null,"created_at":"Tue Dec 06 16:33:11 +0000 2011","contributors_enabled":false,"time_zone":null,"protected":false,"default_profile":true,"is_translator":false},"geo":null,"in_reply_to_user_id_str":"930789798","lang":"en","created_at":"Mon Dec 15 00:58:31 +0000 2014","in_reply_to_status_id_str":"544294802129707008","place":null},
{"contributors":null,"truncated":false,"text":".@RT_com Yeah it's the same Johnny F'cknuts who was going to kidnap and kill 2 police in Birmingham, UK last Tuesday.","in_reply_to_status_id":544293753130082305,"id":544296936019611648,"favorite_count":0,"source":"<a href=\"http://blackberry.com/twitter\" rel=\"nofollow\">Twitter for BlackBerry®</a>","retweeted":false,"coordinates":null,"entities":{"symbols":[],"user_mentions":[{"id":64643056,"indices":[1,8],"id_str":"64643056","screen_name":"RT_com","name":"RT"}],"hashtags":[],"urls":[]},"in_reply_to_screen_name":"RT_com","id_str":"544296936019611648","retweet_count":0,"in_reply_to_user_id":64643056,"favorited":false,"user":{"follow_request_sent":false,"profile_use_background_image":true,"profile_text_color":"333333","default_profile_image":false,"id":458768756,"profile_background_image_url_https":"https://abs.twimg.com/images/themes/theme1/bg.png","verified":false,"profile_location":null,"profile_image_url_https":"https://pbs.twimg.com/profile_images/554409499549638656/uIiLKfMq_normal.jpeg","profile_sidebar_fill_color":"DDEEF6","entities":{"url":{"urls":[{"url":"http://t.co/bdfybsQdCQ","indices":[0,22],"expanded_url":"http://www.watchitdie.blogspot.com","display_url":"watchitdie.blogspot.com"}]},"description":{"urls":[]}},"followers_count":47,"profile_sidebar_border_color":"C0DEED","id_str":"458768756","profile_background_color":"C0DEED","listed_count":1,"is_translation_enabled":false,"utc_offset":0,"statuses_count":15877,"description":"Worth A Million Tweets.","friends_count":53,"location":"","profile_link_color":"0084B4","profile_image_url":"http://pbs.twimg.com/profile_images/554409499549638656/uIiLKfMq_normal.jpeg","following":false,"geo_enabled":true,"profile_background_image_url":"http://abs.twimg.com/images/themes/theme1/bg.png","name":"Saka","lang":"en","profile_background_tile":false,"favourites_count":12,"screen_name":"Sovereignaka","notifications":false,"url":"http://t.co/bdfybsQdCQ","created_at":"Sun Jan 08 22:51:26 +0000 2012","contributors_enabled":false,"time_zone":"Casablanca","protected":false,"default_profile":true,"is_translator":false},"geo":null,"in_reply_to_user_id_str":"64643056","lang":"en","created_at":"Mon Dec 15 01:04:36 +0000 2014","in_reply_to_status_id_str":"544293753130082305","place":null},
{"contributors":null,"truncated":false,"text":"@RT_com Another fine example of #Islam, the peaceful religion, right? Where are the #ModerateMuslims speaking out against this? #BanIslam","in_reply_to_status_id":544293753130082305,"id":544298217421438976,"favorite_count":0,"source":"<a href=\"http://twitter.com/download/iphone\" rel=\"nofollow\">Twitter for iPhone</a>","retweeted":false,"coordinates":null,"entities":{"symbols":[],"user_mentions":[{"id":64643056,"indices":[0,7],"id_str":"64643056","screen_name":"RT_com","name":"RT"}],"hashtags":[{"indices":[32,38],"text":"Islam"},{"indices":[84,100],"text":"ModerateMuslims"},{"indices":[128,137],"text":"BanIslam"}],"urls":[]},"in_reply_to_screen_name":"RT_com","id_str":"544298217421438976","retweet_count":0,"in_reply_to_user_id":64643056,"favorited":false,"user":{"follow_request_sent":false,"profile_use_background_image":true,"profile_text_color":"666666","default_profile_image":false,"id":15803977,"profile_background_image_url_https":"https://pbs.twimg.com/profile_background_images/785529284/b189d2bad76c71902c159984333a03a4.jpeg","verified":false,"profile_location":null,"profile_image_url_https":"https://pbs.twimg.com/profile_images/487051402125266944/zGvB63iA_normal.jpeg","profile_sidebar_fill_color":"252429","entities":{"description":{"urls":[]}},"followers_count":369,"profile_sidebar_border_color":"FFFFFF","id_str":"15803977","profile_background_color":"1A1B1F","listed_count":9,"is_translation_enabled":false,"utc_offset":-25200,"statuses_count":12436,"description":"Self Employed Designer and 3D Artist","friends_count":232,"location":"Phoenix, AZ","profile_link_color":"2FC2EF","profile_image_url":"http://pbs.twimg.com/profile_images/487051402125266944/zGvB63iA_normal.jpeg","following":false,"geo_enabled":true,"profile_banner_url":"https://pbs.twimg.com/profile_banners/15803977/1404957259","profile_background_image_url":"http://pbs.twimg.com/profile_background_images/785529284/b189d2bad76c71902c159984333a03a4.jpeg","name":"Opie's Wired Mouse","lang":"en","profile_background_tile":true,"favourites_count":14188,"screen_name":"SeanDiVincenzo","notifications":false,"url":null,"created_at":"Mon Aug 11 02:26:57 +0000 2008","contributors_enabled":false,"time_zone":"Arizona","protected":false,"default_profile":false,"is_translator":false},"geo":null,"in_reply_to_user_id_str":"64643056","lang":"en","created_at":"Mon Dec 15 01:09:42 +0000 2014","in_reply_to_status_id_str":"544293753130082305","place":null},
{"contributors":null,"truncated":false,"text":"@RT_com @ROUNDTHEBEND_ get on that one","in_reply_to_status_id":544293753130082305,"id":544306124124860416,"favorite_count":0,"source":"<a href=\"http://twitter.com/download/iphone\" rel=\"nofollow\">Twitter for iPhone</a>","retweeted":false,"coordinates":null,"entities":{"symbols":[],"user_mentions":[{"id":64643056,"indices":[0,7],"id_str":"64643056","screen_name":"RT_com","name":"RT"},{"id":564877451,"indices":[8,22],"id_str":"564877451","screen_name":"ROUNDTHEBEND_","name":"Round The Bend"}],"hashtags":[],"urls":[]},"in_reply_to_screen_name":"RT_com","id_str":"544306124124860416","retweet_count":0,"in_reply_to_user_id":64643056,"favorited":false,"user":{"follow_request_sent":false,"profile_use_background_image":true,"profile_text_color":"F18C00","default_profile_image":false,"id":435243817,"profile_background_image_url_https":"https://pbs.twimg.com/profile_background_images/878245676/15a4b4ffce594a2799c157d6c2bf3c95.jpeg","verified":false,"profile_location":null,"profile_image_url_https":"https://pbs.twimg.com/profile_images/545408070076350464/LAT1BFGQ_normal.jpeg","profile_sidebar_fill_color":"FFFFFF","entities":{"description":{"urls":[]}},"followers_count":3401,"profile_sidebar_border_color":"FFFFFF","id_str":"435243817","profile_background_color":"131516","listed_count":0,"is_translation_enabled":false,"utc_offset":0,"statuses_count":41199,"description":"Lad, why the fuck are you buttering my Subway??","friends_count":839,"location":"","profile_link_color":"C90000","profile_image_url":"http://pbs.twimg.com/profile_images/545408070076350464/LAT1BFGQ_normal.jpeg","following":false,"geo_enabled":true,"profile_banner_url":"https://pbs.twimg.com/profile_banners/435243817/1418769065","profile_background_image_url":"http://pbs.twimg.com/profile_background_images/878245676/15a4b4ffce594a2799c157d6c2bf3c95.jpeg","name":".","lang":"en","profile_background_tile":true,"favourites_count":10338,"screen_name":"L_Atkin7","notifications":false,"url":null,"created_at":"Mon Dec 12 20:54:50 +0000 2011","contributors_enabled":false,"time_zone":"London","protected":false,"default_profile":false,"is_translator":false},"geo":null,"in_reply_to_user_id_str":"64643056","lang":"en","created_at":"Mon Dec 15 01:41:07 +0000 2014","in_reply_to_status_id_str":"544293753130082305","place":null},
{"contributors":null,"truncated":false,"text":"@RT_com A breakdown of what we know and what we don’t: People Hostage at Café in #Sydney http://t.co/E35dDvbTgT","in_reply_to_status_id":544293753130082305,"id":544395145529942016,"favorite_count":1,"source":"<a href=\"http://twitter.com\" rel=\"nofollow\">Twitter Web Client</a>","retweeted":false,"coordinates":null,"entities":{"symbols":[],"user_mentions":[{"id":64643056,"indices":[0,7],"id_str":"64643056","screen_name":"RT_com","name":"RT"}],"hashtags":[{"indices":[81,88],"text":"Sydney"}],"urls":[{"url":"http://t.co/E35dDvbTgT","indices":[89,111],"expanded_url":"http://whatsupic.com/news-politics-world/lindt-chocolat-cafe458648.html","display_url":"whatsupic.com/news-politics-…"}]},"in_reply_to_screen_name":"RT_com","id_str":"544395145529942016","retweet_count":0,"in_reply_to_user_id":64643056,"favorited":false,"user":{"follow_request_sent":false,"profile_use_background_image":true,"profile_text_color":"333333","default_profile_image":false,"id":1443219385,"profile_background_image_url_https":"https://pbs.twimg.com/profile_background_images/434997707350872064/i-8nT5GE.jpeg","verified":false,"profile_location":null,"profile_image_url_https":"https://pbs.twimg.com/profile_images/434947086379798528/YYmrCglr_normal.jpeg","profile_sidebar_fill_color":"DDEEF6","entities":{"url":{"urls":[{"url":"http://t.co/ziSrivGi68","indices":[0,22],"expanded_url":"http://Whatsupic.com","display_url":"Whatsupic.com"}]},"description":{"urls":[]}},"followers_count":1356,"profile_sidebar_border_color":"FFFFFF","id_str":"1443219385","profile_background_color":"C0DEED","listed_count":14,"is_translation_enabled":false,"utc_offset":-21600,"statuses_count":9614,"description":"Unbiased News Reported by Users along our Own Reporters","friends_count":1998,"location":"","profile_link_color":"0084B4","profile_image_url":"http://pbs.twimg.com/profile_images/434947086379798528/YYmrCglr_normal.jpeg","following":false,"geo_enabled":false,"profile_banner_url":"https://pbs.twimg.com/profile_banners/1443219385/1413719356","profile_background_image_url":"http://pbs.twimg.com/profile_background_images/434997707350872064/i-8nT5GE.jpeg","name":"Whatsupic","lang":"en","profile_background_tile":true,"favourites_count":2,"screen_name":"Whatsupic","notifications":false,"url":"http://t.co/ziSrivGi68","created_at":"Mon May 20 08:27:12 +0000 2013","contributors_enabled":false,"time_zone":"Central Time (US & Canada)","protected":false,"default_profile":false,"is_translator":false},"geo":null,"in_reply_to_user_id_str":"64643056","possibly_sensitive":false,"lang":"en","created_at":"Mon Dec 15 07:34:51 +0000 2014","in_reply_to_status_id_str":"544293753130082305","place":null}
]