{"contributors":null,"truncated":false,"text":"Central Sydney shut down by police amid ongoing hostage situation: http:\/\/t.co\/TvAlMmqFxP","in_reply_to_status_id":null,"id":544290258951892992,"favorite_count":47,"source":"<a href=\"http:\/\/www.socialflow.com\" rel=\"nofollow\">SocialFlow<\/a>","retweeted":false,"coordinates":null,"entities":{"symbols":[],"user_mentions":[],"hashtags":[],"urls":[{"url":"http:\/\/t.co\/TvAlMmqFxP","indices":[67,89],"expanded_url":"http:\/\/on.wsj.com\/16mVQts","display_url":"on.wsj.com\/16mVQts"}]},"in_reply_to_screen_name":null,"id_str":"544290258951892992","retweet_count":149,"in_reply_to_user_id":null,"favorited":false,"user":{"follow_request_sent":false,"profile_use_background_image":false,"profile_text_color":"333333","default_profile_image":false,"id":3108351,"profile_background_image_url_https":"https:\/\/pbs.twimg.com\/profile_background_images\/378800000026078008\/c07ad7d60f01c3a836dd701fc3f71233.jpeg","verified":true,"profile_location":null,"profile_image_url_https":"https:\/\/pbs.twimg.com\/profile_images\/550753086814162945\/NF0P32Dg_normal.jpeg","profile_sidebar_fill_color":"EFEFEF","entities":{"url":{"urls":[{"url":"http:\/\/t.co\/ISU3VFHHhP","indices":[0,22],"expanded_url":"http:\/\/wsj.com","display_url":"wsj.com"}]},"description":{"urls":[]}},"followers_count":5446500,"profile_sidebar_border_color":"FFFFFF","id_str":"3108351","profile_background_color":"EDF2F5","listed_count":83586,"is_translation_enabled":true,"utc_offset":-18000,"statuses_count":102069,"description":"In our 125th year, breaking news and features from the WSJ. Tweets by @rubinafillion @elanazak @allisonlichter @sarahmarshall @toddjolmstead and @carlazanoni.","friends_count":968,"location":"New York, NY","profile_link_color":"1164B8","profile_image_url":"http:\/\/pbs.twimg.com\/profile_images\/550753086814162945\/NF0P32Dg_normal.jpeg","following":false,"geo_enabled":true,"profile_banner_url":"https:\/\/pbs.twimg.com\/profile_banners\/3108351\/1404832294","profile_background_image_url":"http:\/\/pbs.twimg.com\/profile_background_images\/378800000026078008\/c07ad7d60f01c3a836dd701fc3f71233.jpeg","name":"Wall Street Journal","lang":"en","profile_background_tile":false,"favourites_count":999,"screen_name":"WSJ","notifications":false,"url":"http:\/\/t.co\/ISU3VFHHhP","created_at":"Sun Apr 01 06:22:13 +0000 2007","contributors_enabled":false,"time_zone":"Eastern Time (US & Canada)","protected":false,"default_profile":false,"is_translator":false},"geo":null,"in_reply_to_user_id_str":null,"possibly_sensitive":false,"lang":"en","created_at":"Mon Dec 15 00:38:04 +0000 2014","in_reply_to_status_id_str":null,"place":null}