{"contributors":null,"truncated":false,"text":"DO NOT TWEET POLICE MOVEMENTS. Don't tweet photos of police, their faces, their location, anything. Seriously. It's simple #sydneysiege","in_reply_to_status_id":null,"id":544287332061298688,"favorite_count":147,"source":"<a href=\"http:\/\/twitter.com\" rel=\"nofollow\">Twitter Web Client<\/a>","retweeted":false,"coordinates":null,"entities":{"symbols":[],"user_mentions":[],"hashtags":[{"indices":[123,135],"text":"sydneysiege"}],"urls":[]},"in_reply_to_screen_name":null,"id_str":"544287332061298688","retweet_count":285,"in_reply_to_user_id":null,"favorited":false,"user":{"follow_request_sent":false,"profile_use_background_image":true,"profile_text_color":"333333","default_profile_image":false,"id":123746182,"profile_background_image_url_https":"https:\/\/abs.twimg.com\/images\/themes\/theme18\/bg.gif","verified":false,"profile_location":null,"profile_image_url_https":"https:\/\/pbs.twimg.com\/profile_images\/568738726361063424\/tLA7thyF_normal.jpeg","profile_sidebar_fill_color":"F6F6F6","entities":{"url":{"urls":[{"url":"http:\/\/t.co\/2dFkKS4vxI","indices":[0,22],"expanded_url":"http:\/\/instagram.com\/amberpickette","display_url":"instagram.com\/amberpickette"}]},"description":{"urls":[]}},"followers_count":477,"profile_sidebar_border_color":"EEEEEE","id_str":"123746182","profile_background_color":"ACDED6","listed_count":10,"is_translation_enabled":false,"utc_offset":39600,"statuses_count":4030,"description":"Entertainment news aficionado. Journalist. Pretend photographer. Always a country girl at heart.","friends_count":1202,"location":"Sydney, Australia","profile_link_color":"038543","profile_image_url":"http:\/\/pbs.twimg.com\/profile_images\/568738726361063424\/tLA7thyF_normal.jpeg","following":false,"geo_enabled":true,"profile_banner_url":"https:\/\/pbs.twimg.com\/profile_banners\/123746182\/1412231114","profile_background_image_url":"http:\/\/abs.twimg.com\/images\/themes\/theme18\/bg.gif","name":"Amber Pickette","lang":"en","profile_background_tile":false,"favourites_count":1046,"screen_name":"AmberPickette","notifications":false,"url":"http:\/\/t.co\/2dFkKS4vxI","created_at":"Wed Mar 17 03:22:21 +0000 2010","contributors_enabled":false,"time_zone":"Sydney","protected":false,"default_profile":false,"is_translator":false},"geo":null,"in_reply_to_user_id_str":null,"lang":"en","created_at":"Mon Dec 15 00:26:26 +0000 2014","in_reply_to_status_id_str":null,"place":null}