{"contributors": null, "truncated": false, "text": "Sky News reporter @campricenews at the scene of the #sydneysiege. Live now on Sky News + http://t.co/FwFefoiKa2\nhttps://t.co/6FXegnved4", "in_reply_to_status_id": null, "id": 544282714237448192, "favorite_count": 36, "source": "<a href=\"http://twitter.com\" rel=\"nofollow\">Twitter Web Client</a>", "retweeted": false, "coordinates": null, "entities": {"symbols": [], "user_mentions": [{"id": 24796875, "indices": [18, 31], "id_str": "24796875", "screen_name": "campricenews", "name": "Cameron Price"}], "hashtags": [{"indices": [52, 64], "text": "sydneysiege"}], "urls": [{"url": "http://t.co/FwFefoiKa2", "indices": [89, 111], "expanded_url": "http://bit.ly/1AxykTB", "display_url": "bit.ly/1AxykTB"}, {"url": "https://t.co/6FXegnved4", "indices": [112, 135], "expanded_url": "https://amp.twimg.com/v/78c66690-24ab-4307-b241-e6de87a2427a", "display_url": "amp.twimg.com/v/78c66690-24a\u2026"}]}, "in_reply_to_screen_name": null, "id_str": "544282714237448192", "retweet_count": 160, "in_reply_to_user_id": null, "favorited": false, "user": {"follow_request_sent": false, "profile_use_background_image": true, "profile_text_color": "000000", "default_profile_image": false, "id": 16834659, "profile_background_image_url_https": "https://pbs.twimg.com/profile_background_images/378800000071734124/dea3bd17ec32d1d204db6b0cee54df17.jpeg", "verified": true, "profile_location": null, "profile_image_url_https": "https://pbs.twimg.com/profile_images/378800000441802573/7d7dfe8dd3ef5cb743d617dc62f0aa92_normal.jpeg", "profile_sidebar_fill_color": "D10020", "entities": {"url": {"urls": [{"url": "http://t.co/fdZdyojAgW", "indices": [0, 22], "expanded_url": "http://www.skynews.com.au", "display_url": "skynews.com.au"}]}, "description": {"urls": [{"url": "http://t.co/nIE2DAOMCx", "indices": [96, 118], "expanded_url": "http://goo.gl/b9lnU", "display_url": "goo.gl/b9lnU"}]}}, "followers_count": 150738, "profile_sidebar_border_color": "FFFFFF", "id_str": "16834659", "profile_background_color": "000000", "listed_count": 2735, "is_translation_enabled": false, "utc_offset": 39600, "statuses_count": 114451, "description": "Sky News is Australia's 24/7 news channel, bringing you the latest news as it happens. Facebook http://t.co/nIE2DAOMCx | Ch 601 on Foxtel", "friends_count": 84767, "location": "Sydney, Australia", "profile_link_color": "FF0000", "profile_image_url": "http://pbs.twimg.com/profile_images/378800000441802573/7d7dfe8dd3ef5cb743d617dc62f0aa92_normal.jpeg", "following": false, "geo_enabled": false, "profile_banner_url": "https://pbs.twimg.com/profile_banners/16834659/1414972178", "profile_background_image_url": "http://pbs.twimg.com/profile_background_images/378800000071734124/dea3bd17ec32d1d204db6b0cee54df17.jpeg", "name": "Sky News Australia", "lang": "en", "profile_background_tile": false, "favourites_count": 1665, "screen_name": "SkyNewsAust", "notifications": false, "url": "http://t.co/fdZdyojAgW", "created_at": "Sat Oct 18 02:39:23 +0000 2008", "contributors_enabled": false, "time_zone": "Sydney", "protected": false, "default_profile": false, "is_translator": false}, "geo": null, "in_reply_to_user_id_str": null, "possibly_sensitive": false, "lang": "en", "created_at": "Mon Dec 15 00:08:06 +0000 2014", "in_reply_to_status_id_str": null, "place": null}