[{"contributors":null,"truncated":false,"text":"@SkyNewsAust I'm scared","in_reply_to_status_id":544279262547935232,"id":544279568312315904,"favorite_count":0,"source":"<a href=\"http://twitter.com/download/iphone\" rel=\"nofollow\">Twitter for iPhone</a>","retweeted":false,"coordinates":null,"entities":{"symbols":[],"user_mentions":[{"id":16834659,"indices":[0,12],"id_str":"16834659","screen_name":"SkyNewsAust","name":"Sky News Australia"}],"hashtags":[],"urls":[]},"in_reply_to_screen_name":"SkyNewsAust","id_str":"544279568312315904","retweet_count":0,"in_reply_to_user_id":16834659,"favorited":false,"user":{"follow_request_sent":false,"profile_use_background_image":true,"profile_text_color":"333333","default_profile_image":false,"id":1365890029,"profile_background_image_url_https":"https://abs.twimg.com/images/themes/theme1/bg.png","verified":false,"profile_location":null,"profile_image_url_https":"https://pbs.twimg.com/profile_images/541861043312406528/esqHNnXj_normal.jpeg","profile_sidebar_fill_color":"DDEEF6","entities":{"url":{"urls":[{"url":"http://t.co/PeZgvchZyq","indices":[0,22],"expanded_url":"http://youtu.be/2H90jh5AM4c","display_url":"youtu.be/2H90jh5AM4c"}]},"description":{"urls":[]}},"followers_count":983,"profile_sidebar_border_color":"C0DEED","id_str":"1365890029","profile_background_color":"C0DEED","listed_count":7,"is_translation_enabled":false,"utc_offset":3600,"statuses_count":2118,"description":"Ireland Souths Villa @greg_inglis EIRE UFC Jack Grealish fanatic. JDS","friends_count":180,"location":"macron lover ","profile_link_color":"0084B4","profile_image_url":"http://pbs.twimg.com/profile_images/541861043312406528/esqHNnXj_normal.jpeg","following":false,"geo_enabled":true,"profile_banner_url":"https://pbs.twimg.com/profile_banners/1365890029/1417979392","profile_background_image_url":"http://abs.twimg.com/images/themes/theme1/bg.png","name":"AH","lang":"en","profile_background_tile":false,"favourites_count":1739,"screen_name":"Jesuspaddy","notifications":false,"url":"http://t.co/PeZgvchZyq","created_at":"Sat Apr 20 01:48:42 +0000 2013","contributors_enabled":false,"time_zone":"Amsterdam","protected":false,"default_profile":true,"is_translator":false},"geo":null,"in_reply_to_user_id_str":"16834659","lang":"en","created_at":"Sun Dec 14 23:55:35 +0000 2014","in_reply_to_status_id_str":"544279262547935232","place":null},
{"contributors":null,"truncated":false,"text":"Sickening “@SkyNewsAust: Reportedly 13 hostages &amp; 2 or more gunmen inside Lindt cafe in Sydney  #sydneysiege (@liztilley84)”","in_reply_to_status_id":544279262547935232,"id":544279628462833664,"favorite_count":0,"source":"<a href=\"http://twitter.com/download/iphone\" rel=\"nofollow\">Twitter for iPhone</a>","retweeted":false,"coordinates":null,"entities":{"symbols":[],"user_mentions":[{"id":16834659,"indices":[11,23],"id_str":"16834659","screen_name":"SkyNewsAust","name":"Sky News Australia"},{"id":1269181292,"indices":[114,126],"id_str":"1269181292","screen_name":"liztilley84","name":"Elizabeth Tilley"}],"hashtags":[{"indices":[100,112],"text":"sydneysiege"}],"urls":[]},"in_reply_to_screen_name":"SkyNewsAust","id_str":"544279628462833664","retweet_count":0,"in_reply_to_user_id":16834659,"favorited":false,"user":{"follow_request_sent":false,"profile_use_background_image":true,"profile_text_color":"333333","default_profile_image":false,"id":315024285,"profile_background_image_url_https":"https://abs.twimg.com/images/themes/theme1/bg.png","verified":false,"profile_location":null,"profile_image_url_https":"https://pbs.twimg.com/profile_images/1390891133/_MG_0540_normal.jpg","profile_sidebar_fill_color":"DDEEF6","entities":{"url":{"urls":[{"url":"http://t.co/9Sb6Q9w9Jh","indices":[0,22],"expanded_url":"http://sydney.edu.au/medicine/people/academics/profiles/c.semsarian.php","display_url":"sydney.edu.au/medicine/peopl…"}]},"description":{"urls":[]}},"followers_count":1986,"profile_sidebar_border_color":"C0DEED","id_str":"315024285","profile_background_color":"C0DEED","listed_count":61,"is_translation_enabled":false,"utc_offset":39600,"statuses_count":12295,"description":"Research team led by Prof Chris Semsarian | focus on young with genetic heart diseases | all about saving lives | cardiologist | genetics | @Sydney_Uni | @NHMRC","friends_count":599,"location":"University of Sydney","profile_link_color":"0084B4","profile_image_url":"http://pbs.twimg.com/profile_images/1390891133/_MG_0540_normal.jpg","following":false,"geo_enabled":true,"profile_banner_url":"https://pbs.twimg.com/profile_banners/315024285/1412570199","profile_background_image_url":"http://abs.twimg.com/images/themes/theme1/bg.png","name":"Prof Chris Semsarian","lang":"en","profile_background_tile":false,"favourites_count":3470,"screen_name":"CSHeartResearch","notifications":false,"url":"http://t.co/9Sb6Q9w9Jh","created_at":"Sat Jun 11 05:27:44 +0000 2011","contributors_enabled":false,"time_zone":"Sydney","protected":false,"default_profile":true,"is_translator":false},"geo":null,"in_reply_to_user_id_str":"16834659","lang":"en","created_at":"Sun Dec 14 23:55:50 +0000 2014","in_reply_to_status_id_str":"544279262547935232","place":null},
{"contributors":null,"truncated":false,"text":"@SkyNewsAust @liztilley84 Has the writing on the flag been translated or are you just assuming it is ISIS? seems from other tweets it is not","in_reply_to_status_id":544279262547935232,"id":544279987755315201,"favorite_count":0,"source":"<a href=\"http://twitter.com\" rel=\"nofollow\">Twitter Web Client</a>","retweeted":false,"coordinates":null,"entities":{"symbols":[],"user_mentions":[{"id":16834659,"indices":[0,12],"id_str":"16834659","screen_name":"SkyNewsAust","name":"Sky News Australia"},{"id":1269181292,"indices":[13,25],"id_str":"1269181292","screen_name":"liztilley84","name":"Elizabeth Tilley"}],"hashtags":[],"urls":[]},"in_reply_to_screen_name":"SkyNewsAust","id_str":"544279987755315201","retweet_count":0,"in_reply_to_user_id":16834659,"favorited":false,"user":{"follow_request_sent":false,"profile_use_background_image":true,"profile_text_color":"333333","default_profile_image":false,"id":350745937,"profile_background_image_url_https":"https://abs.twimg.com/images/themes/theme1/bg.png","verified":false,"profile_location":null,"profile_image_url_https":"https://pbs.twimg.com/profile_images/378800000372986762/3ab1597b898550f57ef303593a5bc083_normal.png","profile_sidebar_fill_color":"DDEEF6","entities":{"description":{"urls":[]}},"followers_count":1126,"profile_sidebar_border_color":"C0DEED","id_str":"350745937","profile_background_color":"C0DEED","listed_count":4,"is_translation_enabled":false,"utc_offset":36000,"statuses_count":15911,"description":"Pensioner on the downhill run likes computers politics good jokes quiet life","friends_count":1186,"location":"Queensland Australia","profile_link_color":"0084B4","profile_image_url":"http://pbs.twimg.com/profile_images/378800000372986762/3ab1597b898550f57ef303593a5bc083_normal.png","following":false,"geo_enabled":false,"profile_banner_url":"https://pbs.twimg.com/profile_banners/350745937/1356740047","profile_background_image_url":"http://abs.twimg.com/images/themes/theme1/bg.png","name":"George","lang":"en","profile_background_tile":false,"favourites_count":86,"screen_name":"OverTheHill4","notifications":false,"url":null,"created_at":"Mon Aug 08 07:37:51 +0000 2011","contributors_enabled":false,"time_zone":"Brisbane","protected":false,"default_profile":true,"is_translator":false},"geo":null,"in_reply_to_user_id_str":"16834659","lang":"en","created_at":"Sun Dec 14 23:57:15 +0000 2014","in_reply_to_status_id_str":"544279262547935232","place":null},
{"contributors":null,"truncated":false,"text":"@SkyNewsAust @liztilley84 .Are praying for the safety of all the hostages.Mr.Police,Please act AQAP possible to catch&amp;hang those cowards.","in_reply_to_status_id":544279262547935232,"id":544280043950579712,"favorite_count":0,"source":"<a href=\"http://twitter.com/download/android\" rel=\"nofollow\">Twitter for Android</a>","retweeted":false,"coordinates":null,"entities":{"symbols":[],"user_mentions":[{"id":16834659,"indices":[0,12],"id_str":"16834659","screen_name":"SkyNewsAust","name":"Sky News Australia"},{"id":1269181292,"indices":[13,25],"id_str":"1269181292","screen_name":"liztilley84","name":"Elizabeth Tilley"}],"hashtags":[],"urls":[]},"in_reply_to_screen_name":"SkyNewsAust","id_str":"544280043950579712","retweet_count":0,"in_reply_to_user_id":16834659,"favorited":false,"user":{"follow_request_sent":false,"profile_use_background_image":true,"profile_text_color":"333333","default_profile_image":false,"id":754288945,"profile_background_image_url_https":"https://abs.twimg.com/images/themes/theme1/bg.png","verified":false,"profile_location":null,"profile_image_url_https":"https://pbs.twimg.com/profile_images/2505524424/c63pntlj6bxqcx2y52ds_normal.jpeg","profile_sidebar_fill_color":"DDEEF6","entities":{"description":{"urls":[{"url":"http://t.co/kMI26IfA","indices":[134,154],"expanded_url":"http://www.facebook.com/public/Peduli-Timor-Barat","display_url":"facebook.com/public/Peduli-…"}]}},"followers_count":606,"profile_sidebar_border_color":"C0DEED","id_str":"754288945","profile_background_color":"C0DEED","listed_count":9,"is_translation_enabled":false,"utc_offset":-25200,"statuses_count":9982,"description":"Struggle for West Timor People's rights&interests Over Timor Sea.\r\nMemperjuangkan hak&kepentingan Rakyat Timor Barat  di Laut Timor.\r\nhttp://t.co/kMI26IfA","friends_count":2001,"location":"Kupang-West Timor","profile_link_color":"0084B4","profile_image_url":"http://pbs.twimg.com/profile_images/2505524424/c63pntlj6bxqcx2y52ds_normal.jpeg","following":false,"geo_enabled":false,"profile_banner_url":"https://pbs.twimg.com/profile_banners/754288945/1389113491","profile_background_image_url":"http://abs.twimg.com/images/themes/theme1/bg.png","name":"Peduli Timor Barat","lang":"en","profile_background_tile":false,"favourites_count":9,"screen_name":"WestTimor","notifications":false,"url":null,"created_at":"Mon Aug 13 02:57:36 +0000 2012","contributors_enabled":false,"time_zone":"Arizona","protected":false,"default_profile":true,"is_translator":false},"geo":null,"in_reply_to_user_id_str":"16834659","lang":"en","created_at":"Sun Dec 14 23:57:29 +0000 2014","in_reply_to_status_id_str":"544279262547935232","place":null},
{"contributors":null,"truncated":false,"text":"#Australia #ISIS #Terrorism\n@SkyNewsAust: Report: 13 hostages &amp; 2 or more gunmen inside #Lindt cafe in #Sydney\n#sydneysiege\n@liztilley84","in_reply_to_status_id":544279262547935232,"id":544280439150899200,"favorite_count":0,"source":"<a href=\"http://twitter.com/#!/download/ipad\" rel=\"nofollow\">Twitter for iPad</a>","retweeted":false,"coordinates":null,"entities":{"symbols":[],"user_mentions":[{"id":16834659,"indices":[28,40],"id_str":"16834659","screen_name":"SkyNewsAust","name":"Sky News Australia"},{"id":1269181292,"indices":[128,140],"id_str":"1269181292","screen_name":"liztilley84","name":"Elizabeth Tilley"}],"hashtags":[{"indices":[0,10],"text":"Australia"},{"indices":[11,16],"text":"ISIS"},{"indices":[17,27],"text":"Terrorism"},{"indices":[92,98],"text":"Lindt"},{"indices":[107,114],"text":"Sydney"},{"indices":[115,127],"text":"sydneysiege"}],"urls":[]},"in_reply_to_screen_name":"SkyNewsAust","id_str":"544280439150899200","retweet_count":0,"in_reply_to_user_id":16834659,"favorited":false,"user":{"follow_request_sent":false,"profile_use_background_image":true,"profile_text_color":"333333","default_profile_image":false,"id":999907196,"profile_background_image_url_https":"https://abs.twimg.com/images/themes/theme1/bg.png","verified":false,"profile_location":null,"profile_image_url_https":"https://pbs.twimg.com/profile_images/2954714522/25e1298f6339017afbc26fbcb2854770_normal.jpeg","profile_sidebar_fill_color":"DDEEF6","entities":{"url":{"urls":[{"url":"http://t.co/PBGyW7s34Y","indices":[0,22],"expanded_url":"http://ottawafamilytree.net","display_url":"ottawafamilytree.net"}]},"description":{"urls":[]}},"followers_count":866,"profile_sidebar_border_color":"C0DEED","id_str":"999907196","profile_background_color":"C0DEED","listed_count":29,"is_translation_enabled":false,"utc_offset":null,"statuses_count":12185,"description":"McEwan, Wilson, Cadieux, Frood, O'Connor, Doyle, Dolan, Killeen,  descendants & ancestors from Scotland, Ireland & France","friends_count":1547,"location":"Ottawa, Canada","profile_link_color":"0084B4","profile_image_url":"http://pbs.twimg.com/profile_images/2954714522/25e1298f6339017afbc26fbcb2854770_normal.jpeg","following":false,"geo_enabled":false,"profile_banner_url":"https://pbs.twimg.com/profile_banners/999907196/1355692571","profile_background_image_url":"http://abs.twimg.com/images/themes/theme1/bg.png","name":"Ottawa Family Tree","lang":"en","profile_background_tile":false,"favourites_count":208,"screen_name":"ottawafamtree","notifications":false,"url":"http://t.co/PBGyW7s34Y","created_at":"Sun Dec 09 18:50:46 +0000 2012","contributors_enabled":false,"time_zone":null,"protected":false,"default_profile":true,"is_translator":false},"geo":null,"in_reply_to_user_id_str":"16834659","lang":"en","created_at":"Sun Dec 14 23:59:03 +0000 2014","in_reply_to_status_id_str":"544279262547935232","place":null},
{"contributors":null,"truncated":false,"text":"the chocolate store? RT @SkyNewsAust: Reportedly 13 hostages &amp; 2 or more gunmen inside Lindt cafe in Sydney  #sydneysiege (@liztilley84)","in_reply_to_status_id":544279262547935232,"id":544281361507684352,"favorite_count":0,"source":"<a href=\"http://twitter.com/download/iphone\" rel=\"nofollow\">Twitter for iPhone</a>","retweeted":false,"coordinates":null,"entities":{"symbols":[],"user_mentions":[{"id":16834659,"indices":[24,36],"id_str":"16834659","screen_name":"SkyNewsAust","name":"Sky News Australia"},{"id":1269181292,"indices":[127,139],"id_str":"1269181292","screen_name":"liztilley84","name":"Elizabeth Tilley"}],"hashtags":[{"indices":[113,125],"text":"sydneysiege"}],"urls":[]},"in_reply_to_screen_name":"SkyNewsAust","id_str":"544281361507684352","retweet_count":0,"in_reply_to_user_id":16834659,"favorited":false,"user":{"follow_request_sent":false,"profile_use_background_image":false,"profile_text_color":"000000","default_profile_image":false,"id":335989040,"profile_background_image_url_https":"https://abs.twimg.com/images/themes/theme14/bg.gif","verified":false,"profile_location":null,"profile_image_url_https":"https://pbs.twimg.com/profile_images/587663337573462017/KBNdsZy-_normal.jpg","profile_sidebar_fill_color":"000000","entities":{"url":{"urls":[{"url":"http://t.co/KYIWrfqJ62","indices":[0,22],"expanded_url":"http://www.thekimbrownshow.com/2/","display_url":"thekimbrownshow.com/2/"}]},"description":{"urls":[]}},"followers_count":1540,"profile_sidebar_border_color":"000000","id_str":"335989040","profile_background_color":"000000","listed_count":43,"is_translation_enabled":false,"utc_offset":-18000,"statuses_count":43675,"description":"A nice lady who will bite you. Professional talker. Grammar gnasher. Lover of hobbits. Hater of dumbs. #TempleMade","friends_count":1999,"location":"Flourishment, Maryland ","profile_link_color":"9266CC","profile_image_url":"http://pbs.twimg.com/profile_images/587663337573462017/KBNdsZy-_normal.jpg","following":false,"geo_enabled":true,"profile_banner_url":"https://pbs.twimg.com/profile_banners/335989040/1414752042","profile_background_image_url":"http://abs.twimg.com/images/themes/theme14/bg.gif","name":"Kimberly J.","lang":"en","profile_background_tile":false,"favourites_count":6807,"screen_name":"KimBrownTalks","notifications":false,"url":"http://t.co/KYIWrfqJ62","created_at":"Fri Jul 15 15:32:56 +0000 2011","contributors_enabled":false,"time_zone":"Eastern Time (US & Canada)","protected":false,"default_profile":false,"is_translator":false},"geo":null,"in_reply_to_user_id_str":"16834659","lang":"en","created_at":"Mon Dec 15 00:02:43 +0000 2014","in_reply_to_status_id_str":"544279262547935232","place":null},
{"contributors":null,"truncated":false,"text":"@KimBrownTalks @SkyNewsAust @liztilley84 yep","in_reply_to_status_id":544281361507684352,"id":544282487170420737,"favorite_count":0,"source":"<a href=\"http://twitter.com\" rel=\"nofollow\">Twitter Web Client</a>","retweeted":false,"coordinates":null,"entities":{"symbols":[],"user_mentions":[{"id":335989040,"indices":[0,14],"id_str":"335989040","screen_name":"KimBrownTalks","name":"Kimberly J."},{"id":16834659,"indices":[15,27],"id_str":"16834659","screen_name":"SkyNewsAust","name":"Sky News Australia"},{"id":1269181292,"indices":[28,40],"id_str":"1269181292","screen_name":"liztilley84","name":"Elizabeth Tilley"}],"hashtags":[],"urls":[]},"in_reply_to_screen_name":"KimBrownTalks","id_str":"544282487170420737","retweet_count":0,"in_reply_to_user_id":335989040,"favorited":false,"user":{"follow_request_sent":false,"profile_use_background_image":false,"profile_text_color":"333333","default_profile_image":false,"id":524805687,"profile_background_image_url_https":"https://pbs.twimg.com/profile_background_images/378800000181180656/FRpLcj2Y.jpeg","verified":false,"profile_location":null,"profile_image_url_https":"https://pbs.twimg.com/profile_images/541546885450715138/Igyfqy9R_normal.jpeg","profile_sidebar_fill_color":"DDEEF6","entities":{"description":{"urls":[]}},"followers_count":272,"profile_sidebar_border_color":"000000","id_str":"524805687","profile_background_color":"ACDED6","listed_count":5,"is_translation_enabled":false,"utc_offset":39600,"statuses_count":13393,"description":"A society grows great when old men plant trees whose shade they know they shall never sit in","friends_count":1609,"location":"sydney, straya","profile_link_color":"490EEB","profile_image_url":"http://pbs.twimg.com/profile_images/541546885450715138/Igyfqy9R_normal.jpeg","following":false,"geo_enabled":true,"profile_banner_url":"https://pbs.twimg.com/profile_banners/524805687/1412314674","profile_background_image_url":"http://pbs.twimg.com/profile_background_images/378800000181180656/FRpLcj2Y.jpeg","name":"ben.","lang":"en","profile_background_tile":true,"favourites_count":4584,"screen_name":"benyahh","notifications":false,"url":null,"created_at":"Wed Mar 14 22:48:17 +0000 2012","contributors_enabled":false,"time_zone":"Sydney","protected":false,"default_profile":false,"is_translator":false},"geo":null,"in_reply_to_user_id_str":"335989040","lang":"und","created_at":"Mon Dec 15 00:07:11 +0000 2014","in_reply_to_status_id_str":"544281361507684352","place":null},
{"contributors":null,"truncated":false,"text":"@benyahh @SkyNewsAust @liztilley84 how serious is this? Hard to discern media hype vs. reality on Twitter.","in_reply_to_status_id":544282487170420737,"id":544283488162414592,"favorite_count":0,"source":"<a href=\"http://twitter.com/download/iphone\" rel=\"nofollow\">Twitter for iPhone</a>","retweeted":false,"coordinates":null,"entities":{"symbols":[],"user_mentions":[{"id":524805687,"indices":[0,8],"id_str":"524805687","screen_name":"benyahh","name":"ben."},{"id":16834659,"indices":[9,21],"id_str":"16834659","screen_name":"SkyNewsAust","name":"Sky News Australia"},{"id":1269181292,"indices":[22,34],"id_str":"1269181292","screen_name":"liztilley84","name":"Elizabeth Tilley"}],"hashtags":[],"urls":[]},"in_reply_to_screen_name":"benyahh","id_str":"544283488162414592","retweet_count":0,"in_reply_to_user_id":524805687,"favorited":false,"user":{"follow_request_sent":false,"profile_use_background_image":false,"profile_text_color":"000000","default_profile_image":false,"id":335989040,"profile_background_image_url_https":"https://abs.twimg.com/images/themes/theme14/bg.gif","verified":false,"profile_location":null,"profile_image_url_https":"https://pbs.twimg.com/profile_images/587663337573462017/KBNdsZy-_normal.jpg","profile_sidebar_fill_color":"000000","entities":{"url":{"urls":[{"url":"http://t.co/KYIWrfqJ62","indices":[0,22],"expanded_url":"http://www.thekimbrownshow.com/2/","display_url":"thekimbrownshow.com/2/"}]},"description":{"urls":[]}},"followers_count":1540,"profile_sidebar_border_color":"000000","id_str":"335989040","profile_background_color":"000000","listed_count":43,"is_translation_enabled":false,"utc_offset":-18000,"statuses_count":43675,"description":"A nice lady who will bite you. Professional talker. Grammar gnasher. Lover of hobbits. Hater of dumbs. #TempleMade","friends_count":1999,"location":"Flourishment, Maryland ","profile_link_color":"9266CC","profile_image_url":"http://pbs.twimg.com/profile_images/587663337573462017/KBNdsZy-_normal.jpg","following":false,"geo_enabled":true,"profile_banner_url":"https://pbs.twimg.com/profile_banners/335989040/1414752042","profile_background_image_url":"http://abs.twimg.com/images/themes/theme14/bg.gif","name":"Kimberly J.","lang":"en","profile_background_tile":false,"favourites_count":6807,"screen_name":"KimBrownTalks","notifications":false,"url":"http://t.co/KYIWrfqJ62","created_at":"Fri Jul 15 15:32:56 +0000 2011","contributors_enabled":false,"time_zone":"Eastern Time (US & Canada)","protected":false,"default_profile":false,"is_translator":false},"geo":null,"in_reply_to_user_id_str":"524805687","lang":"en","created_at":"Mon Dec 15 00:11:10 +0000 2014","in_reply_to_status_id_str":"544282487170420737","place":null},
{"contributors":null,"truncated":false,"text":"@KimBrownTalks basically the center of Australia's biggest city in a popular cafe w ~13 hostages so fairly serious but not dire","in_reply_to_status_id":544283488162414592,"id":544284038760914945,"favorite_count":0,"source":"<a href=\"http://twitter.com\" rel=\"nofollow\">Twitter Web Client</a>","retweeted":false,"coordinates":null,"entities":{"symbols":[],"user_mentions":[{"id":335989040,"indices":[0,14],"id_str":"335989040","screen_name":"KimBrownTalks","name":"Kimberly J."}],"hashtags":[],"urls":[]},"in_reply_to_screen_name":"KimBrownTalks","id_str":"544284038760914945","retweet_count":1,"in_reply_to_user_id":335989040,"favorited":false,"user":{"follow_request_sent":false,"profile_use_background_image":false,"profile_text_color":"333333","default_profile_image":false,"id":524805687,"profile_background_image_url_https":"https://pbs.twimg.com/profile_background_images/378800000181180656/FRpLcj2Y.jpeg","verified":false,"profile_location":null,"profile_image_url_https":"https://pbs.twimg.com/profile_images/541546885450715138/Igyfqy9R_normal.jpeg","profile_sidebar_fill_color":"DDEEF6","entities":{"description":{"urls":[]}},"followers_count":272,"profile_sidebar_border_color":"000000","id_str":"524805687","profile_background_color":"ACDED6","listed_count":5,"is_translation_enabled":false,"utc_offset":39600,"statuses_count":13393,"description":"A society grows great when old men plant trees whose shade they know they shall never sit in","friends_count":1609,"location":"sydney, straya","profile_link_color":"490EEB","profile_image_url":"http://pbs.twimg.com/profile_images/541546885450715138/Igyfqy9R_normal.jpeg","following":false,"geo_enabled":true,"profile_banner_url":"https://pbs.twimg.com/profile_banners/524805687/1412314674","profile_background_image_url":"http://pbs.twimg.com/profile_background_images/378800000181180656/FRpLcj2Y.jpeg","name":"ben.","lang":"en","profile_background_tile":true,"favourites_count":4584,"screen_name":"benyahh","notifications":false,"url":null,"created_at":"Wed Mar 14 22:48:17 +0000 2012","contributors_enabled":false,"time_zone":"Sydney","protected":false,"default_profile":false,"is_translator":false},"geo":null,"in_reply_to_user_id_str":"335989040","lang":"en","created_at":"Mon Dec 15 00:13:21 +0000 2014","in_reply_to_status_id_str":"544283488162414592","place":null},
{"contributors":null,"truncated":false,"text":"@benyahh right-o. hope it works out with no loss of life.","in_reply_to_status_id":544284038760914945,"id":544285042592460800,"favorite_count":0,"source":"<a href=\"http://twitter.com/download/iphone\" rel=\"nofollow\">Twitter for iPhone</a>","retweeted":false,"coordinates":null,"entities":{"symbols":[],"user_mentions":[{"id":524805687,"indices":[0,8],"id_str":"524805687","screen_name":"benyahh","name":"ben."}],"hashtags":[],"urls":[]},"in_reply_to_screen_name":"benyahh","id_str":"544285042592460800","retweet_count":0,"in_reply_to_user_id":524805687,"favorited":false,"user":{"follow_request_sent":false,"profile_use_background_image":false,"profile_text_color":"000000","default_profile_image":false,"id":335989040,"profile_background_image_url_https":"https://abs.twimg.com/images/themes/theme14/bg.gif","verified":false,"profile_location":null,"profile_image_url_https":"https://pbs.twimg.com/profile_images/587663337573462017/KBNdsZy-_normal.jpg","profile_sidebar_fill_color":"000000","entities":{"url":{"urls":[{"url":"http://t.co/KYIWrfqJ62","indices":[0,22],"expanded_url":"http://www.thekimbrownshow.com/2/","display_url":"thekimbrownshow.com/2/"}]},"description":{"urls":[]}},"followers_count":1540,"profile_sidebar_border_color":"000000","id_str":"335989040","profile_background_color":"000000","listed_count":43,"is_translation_enabled":false,"utc_offset":-18000,"statuses_count":43675,"description":"A nice lady who will bite you. Professional talker. Grammar gnasher. Lover of hobbits. Hater of dumbs. #TempleMade","friends_count":1999,"location":"Flourishment, Maryland ","profile_link_color":"9266CC","profile_image_url":"http://pbs.twimg.com/profile_images/587663337573462017/KBNdsZy-_normal.jpg","following":false,"geo_enabled":true,"profile_banner_url":"https://pbs.twimg.com/profile_banners/335989040/1414752042","profile_background_image_url":"http://abs.twimg.com/images/themes/theme14/bg.gif","name":"Kimberly J.","lang":"en","profile_background_tile":false,"favourites_count":6807,"screen_name":"KimBrownTalks","notifications":false,"url":"http://t.co/KYIWrfqJ62","created_at":"Fri Jul 15 15:32:56 +0000 2011","contributors_enabled":false,"time_zone":"Eastern Time (US & Canada)","protected":false,"default_profile":false,"is_translator":false},"geo":null,"in_reply_to_user_id_str":"524805687","lang":"en","created_at":"Mon Dec 15 00:17:21 +0000 2014","in_reply_to_status_id_str":"544284038760914945","place":null}
]