{"contributors":null,"truncated":false,"text":"LIVE: 'Islamists' take 20 hostages in Sydney cafe siege http:\/\/t.co\/J4NEmb5jPx #sydneysiege","in_reply_to_status_id":null,"id":544288135564107776,"favorite_count":32,"source":"<a href=\"https:\/\/dev.twitter.com\/docs\/tfw\" rel=\"nofollow\">Twitter for Websites<\/a>","retweeted":false,"coordinates":null,"entities":{"symbols":[],"user_mentions":[],"hashtags":[{"indices":[79,91],"text":"sydneysiege"}],"urls":[{"url":"http:\/\/t.co\/J4NEmb5jPx","indices":[56,78],"expanded_url":"http:\/\/fw.to\/ijXzBxP","display_url":"fw.to\/ijXzBxP"}]},"in_reply_to_screen_name":null,"id_str":"544288135564107776","retweet_count":215,"in_reply_to_user_id":null,"favorited":false,"user":{"follow_request_sent":false,"profile_use_background_image":true,"profile_text_color":"000000","default_profile_image":false,"id":16343974,"profile_background_image_url_https":"https:\/\/pbs.twimg.com\/profile_background_images\/177485899\/Comment_twitter.png","verified":true,"profile_location":null,"profile_image_url_https":"https:\/\/pbs.twimg.com\/profile_images\/507136992077832192\/BBMrT1P7_normal.png","profile_sidebar_fill_color":"F4F4F0","entities":{"url":{"urls":[{"url":"http:\/\/t.co\/yxRjRj4dXg","indices":[0,22],"expanded_url":"http:\/\/www.telegraph.co.uk\/","display_url":"telegraph.co.uk"}]},"description":{"urls":[]}},"followers_count":745536,"profile_sidebar_border_color":"FFFFFF","id_str":"16343974","profile_background_color":"5F5653","listed_count":9457,"is_translation_enabled":false,"utc_offset":0,"statuses_count":197906,"description":"News, comment, Matt cartoons and more from The Daily and Sunday Telegraph. Tweets by @richjm, @martaruco, @nmurchu and @jonesr","friends_count":263,"location":"London, UK","profile_link_color":"5F5653","profile_image_url":"http:\/\/pbs.twimg.com\/profile_images\/507136992077832192\/BBMrT1P7_normal.png","following":false,"geo_enabled":true,"profile_banner_url":"https:\/\/pbs.twimg.com\/profile_banners\/16343974\/1409746031","profile_background_image_url":"http:\/\/pbs.twimg.com\/profile_background_images\/177485899\/Comment_twitter.png","name":"The Telegraph","lang":"en","profile_background_tile":true,"favourites_count":77,"screen_name":"Telegraph","notifications":false,"url":"http:\/\/t.co\/yxRjRj4dXg","created_at":"Thu Sep 18 06:50:54 +0000 2008","contributors_enabled":false,"time_zone":"London","protected":false,"default_profile":false,"is_translator":false},"geo":null,"in_reply_to_user_id_str":null,"possibly_sensitive":false,"lang":"en","created_at":"Mon Dec 15 00:29:38 +0000 2014","in_reply_to_status_id_str":null,"place":null}