{"contributors":null,"truncated":false,"text":"Up to 20 held hostage in Sydney Lindt Cafe siege http:\/\/t.co\/4KisV2PKI5 http:\/\/t.co\/qIaa63SCQk","in_reply_to_status_id":null,"id":544288681021145090,"favorite_count":24,"source":"<a href=\"http:\/\/twitter.com\" rel=\"nofollow\">Twitter Web Client<\/a>","retweeted":false,"coordinates":null,"entities":{"symbols":[],"user_mentions":[],"hashtags":[],"urls":[{"url":"http:\/\/t.co\/4KisV2PKI5","indices":[49,71],"expanded_url":"http:\/\/ind.pn\/1w7IWcM","display_url":"ind.pn\/1w7IWcM"}],"media":[{"expanded_url":"http:\/\/twitter.com\/Independent\/status\/544288681021145090\/photo\/1","display_url":"pic.twitter.com\/qIaa63SCQk","url":"http:\/\/t.co\/qIaa63SCQk","media_url_https":"https:\/\/pbs.twimg.com\/media\/B42zq73IcAAQM8I.jpg","id_str":"544288680186507264","sizes":{"small":{"h":255,"resize":"fit","w":340},"large":{"h":768,"resize":"fit","w":1024},"medium":{"h":450,"resize":"fit","w":600},"thumb":{"h":150,"resize":"crop","w":150}},"indices":[72,94],"type":"photo","id":544288680186507264,"media_url":"http:\/\/pbs.twimg.com\/media\/B42zq73IcAAQM8I.jpg"}]},"in_reply_to_screen_name":null,"id_str":"544288681021145090","retweet_count":168,"in_reply_to_user_id":null,"favorited":false,"user":{"follow_request_sent":false,"profile_use_background_image":true,"profile_text_color":"333333","default_profile_image":false,"id":16973333,"profile_background_image_url_https":"https:\/\/pbs.twimg.com\/profile_background_images\/378800000119288704\/4ac964c83462c88837dc1e735aa1a45e.png","verified":true,"profile_location":null,"profile_image_url_https":"https:\/\/pbs.twimg.com\/profile_images\/583628771972018176\/ztJn926g_normal.png","profile_sidebar_fill_color":"FFFFFF","entities":{"url":{"urls":[{"url":"http:\/\/t.co\/GsqzXf7Q10","indices":[0,22],"expanded_url":"http:\/\/www.independent.co.uk","display_url":"independent.co.uk"}]},"description":{"urls":[{"url":"http:\/\/t.co\/WQAUQYNJfd","indices":[126,148],"expanded_url":"http:\/\/ind.pn\/Wdlm9a","display_url":"ind.pn\/Wdlm9a"}]}},"followers_count":937955,"profile_sidebar_border_color":"FFFFFF","id_str":"16973333","profile_background_color":"EBEBEB","listed_count":11440,"is_translation_enabled":true,"utc_offset":0,"statuses_count":115376,"description":"News, comment and features from The Independent. Also follow: @IndyVoices, \r\n@IndyPolitics, @IndyWorld and our journalists at http:\/\/t.co\/WQAUQYNJfd","friends_count":1766,"location":"London, United Kingdom","profile_link_color":"FC051A","profile_image_url":"http:\/\/pbs.twimg.com\/profile_images\/583628771972018176\/ztJn926g_normal.png","following":false,"geo_enabled":false,"profile_background_image_url":"http:\/\/pbs.twimg.com\/profile_background_images\/378800000119288704\/4ac964c83462c88837dc1e735aa1a45e.png","name":"The Independent","lang":"en","profile_background_tile":true,"favourites_count":39,"screen_name":"Independent","notifications":false,"url":"http:\/\/t.co\/GsqzXf7Q10","created_at":"Sun Oct 26 00:00:29 +0000 2008","contributors_enabled":false,"time_zone":"London","protected":false,"default_profile":false,"is_translator":false},"geo":null,"in_reply_to_user_id_str":null,"possibly_sensitive":false,"lang":"en","created_at":"Mon Dec 15 00:31:48 +0000 2014","in_reply_to_status_id_str":null,"place":null,"extended_entities":{"media":[{"expanded_url":"http:\/\/twitter.com\/Independent\/status\/544288681021145090\/photo\/1","display_url":"pic.twitter.com\/qIaa63SCQk","url":"http:\/\/t.co\/qIaa63SCQk","media_url_https":"https:\/\/pbs.twimg.com\/media\/B42zq73IcAAQM8I.jpg","id_str":"544288680186507264","sizes":{"small":{"h":255,"resize":"fit","w":340},"large":{"h":768,"resize":"fit","w":1024},"medium":{"h":450,"resize":"fit","w":600},"thumb":{"h":150,"resize":"crop","w":150}},"indices":[72,94],"type":"photo","id":544288680186507264,"media_url":"http:\/\/pbs.twimg.com\/media\/B42zq73IcAAQM8I.jpg"}]}}