{"contributors":null,"truncated":false,"text":"Australian radio reporting that #SydneySiege gunman not only wants to talk to the Prime Minister, but he wants to talk to him live on radio.","in_reply_to_status_id":null,"id":544289448150986752,"favorite_count":29,"source":"<a href=\"http:\/\/twitter.com\" rel=\"nofollow\">Twitter Web Client<\/a>","retweeted":false,"coordinates":null,"entities":{"symbols":[],"user_mentions":[],"hashtags":[{"indices":[32,44],"text":"SydneySiege"}],"urls":[]},"in_reply_to_screen_name":null,"id_str":"544289448150986752","retweet_count":175,"in_reply_to_user_id":null,"favorited":false,"user":{"follow_request_sent":false,"profile_use_background_image":false,"profile_text_color":"000000","default_profile_image":false,"id":20639175,"profile_background_image_url_https":"https:\/\/pbs.twimg.com\/profile_background_images\/190240728\/twit.jpg","verified":false,"profile_location":null,"profile_image_url_https":"https:\/\/pbs.twimg.com\/profile_images\/522849139000745984\/pdTYRvW8_normal.jpeg","profile_sidebar_fill_color":"C4B5C4","entities":{"url":{"urls":[{"url":"http:\/\/t.co\/HQVOgGmmHa","indices":[0,22],"expanded_url":"http:\/\/jackfxmoore.com","display_url":"jackfxmoore.com"}]},"description":{"urls":[]}},"followers_count":17860,"profile_sidebar_border_color":"050505","id_str":"20639175","profile_background_color":"0A0A0A","listed_count":286,"is_translation_enabled":false,"utc_offset":0,"statuses_count":15226,"description":"Foreign Reporter, @IBTimesUK. Back from the Middle East. Soon-to-be-reporter at @NewsweekEurope. Born at a very young age. Views my own.","friends_count":6864,"location":"London","profile_link_color":"2FC2EF","profile_image_url":"http:\/\/pbs.twimg.com\/profile_images\/522849139000745984\/pdTYRvW8_normal.jpeg","following":false,"geo_enabled":false,"profile_banner_url":"https:\/\/pbs.twimg.com\/profile_banners\/20639175\/1403183171","profile_background_image_url":"http:\/\/pbs.twimg.com\/profile_background_images\/190240728\/twit.jpg","name":"Jack Moore","lang":"en","profile_background_tile":false,"favourites_count":1706,"screen_name":"JFXM","notifications":false,"url":"http:\/\/t.co\/HQVOgGmmHa","created_at":"Wed Feb 11 23:20:57 +0000 2009","contributors_enabled":false,"time_zone":"London","protected":false,"default_profile":false,"is_translator":false},"geo":null,"in_reply_to_user_id_str":null,"lang":"en","created_at":"Mon Dec 15 00:34:51 +0000 2014","in_reply_to_status_id_str":null,"place":null}