{"contributors":null,"truncated":false,"text":"Australian police cordon off Sydney street; reports say hostages held in a cafe. Flag in window similar to those used by #ISIS militants","in_reply_to_status_id":null,"id":544275597464444929,"favorite_count":10,"source":"<a href=\"http:\/\/twitter.com\" rel=\"nofollow\">Twitter Web Client<\/a>","retweeted":false,"coordinates":null,"entities":{"symbols":[],"user_mentions":[],"hashtags":[{"indices":[121,126],"text":"ISIS"}],"urls":[]},"in_reply_to_screen_name":null,"id_str":"544275597464444929","retweet_count":121,"in_reply_to_user_id":null,"favorited":false,"user":{"follow_request_sent":false,"profile_use_background_image":true,"profile_text_color":"0C3E53","default_profile_image":false,"id":19038934,"profile_background_image_url_https":"https:\/\/pbs.twimg.com\/profile_background_images\/167718434\/cbcnews_twitter_pg-yellow.JPG","verified":true,"profile_location":null,"profile_image_url_https":"https:\/\/pbs.twimg.com\/profile_images\/563807705530245120\/92toBEKN_normal.jpeg","profile_sidebar_fill_color":"FFF7CC","entities":{"url":{"urls":[{"url":"http:\/\/t.co\/vAXH6cjeS8","indices":[0,22],"expanded_url":"http:\/\/www.cbc.ca\/news\/","display_url":"cbc.ca\/news\/"}]},"description":{"urls":[]}},"followers_count":402518,"profile_sidebar_border_color":"F2E195","id_str":"19038934","profile_background_color":"000000","listed_count":5449,"is_translation_enabled":false,"utc_offset":-18000,"statuses_count":27861,"description":"Breaking national and international news alerts from CBC News, Canada's TV, radio and online news leader.","friends_count":263,"location":"Toronto","profile_link_color":"FF0000","profile_image_url":"http:\/\/pbs.twimg.com\/profile_images\/563807705530245120\/92toBEKN_normal.jpeg","following":false,"geo_enabled":false,"profile_background_image_url":"http:\/\/pbs.twimg.com\/profile_background_images\/167718434\/cbcnews_twitter_pg-yellow.JPG","name":"CBC News Alerts","lang":"en","profile_background_tile":false,"favourites_count":21,"screen_name":"CBCAlerts","notifications":false,"url":"http:\/\/t.co\/vAXH6cjeS8","created_at":"Thu Jan 15 21:03:19 +0000 2009","contributors_enabled":false,"time_zone":"Eastern Time (US & Canada)","protected":false,"default_profile":false,"is_translator":false},"geo":null,"in_reply_to_user_id_str":null,"lang":"en","created_at":"Sun Dec 14 23:39:49 +0000 2014","in_reply_to_status_id_str":null,"place":null}