[{"contributors":null,"truncated":false,"text":"@joelhouston praying!!","in_reply_to_status_id":544284078330376192,"id":544284158210899969,"favorite_count":0,"source":"<a href=\"http://twitter.com/download/iphone\" rel=\"nofollow\">Twitter for iPhone</a>","retweeted":false,"coordinates":null,"entities":{"symbols":[],"user_mentions":[{"id":23950893,"indices":[0,12],"id_str":"23950893","screen_name":"joelhouston","name":"Joel Timothy Houston"}],"hashtags":[],"urls":[]},"in_reply_to_screen_name":"joelhouston","id_str":"544284158210899969","retweet_count":0,"in_reply_to_user_id":23950893,"favorited":false,"user":{"follow_request_sent":false,"profile_use_background_image":true,"profile_text_color":"333333","default_profile_image":false,"id":185162023,"profile_background_image_url_https":"https://abs.twimg.com/images/themes/theme1/bg.png","verified":false,"profile_location":null,"profile_image_url_https":"https://pbs.twimg.com/profile_images/1114464447/20641_1369531877353_1203416760_1154051_5454604_n_normal.jpg","profile_sidebar_fill_color":"DDEEF6","entities":{"description":{"urls":[]}},"followers_count":181,"profile_sidebar_border_color":"C0DEED","id_str":"185162023","profile_background_color":"C0DEED","listed_count":0,"is_translation_enabled":false,"utc_offset":null,"statuses_count":1747,"description":"Husband to my absolutely stunning wife Katie, proud brother, Christ follower, musician","friends_count":386,"location":"","profile_link_color":"0084B4","profile_image_url":"http://pbs.twimg.com/profile_images/1114464447/20641_1369531877353_1203416760_1154051_5454604_n_normal.jpg","following":false,"geo_enabled":false,"profile_background_image_url":"http://abs.twimg.com/images/themes/theme1/bg.png","name":"Matt Henry","lang":"en","profile_background_tile":false,"favourites_count":550,"screen_name":"mhen5","notifications":false,"url":null,"created_at":"Tue Aug 31 11:10:13 +0000 2010","contributors_enabled":false,"time_zone":null,"protected":false,"default_profile":true,"is_translator":false},"geo":null,"in_reply_to_user_id_str":"23950893","lang":"en","created_at":"Mon Dec 15 00:13:50 +0000 2014","in_reply_to_status_id_str":"544284078330376192","place":null},
{"contributors":null,"truncated":false,"text":"“@joelhouston: Pray with me for those being held hostage right now in Sydney.. And for the police and those responsible.. May peace prevail”","in_reply_to_status_id":544284078330376192,"id":544284915811225600,"favorite_count":0,"source":"<a href=\"http://twitter.com/download/iphone\" rel=\"nofollow\">Twitter for iPhone</a>","retweeted":false,"coordinates":null,"entities":{"symbols":[],"user_mentions":[{"id":23950893,"indices":[1,13],"id_str":"23950893","screen_name":"joelhouston","name":"Joel Timothy Houston"}],"hashtags":[],"urls":[]},"in_reply_to_screen_name":"joelhouston","id_str":"544284915811225600","retweet_count":0,"in_reply_to_user_id":23950893,"favorited":false,"user":{"follow_request_sent":false,"profile_use_background_image":true,"profile_text_color":"333333","default_profile_image":false,"id":37125611,"profile_background_image_url_https":"https://abs.twimg.com/images/themes/theme14/bg.gif","verified":false,"profile_location":null,"profile_image_url_https":"https://pbs.twimg.com/profile_images/490178454784991234/mk-LP7tO_normal.jpeg","profile_sidebar_fill_color":"EFEFEF","entities":{"url":{"urls":[{"url":"http://t.co/6X2JK9PBon","indices":[0,22],"expanded_url":"http://www.colby-ray.com","display_url":"colby-ray.com"}]},"description":{"urls":[]}},"followers_count":340,"profile_sidebar_border_color":"EEEEEE","id_str":"37125611","profile_background_color":"131516","listed_count":1,"is_translation_enabled":false,"utc_offset":-21600,"statuses_count":1102,"description":"Follower of Christ | Husband to @andreawilson26 | Photographer | Filmmaker | Reach The Unknown","friends_count":210,"location":"Wilmington, NC","profile_link_color":"009999","profile_image_url":"http://pbs.twimg.com/profile_images/490178454784991234/mk-LP7tO_normal.jpeg","following":false,"geo_enabled":true,"profile_banner_url":"https://pbs.twimg.com/profile_banners/37125611/1405708042","profile_background_image_url":"http://abs.twimg.com/images/themes/theme14/bg.gif","name":"Colby Ray ​ن","lang":"en","profile_background_tile":true,"favourites_count":112,"screen_name":"colbyjray","notifications":false,"url":"http://t.co/6X2JK9PBon","created_at":"Sat May 02 03:12:25 +0000 2009","contributors_enabled":false,"time_zone":"Central Time (US & Canada)","protected":false,"default_profile":false,"is_translator":false},"geo":null,"in_reply_to_user_id_str":"23950893","lang":"en","created_at":"Mon Dec 15 00:16:50 +0000 2014","in_reply_to_status_id_str":"544284078330376192","place":null},
{"contributors":null,"truncated":false,"text":"@joelhouston @thatrygood please  follow me please","in_reply_to_status_id":544284078330376192,"id":544284924006903809,"favorite_count":0,"source":"<a href=\"http://twitter.com/download/android\" rel=\"nofollow\">Twitter for Android</a>","retweeted":false,"coordinates":null,"entities":{"symbols":[],"user_mentions":[{"id":23950893,"indices":[0,12],"id_str":"23950893","screen_name":"joelhouston","name":"Joel Timothy Houston"},{"id":19679461,"indices":[13,24],"id_str":"19679461","screen_name":"thatrygood","name":"ryan good"}],"hashtags":[],"urls":[]},"in_reply_to_screen_name":"joelhouston","id_str":"544284924006903809","retweet_count":0,"in_reply_to_user_id":23950893,"favorited":false,"user":{"follow_request_sent":false,"profile_use_background_image":true,"profile_text_color":"333333","default_profile_image":false,"id":1583564820,"profile_background_image_url_https":"https://abs.twimg.com/images/themes/theme1/bg.png","verified":false,"profile_location":null,"profile_image_url_https":"https://pbs.twimg.com/profile_images/543501064910417920/9yVAJTe2_normal.jpeg","profile_sidebar_fill_color":"DDEEF6","entities":{"description":{"urls":[]}},"followers_count":574,"profile_sidebar_border_color":"C0DEED","id_str":"1583564820","profile_background_color":"C0DEED","listed_count":3,"is_translation_enabled":false,"utc_offset":null,"statuses_count":4953,"description":"hey download @shots  followed me  Cody, MILK , Bonnie, moms 4 Bieber, Hugo,christian,madison pettis,candie,sara  and ♥my life Justin  12/15/2014  ♥","friends_count":404,"location":"","profile_link_color":"0084B4","profile_image_url":"http://pbs.twimg.com/profile_images/543501064910417920/9yVAJTe2_normal.jpeg","following":false,"geo_enabled":true,"profile_banner_url":"https://pbs.twimg.com/profile_banners/1583564820/1418663550","profile_background_image_url":"http://abs.twimg.com/images/themes/theme1/bg.png","name":"thanks you Justin ♥","lang":"es","profile_background_tile":false,"favourites_count":3061,"screen_name":"nathaly96935754","notifications":false,"url":null,"created_at":"Wed Jul 10 17:14:54 +0000 2013","contributors_enabled":false,"time_zone":null,"protected":false,"default_profile":true,"is_translator":false},"geo":null,"in_reply_to_user_id_str":"23950893","lang":"en","created_at":"Mon Dec 15 00:16:52 +0000 2014","in_reply_to_status_id_str":"544284078330376192","place":null},
{"contributors":null,"truncated":false,"text":"@joelhouston  My prayers  go with yours on the other side  of the world","in_reply_to_status_id":544284078330376192,"id":544285477348835328,"favorite_count":0,"source":"<a href=\"https://mobile.twitter.com\" rel=\"nofollow\">Mobile Web (M5)</a>","retweeted":false,"coordinates":null,"entities":{"symbols":[],"user_mentions":[{"id":23950893,"indices":[0,12],"id_str":"23950893","screen_name":"joelhouston","name":"Joel Timothy Houston"}],"hashtags":[],"urls":[]},"in_reply_to_screen_name":"joelhouston","id_str":"544285477348835328","retweet_count":0,"in_reply_to_user_id":23950893,"favorited":false,"user":{"follow_request_sent":false,"profile_use_background_image":true,"profile_text_color":"333333","default_profile_image":false,"id":912151225,"profile_background_image_url_https":"https://abs.twimg.com/images/themes/theme1/bg.png","verified":false,"profile_location":null,"profile_image_url_https":"https://pbs.twimg.com/profile_images/440875867762204673/hFI7WiUG_normal.png","profile_sidebar_fill_color":"DDEEF6","entities":{"description":{"urls":[]}},"followers_count":451,"profile_sidebar_border_color":"C0DEED","id_str":"912151225","profile_background_color":"C0DEED","listed_count":1,"is_translation_enabled":false,"utc_offset":null,"statuses_count":1591,"description":"","friends_count":730,"location":"","profile_link_color":"0084B4","profile_image_url":"http://pbs.twimg.com/profile_images/440875867762204673/hFI7WiUG_normal.png","following":false,"geo_enabled":true,"profile_banner_url":"https://pbs.twimg.com/profile_banners/912151225/1375343441","profile_background_image_url":"http://abs.twimg.com/images/themes/theme1/bg.png","name":"Pro V One Kenobe","lang":"en","profile_background_tile":false,"favourites_count":227,"screen_name":"ProVwan","notifications":false,"url":null,"created_at":"Mon Oct 29 10:03:54 +0000 2012","contributors_enabled":false,"time_zone":null,"protected":false,"default_profile":true,"is_translator":false},"geo":null,"in_reply_to_user_id_str":"23950893","lang":"en","created_at":"Mon Dec 15 00:19:04 +0000 2014","in_reply_to_status_id_str":"544284078330376192","place":null},
{"contributors":null,"truncated":false,"text":"@joelhouston declare peace and freedom","in_reply_to_status_id":544284078330376192,"id":544287426961612800,"favorite_count":0,"source":"<a href=\"http://twitter.com/download/iphone\" rel=\"nofollow\">Twitter for iPhone</a>","retweeted":false,"coordinates":null,"entities":{"symbols":[],"user_mentions":[{"id":23950893,"indices":[0,12],"id_str":"23950893","screen_name":"joelhouston","name":"Joel Timothy Houston"}],"hashtags":[],"urls":[]},"in_reply_to_screen_name":"joelhouston","id_str":"544287426961612800","retweet_count":0,"in_reply_to_user_id":23950893,"favorited":false,"user":{"follow_request_sent":false,"profile_use_background_image":true,"profile_text_color":"666666","default_profile_image":false,"id":1328522521,"profile_background_image_url_https":"https://abs.twimg.com/images/themes/theme9/bg.gif","verified":false,"profile_location":null,"profile_image_url_https":"https://pbs.twimg.com/profile_images/531520282029072384/FGXd0ItQ_normal.jpeg","profile_sidebar_fill_color":"252429","entities":{"description":{"urls":[]}},"followers_count":24,"profile_sidebar_border_color":"181A1E","id_str":"1328522521","profile_background_color":"1A1B1F","listed_count":0,"is_translation_enabled":false,"utc_offset":-21600,"statuses_count":829,"description":"","friends_count":115,"location":"","profile_link_color":"2FC2EF","profile_image_url":"http://pbs.twimg.com/profile_images/531520282029072384/FGXd0ItQ_normal.jpeg","following":false,"geo_enabled":false,"profile_banner_url":"https://pbs.twimg.com/profile_banners/1328522521/1365143564","profile_background_image_url":"http://abs.twimg.com/images/themes/theme9/bg.gif","name":"Hector Garcia Chavez","lang":"en","profile_background_tile":false,"favourites_count":21,"screen_name":"Abanmaster15","notifications":false,"url":null,"created_at":"Fri Apr 05 06:17:59 +0000 2013","contributors_enabled":false,"time_zone":"Central Time (US & Canada)","protected":false,"default_profile":false,"is_translator":false},"geo":null,"in_reply_to_user_id_str":"23950893","lang":"en","created_at":"Mon Dec 15 00:26:49 +0000 2014","in_reply_to_status_id_str":"544284078330376192","place":null},
{"contributors":null,"truncated":false,"text":"@joelhouston praying","in_reply_to_status_id":544284078330376192,"id":544290137526763520,"favorite_count":0,"source":"<a href=\"http://twitter.com/download/android\" rel=\"nofollow\">Twitter for Android</a>","retweeted":false,"coordinates":null,"entities":{"symbols":[],"user_mentions":[{"id":23950893,"indices":[0,12],"id_str":"23950893","screen_name":"joelhouston","name":"Joel Timothy Houston"}],"hashtags":[],"urls":[]},"in_reply_to_screen_name":"joelhouston","id_str":"544290137526763520","retweet_count":0,"in_reply_to_user_id":23950893,"favorited":false,"user":{"follow_request_sent":false,"profile_use_background_image":true,"profile_text_color":"333333","default_profile_image":false,"id":473720831,"profile_background_image_url_https":"https://pbs.twimg.com/profile_background_images/432667726/images.jpeg","verified":false,"profile_location":null,"profile_image_url_https":"https://pbs.twimg.com/profile_images/539851482682916864/2Rmqrg10_normal.jpeg","profile_sidebar_fill_color":"DDEEF6","entities":{"url":{"urls":[{"url":"http://t.co/LKLZzofi7L","indices":[0,22],"expanded_url":"http://www.instagram.com/renato12Souza","display_url":"instagram.com/renato12Souza"}]},"description":{"urls":[]}},"followers_count":744,"profile_sidebar_border_color":"000000","id_str":"473720831","profile_background_color":"EB1DD3","listed_count":3,"is_translation_enabled":false,"utc_offset":-7200,"statuses_count":6345,"description":"Sem Palavras","friends_count":508,"location":"Manaus-Am","profile_link_color":"4A913C","profile_image_url":"http://pbs.twimg.com/profile_images/539851482682916864/2Rmqrg10_normal.jpeg","following":false,"geo_enabled":true,"profile_banner_url":"https://pbs.twimg.com/profile_banners/473720831/1418148712","profile_background_image_url":"http://pbs.twimg.com/profile_background_images/432667726/images.jpeg","name":"Renato Souza","lang":"pt","profile_background_tile":true,"favourites_count":746,"screen_name":"renato12souza","notifications":false,"url":"http://t.co/LKLZzofi7L","created_at":"Wed Jan 25 08:15:04 +0000 2012","contributors_enabled":false,"time_zone":"Brasilia","protected":false,"default_profile":false,"is_translator":false},"geo":null,"in_reply_to_user_id_str":"23950893","lang":"en","created_at":"Mon Dec 15 00:37:35 +0000 2014","in_reply_to_status_id_str":"544284078330376192","place":null},
{"contributors":null,"truncated":false,"text":"@joelhouston @hillsongconf I pray in Jesus' Name for non-violent solution","in_reply_to_status_id":544284078330376192,"id":544304153741524992,"favorite_count":0,"source":"<a href=\"http://twitter.com/download/iphone\" rel=\"nofollow\">Twitter for iPhone</a>","retweeted":false,"coordinates":null,"entities":{"symbols":[],"user_mentions":[{"id":23950893,"indices":[0,12],"id_str":"23950893","screen_name":"joelhouston","name":"Joel Timothy Houston"},{"id":135338524,"indices":[13,26],"id_str":"135338524","screen_name":"hillsongconf","name":"Hillsong Conference"}],"hashtags":[],"urls":[]},"in_reply_to_screen_name":"joelhouston","id_str":"544304153741524992","retweet_count":0,"in_reply_to_user_id":23950893,"favorited":false,"user":{"follow_request_sent":false,"profile_use_background_image":false,"profile_text_color":"333333","default_profile_image":false,"id":23574483,"profile_background_image_url_https":"https://pbs.twimg.com/profile_background_images/282999040/Rainbowcloud.jpg","verified":false,"profile_location":null,"profile_image_url_https":"https://pbs.twimg.com/profile_images/478509388693774337/1GqNkskQ_normal.jpeg","profile_sidebar_fill_color":"A0C5C7","entities":{"description":{"urls":[]}},"followers_count":151,"profile_sidebar_border_color":"FFFFFF","id_str":"23574483","profile_background_color":"288081","listed_count":1,"is_translation_enabled":false,"utc_offset":-18000,"statuses_count":6169,"description":"Always be faithing.™","friends_count":223,"location":"Kingdom of Ararat","profile_link_color":"FA743E","profile_image_url":"http://pbs.twimg.com/profile_images/478509388693774337/1GqNkskQ_normal.jpeg","following":false,"geo_enabled":true,"profile_banner_url":"https://pbs.twimg.com/profile_banners/23574483/1408805677","profile_background_image_url":"http://pbs.twimg.com/profile_background_images/282999040/Rainbowcloud.jpg","name":"Carenski","lang":"en","profile_background_tile":false,"favourites_count":943,"screen_name":"CarenKhach","notifications":false,"url":null,"created_at":"Tue Mar 10 09:39:22 +0000 2009","contributors_enabled":false,"time_zone":"Eastern Time (US & Canada)","protected":false,"default_profile":false,"is_translator":false},"geo":null,"in_reply_to_user_id_str":"23950893","lang":"en","created_at":"Mon Dec 15 01:33:17 +0000 2014","in_reply_to_status_id_str":"544284078330376192","place":null},
{"contributors":null,"truncated":false,"text":"@joelhouston @hillsongworship praying across the pond for the Spirit's peace to fall upon Sydney","in_reply_to_status_id":544284078330376192,"id":544308812464017408,"favorite_count":0,"source":"<a href=\"http://twitter.com/download/iphone\" rel=\"nofollow\">Twitter for iPhone</a>","retweeted":false,"coordinates":null,"entities":{"symbols":[],"user_mentions":[{"id":23950893,"indices":[0,12],"id_str":"23950893","screen_name":"joelhouston","name":"Joel Timothy Houston"},{"id":24339716,"indices":[13,29],"id_str":"24339716","screen_name":"hillsongworship","name":"Hillsong Worship"}],"hashtags":[],"urls":[]},"in_reply_to_screen_name":"joelhouston","id_str":"544308812464017408","retweet_count":0,"in_reply_to_user_id":23950893,"favorited":false,"user":{"follow_request_sent":false,"profile_use_background_image":true,"profile_text_color":"3C3940","default_profile_image":false,"id":411853070,"profile_background_image_url_https":"https://abs.twimg.com/images/themes/theme4/bg.gif","verified":false,"profile_location":null,"profile_image_url_https":"https://pbs.twimg.com/profile_images/503253598000930816/g4mnoFJR_normal.jpeg","profile_sidebar_fill_color":"95E8EC","entities":{"url":{"urls":[{"url":"http://t.co/59H0g02asG","indices":[0,22],"expanded_url":"http://reneeshilling.blogspot.com","display_url":"reneeshilling.blogspot.com"}]},"description":{"urls":[]}},"followers_count":114,"profile_sidebar_border_color":"5ED4DC","id_str":"411853070","profile_background_color":"0099B9","listed_count":1,"is_translation_enabled":false,"utc_offset":-18000,"statuses_count":1889,"description":"Daughter of Most High, Buckeye, Singer, Geographer, Aunt, Reader, Crafter, Wannabe Vigilante","friends_count":177,"location":"OH","profile_link_color":"0099B9","profile_image_url":"http://pbs.twimg.com/profile_images/503253598000930816/g4mnoFJR_normal.jpeg","following":false,"geo_enabled":true,"profile_banner_url":"https://pbs.twimg.com/profile_banners/411853070/1412771015","profile_background_image_url":"http://abs.twimg.com/images/themes/theme4/bg.gif","name":"Renee Shilling","lang":"en","profile_background_tile":false,"favourites_count":907,"screen_name":"reneeshilling","notifications":false,"url":"http://t.co/59H0g02asG","created_at":"Sun Nov 13 23:43:50 +0000 2011","contributors_enabled":false,"time_zone":"Eastern Time (US & Canada)","protected":false,"default_profile":false,"is_translator":false},"geo":null,"in_reply_to_user_id_str":"23950893","lang":"en","created_at":"Mon Dec 15 01:51:48 +0000 2014","in_reply_to_status_id_str":"544284078330376192","place":null},
{"contributors":null,"truncated":false,"text":"@joelhouston @hillsongworship Amén,","in_reply_to_status_id":544284078330376192,"id":544310449555394560,"favorite_count":0,"source":"<a href=\"http://twitter.com\" rel=\"nofollow\">Twitter Web Client</a>","retweeted":false,"coordinates":null,"entities":{"symbols":[],"user_mentions":[{"id":23950893,"indices":[0,12],"id_str":"23950893","screen_name":"joelhouston","name":"Joel Timothy Houston"},{"id":24339716,"indices":[13,29],"id_str":"24339716","screen_name":"hillsongworship","name":"Hillsong Worship"}],"hashtags":[],"urls":[]},"in_reply_to_screen_name":"joelhouston","id_str":"544310449555394560","retweet_count":0,"in_reply_to_user_id":23950893,"favorited":false,"user":{"follow_request_sent":false,"profile_use_background_image":true,"profile_text_color":"333333","default_profile_image":true,"id":2214736128,"profile_background_image_url_https":"https://abs.twimg.com/images/themes/theme13/bg.gif","verified":false,"profile_location":null,"profile_image_url_https":"https://abs.twimg.com/sticky/default_profile_images/default_profile_3_normal.png","profile_sidebar_fill_color":"FFFFFF","entities":{"description":{"urls":[]}},"followers_count":88,"profile_sidebar_border_color":"EEEEEE","id_str":"2214736128","profile_background_color":"B2DFDA","listed_count":0,"is_translation_enabled":false,"utc_offset":null,"statuses_count":1015,"description":"eternamente grata a Deus.","friends_count":947,"location":"","profile_link_color":"93A644","profile_image_url":"http://abs.twimg.com/sticky/default_profile_images/default_profile_3_normal.png","following":false,"geo_enabled":false,"profile_background_image_url":"http://abs.twimg.com/images/themes/theme13/bg.gif","name":"lidiane","lang":"pt","profile_background_tile":false,"favourites_count":2252,"screen_name":"lidianehenker","notifications":false,"url":null,"created_at":"Mon Nov 25 21:51:28 +0000 2013","contributors_enabled":false,"time_zone":null,"protected":false,"default_profile":false,"is_translator":false},"geo":null,"in_reply_to_user_id_str":"23950893","lang":"es","created_at":"Mon Dec 15 01:58:18 +0000 2014","in_reply_to_status_id_str":"544284078330376192","place":null},
{"contributors":null,"truncated":false,"text":"@joelhouston  thank you Joel, I work not far from http://t.co/txFcOXKO1e, I had heaps of phone calls people inquiring about my safety.","in_reply_to_status_id":544284078330376192,"id":544359008455258112,"favorite_count":0,"source":"<a href=\"http://twitter.com\" rel=\"nofollow\">Twitter Web Client</a>","retweeted":false,"coordinates":null,"entities":{"symbols":[],"user_mentions":[{"id":23950893,"indices":[0,12],"id_str":"23950893","screen_name":"joelhouston","name":"Joel Timothy Houston"}],"hashtags":[],"urls":[{"url":"http://t.co/txFcOXKO1e","indices":[50,72],"expanded_url":"http://M.Place","display_url":"M.Place"}]},"in_reply_to_screen_name":"joelhouston","id_str":"544359008455258112","retweet_count":0,"in_reply_to_user_id":23950893,"favorited":false,"user":{"follow_request_sent":false,"profile_use_background_image":true,"profile_text_color":"333333","default_profile_image":false,"id":2195920766,"profile_background_image_url_https":"https://abs.twimg.com/images/themes/theme1/bg.png","verified":false,"profile_location":null,"profile_image_url_https":"https://pbs.twimg.com/profile_images/586550872387129344/Adeyfwqb_normal.jpg","profile_sidebar_fill_color":"DDEEF6","entities":{"description":{"urls":[]}},"followers_count":38,"profile_sidebar_border_color":"C0DEED","id_str":"2195920766","profile_background_color":"C0DEED","listed_count":0,"is_translation_enabled":false,"utc_offset":null,"statuses_count":1021,"description":"Love God - Love my family - Love my late husband and always will - All Blacks is my team - Mum of Ben, Roseanne and Grace, - Life is Good","friends_count":148,"location":"Sydney","profile_link_color":"0084B4","profile_image_url":"http://pbs.twimg.com/profile_images/586550872387129344/Adeyfwqb_normal.jpg","following":false,"geo_enabled":true,"profile_banner_url":"https://pbs.twimg.com/profile_banners/2195920766/1416995725","profile_background_image_url":"http://abs.twimg.com/images/themes/theme1/bg.png","name":"Sega","lang":"en","profile_background_tile":false,"favourites_count":56,"screen_name":"malae_sega","notifications":false,"url":null,"created_at":"Fri Nov 15 12:39:42 +0000 2013","contributors_enabled":false,"time_zone":null,"protected":false,"default_profile":true,"is_translator":false},"geo":null,"in_reply_to_user_id_str":"23950893","possibly_sensitive":false,"lang":"en","created_at":"Mon Dec 15 05:11:15 +0000 2014","in_reply_to_status_id_str":"544284078330376192","place":{"full_name":"Sydney, New South Wales","url":"https://api.twitter.com/1.1/geo/id/0073b76548e5984f.json","country":"Australia","place_type":"city","bounding_box":{"type":"Polygon","coordinates":[[[150.520928608,-34.1183470085],[151.343020992,-34.1183470085],[151.343020992,-33.578140996],[150.520928608,-33.578140996]]]},"contained_within":[],"country_code":"AU","attributes":{},"id":"0073b76548e5984f","name":"Sydney"}},
{"contributors":null,"truncated":false,"text":"@joelhouston praying!","in_reply_to_status_id":544284078330376192,"id":544369452444155904,"favorite_count":0,"source":"<a href=\"http://twitter.com/download/android\" rel=\"nofollow\">Twitter for Android</a>","retweeted":false,"coordinates":null,"entities":{"symbols":[],"user_mentions":[{"id":23950893,"indices":[0,12],"id_str":"23950893","screen_name":"joelhouston","name":"Joel Timothy Houston"}],"hashtags":[],"urls":[]},"in_reply_to_screen_name":"joelhouston","id_str":"544369452444155904","retweet_count":0,"in_reply_to_user_id":23950893,"favorited":false,"user":{"follow_request_sent":false,"profile_use_background_image":true,"profile_text_color":"4A66C1","default_profile_image":false,"id":1025894268,"profile_background_image_url_https":"https://abs.twimg.com/images/themes/theme7/bg.gif","verified":false,"profile_location":null,"profile_image_url_https":"https://pbs.twimg.com/profile_images/3001548910/ab974548e59ca4744c45db74e654ab42_normal.jpeg","profile_sidebar_fill_color":"0E0E0E","entities":{"description":{"urls":[]}},"followers_count":40,"profile_sidebar_border_color":"4A66C1","id_str":"1025894268","profile_background_color":"000000","listed_count":0,"is_translation_enabled":false,"utc_offset":null,"statuses_count":222,"description":"In the immortal words of Popeye the Sailor Man: I yam what I yam and that's all that I yam.","friends_count":105,"location":"India","profile_link_color":"B8C5C6","profile_image_url":"http://pbs.twimg.com/profile_images/3001548910/ab974548e59ca4744c45db74e654ab42_normal.jpeg","following":false,"geo_enabled":false,"profile_banner_url":"https://pbs.twimg.com/profile_banners/1025894268/1357493241","profile_background_image_url":"http://abs.twimg.com/images/themes/theme7/bg.gif","name":"Davin Abraham","lang":"en","profile_background_tile":false,"favourites_count":41,"screen_name":"DavinAbe90","notifications":false,"url":null,"created_at":"Fri Dec 21 07:54:31 +0000 2012","contributors_enabled":false,"time_zone":null,"protected":false,"default_profile":false,"is_translator":false},"geo":null,"in_reply_to_user_id_str":"23950893","lang":"en","created_at":"Mon Dec 15 05:52:46 +0000 2014","in_reply_to_status_id_str":"544284078330376192","place":null},
{"contributors":null,"truncated":false,"text":"@joelhouston We are with you in Wales..praying for your City","in_reply_to_status_id":544284078330376192,"id":544422772932632577,"favorite_count":0,"source":"<a href=\"http://twitter.com/#!/download/ipad\" rel=\"nofollow\">Twitter for iPad</a>","retweeted":false,"coordinates":null,"entities":{"symbols":[],"user_mentions":[{"id":23950893,"indices":[0,12],"id_str":"23950893","screen_name":"joelhouston","name":"Joel Timothy Houston"}],"hashtags":[],"urls":[]},"in_reply_to_screen_name":"joelhouston","id_str":"544422772932632577","retweet_count":0,"in_reply_to_user_id":23950893,"favorited":false,"user":{"follow_request_sent":false,"profile_use_background_image":true,"profile_text_color":"333333","default_profile_image":false,"id":394160068,"profile_background_image_url_https":"https://abs.twimg.com/images/themes/theme1/bg.png","verified":false,"profile_location":null,"profile_image_url_https":"https://pbs.twimg.com/profile_images/378800000559208390/1cdbe41ee0a7e71b4e07e7bed9a6b5ca_normal.jpeg","profile_sidebar_fill_color":"DDEEF6","entities":{"description":{"urls":[]}},"followers_count":403,"profile_sidebar_border_color":"C0DEED","id_str":"394160068","profile_background_color":"C0DEED","listed_count":1,"is_translation_enabled":false,"utc_offset":null,"statuses_count":1275,"description":"Love family..love sport ( Cardiff City & Golf )..loved by Jesus","friends_count":1698,"location":"Abertridwr","profile_link_color":"0084B4","profile_image_url":"http://pbs.twimg.com/profile_images/378800000559208390/1cdbe41ee0a7e71b4e07e7bed9a6b5ca_normal.jpeg","following":false,"geo_enabled":false,"profile_background_image_url":"http://abs.twimg.com/images/themes/theme1/bg.png","name":"Byron Flynn","lang":"en","profile_background_tile":false,"favourites_count":99,"screen_name":"ByronFlynn1949","notifications":false,"url":null,"created_at":"Wed Oct 19 17:18:14 +0000 2011","contributors_enabled":false,"time_zone":null,"protected":false,"default_profile":true,"is_translator":false},"geo":null,"in_reply_to_user_id_str":"23950893","lang":"en","created_at":"Mon Dec 15 09:24:38 +0000 2014","in_reply_to_status_id_str":"544284078330376192","place":null}
]