{"contributors":null,"truncated":false,"text":"You only look like a fuck wit when you make up stories relating to the #sydneysiege - Unless you read it from the police - don't believe it","in_reply_to_status_id":null,"id":544298354029506560,"favorite_count":339,"source":"<a href=\"http:\/\/twitter.com\/download\/iphone\" rel=\"nofollow\">Twitter for iPhone<\/a>","retweeted":false,"coordinates":null,"entities":{"symbols":[],"user_mentions":[],"hashtags":[{"indices":[71,83],"text":"sydneysiege"}],"urls":[]},"in_reply_to_screen_name":null,"id_str":"544298354029506560","retweet_count":201,"in_reply_to_user_id":null,"favorited":false,"user":{"follow_request_sent":false,"profile_use_background_image":true,"profile_text_color":"333333","default_profile_image":false,"id":21477475,"profile_background_image_url_https":"https:\/\/abs.twimg.com\/images\/themes\/theme15\/bg.png","verified":true,"profile_location":null,"profile_image_url_https":"https:\/\/pbs.twimg.com\/profile_images\/549108543920422914\/rTEoVeYu_normal.jpeg","profile_sidebar_fill_color":"C0DFEC","entities":{"url":{"urls":[{"url":"http:\/\/t.co\/E2ZngPMSvw","indices":[0,22],"expanded_url":"http:\/\/facebook.com\/smallzyofficial","display_url":"facebook.com\/smallzyofficial"}]},"description":{"urls":[]}},"followers_count":142069,"profile_sidebar_border_color":"A8C7F7","id_str":"21477475","profile_background_color":"022330","listed_count":232,"is_translation_enabled":false,"utc_offset":36000,"statuses_count":46392,"description":"#1 radio show - Smallzy's Surgery :: partied with justin before the meltdown, touched Harry's curls, really should start acting my age :: watch me :listen to me","friends_count":463,"location":"kentsmall.com","profile_link_color":"F20505","profile_image_url":"http:\/\/pbs.twimg.com\/profile_images\/549108543920422914\/rTEoVeYu_normal.jpeg","following":false,"geo_enabled":false,"profile_banner_url":"https:\/\/pbs.twimg.com\/profile_banners\/21477475\/1417915876","profile_background_image_url":"http:\/\/abs.twimg.com\/images\/themes\/theme15\/bg.png","name":"Smallzy","lang":"en","profile_background_tile":false,"favourites_count":1156,"screen_name":"Smallzy","notifications":false,"url":"http:\/\/t.co\/E2ZngPMSvw","created_at":"Sat Feb 21 11:22:45 +0000 2009","contributors_enabled":false,"time_zone":"Brisbane","protected":false,"default_profile":false,"is_translator":false},"geo":null,"in_reply_to_user_id_str":null,"lang":"en","created_at":"Mon Dec 15 01:10:14 +0000 2014","in_reply_to_status_id_str":null,"place":null}