[{"contributors":null,"truncated":false,"text":"@7NewsSydney @sarahlalor if you think it could be ISIS, cut off the oxygen now. No coverage","in_reply_to_status_id":544271815044894720,"id":544274632535052289,"favorite_count":1,"source":"<a href=\"http://tapbots.com/tweetbot\" rel=\"nofollow\">Tweetbot for iΟS</a>","retweeted":false,"coordinates":null,"entities":{"symbols":[],"user_mentions":[{"id":156464691,"indices":[0,12],"id_str":"156464691","screen_name":"7NewsSydney","name":"7 News Sydney"},{"id":25415410,"indices":[13,24],"id_str":"25415410","screen_name":"sarahlalor","name":"T I T A N I U M"}],"hashtags":[],"urls":[]},"in_reply_to_screen_name":"7NewsSydney","id_str":"544274632535052289","retweet_count":0,"in_reply_to_user_id":156464691,"favorited":false,"user":{"follow_request_sent":false,"profile_use_background_image":false,"profile_text_color":"000000","default_profile_image":false,"id":23031901,"profile_background_image_url_https":"https://abs.twimg.com/images/themes/theme13/bg.gif","verified":false,"profile_location":null,"profile_image_url_https":"https://pbs.twimg.com/profile_images/550917745525538816/zu0zvCoe_normal.jpeg","profile_sidebar_fill_color":"000000","entities":{"url":{"urls":[{"url":"http://t.co/X4SaMwr1Ej","indices":[0,22],"expanded_url":"http://thesoftfoundry.wordpress.com","display_url":"thesoftfoundry.wordpress.com"}]},"description":{"urls":[]}},"followers_count":611,"profile_sidebar_border_color":"000000","id_str":"23031901","profile_background_color":"000000","listed_count":42,"is_translation_enabled":false,"utc_offset":46800,"statuses_count":26236,"description":"Oh! POSITIVE :-) +++","friends_count":407,"location":"the Zone of the Miraculous","profile_link_color":"93A644","profile_image_url":"http://pbs.twimg.com/profile_images/550917745525538816/zu0zvCoe_normal.jpeg","following":false,"geo_enabled":true,"profile_background_image_url":"http://abs.twimg.com/images/themes/theme13/bg.gif","name":"stitchSanta","lang":"en","profile_background_tile":false,"favourites_count":830,"screen_name":"stitchsarah","notifications":false,"url":"http://t.co/X4SaMwr1Ej","created_at":"Fri Mar 06 04:47:32 +0000 2009","contributors_enabled":false,"time_zone":"Auckland","protected":false,"default_profile":false,"is_translator":false},"geo":null,"in_reply_to_user_id_str":"156464691","lang":"en","created_at":"Sun Dec 14 23:35:59 +0000 2014","in_reply_to_status_id_str":"544271815044894720","place":null},
{"contributors":null,"truncated":false,"text":"@7NewsSydney @sarahlalor again, not ISIS flags, shahada flags. Check before you report shit, K?","in_reply_to_status_id":544271815044894720,"id":544275598336458752,"favorite_count":1,"source":"<a href=\"http://twitter.com/download/iphone\" rel=\"nofollow\">Twitter for iPhone</a>","retweeted":false,"coordinates":null,"entities":{"symbols":[],"user_mentions":[{"id":156464691,"indices":[0,12],"id_str":"156464691","screen_name":"7NewsSydney","name":"7 News Sydney"},{"id":25415410,"indices":[13,24],"id_str":"25415410","screen_name":"sarahlalor","name":"T I T A N I U M"}],"hashtags":[],"urls":[]},"in_reply_to_screen_name":"7NewsSydney","id_str":"544275598336458752","retweet_count":1,"in_reply_to_user_id":156464691,"favorited":false,"user":{"follow_request_sent":false,"profile_use_background_image":true,"profile_text_color":"333333","default_profile_image":false,"id":35742815,"profile_background_image_url_https":"https://abs.twimg.com/images/themes/theme1/bg.png","verified":false,"profile_location":null,"profile_image_url_https":"https://pbs.twimg.com/profile_images/378800000408318933/6b21cbd46601cb5c96fc94fbbe89dc9f_normal.jpeg","profile_sidebar_fill_color":"DDEEF6","entities":{"description":{"urls":[]}},"followers_count":564,"profile_sidebar_border_color":"C0DEED","id_str":"35742815","profile_background_color":"C0DEED","listed_count":16,"is_translation_enabled":false,"utc_offset":-36000,"statuses_count":7081,"description":"Reforming cynic, lover of the arts -literature, photography, music. History, politics, feminism \nintrigue me. Fool for a certain Irish/Aussie singer/songwriter.","friends_count":1167,"location":"Melbourne","profile_link_color":"0084B4","profile_image_url":"http://pbs.twimg.com/profile_images/378800000408318933/6b21cbd46601cb5c96fc94fbbe89dc9f_normal.jpeg","following":false,"geo_enabled":false,"profile_background_image_url":"http://abs.twimg.com/images/themes/theme1/bg.png","name":"Catherine","lang":"en","profile_background_tile":false,"favourites_count":2121,"screen_name":"Trillything","notifications":false,"url":null,"created_at":"Mon Apr 27 13:39:10 +0000 2009","contributors_enabled":false,"time_zone":"Hawaii","protected":false,"default_profile":true,"is_translator":false},"geo":null,"in_reply_to_user_id_str":"156464691","lang":"en","created_at":"Sun Dec 14 23:39:49 +0000 2014","in_reply_to_status_id_str":"544271815044894720","place":null},
{"contributors":null,"truncated":false,"text":"@7NewsSydney look up the flag before proclaiming that","in_reply_to_status_id":544271815044894720,"id":544276302379757568,"favorite_count":0,"source":"<a href=\"http://twitter.com/download/iphone\" rel=\"nofollow\">Twitter for iPhone</a>","retweeted":false,"coordinates":null,"entities":{"symbols":[],"user_mentions":[{"id":156464691,"indices":[0,12],"id_str":"156464691","screen_name":"7NewsSydney","name":"7 News Sydney"}],"hashtags":[],"urls":[]},"in_reply_to_screen_name":"7NewsSydney","id_str":"544276302379757568","retweet_count":0,"in_reply_to_user_id":156464691,"favorited":false,"user":{"follow_request_sent":false,"profile_use_background_image":true,"profile_text_color":"333333","default_profile_image":false,"id":43839283,"profile_background_image_url_https":"https://pbs.twimg.com/profile_background_images/674542021/cde9f171f3d6221937a896230900cc9e.jpeg","verified":false,"profile_location":null,"profile_image_url_https":"https://pbs.twimg.com/profile_images/575180331109781504/t6Rj05no_normal.jpeg","profile_sidebar_fill_color":"DDEEF6","entities":{"description":{"urls":[]}},"followers_count":1318,"profile_sidebar_border_color":"FFFFFF","id_str":"43839283","profile_background_color":"C0DEED","listed_count":16,"is_translation_enabled":false,"utc_offset":-36000,"statuses_count":95865,"description":"i looked in the mirror. it was already cracked","friends_count":1991,"location":"Australia","profile_link_color":"0084B4","profile_image_url":"http://pbs.twimg.com/profile_images/575180331109781504/t6Rj05no_normal.jpeg","following":false,"geo_enabled":true,"profile_banner_url":"https://pbs.twimg.com/profile_banners/43839283/1384410793","profile_background_image_url":"http://pbs.twimg.com/profile_background_images/674542021/cde9f171f3d6221937a896230900cc9e.jpeg","name":"DAMIAN CHANDLER","lang":"en","profile_background_tile":true,"favourites_count":557,"screen_name":"damochandler","notifications":false,"url":null,"created_at":"Mon Jun 01 05:51:42 +0000 2009","contributors_enabled":false,"time_zone":"Hawaii","protected":false,"default_profile":false,"is_translator":false},"geo":null,"in_reply_to_user_id_str":"156464691","lang":"en","created_at":"Sun Dec 14 23:42:37 +0000 2014","in_reply_to_status_id_str":"544271815044894720","place":null},
{"contributors":null,"truncated":false,"text":"@7NewsSydney not ISIS flag, don't misreport please.","in_reply_to_status_id":544271815044894720,"id":544279861229928448,"favorite_count":1,"source":"<a href=\"http://twitter.com\" rel=\"nofollow\">Twitter Web Client</a>","retweeted":false,"coordinates":null,"entities":{"symbols":[],"user_mentions":[{"id":156464691,"indices":[0,12],"id_str":"156464691","screen_name":"7NewsSydney","name":"7 News Sydney"}],"hashtags":[],"urls":[]},"in_reply_to_screen_name":"7NewsSydney","id_str":"544279861229928448","retweet_count":0,"in_reply_to_user_id":156464691,"favorited":false,"user":{"follow_request_sent":false,"profile_use_background_image":false,"profile_text_color":"AA642E","default_profile_image":false,"id":1069474172,"profile_background_image_url_https":"https://pbs.twimg.com/profile_background_images/447834562987446272/Xaa9QJ-F.jpeg","verified":false,"profile_location":null,"profile_image_url_https":"https://pbs.twimg.com/profile_images/589346688516558848/rtl6shW9_normal.jpg","profile_sidebar_fill_color":"1D130D","entities":{"description":{"urls":[]}},"followers_count":169,"profile_sidebar_border_color":"794725","id_str":"1069474172","profile_background_color":"000000","listed_count":3,"is_translation_enabled":false,"utc_offset":39600,"statuses_count":9414,"description":"walk in da club lyk whaddup i literally have the biggest pile of homework in the world.","friends_count":161,"location":"","profile_link_color":"000000","profile_image_url":"http://pbs.twimg.com/profile_images/589346688516558848/rtl6shW9_normal.jpg","following":false,"geo_enabled":false,"profile_banner_url":"https://pbs.twimg.com/profile_banners/1069474172/1401706560","profile_background_image_url":"http://pbs.twimg.com/profile_background_images/447834562987446272/Xaa9QJ-F.jpeg","name":"Satan","lang":"en","profile_background_tile":false,"favourites_count":9310,"screen_name":"MaddiPillow1","notifications":false,"url":null,"created_at":"Mon Jan 07 23:39:31 +0000 2013","contributors_enabled":false,"time_zone":"Sydney","protected":false,"default_profile":false,"is_translator":false},"geo":null,"in_reply_to_user_id_str":"156464691","lang":"en","created_at":"Sun Dec 14 23:56:45 +0000 2014","in_reply_to_status_id_str":"544271815044894720","place":null},
{"contributors":null,"truncated":false,"text":"@7NewsSydney and sadly none of the victims are armed... Only the terrorists.","in_reply_to_status_id":544271815044894720,"id":544279865227108352,"favorite_count":0,"source":"<a href=\"http://twitter.com/download/iphone\" rel=\"nofollow\">Twitter for iPhone</a>","retweeted":false,"coordinates":null,"entities":{"symbols":[],"user_mentions":[{"id":156464691,"indices":[0,12],"id_str":"156464691","screen_name":"7NewsSydney","name":"7 News Sydney"}],"hashtags":[],"urls":[]},"in_reply_to_screen_name":"7NewsSydney","id_str":"544279865227108352","retweet_count":0,"in_reply_to_user_id":156464691,"favorited":false,"user":{"follow_request_sent":false,"profile_use_background_image":true,"profile_text_color":"000000","default_profile_image":false,"id":32144891,"profile_background_image_url_https":"https://pbs.twimg.com/profile_background_images/378800000015402253/95925dfbaca0b450ac82f777a428ca02.jpeg","verified":false,"profile_location":null,"profile_image_url_https":"https://pbs.twimg.com/profile_images/514541617160536064/r7eRgP9r_normal.png","profile_sidebar_fill_color":"CF605E","entities":{"description":{"urls":[]}},"followers_count":5623,"profile_sidebar_border_color":"000000","id_str":"32144891","profile_background_color":"000000","listed_count":89,"is_translation_enabled":false,"utc_offset":-21600,"statuses_count":56175,"description":"Want sugarcoated? Hit a candy store. Want Politically Correct? Watch MSM. Don't like what you see here? Kick Rocks. F/B Ted Cruz! #TCOT GOD BLESS USA! #NFB","friends_count":5568,"location":"#Conservative TX and OK  ","profile_link_color":"A20907","profile_image_url":"http://pbs.twimg.com/profile_images/514541617160536064/r7eRgP9r_normal.png","following":false,"geo_enabled":false,"profile_banner_url":"https://pbs.twimg.com/profile_banners/32144891/1390121244","profile_background_image_url":"http://pbs.twimg.com/profile_background_images/378800000015402253/95925dfbaca0b450ac82f777a428ca02.jpeg","name":"Laurie ن","lang":"en","profile_background_tile":true,"favourites_count":822,"screen_name":"LLH713","notifications":false,"url":null,"created_at":"Thu Apr 16 20:42:45 +0000 2009","contributors_enabled":false,"time_zone":"Central Time (US & Canada)","protected":false,"default_profile":false,"is_translator":false},"geo":null,"in_reply_to_user_id_str":"156464691","lang":"en","created_at":"Sun Dec 14 23:56:46 +0000 2014","in_reply_to_status_id_str":"544271815044894720","place":null},
{"contributors":null,"truncated":false,"text":"@7NewsSydney @JayOrbe_ Oi Josh, It is just around the corner from me at work. I had a look. Also I got my P's.","in_reply_to_status_id":544271815044894720,"id":544283119180718080,"favorite_count":0,"source":"<a href=\"http://twitter.com\" rel=\"nofollow\">Twitter Web Client</a>","retweeted":false,"coordinates":null,"entities":{"symbols":[],"user_mentions":[{"id":156464691,"indices":[0,12],"id_str":"156464691","screen_name":"7NewsSydney","name":"7 News Sydney"},{"id":224998806,"indices":[13,22],"id_str":"224998806","screen_name":"JayOrbe_","name":"Joshua Orbe"}],"hashtags":[],"urls":[]},"in_reply_to_screen_name":"7NewsSydney","id_str":"544283119180718080","retweet_count":0,"in_reply_to_user_id":156464691,"favorited":false,"user":{"follow_request_sent":false,"profile_use_background_image":true,"profile_text_color":"333333","default_profile_image":true,"id":2511521389,"profile_background_image_url_https":"https://abs.twimg.com/images/themes/theme1/bg.png","verified":false,"profile_location":null,"profile_image_url_https":"https://abs.twimg.com/sticky/default_profile_images/default_profile_6_normal.png","profile_sidebar_fill_color":"DDEEF6","entities":{"description":{"urls":[]}},"followers_count":17,"profile_sidebar_border_color":"C0DEED","id_str":"2511521389","profile_background_color":"C0DEED","listed_count":1,"is_translation_enabled":false,"utc_offset":null,"statuses_count":356,"description":"Blocked by @garrynewman","friends_count":149,"location":"","profile_link_color":"0084B4","profile_image_url":"http://abs.twimg.com/sticky/default_profile_images/default_profile_6_normal.png","following":false,"geo_enabled":false,"profile_background_image_url":"http://abs.twimg.com/images/themes/theme1/bg.png","name":"Lord Chris Fulton","lang":"en","profile_background_tile":false,"favourites_count":27,"screen_name":"Iron_Pi","notifications":false,"url":null,"created_at":"Wed May 21 00:38:23 +0000 2014","contributors_enabled":false,"time_zone":null,"protected":false,"default_profile":true,"is_translator":false},"geo":null,"in_reply_to_user_id_str":"156464691","lang":"en","created_at":"Mon Dec 15 00:09:42 +0000 2014","in_reply_to_status_id_str":"544271815044894720","place":null},
{"contributors":null,"truncated":false,"text":"@Iron_Pi Nice job on the P's! Stay safe bro, them ISIS people are cray :/","in_reply_to_status_id":544283119180718080,"id":544283840965914624,"favorite_count":0,"source":"<a href=\"http://twitter.com/download/iphone\" rel=\"nofollow\">Twitter for iPhone</a>","retweeted":false,"coordinates":null,"entities":{"symbols":[],"user_mentions":[{"id":2511521389,"indices":[0,8],"id_str":"2511521389","screen_name":"Iron_Pi","name":"Lord Chris Fulton"}],"hashtags":[],"urls":[]},"in_reply_to_screen_name":"Iron_Pi","id_str":"544283840965914624","retweet_count":0,"in_reply_to_user_id":2511521389,"favorited":false,"user":{"follow_request_sent":false,"profile_use_background_image":true,"profile_text_color":"666666","default_profile_image":false,"id":224998806,"profile_background_image_url_https":"https://pbs.twimg.com/profile_background_images/469107272228937729/ZsVz2Gwf.jpeg","verified":false,"profile_location":null,"profile_image_url_https":"https://pbs.twimg.com/profile_images/531729909878497280/ftSUVcX7_normal.jpeg","profile_sidebar_fill_color":"252429","entities":{"description":{"urls":[]}},"followers_count":139,"profile_sidebar_border_color":"000000","id_str":"224998806","profile_background_color":"1A1B1F","listed_count":0,"is_translation_enabled":false,"utc_offset":-36000,"statuses_count":10655,"description":"We got the Vibes.","friends_count":148,"location":"Sydney","profile_link_color":"2FC2EF","profile_image_url":"http://pbs.twimg.com/profile_images/531729909878497280/ftSUVcX7_normal.jpeg","following":false,"geo_enabled":true,"profile_banner_url":"https://pbs.twimg.com/profile_banners/224998806/1394009465","profile_background_image_url":"http://pbs.twimg.com/profile_background_images/469107272228937729/ZsVz2Gwf.jpeg","name":"Joshua Orbe","lang":"en","profile_background_tile":false,"favourites_count":3300,"screen_name":"JayOrbe_","notifications":false,"url":null,"created_at":"Fri Dec 10 11:49:32 +0000 2010","contributors_enabled":false,"time_zone":"Hawaii","protected":false,"default_profile":false,"is_translator":false},"geo":null,"in_reply_to_user_id_str":"2511521389","lang":"en","created_at":"Mon Dec 15 00:12:34 +0000 2014","in_reply_to_status_id_str":"544283119180718080","place":null},
{"contributors":null,"truncated":false,"text":"@JayOrbe_ Thanks, it is been lose. The police were very causal about it. It didn't feel like terrorism there. Media Hype.","in_reply_to_status_id":544283840965914624,"id":544284322241323008,"favorite_count":1,"source":"<a href=\"http://twitter.com\" rel=\"nofollow\">Twitter Web Client</a>","retweeted":false,"coordinates":null,"entities":{"symbols":[],"user_mentions":[{"id":224998806,"indices":[0,9],"id_str":"224998806","screen_name":"JayOrbe_","name":"Joshua Orbe"}],"hashtags":[],"urls":[]},"in_reply_to_screen_name":"JayOrbe_","id_str":"544284322241323008","retweet_count":1,"in_reply_to_user_id":224998806,"favorited":false,"user":{"follow_request_sent":false,"profile_use_background_image":true,"profile_text_color":"333333","default_profile_image":true,"id":2511521389,"profile_background_image_url_https":"https://abs.twimg.com/images/themes/theme1/bg.png","verified":false,"profile_location":null,"profile_image_url_https":"https://abs.twimg.com/sticky/default_profile_images/default_profile_6_normal.png","profile_sidebar_fill_color":"DDEEF6","entities":{"description":{"urls":[]}},"followers_count":17,"profile_sidebar_border_color":"C0DEED","id_str":"2511521389","profile_background_color":"C0DEED","listed_count":1,"is_translation_enabled":false,"utc_offset":null,"statuses_count":356,"description":"Blocked by @garrynewman","friends_count":149,"location":"","profile_link_color":"0084B4","profile_image_url":"http://abs.twimg.com/sticky/default_profile_images/default_profile_6_normal.png","following":false,"geo_enabled":false,"profile_background_image_url":"http://abs.twimg.com/images/themes/theme1/bg.png","name":"Lord Chris Fulton","lang":"en","profile_background_tile":false,"favourites_count":27,"screen_name":"Iron_Pi","notifications":false,"url":null,"created_at":"Wed May 21 00:38:23 +0000 2014","contributors_enabled":false,"time_zone":null,"protected":false,"default_profile":true,"is_translator":false},"geo":null,"in_reply_to_user_id_str":"224998806","lang":"en","created_at":"Mon Dec 15 00:14:29 +0000 2014","in_reply_to_status_id_str":"544283840965914624","place":null},
{"contributors":null,"truncated":false,"text":"@chris_barron7 @7NewsSydney hope uv not lost in the bookies n took the place siege bazzelbank.","in_reply_to_status_id":544271815044894720,"id":544412230532739072,"favorite_count":3,"source":"<a href=\"http://twitter.com/download/iphone\" rel=\"nofollow\">Twitter for iPhone</a>","retweeted":false,"coordinates":null,"entities":{"symbols":[],"user_mentions":[{"id":560317704,"indices":[0,14],"id_str":"560317704","screen_name":"chris_barron7","name":"Chris Barron"},{"id":156464691,"indices":[15,27],"id_str":"156464691","screen_name":"7NewsSydney","name":"7 News Sydney"}],"hashtags":[],"urls":[]},"in_reply_to_screen_name":"7NewsSydney","id_str":"544412230532739072","retweet_count":0,"in_reply_to_user_id":156464691,"favorited":false,"user":{"follow_request_sent":false,"profile_use_background_image":true,"profile_text_color":"333333","default_profile_image":false,"id":424347255,"profile_background_image_url_https":"https://abs.twimg.com/images/themes/theme1/bg.png","verified":false,"profile_location":null,"profile_image_url_https":"https://pbs.twimg.com/profile_images/517589608700600321/9vC4AnDD_normal.jpeg","profile_sidebar_fill_color":"DDEEF6","entities":{"description":{"urls":[]}},"followers_count":158,"profile_sidebar_border_color":"C0DEED","id_str":"424347255","profile_background_color":"C0DEED","listed_count":0,"is_translation_enabled":false,"utc_offset":null,"statuses_count":1278,"description":"","friends_count":147,"location":"","profile_link_color":"0084B4","profile_image_url":"http://pbs.twimg.com/profile_images/517589608700600321/9vC4AnDD_normal.jpeg","following":false,"geo_enabled":false,"profile_background_image_url":"http://abs.twimg.com/images/themes/theme1/bg.png","name":"Connor_Spowart","lang":"en","profile_background_tile":false,"favourites_count":81,"screen_name":"connor88888","notifications":false,"url":null,"created_at":"Tue Nov 29 17:23:42 +0000 2011","contributors_enabled":false,"time_zone":null,"protected":false,"default_profile":true,"is_translator":false},"geo":null,"in_reply_to_user_id_str":"156464691","lang":"en","created_at":"Mon Dec 15 08:42:45 +0000 2014","in_reply_to_status_id_str":"544271815044894720","place":null},
{"contributors":null,"truncated":false,"text":"@connor88888 @7newssydney lololol I'm on my way to save the day bro","in_reply_to_status_id":544412230532739072,"id":544428844497653760,"favorite_count":0,"source":"<a href=\"http://twitter.com/download/iphone\" rel=\"nofollow\">Twitter for iPhone</a>","retweeted":false,"coordinates":null,"entities":{"symbols":[],"user_mentions":[{"id":424347255,"indices":[0,12],"id_str":"424347255","screen_name":"connor88888","name":"Connor_Spowart"},{"id":156464691,"indices":[13,25],"id_str":"156464691","screen_name":"7NewsSydney","name":"7 News Sydney"}],"hashtags":[],"urls":[]},"in_reply_to_screen_name":"connor88888","id_str":"544428844497653760","retweet_count":0,"in_reply_to_user_id":424347255,"favorited":false,"user":{"follow_request_sent":false,"profile_use_background_image":true,"profile_text_color":"333333","default_profile_image":false,"id":560317704,"profile_background_image_url_https":"https://abs.twimg.com/images/themes/theme15/bg.png","verified":false,"profile_location":null,"profile_image_url_https":"https://pbs.twimg.com/profile_images/498925163056869376/rYCtp-5f_normal.jpeg","profile_sidebar_fill_color":"C0DFEC","entities":{"description":{"urls":[]}},"followers_count":679,"profile_sidebar_border_color":"000000","id_str":"560317704","profile_background_color":"022330","listed_count":0,"is_translation_enabled":false,"utc_offset":3600,"statuses_count":2437,"description":"","friends_count":518,"location":"Edinburgh","profile_link_color":"0084B4","profile_image_url":"http://pbs.twimg.com/profile_images/498925163056869376/rYCtp-5f_normal.jpeg","following":false,"geo_enabled":false,"profile_banner_url":"https://pbs.twimg.com/profile_banners/560317704/1407788430","profile_background_image_url":"http://abs.twimg.com/images/themes/theme15/bg.png","name":"Chris Barron","lang":"en","profile_background_tile":false,"favourites_count":890,"screen_name":"chris_barron7","notifications":false,"url":null,"created_at":"Sun Apr 22 11:42:14 +0000 2012","contributors_enabled":false,"time_zone":"Amsterdam","protected":false,"default_profile":false,"is_translator":false},"geo":null,"in_reply_to_user_id_str":"424347255","lang":"en","created_at":"Mon Dec 15 09:48:46 +0000 2014","in_reply_to_status_id_str":"544412230532739072","place":null}
]