[{"contributors":null,"truncated":false,"text":"@breakingnews For Only $25 You Can Buy 10K Followers http://t.co/7CXwkqzBw3","in_reply_to_status_id":544272155144646656,"id":544272233477443586,"favorite_count":0,"source":"<a href=\"https://mobile.twitter.com\" rel=\"nofollow\">Mobile Web (M2)</a>","retweeted":false,"coordinates":null,"entities":{"symbols":[],"user_mentions":[{"id":6017542,"indices":[0,13],"id_str":"6017542","screen_name":"BreakingNews","name":"Breaking News"}],"hashtags":[],"urls":[{"url":"http://t.co/7CXwkqzBw3","indices":[53,75],"expanded_url":"http://bit.ly/1FwyfkB","display_url":"bit.ly/1FwyfkB"}]},"in_reply_to_screen_name":"BreakingNews","id_str":"544272233477443586","retweet_count":0,"in_reply_to_user_id":6017542,"favorited":false,"user":{"follow_request_sent":false,"profile_use_background_image":true,"profile_text_color":"FA8459","default_profile_image":false,"id":929662333,"profile_background_image_url_https":"https://pbs.twimg.com/profile_background_images/704148887/530305ee54dcd37a33244a09f7f62844.jpeg","verified":false,"profile_location":null,"profile_image_url_https":"https://pbs.twimg.com/profile_images/537455688780611584/u1aj5vr4_normal.jpeg","profile_sidebar_fill_color":"000000","entities":{"description":{"urls":[]}},"followers_count":18858,"profile_sidebar_border_color":"6CD0E0","id_str":"929662333","profile_background_color":"030103","listed_count":4,"is_translation_enabled":false,"utc_offset":null,"statuses_count":13633,"description":"Parody account","friends_count":728,"location":"Miami","profile_link_color":"947974","profile_image_url":"http://pbs.twimg.com/profile_images/537455688780611584/u1aj5vr4_normal.jpeg","following":false,"geo_enabled":false,"profile_background_image_url":"http://pbs.twimg.com/profile_background_images/704148887/530305ee54dcd37a33244a09f7f62844.jpeg","name":"Harry Styles.","lang":"pt","profile_background_tile":false,"favourites_count":29,"screen_name":"haurry_stvlles","notifications":false,"url":null,"created_at":"Tue Nov 06 12:44:46 +0000 2012","contributors_enabled":false,"time_zone":null,"protected":false,"default_profile":false,"is_translator":false},"geo":null,"in_reply_to_user_id_str":"6017542","possibly_sensitive":false,"lang":"en","created_at":"Sun Dec 14 23:26:27 +0000 2014","in_reply_to_status_id_str":"544272155144646656","place":null},
{"contributors":null,"truncated":false,"text":"@haurry_stvlles @BreakingNews hum","in_reply_to_status_id":544272233477443586,"id":544272275504377856,"favorite_count":0,"source":"<a href=\"http://twitter.com/download/android\" rel=\"nofollow\">Twitter for Android</a>","retweeted":false,"coordinates":null,"entities":{"symbols":[],"user_mentions":[{"id":929662333,"indices":[0,15],"id_str":"929662333","screen_name":"haurry_stvlles","name":"Harry Styles."},{"id":6017542,"indices":[16,29],"id_str":"6017542","screen_name":"BreakingNews","name":"Breaking News"}],"hashtags":[],"urls":[]},"in_reply_to_screen_name":"haurry_stvlles","id_str":"544272275504377856","retweet_count":0,"in_reply_to_user_id":929662333,"favorited":false,"user":{"follow_request_sent":false,"profile_use_background_image":true,"profile_text_color":"12B67E","default_profile_image":false,"id":1085149063,"profile_background_image_url_https":"https://pbs.twimg.com/profile_background_images/531994855904251904/7Xl7QAO1.jpeg","verified":false,"profile_location":null,"profile_image_url_https":"https://pbs.twimg.com/profile_images/545057254589087744/KhL-OxOM_normal.jpeg","profile_sidebar_fill_color":"854D0B","entities":{"url":{"urls":[{"url":"http://t.co/kMQCV0bMXR","indices":[0,22],"expanded_url":"http://www.youtube.com/lannesbowl","display_url":"youtube.com/lannesbowl"}]},"description":{"urls":[]}},"followers_count":622172,"profile_sidebar_border_color":"FFFFFF","id_str":"1085149063","profile_background_color":"ABB8C2","listed_count":43,"is_translation_enabled":false,"utc_offset":-7200,"statuses_count":83773,"description":"Profissional: lannbowl@gmail.com Official Twitter account Lannes Bowl. Twitter User Twitteiro!","friends_count":76759,"location":"Miami, FL and Brazil ","profile_link_color":"DD2E44","profile_image_url":"http://pbs.twimg.com/profile_images/545057254589087744/KhL-OxOM_normal.jpeg","following":false,"geo_enabled":true,"profile_banner_url":"https://pbs.twimg.com/profile_banners/1085149063/1415590238","profile_background_image_url":"http://pbs.twimg.com/profile_background_images/531994855904251904/7Xl7QAO1.jpeg","name":"Lannes Bowl","lang":"pt","profile_background_tile":true,"favourites_count":5575,"screen_name":"LannesBowl","notifications":false,"url":"http://t.co/kMQCV0bMXR","created_at":"Sun Jan 13 05:58:35 +0000 2013","contributors_enabled":false,"time_zone":"Brasilia","protected":false,"default_profile":false,"is_translator":false},"geo":null,"in_reply_to_user_id_str":"929662333","lang":"und","created_at":"Sun Dec 14 23:26:37 +0000 2014","in_reply_to_status_id_str":"544272233477443586","place":null},
{"contributors":null,"truncated":false,"text":"@BreakingNews @dailytelegraph Not armed robbery, they're holding IS flag to the window","in_reply_to_status_id":544272155144646656,"id":544272740518486016,"favorite_count":0,"source":"<a href=\"http://twitter.com/download/android\" rel=\"nofollow\">Twitter for Android</a>","retweeted":false,"coordinates":null,"entities":{"symbols":[],"user_mentions":[{"id":6017542,"indices":[0,13],"id_str":"6017542","screen_name":"BreakingNews","name":"Breaking News"},{"id":9235982,"indices":[14,29],"id_str":"9235982","screen_name":"dailytelegraph","name":"The Daily Telegraph"}],"hashtags":[],"urls":[]},"in_reply_to_screen_name":"BreakingNews","id_str":"544272740518486016","retweet_count":1,"in_reply_to_user_id":6017542,"favorited":false,"user":{"follow_request_sent":false,"profile_use_background_image":true,"profile_text_color":"333333","default_profile_image":false,"id":570012819,"profile_background_image_url_https":"https://abs.twimg.com/images/themes/theme15/bg.png","verified":false,"profile_location":null,"profile_image_url_https":"https://pbs.twimg.com/profile_images/574941689434996736/EwfBcSda_normal.jpeg","profile_sidebar_fill_color":"C0DFEC","entities":{"description":{"urls":[]}},"followers_count":16,"profile_sidebar_border_color":"A8C7F7","id_str":"570012819","profile_background_color":"022330","listed_count":0,"is_translation_enabled":false,"utc_offset":null,"statuses_count":174,"description":"FY1 Doctor","friends_count":109,"location":"York","profile_link_color":"0084B4","profile_image_url":"http://pbs.twimg.com/profile_images/574941689434996736/EwfBcSda_normal.jpeg","following":false,"geo_enabled":false,"profile_banner_url":"https://pbs.twimg.com/profile_banners/570012819/1384806455","profile_background_image_url":"http://abs.twimg.com/images/themes/theme15/bg.png","name":"Matt Shaw","lang":"en","profile_background_tile":false,"favourites_count":16,"screen_name":"Shaw91Matt","notifications":false,"url":null,"created_at":"Thu May 03 12:23:37 +0000 2012","contributors_enabled":false,"time_zone":null,"protected":false,"default_profile":false,"is_translator":false},"geo":null,"in_reply_to_user_id_str":"6017542","lang":"en","created_at":"Sun Dec 14 23:28:28 +0000 2014","in_reply_to_status_id_str":"544272155144646656","place":null},
{"contributors":null,"truncated":false,"text":"@BreakingNews  OMG! Don't shoot the chocolate!","in_reply_to_status_id":544272155144646656,"id":544272849696223232,"favorite_count":0,"source":"<a href=\"http://twitter.com/download/iphone\" rel=\"nofollow\">Twitter for iPhone</a>","retweeted":false,"coordinates":null,"entities":{"symbols":[],"user_mentions":[{"id":6017542,"indices":[0,13],"id_str":"6017542","screen_name":"BreakingNews","name":"Breaking News"}],"hashtags":[],"urls":[]},"in_reply_to_screen_name":"BreakingNews","id_str":"544272849696223232","retweet_count":0,"in_reply_to_user_id":6017542,"favorited":false,"user":{"follow_request_sent":false,"profile_use_background_image":true,"profile_text_color":"333333","default_profile_image":false,"id":2878373798,"profile_background_image_url_https":"https://abs.twimg.com/images/themes/theme1/bg.png","verified":false,"profile_location":null,"profile_image_url_https":"https://pbs.twimg.com/profile_images/534520538186518529/aWHV4_eg_normal.jpeg","profile_sidebar_fill_color":"DDEEF6","entities":{"description":{"urls":[]}},"followers_count":79,"profile_sidebar_border_color":"C0DEED","id_str":"2878373798","profile_background_color":"C0DEED","listed_count":1,"is_translation_enabled":false,"utc_offset":null,"statuses_count":1807,"description":"Writer. Lover of animals. Despiser of wrongs. Avid reader. Devotee of sarcasm. History geek. Follower of world events. Adorer of weird factoids. Insomniac.","friends_count":177,"location":"London, UK","profile_link_color":"0084B4","profile_image_url":"http://pbs.twimg.com/profile_images/534520538186518529/aWHV4_eg_normal.jpeg","following":false,"geo_enabled":false,"profile_banner_url":"https://pbs.twimg.com/profile_banners/2878373798/1416197374","profile_background_image_url":"http://abs.twimg.com/images/themes/theme1/bg.png","name":"Maria Laik","lang":"en","profile_background_tile":false,"favourites_count":956,"screen_name":"maria_laik","notifications":false,"url":null,"created_at":"Sun Oct 26 14:23:02 +0000 2014","contributors_enabled":false,"time_zone":null,"protected":false,"default_profile":true,"is_translator":false},"geo":null,"in_reply_to_user_id_str":"6017542","lang":"en","created_at":"Sun Dec 14 23:28:54 +0000 2014","in_reply_to_status_id_str":"544272155144646656","place":null},
{"contributors":null,"truncated":false,"text":"“@BreakingNews: Hostages reported in armed robbery situation inside café in Martin Place, Sydney - @dailytelegraph http://t.co/O0LMK1HSwl”","in_reply_to_status_id":544272155144646656,"id":544273015639638016,"favorite_count":0,"source":"<a href=\"http://twitter.com/download/iphone\" rel=\"nofollow\">Twitter for iPhone</a>","retweeted":false,"coordinates":null,"entities":{"symbols":[],"user_mentions":[{"id":6017542,"indices":[1,14],"id_str":"6017542","screen_name":"BreakingNews","name":"Breaking News"},{"id":9235982,"indices":[99,114],"id_str":"9235982","screen_name":"dailytelegraph","name":"The Daily Telegraph"}],"hashtags":[],"urls":[{"url":"http://t.co/O0LMK1HSwl","indices":[115,137],"expanded_url":"http://bit.ly/1AxtDsX","display_url":"bit.ly/1AxtDsX"}]},"in_reply_to_screen_name":"BreakingNews","id_str":"544273015639638016","retweet_count":0,"in_reply_to_user_id":6017542,"favorited":false,"user":{"follow_request_sent":false,"profile_use_background_image":true,"profile_text_color":"333333","default_profile_image":false,"id":48155944,"profile_background_image_url_https":"https://pbs.twimg.com/profile_background_images/826114706/d500aedf934900c0610ce0f575e1ba97.jpeg","verified":false,"profile_location":null,"profile_image_url_https":"https://pbs.twimg.com/profile_images/501478372942168064/-TRWOxH6_normal.jpeg","profile_sidebar_fill_color":"DDFFCC","entities":{"url":{"urls":[{"url":"http://t.co/OyEJvnPYmy","indices":[0,22],"expanded_url":"http://guilhermejardim.blogspot.com/","display_url":"guilhermejardim.blogspot.com"}]},"description":{"urls":[]}},"followers_count":669,"profile_sidebar_border_color":"FFFFFF","id_str":"48155944","profile_background_color":"9AE4E8","listed_count":4,"is_translation_enabled":false,"utc_offset":-7200,"statuses_count":30128,"description":"I'm fan of race of cars...cycle...motorcycle...boats...","friends_count":1869,"location":"Porto Alegre, Brazil","profile_link_color":"0084B4","profile_image_url":"http://pbs.twimg.com/profile_images/501478372942168064/-TRWOxH6_normal.jpeg","following":false,"geo_enabled":true,"profile_banner_url":"https://pbs.twimg.com/profile_banners/48155944/1364397439","profile_background_image_url":"http://pbs.twimg.com/profile_background_images/826114706/d500aedf934900c0610ce0f575e1ba97.jpeg","name":"Guilherme Jardim","lang":"en","profile_background_tile":true,"favourites_count":2736,"screen_name":"gjardim","notifications":false,"url":"http://t.co/OyEJvnPYmy","created_at":"Wed Jun 17 23:11:14 +0000 2009","contributors_enabled":false,"time_zone":"Brasilia","protected":false,"default_profile":false,"is_translator":false},"geo":null,"in_reply_to_user_id_str":"6017542","possibly_sensitive":false,"lang":"en","created_at":"Sun Dec 14 23:29:33 +0000 2014","in_reply_to_status_id_str":"544272155144646656","place":null},
{"contributors":null,"truncated":false,"text":"@BreakingNews @dailytelegraph The world gone wacky!","in_reply_to_status_id":544272155144646656,"id":544273128453853184,"favorite_count":1,"source":"<a href=\"http://twitter.com/download/iphone\" rel=\"nofollow\">Twitter for iPhone</a>","retweeted":false,"coordinates":null,"entities":{"symbols":[],"user_mentions":[{"id":6017542,"indices":[0,13],"id_str":"6017542","screen_name":"BreakingNews","name":"Breaking News"},{"id":9235982,"indices":[14,29],"id_str":"9235982","screen_name":"dailytelegraph","name":"The Daily Telegraph"}],"hashtags":[],"urls":[]},"in_reply_to_screen_name":"BreakingNews","id_str":"544273128453853184","retweet_count":1,"in_reply_to_user_id":6017542,"favorited":false,"user":{"follow_request_sent":false,"profile_use_background_image":true,"profile_text_color":"333333","default_profile_image":false,"id":27450763,"profile_background_image_url_https":"https://abs.twimg.com/images/themes/theme1/bg.png","verified":false,"profile_location":null,"profile_image_url_https":"https://pbs.twimg.com/profile_images/460536060184117248/F8KT00ps_normal.jpeg","profile_sidebar_fill_color":"DDEEF6","entities":{"description":{"urls":[]}},"followers_count":101,"profile_sidebar_border_color":"C0DEED","id_str":"27450763","profile_background_color":"C0DEED","listed_count":1,"is_translation_enabled":false,"utc_offset":-18000,"statuses_count":7650,"description":"Lover of orchids, fine wine, great blues and jazz and fine saxophone and keyboard playing. Sports car racing also a plus.","friends_count":221,"location":"Worcester MA","profile_link_color":"0084B4","profile_image_url":"http://pbs.twimg.com/profile_images/460536060184117248/F8KT00ps_normal.jpeg","following":false,"geo_enabled":false,"profile_banner_url":"https://pbs.twimg.com/profile_banners/27450763/1405099676","profile_background_image_url":"http://abs.twimg.com/images/themes/theme1/bg.png","name":"Donald Ichton","lang":"en","profile_background_tile":false,"favourites_count":3330,"screen_name":"barkingspaniel","notifications":false,"url":null,"created_at":"Sun Mar 29 16:16:48 +0000 2009","contributors_enabled":false,"time_zone":"Eastern Time (US & Canada)","protected":false,"default_profile":true,"is_translator":false},"geo":null,"in_reply_to_user_id_str":"6017542","lang":"en","created_at":"Sun Dec 14 23:30:00 +0000 2014","in_reply_to_status_id_str":"544272155144646656","place":null},
{"contributors":null,"truncated":false,"text":".@barkingspaniel @dexybailman @BreakingNews @dailytelegraph The Islamic State: http://t.co/byREbirwgp DAMN these bastards!","in_reply_to_status_id":544273128453853184,"id":544273414035214336,"favorite_count":0,"source":"<a href=\"http://twitter.com\" rel=\"nofollow\">Twitter Web Client</a>","retweeted":false,"coordinates":null,"entities":{"symbols":[],"user_mentions":[{"id":27450763,"indices":[1,16],"id_str":"27450763","screen_name":"barkingspaniel","name":"Donald Ichton"},{"id":270535444,"indices":[17,29],"id_str":"270535444","screen_name":"dexybailman","name":"dexum"},{"id":6017542,"indices":[30,43],"id_str":"6017542","screen_name":"BreakingNews","name":"Breaking News"},{"id":9235982,"indices":[44,59],"id_str":"9235982","screen_name":"dailytelegraph","name":"The Daily Telegraph"}],"hashtags":[],"urls":[{"url":"http://t.co/byREbirwgp","indices":[79,101],"expanded_url":"http://www.breaking911.com/developing-gunman-takes-hostages-in-sydney-cafe-isis-flags-being-held-against-window/","display_url":"breaking911.com/developing-gun…"}]},"in_reply_to_screen_name":"barkingspaniel","id_str":"544273414035214336","retweet_count":0,"in_reply_to_user_id":27450763,"favorited":false,"user":{"follow_request_sent":false,"profile_use_background_image":true,"profile_text_color":"362720","default_profile_image":false,"id":2273282888,"profile_background_image_url_https":"https://abs.twimg.com/images/themes/theme11/bg.gif","verified":false,"profile_location":null,"profile_image_url_https":"https://pbs.twimg.com/profile_images/418788968616849409/PMZYwS94_normal.jpeg","profile_sidebar_fill_color":"E5507E","entities":{"url":{"urls":[{"url":"http://t.co/PYtfLGxH6R","indices":[0,22],"expanded_url":"http://LaDonnaRae1961.blogspot.com","display_url":"LaDonnaRae1961.blogspot.com"}]},"description":{"urls":[]}},"followers_count":1700,"profile_sidebar_border_color":"CC3366","id_str":"2273282888","profile_background_color":"FF6699","listed_count":18,"is_translation_enabled":false,"utc_offset":null,"statuses_count":33247,"description":"Lover and Defender of Israel. Do NOT challenge me on Prime Minister Netanyahu. DANGEROUS TERRITORY.","friends_count":2001,"location":"Old: LaDonnaRae50.blogspot.com","profile_link_color":"B40B43","profile_image_url":"http://pbs.twimg.com/profile_images/418788968616849409/PMZYwS94_normal.jpeg","following":false,"geo_enabled":false,"profile_banner_url":"https://pbs.twimg.com/profile_banners/2273282888/1388682159","profile_background_image_url":"http://abs.twimg.com/images/themes/theme11/bg.gif","name":"LaDonna Mosier","lang":"en","profile_background_tile":true,"favourites_count":1947,"screen_name":"LaDonnaRae1961","notifications":false,"url":"http://t.co/PYtfLGxH6R","created_at":"Thu Jan 02 16:58:11 +0000 2014","contributors_enabled":false,"time_zone":null,"protected":false,"default_profile":false,"is_translator":false},"geo":null,"in_reply_to_user_id_str":"27450763","possibly_sensitive":false,"lang":"en","created_at":"Sun Dec 14 23:31:08 +0000 2014","in_reply_to_status_id_str":"544273128453853184","place":null},
{"contributors":null,"truncated":false,"text":".@Shaw91Matt @dexybailman @BreakingNews @dailytelegraph http://t.co/byREbirwgp","in_reply_to_status_id":544272740518486016,"id":544273529810608128,"favorite_count":0,"source":"<a href=\"http://twitter.com\" rel=\"nofollow\">Twitter Web Client</a>","retweeted":false,"coordinates":null,"entities":{"symbols":[],"user_mentions":[{"id":570012819,"indices":[1,12],"id_str":"570012819","screen_name":"Shaw91Matt","name":"Matt Shaw"},{"id":270535444,"indices":[13,25],"id_str":"270535444","screen_name":"dexybailman","name":"dexum"},{"id":6017542,"indices":[26,39],"id_str":"6017542","screen_name":"BreakingNews","name":"Breaking News"},{"id":9235982,"indices":[40,55],"id_str":"9235982","screen_name":"dailytelegraph","name":"The Daily Telegraph"}],"hashtags":[],"urls":[{"url":"http://t.co/byREbirwgp","indices":[56,78],"expanded_url":"http://www.breaking911.com/developing-gunman-takes-hostages-in-sydney-cafe-isis-flags-being-held-against-window/","display_url":"breaking911.com/developing-gun…"}]},"in_reply_to_screen_name":"Shaw91Matt","id_str":"544273529810608128","retweet_count":0,"in_reply_to_user_id":570012819,"favorited":false,"user":{"follow_request_sent":false,"profile_use_background_image":true,"profile_text_color":"362720","default_profile_image":false,"id":2273282888,"profile_background_image_url_https":"https://abs.twimg.com/images/themes/theme11/bg.gif","verified":false,"profile_location":null,"profile_image_url_https":"https://pbs.twimg.com/profile_images/418788968616849409/PMZYwS94_normal.jpeg","profile_sidebar_fill_color":"E5507E","entities":{"url":{"urls":[{"url":"http://t.co/PYtfLGxH6R","indices":[0,22],"expanded_url":"http://LaDonnaRae1961.blogspot.com","display_url":"LaDonnaRae1961.blogspot.com"}]},"description":{"urls":[]}},"followers_count":1700,"profile_sidebar_border_color":"CC3366","id_str":"2273282888","profile_background_color":"FF6699","listed_count":18,"is_translation_enabled":false,"utc_offset":null,"statuses_count":33247,"description":"Lover and Defender of Israel. Do NOT challenge me on Prime Minister Netanyahu. DANGEROUS TERRITORY.","friends_count":2001,"location":"Old: LaDonnaRae50.blogspot.com","profile_link_color":"B40B43","profile_image_url":"http://pbs.twimg.com/profile_images/418788968616849409/PMZYwS94_normal.jpeg","following":false,"geo_enabled":false,"profile_banner_url":"https://pbs.twimg.com/profile_banners/2273282888/1388682159","profile_background_image_url":"http://abs.twimg.com/images/themes/theme11/bg.gif","name":"LaDonna Mosier","lang":"en","profile_background_tile":true,"favourites_count":1947,"screen_name":"LaDonnaRae1961","notifications":false,"url":"http://t.co/PYtfLGxH6R","created_at":"Thu Jan 02 16:58:11 +0000 2014","contributors_enabled":false,"time_zone":null,"protected":false,"default_profile":false,"is_translator":false},"geo":null,"in_reply_to_user_id_str":"570012819","possibly_sensitive":false,"lang":"und","created_at":"Sun Dec 14 23:31:36 +0000 2014","in_reply_to_status_id_str":"544272740518486016","place":null},
{"contributors":null,"truncated":false,"text":"@BreakingNews @dailytelegraph when will people learn to look inside and love one another...? How sad","in_reply_to_status_id":544272155144646656,"id":544273880802537472,"favorite_count":0,"source":"<a href=\"http://twitter.com/download/android\" rel=\"nofollow\">Twitter for Android</a>","retweeted":false,"coordinates":null,"entities":{"symbols":[],"user_mentions":[{"id":6017542,"indices":[0,13],"id_str":"6017542","screen_name":"BreakingNews","name":"Breaking News"},{"id":9235982,"indices":[14,29],"id_str":"9235982","screen_name":"dailytelegraph","name":"The Daily Telegraph"}],"hashtags":[],"urls":[]},"in_reply_to_screen_name":"BreakingNews","id_str":"544273880802537472","retweet_count":0,"in_reply_to_user_id":6017542,"favorited":false,"user":{"follow_request_sent":false,"profile_use_background_image":true,"profile_text_color":"333333","default_profile_image":false,"id":2924117172,"profile_background_image_url_https":"https://abs.twimg.com/images/themes/theme1/bg.png","verified":false,"profile_location":null,"profile_image_url_https":"https://pbs.twimg.com/profile_images/589608026891374592/BV-a7vs2_normal.jpg","profile_sidebar_fill_color":"DDEEF6","entities":{"description":{"urls":[]}},"followers_count":40,"profile_sidebar_border_color":"C0DEED","id_str":"2924117172","profile_background_color":"C0DEED","listed_count":1,"is_translation_enabled":false,"utc_offset":null,"statuses_count":224,"description":"An artist living in Central Texas with an incredible story of child abuse, rape, murder, incarceration, drugs, music, sex, extreme grief,love and rebirth","friends_count":111,"location":"Kosse, Texas United States","profile_link_color":"0084B4","profile_image_url":"http://pbs.twimg.com/profile_images/589608026891374592/BV-a7vs2_normal.jpg","following":false,"geo_enabled":true,"profile_banner_url":"https://pbs.twimg.com/profile_banners/2924117172/1418179600","profile_background_image_url":"http://abs.twimg.com/images/themes/theme1/bg.png","name":"Zina Denker","lang":"en","profile_background_tile":false,"favourites_count":100,"screen_name":"Zina_Denker","notifications":false,"url":null,"created_at":"Tue Dec 09 16:04:22 +0000 2014","contributors_enabled":false,"time_zone":null,"protected":false,"default_profile":true,"is_translator":false},"geo":null,"in_reply_to_user_id_str":"6017542","lang":"en","created_at":"Sun Dec 14 23:32:59 +0000 2014","in_reply_to_status_id_str":"544272155144646656","place":null},
{"contributors":null,"truncated":false,"text":"“@BreakingNews: Hostages reported in armed robbery situation inside café . Tougher laws for Muslims, none of this giving them rights crap","in_reply_to_status_id":544272155144646656,"id":544274077410537472,"favorite_count":1,"source":"<a href=\"http://twitter.com/#!/download/ipad\" rel=\"nofollow\">Twitter for iPad</a>","retweeted":false,"coordinates":null,"entities":{"symbols":[],"user_mentions":[{"id":6017542,"indices":[1,14],"id_str":"6017542","screen_name":"BreakingNews","name":"Breaking News"}],"hashtags":[],"urls":[]},"in_reply_to_screen_name":"BreakingNews","id_str":"544274077410537472","retweet_count":0,"in_reply_to_user_id":6017542,"favorited":false,"user":{"follow_request_sent":false,"profile_use_background_image":true,"profile_text_color":"333333","default_profile_image":false,"id":70327041,"profile_background_image_url_https":"https://abs.twimg.com/images/themes/theme1/bg.png","verified":false,"profile_location":null,"profile_image_url_https":"https://pbs.twimg.com/profile_images/555365143219929088/_fG-ConZ_normal.jpeg","profile_sidebar_fill_color":"DDEEF6","entities":{"description":{"urls":[]}},"followers_count":146,"profile_sidebar_border_color":"C0DEED","id_str":"70327041","profile_background_color":"C0DEED","listed_count":1,"is_translation_enabled":false,"utc_offset":39600,"statuses_count":4742,"description":"Owner of Jimmy, Border Collie. Horse, sheep farmer, Elvis, Kris Kristofferson, BS and Estreet fan. Grannie to many.","friends_count":372,"location":"Lethbridge, Australia.","profile_link_color":"0084B4","profile_image_url":"http://pbs.twimg.com/profile_images/555365143219929088/_fG-ConZ_normal.jpeg","following":false,"geo_enabled":false,"profile_background_image_url":"http://abs.twimg.com/images/themes/theme1/bg.png","name":"Liz Day","lang":"en","profile_background_tile":false,"favourites_count":119,"screen_name":"lizday1","notifications":false,"url":null,"created_at":"Mon Aug 31 06:21:22 +0000 2009","contributors_enabled":false,"time_zone":"Melbourne","protected":false,"default_profile":true,"is_translator":false},"geo":null,"in_reply_to_user_id_str":"6017542","lang":"en","created_at":"Sun Dec 14 23:33:46 +0000 2014","in_reply_to_status_id_str":"544272155144646656","place":null},
{"contributors":null,"truncated":false,"text":"@BreakingNews @carliebonavia it's the Lindt Cafe in Martin Place. An Islamic state flag had been seen in a window","in_reply_to_status_id":544272155144646656,"id":544274267043426304,"favorite_count":0,"source":"<a href=\"http://twitter.com/download/iphone\" rel=\"nofollow\">Twitter for iPhone</a>","retweeted":false,"coordinates":{"type":"Point","coordinates":[151.22611522,-33.87225559]},"entities":{"symbols":[],"user_mentions":[{"id":6017542,"indices":[0,13],"id_str":"6017542","screen_name":"BreakingNews","name":"Breaking News"},{"id":220921868,"indices":[14,28],"id_str":"220921868","screen_name":"carliebonavia","name":"Carlie Bonavia"}],"hashtags":[],"urls":[]},"in_reply_to_screen_name":"BreakingNews","id_str":"544274267043426304","retweet_count":0,"in_reply_to_user_id":6017542,"favorited":false,"user":{"follow_request_sent":false,"profile_use_background_image":true,"profile_text_color":"666666","default_profile_image":false,"id":22444475,"profile_background_image_url_https":"https://abs.twimg.com/images/themes/theme9/bg.gif","verified":false,"profile_location":null,"profile_image_url_https":"https://pbs.twimg.com/profile_images/550291435539296256/A-cNwXbt_normal.jpeg","profile_sidebar_fill_color":"252429","entities":{"url":{"urls":[{"url":"http://t.co/0pS3RUsGFR","indices":[0,22],"expanded_url":"http://instagram.com/cneave","display_url":"instagram.com/cneave"}]},"description":{"urls":[]}},"followers_count":78,"profile_sidebar_border_color":"181A1E","id_str":"22444475","profile_background_color":"1A1B1F","listed_count":1,"is_translation_enabled":false,"utc_offset":39600,"statuses_count":168,"description":"Sport, Music, Art, Pop Culture, Photography, Producer of Stuff.","friends_count":495,"location":"Sydney, Australia","profile_link_color":"2FC2EF","profile_image_url":"http://pbs.twimg.com/profile_images/550291435539296256/A-cNwXbt_normal.jpeg","following":false,"geo_enabled":true,"profile_banner_url":"https://pbs.twimg.com/profile_banners/22444475/1374710290","profile_background_image_url":"http://abs.twimg.com/images/themes/theme9/bg.gif","name":"Chris Neave","lang":"en","profile_background_tile":false,"favourites_count":26,"screen_name":"nuggsy69","notifications":false,"url":"http://t.co/0pS3RUsGFR","created_at":"Mon Mar 02 03:19:19 +0000 2009","contributors_enabled":false,"time_zone":"Sydney","protected":false,"default_profile":false,"is_translator":false},"geo":{"type":"Point","coordinates":[-33.87225559,151.22611522]},"in_reply_to_user_id_str":"6017542","lang":"en","created_at":"Sun Dec 14 23:34:32 +0000 2014","in_reply_to_status_id_str":"544272155144646656","place":{"full_name":"Sydney, New South Wales","url":"https://api.twitter.com/1.1/geo/id/0073b76548e5984f.json","country":"Australia","place_type":"city","bounding_box":{"type":"Polygon","coordinates":[[[150.520928608,-34.1183470085],[151.343020992,-34.1183470085],[151.343020992,-33.578140996],[150.520928608,-33.578140996]]]},"contained_within":[],"country_code":"AU","attributes":{},"id":"0073b76548e5984f","name":"Sydney"}},
{"contributors":null,"truncated":false,"text":"@BreakingNews @dailytelegraph where are the moderate Muslims to go stop this! Quiet as usual. Deport all Muslims out of Australia!!","in_reply_to_status_id":544272155144646656,"id":544274584548044800,"favorite_count":2,"source":"<a href=\"http://twitter.com/download/android\" rel=\"nofollow\">Twitter for Android</a>","retweeted":false,"coordinates":null,"entities":{"symbols":[],"user_mentions":[{"id":6017542,"indices":[0,13],"id_str":"6017542","screen_name":"BreakingNews","name":"Breaking News"},{"id":9235982,"indices":[14,29],"id_str":"9235982","screen_name":"dailytelegraph","name":"The Daily Telegraph"}],"hashtags":[],"urls":[]},"in_reply_to_screen_name":"BreakingNews","id_str":"544274584548044800","retweet_count":0,"in_reply_to_user_id":6017542,"favorited":false,"user":{"follow_request_sent":false,"profile_use_background_image":false,"profile_text_color":"000000","default_profile_image":false,"id":2857714525,"profile_background_image_url_https":"https://abs.twimg.com/images/themes/theme1/bg.png","verified":false,"profile_location":null,"profile_image_url_https":"https://pbs.twimg.com/profile_images/545809711702876160/kv7LRE1Z_normal.jpeg","profile_sidebar_fill_color":"000000","entities":{"description":{"urls":[]}},"followers_count":206,"profile_sidebar_border_color":"000000","id_str":"2857714525","profile_background_color":"000000","listed_count":16,"is_translation_enabled":false,"utc_offset":null,"statuses_count":2023,"description":"I am sick and tired or religious ideologies and especially ISLAM!","friends_count":178,"location":"Australia","profile_link_color":"94D487","profile_image_url":"http://pbs.twimg.com/profile_images/545809711702876160/kv7LRE1Z_normal.jpeg","following":false,"geo_enabled":false,"profile_banner_url":"https://pbs.twimg.com/profile_banners/2857714525/1413440948","profile_background_image_url":"http://abs.twimg.com/images/themes/theme1/bg.png","name":"CtrlAltDel","lang":"en","profile_background_tile":false,"favourites_count":966,"screen_name":"fixingahole71","notifications":false,"url":null,"created_at":"Thu Oct 16 06:23:36 +0000 2014","contributors_enabled":false,"time_zone":null,"protected":false,"default_profile":false,"is_translator":false},"geo":null,"in_reply_to_user_id_str":"6017542","lang":"en","created_at":"Sun Dec 14 23:35:47 +0000 2014","in_reply_to_status_id_str":"544272155144646656","place":null},
{"contributors":null,"truncated":false,"text":"@BreakingNews @dailytelegraph Praying for all affected by this robbery.","in_reply_to_status_id":544272155144646656,"id":544275832886145024,"favorite_count":0,"source":"<a href=\"http://twitter.com\" rel=\"nofollow\">Twitter Web Client</a>","retweeted":false,"coordinates":null,"entities":{"symbols":[],"user_mentions":[{"id":6017542,"indices":[0,13],"id_str":"6017542","screen_name":"BreakingNews","name":"Breaking News"},{"id":9235982,"indices":[14,29],"id_str":"9235982","screen_name":"dailytelegraph","name":"The Daily Telegraph"}],"hashtags":[],"urls":[]},"in_reply_to_screen_name":"BreakingNews","id_str":"544275832886145024","retweet_count":0,"in_reply_to_user_id":6017542,"favorited":false,"user":{"follow_request_sent":false,"profile_use_background_image":true,"profile_text_color":"3D1957","default_profile_image":false,"id":1005257844,"profile_background_image_url_https":"https://pbs.twimg.com/profile_background_images/509296456633561089/olfuyEVj.jpeg","verified":false,"profile_location":null,"profile_image_url_https":"https://pbs.twimg.com/profile_images/509298383748468736/nj-HSrnn_normal.jpeg","profile_sidebar_fill_color":"7AC3EE","entities":{"description":{"urls":[]}},"followers_count":40,"profile_sidebar_border_color":"FFFFFF","id_str":"1005257844","profile_background_color":"0F0E69","listed_count":0,"is_translation_enabled":false,"utc_offset":-21600,"statuses_count":2419,"description":"child of God,mom, grandmother, sister, aunt, niece, cousin, friend & baker :)","friends_count":24,"location":"Illinois","profile_link_color":"FF0000","profile_image_url":"http://pbs.twimg.com/profile_images/509298383748468736/nj-HSrnn_normal.jpeg","following":false,"geo_enabled":false,"profile_banner_url":"https://pbs.twimg.com/profile_banners/1005257844/1416794869","profile_background_image_url":"http://pbs.twimg.com/profile_background_images/509296456633561089/olfuyEVj.jpeg","name":"Rose Kennedy","lang":"en","profile_background_tile":true,"favourites_count":399,"screen_name":"RoseKennedy20","notifications":false,"url":null,"created_at":"Wed Dec 12 01:16:22 +0000 2012","contributors_enabled":false,"time_zone":"Central Time (US & Canada)","protected":false,"default_profile":false,"is_translator":false},"geo":null,"in_reply_to_user_id_str":"6017542","lang":"en","created_at":"Sun Dec 14 23:40:45 +0000 2014","in_reply_to_status_id_str":"544272155144646656","place":null},
{"contributors":null,"truncated":false,"text":"“@BreakingNews: Hostages reported in armed robbery situation inside café in Martin Place, Sydney - @dailytelegraph http://t.co/9Tb2w5G3q1”","in_reply_to_status_id":544272155144646656,"id":544276419560607745,"favorite_count":4,"source":"<a href=\"http://twitter.com/download/iphone\" rel=\"nofollow\">Twitter for iPhone</a>","retweeted":false,"coordinates":null,"entities":{"symbols":[],"user_mentions":[{"id":6017542,"indices":[1,14],"id_str":"6017542","screen_name":"BreakingNews","name":"Breaking News"},{"id":9235982,"indices":[99,114],"id_str":"9235982","screen_name":"dailytelegraph","name":"The Daily Telegraph"}],"hashtags":[],"urls":[{"url":"http://t.co/9Tb2w5G3q1","indices":[115,137],"expanded_url":"http://bit.ly/1AxtDsX","display_url":"bit.ly/1AxtDsX"}]},"in_reply_to_screen_name":"BreakingNews","id_str":"544276419560607745","retweet_count":0,"in_reply_to_user_id":6017542,"favorited":false,"user":{"follow_request_sent":false,"profile_use_background_image":true,"profile_text_color":"666666","default_profile_image":false,"id":47746339,"profile_background_image_url_https":"https://abs.twimg.com/images/themes/theme9/bg.gif","verified":false,"profile_location":null,"profile_image_url_https":"https://pbs.twimg.com/profile_images/1550469622/neg_normal.jpg","profile_sidebar_fill_color":"252429","entities":{"url":{"urls":[{"url":"https://t.co/I3PIGx42sw","indices":[0,23],"expanded_url":"https://www.facebook.com/NEGINSHIRAGHA?fref=ts","display_url":"facebook.com/NEGINSHIRAGHA?…"}]},"description":{"urls":[]}},"followers_count":24297,"profile_sidebar_border_color":"181A1E","id_str":"47746339","profile_background_color":"1A1B1F","listed_count":110,"is_translation_enabled":false,"utc_offset":0,"statuses_count":1352,"description":"BBC Persian Reporter, views are mine not BBC's","friends_count":295,"location":"London","profile_link_color":"2FC2EF","profile_image_url":"http://pbs.twimg.com/profile_images/1550469622/neg_normal.jpg","following":false,"geo_enabled":false,"profile_banner_url":"https://pbs.twimg.com/profile_banners/47746339/1348660763","profile_background_image_url":"http://abs.twimg.com/images/themes/theme9/bg.gif","name":"negin shiraghaei","lang":"en","profile_background_tile":false,"favourites_count":142,"screen_name":"neginsh","notifications":false,"url":"https://t.co/I3PIGx42sw","created_at":"Tue Jun 16 21:50:56 +0000 2009","contributors_enabled":false,"time_zone":"London","protected":false,"default_profile":false,"is_translator":false},"geo":null,"in_reply_to_user_id_str":"6017542","possibly_sensitive":false,"lang":"en","created_at":"Sun Dec 14 23:43:05 +0000 2014","in_reply_to_status_id_str":"544272155144646656","place":null},
{"contributors":null,"truncated":false,"text":"@BreakingNews @dailytelegraph Sydney seige. Very scary. I hope no one gets hurt. #lovenotwar","in_reply_to_status_id":544272155144646656,"id":544276697843908608,"favorite_count":0,"source":"<a href=\"http://twitter.com/download/android\" rel=\"nofollow\">Twitter for Android</a>","retweeted":false,"coordinates":null,"entities":{"symbols":[],"user_mentions":[{"id":6017542,"indices":[0,13],"id_str":"6017542","screen_name":"BreakingNews","name":"Breaking News"},{"id":9235982,"indices":[14,29],"id_str":"9235982","screen_name":"dailytelegraph","name":"The Daily Telegraph"}],"hashtags":[{"indices":[81,92],"text":"lovenotwar"}],"urls":[]},"in_reply_to_screen_name":"BreakingNews","id_str":"544276697843908608","retweet_count":0,"in_reply_to_user_id":6017542,"favorited":false,"user":{"follow_request_sent":false,"profile_use_background_image":true,"profile_text_color":"333333","default_profile_image":false,"id":33936084,"profile_background_image_url_https":"https://abs.twimg.com/images/themes/theme17/bg.gif","verified":false,"profile_location":null,"profile_image_url_https":"https://pbs.twimg.com/profile_images/542923757921120258/FubcRwHK_normal.jpeg","profile_sidebar_fill_color":"DDEEF6","entities":{"description":{"urls":[]}},"followers_count":19,"profile_sidebar_border_color":"000000","id_str":"33936084","profile_background_color":"E4DAEB","listed_count":0,"is_translation_enabled":false,"utc_offset":null,"statuses_count":27,"description":"","friends_count":67,"location":"","profile_link_color":"CC3366","profile_image_url":"http://pbs.twimg.com/profile_images/542923757921120258/FubcRwHK_normal.jpeg","following":false,"geo_enabled":false,"profile_banner_url":"https://pbs.twimg.com/profile_banners/33936084/1418278542","profile_background_image_url":"http://abs.twimg.com/images/themes/theme17/bg.gif","name":"Nicole Atasever","lang":"en","profile_background_tile":false,"favourites_count":5,"screen_name":"NicoleAtas","notifications":false,"url":null,"created_at":"Tue Apr 21 15:25:54 +0000 2009","contributors_enabled":false,"time_zone":null,"protected":false,"default_profile":false,"is_translator":false},"geo":null,"in_reply_to_user_id_str":"6017542","lang":"en","created_at":"Sun Dec 14 23:44:11 +0000 2014","in_reply_to_status_id_str":"544272155144646656","place":null},
{"contributors":null,"truncated":false,"text":"@BreakingNews @RushetteNY @dailytelegraph \"Armed robbery\" up ur clacker, mate. Islamic flag in window. Muslim robbers. In allahs name??!","in_reply_to_status_id":544272155144646656,"id":544279678593142784,"favorite_count":1,"source":"<a href=\"http://twitter.com\" rel=\"nofollow\">Twitter Web Client</a>","retweeted":false,"coordinates":null,"entities":{"symbols":[],"user_mentions":[{"id":6017542,"indices":[0,13],"id_str":"6017542","screen_name":"BreakingNews","name":"Breaking News"},{"id":198945680,"indices":[14,25],"id_str":"198945680","screen_name":"RushetteNY","name":"Rushette"},{"id":9235982,"indices":[26,41],"id_str":"9235982","screen_name":"dailytelegraph","name":"The Daily Telegraph"}],"hashtags":[],"urls":[]},"in_reply_to_screen_name":"BreakingNews","id_str":"544279678593142784","retweet_count":3,"in_reply_to_user_id":6017542,"favorited":false,"user":{"follow_request_sent":false,"profile_use_background_image":true,"profile_text_color":"333333","default_profile_image":true,"id":2558058282,"profile_background_image_url_https":"https://abs.twimg.com/images/themes/theme1/bg.png","verified":false,"profile_location":null,"profile_image_url_https":"https://abs.twimg.com/sticky/default_profile_images/default_profile_3_normal.png","profile_sidebar_fill_color":"DDEEF6","entities":{"url":{"urls":[{"url":"http://t.co/E0sSDElxkE","indices":[0,22],"expanded_url":"http://salveveritas.wordpress.com","display_url":"salveveritas.wordpress.com"}]},"description":{"urls":[{"url":"http://t.co/E0sSDElxkE","indices":[105,127],"expanded_url":"http://salveveritas.wordpress.com","display_url":"salveveritas.wordpress.com"}]}},"followers_count":173,"profile_sidebar_border_color":"C0DEED","id_str":"2558058282","profile_background_color":"C0DEED","listed_count":8,"is_translation_enabled":false,"utc_offset":null,"statuses_count":8301,"description":"Networking to Counter Racist Anti-israel Propaganda, C.R.A.P. denies Israel's delegitimisers legitimacy\r\nhttp://t.co/E0sSDElxkE","friends_count":217,"location":"","profile_link_color":"0084B4","profile_image_url":"http://abs.twimg.com/sticky/default_profile_images/default_profile_3_normal.png","following":false,"geo_enabled":true,"profile_background_image_url":"http://abs.twimg.com/images/themes/theme1/bg.png","name":"Alan in Australia","lang":"en","profile_background_tile":false,"favourites_count":4602,"screen_name":"ozzyalan","notifications":false,"url":"http://t.co/E0sSDElxkE","created_at":"Tue Jun 10 03:18:56 +0000 2014","contributors_enabled":false,"time_zone":null,"protected":false,"default_profile":true,"is_translator":false},"geo":null,"in_reply_to_user_id_str":"6017542","lang":"en","created_at":"Sun Dec 14 23:56:02 +0000 2014","in_reply_to_status_id_str":"544272155144646656","place":null},
{"contributors":null,"truncated":false,"text":"@nuggsy69 @BreakingNews crazy..","in_reply_to_status_id":544274267043426304,"id":544280234485633024,"favorite_count":0,"source":"<a href=\"http://twitter.com\" rel=\"nofollow\">Twitter Web Client</a>","retweeted":false,"coordinates":null,"entities":{"symbols":[],"user_mentions":[{"id":22444475,"indices":[0,9],"id_str":"22444475","screen_name":"nuggsy69","name":"Chris Neave"},{"id":6017542,"indices":[10,23],"id_str":"6017542","screen_name":"BreakingNews","name":"Breaking News"}],"hashtags":[],"urls":[]},"in_reply_to_screen_name":"nuggsy69","id_str":"544280234485633024","retweet_count":0,"in_reply_to_user_id":22444475,"favorited":false,"user":{"follow_request_sent":false,"profile_use_background_image":true,"profile_text_color":"333333","default_profile_image":false,"id":220921868,"profile_background_image_url_https":"https://abs.twimg.com/images/themes/theme1/bg.png","verified":false,"profile_location":null,"profile_image_url_https":"https://pbs.twimg.com/profile_images/585857112129011712/U_TrrTIW_normal.jpg","profile_sidebar_fill_color":"DDEEF6","entities":{"url":{"urls":[{"url":"http://t.co/BRsT4sh1jt","indices":[0,22],"expanded_url":"http://www.gypsygirlingi.com","display_url":"gypsygirlingi.com"}]},"description":{"urls":[{"url":"http://t.co/Gj3g8BoGP6","indices":[103,125],"expanded_url":"http://Soundcloud.com/carliebree","display_url":"Soundcloud.com/carliebree"}]}},"followers_count":1422,"profile_sidebar_border_color":"C0DEED","id_str":"220921868","profile_background_color":"C0DEED","listed_count":32,"is_translation_enabled":false,"utc_offset":39600,"statuses_count":16521,"description":"Aussie radio journo on hiatus. Currently based in East London. Clumsy BJJ white belt - @gypsygirlingi. http://t.co/Gj3g8BoGP6","friends_count":2001,"location":"London, UK","profile_link_color":"0084B4","profile_image_url":"http://pbs.twimg.com/profile_images/585857112129011712/U_TrrTIW_normal.jpg","following":false,"geo_enabled":false,"profile_banner_url":"https://pbs.twimg.com/profile_banners/220921868/1409490491","profile_background_image_url":"http://abs.twimg.com/images/themes/theme1/bg.png","name":"Carlie Bonavia","lang":"en","profile_background_tile":false,"favourites_count":609,"screen_name":"carliebonavia","notifications":false,"url":"http://t.co/BRsT4sh1jt","created_at":"Mon Nov 29 06:52:13 +0000 2010","contributors_enabled":false,"time_zone":"Melbourne","protected":false,"default_profile":true,"is_translator":false},"geo":null,"in_reply_to_user_id_str":"22444475","lang":"en","created_at":"Sun Dec 14 23:58:14 +0000 2014","in_reply_to_status_id_str":"544274267043426304","place":null}
]