[{"contributors":null,"truncated":false,"text":"@Reuters took your time...","in_reply_to_status_id":544280765111218176,"id":544280954752094208,"favorite_count":0,"source":"<a href=\"http://twitter.com/download/iphone\" rel=\"nofollow\">Twitter for iPhone</a>","retweeted":false,"coordinates":null,"entities":{"symbols":[],"user_mentions":[{"id":1652541,"indices":[0,8],"id_str":"1652541","screen_name":"Reuters","name":"Reuters Top News"}],"hashtags":[],"urls":[]},"in_reply_to_screen_name":"Reuters","id_str":"544280954752094208","retweet_count":0,"in_reply_to_user_id":1652541,"favorited":false,"user":{"follow_request_sent":false,"profile_use_background_image":true,"profile_text_color":"333333","default_profile_image":false,"id":301910658,"profile_background_image_url_https":"https://abs.twimg.com/images/themes/theme1/bg.png","verified":false,"profile_location":null,"profile_image_url_https":"https://pbs.twimg.com/profile_images/496702469460615168/BTCH5OpB_normal.jpeg","profile_sidebar_fill_color":"DDEEF6","entities":{"description":{"urls":[]}},"followers_count":15,"profile_sidebar_border_color":"C0DEED","id_str":"301910658","profile_background_color":"C0DEED","listed_count":3,"is_translation_enabled":false,"utc_offset":36000,"statuses_count":1051,"description":"","friends_count":61,"location":"","profile_link_color":"0084B4","profile_image_url":"http://pbs.twimg.com/profile_images/496702469460615168/BTCH5OpB_normal.jpeg","following":false,"geo_enabled":false,"profile_banner_url":"https://pbs.twimg.com/profile_banners/301910658/1407258206","profile_background_image_url":"http://abs.twimg.com/images/themes/theme1/bg.png","name":"Alex Aulton","lang":"en","profile_background_tile":false,"favourites_count":810,"screen_name":"OzSciTech","notifications":false,"url":null,"created_at":"Fri May 20 08:31:56 +0000 2011","contributors_enabled":false,"time_zone":"Brisbane","protected":false,"default_profile":true,"is_translator":false},"geo":null,"in_reply_to_user_id_str":"1652541","lang":"en","created_at":"Mon Dec 15 00:01:06 +0000 2014","in_reply_to_status_id_str":"544280765111218176","place":null},
{"contributors":null,"truncated":false,"text":"“@Reuters: Hostages held in Sydney cafe, Islamic flag seen in window: local TV http://t.co/0ZAzsgE2ko”","in_reply_to_status_id":544280765111218176,"id":544280972061966336,"favorite_count":0,"source":"<a href=\"http://twitter.com/download/iphone\" rel=\"nofollow\">Twitter for iPhone</a>","retweeted":false,"coordinates":null,"entities":{"symbols":[],"user_mentions":[{"id":1652541,"indices":[1,9],"id_str":"1652541","screen_name":"Reuters","name":"Reuters Top News"}],"hashtags":[],"urls":[{"url":"http://t.co/0ZAzsgE2ko","indices":[79,101],"expanded_url":"http://reut.rs/1xiNY7J","display_url":"reut.rs/1xiNY7J"}]},"in_reply_to_screen_name":"Reuters","id_str":"544280972061966336","retweet_count":0,"in_reply_to_user_id":1652541,"favorited":false,"user":{"follow_request_sent":false,"profile_use_background_image":true,"profile_text_color":"333333","default_profile_image":false,"id":24400524,"profile_background_image_url_https":"https://abs.twimg.com/images/themes/theme15/bg.png","verified":false,"profile_location":null,"profile_image_url_https":"https://pbs.twimg.com/profile_images/561201068088905728/RdlvaHO4_normal.jpeg","profile_sidebar_fill_color":"C0DFEC","entities":{"description":{"urls":[]}},"followers_count":871,"profile_sidebar_border_color":"A8C7F7","id_str":"24400524","profile_background_color":"022330","listed_count":24,"is_translation_enabled":false,"utc_offset":null,"statuses_count":10367,"description":"CCTV News correspondent, CBS News producer in Manila. Views/comments here are my own.","friends_count":493,"location":"Manila, Philippines","profile_link_color":"0084B4","profile_image_url":"http://pbs.twimg.com/profile_images/561201068088905728/RdlvaHO4_normal.jpeg","following":false,"geo_enabled":false,"profile_background_image_url":"http://abs.twimg.com/images/themes/theme15/bg.png","name":"Barnaby Lo","lang":"en","profile_background_tile":false,"favourites_count":130,"screen_name":"barnabychuck","notifications":false,"url":null,"created_at":"Sat Mar 14 17:37:27 +0000 2009","contributors_enabled":false,"time_zone":null,"protected":false,"default_profile":false,"is_translator":false},"geo":null,"in_reply_to_user_id_str":"1652541","possibly_sensitive":false,"lang":"en","created_at":"Mon Dec 15 00:01:10 +0000 2014","in_reply_to_status_id_str":"544280765111218176","place":null},
{"contributors":null,"truncated":false,"text":"@Reuters ISLAMIC FLAG, REUTERS? ARE YOU SERIOUS?","in_reply_to_status_id":544280765111218176,"id":544281057801932800,"favorite_count":1,"source":"<a href=\"http://twitter.com/download/iphone\" rel=\"nofollow\">Twitter for iPhone</a>","retweeted":false,"coordinates":null,"entities":{"symbols":[],"user_mentions":[{"id":1652541,"indices":[0,8],"id_str":"1652541","screen_name":"Reuters","name":"Reuters Top News"}],"hashtags":[],"urls":[]},"in_reply_to_screen_name":"Reuters","id_str":"544281057801932800","retweet_count":0,"in_reply_to_user_id":1652541,"favorited":false,"user":{"follow_request_sent":false,"profile_use_background_image":true,"profile_text_color":"1C1F23","default_profile_image":false,"id":22583142,"profile_background_image_url_https":"https://pbs.twimg.com/profile_background_images/143129526/x8e3f49eb55297e5fa6f82f3bab84dce.png","verified":false,"profile_location":null,"profile_image_url_https":"https://pbs.twimg.com/profile_images/2776325732/2453c37d54bc526b19dae99755bf056a_normal.jpeg","profile_sidebar_fill_color":"C9C9C9","entities":{"url":{"urls":[{"url":"http://t.co/xWHTWP4OhS","indices":[0,22],"expanded_url":"http://www.vundablog.com","display_url":"vundablog.com"}]},"description":{"urls":[]}},"followers_count":171,"profile_sidebar_border_color":"BFBFBF","id_str":"22583142","profile_background_color":"07090B","listed_count":6,"is_translation_enabled":false,"utc_offset":-18000,"statuses_count":4255,"description":"Unitarian Universalist Seminarian, Vundablogger/Writer, Musician/Music Lover, Political Science/International Relations Nerd, Fake Fighting Fan, Sports Fan","friends_count":336,"location":"Berkeley, CA","profile_link_color":"C34242","profile_image_url":"http://pbs.twimg.com/profile_images/2776325732/2453c37d54bc526b19dae99755bf056a_normal.jpeg","following":false,"geo_enabled":true,"profile_banner_url":"https://pbs.twimg.com/profile_banners/22583142/1354636104","profile_background_image_url":"http://pbs.twimg.com/profile_background_images/143129526/x8e3f49eb55297e5fa6f82f3bab84dce.png","name":"Derrick Mustelier","lang":"en","profile_background_tile":true,"favourites_count":806,"screen_name":"bioponic","notifications":false,"url":"http://t.co/xWHTWP4OhS","created_at":"Tue Mar 03 04:15:08 +0000 2009","contributors_enabled":false,"time_zone":"Eastern Time (US & Canada)","protected":false,"default_profile":false,"is_translator":false},"geo":null,"in_reply_to_user_id_str":"1652541","lang":"en","created_at":"Mon Dec 15 00:01:31 +0000 2014","in_reply_to_status_id_str":"544280765111218176","place":null},
{"contributors":null,"truncated":false,"text":"@Reuters kill all ISIS kill them all kill their families kill their children kill them all","in_reply_to_status_id":544280765111218176,"id":544281327693201408,"favorite_count":0,"source":"<a href=\"http://twitter.com/download/android\" rel=\"nofollow\">Twitter for Android</a>","retweeted":false,"coordinates":null,"entities":{"symbols":[],"user_mentions":[{"id":1652541,"indices":[0,8],"id_str":"1652541","screen_name":"Reuters","name":"Reuters Top News"}],"hashtags":[],"urls":[]},"in_reply_to_screen_name":"Reuters","id_str":"544281327693201408","retweet_count":0,"in_reply_to_user_id":1652541,"favorited":false,"user":{"follow_request_sent":false,"profile_use_background_image":true,"profile_text_color":"333333","default_profile_image":false,"id":497485493,"profile_background_image_url_https":"https://abs.twimg.com/images/themes/theme1/bg.png","verified":false,"profile_location":null,"profile_image_url_https":"https://pbs.twimg.com/profile_images/452656337043079168/5wXz56hF_normal.jpeg","profile_sidebar_fill_color":"DDEEF6","entities":{"description":{"urls":[]}},"followers_count":142,"profile_sidebar_border_color":"C0DEED","id_str":"497485493","profile_background_color":"C0DEED","listed_count":6,"is_translation_enabled":false,"utc_offset":null,"statuses_count":4442,"description":"Portfolio Manager/Hedge fund\nEquities/Options\nNew York/London/Hong Kong","friends_count":484,"location":"","profile_link_color":"0084B4","profile_image_url":"http://pbs.twimg.com/profile_images/452656337043079168/5wXz56hF_normal.jpeg","following":false,"geo_enabled":true,"profile_background_image_url":"http://abs.twimg.com/images/themes/theme1/bg.png","name":"Humble Trader","lang":"en","profile_background_tile":false,"favourites_count":304,"screen_name":"JAXON_CAPITAL","notifications":false,"url":null,"created_at":"Mon Feb 20 01:49:02 +0000 2012","contributors_enabled":false,"time_zone":null,"protected":false,"default_profile":true,"is_translator":false},"geo":null,"in_reply_to_user_id_str":"1652541","lang":"en","created_at":"Mon Dec 15 00:02:35 +0000 2014","in_reply_to_status_id_str":"544280765111218176","place":null},
{"contributors":null,"truncated":false,"text":"@Reuters thoughts go out to family of hostages in @LindtCafeAus let's hope this is NOT  #ISIS attack","in_reply_to_status_id":544280765111218176,"id":544281581012410368,"favorite_count":0,"source":"<a href=\"http://twitter.com/download/iphone\" rel=\"nofollow\">Twitter for iPhone</a>","retweeted":false,"coordinates":null,"entities":{"symbols":[],"user_mentions":[{"id":1652541,"indices":[0,8],"id_str":"1652541","screen_name":"Reuters","name":"Reuters Top News"},{"id":114327488,"indices":[50,63],"id_str":"114327488","screen_name":"LindtCafeAus","name":"Lindt Chocolate Cafe"}],"hashtags":[{"indices":[88,93],"text":"ISIS"}],"urls":[]},"in_reply_to_screen_name":"Reuters","id_str":"544281581012410368","retweet_count":0,"in_reply_to_user_id":1652541,"favorited":false,"user":{"follow_request_sent":false,"profile_use_background_image":true,"profile_text_color":"333333","default_profile_image":false,"id":456179845,"profile_background_image_url_https":"https://abs.twimg.com/images/themes/theme1/bg.png","verified":false,"profile_location":null,"profile_image_url_https":"https://pbs.twimg.com/profile_images/571808008088526849/We5zdyP9_normal.jpeg","profile_sidebar_fill_color":"DDEEF6","entities":{"description":{"urls":[]}},"followers_count":164,"profile_sidebar_border_color":"C0DEED","id_str":"456179845","profile_background_color":"C0DEED","listed_count":0,"is_translation_enabled":false,"utc_offset":null,"statuses_count":1627,"description":"Always looking for new interests and life moments to remember.. whats next?\n\nupdates on #cavan kirkham-maccallum #raredisease #hememelia","friends_count":600,"location":"northamptonshire","profile_link_color":"0084B4","profile_image_url":"http://pbs.twimg.com/profile_images/571808008088526849/We5zdyP9_normal.jpeg","following":false,"geo_enabled":true,"profile_background_image_url":"http://abs.twimg.com/images/themes/theme1/bg.png","name":"Bernadette","lang":"en","profile_background_tile":false,"favourites_count":163,"screen_name":"bfromblighty","notifications":false,"url":null,"created_at":"Thu Jan 05 23:42:36 +0000 2012","contributors_enabled":false,"time_zone":null,"protected":false,"default_profile":true,"is_translator":false},"geo":null,"in_reply_to_user_id_str":"1652541","lang":"en","created_at":"Mon Dec 15 00:03:35 +0000 2014","in_reply_to_status_id_str":"544280765111218176","place":null},
{"contributors":null,"truncated":false,"text":"@Reuters not is is flag. It is a testimony quote. Siege perpetrated by idiotic wannabes.","in_reply_to_status_id":544280765111218176,"id":544281673181822979,"favorite_count":1,"source":"<a href=\"http://twitter.com/download/android\" rel=\"nofollow\">Twitter for Android</a>","retweeted":false,"coordinates":null,"entities":{"symbols":[],"user_mentions":[{"id":1652541,"indices":[0,8],"id_str":"1652541","screen_name":"Reuters","name":"Reuters Top News"}],"hashtags":[],"urls":[]},"in_reply_to_screen_name":"Reuters","id_str":"544281673181822979","retweet_count":0,"in_reply_to_user_id":1652541,"favorited":false,"user":{"follow_request_sent":false,"profile_use_background_image":true,"profile_text_color":"333333","default_profile_image":false,"id":285505398,"profile_background_image_url_https":"https://abs.twimg.com/images/themes/theme1/bg.png","verified":false,"profile_location":null,"profile_image_url_https":"https://pbs.twimg.com/profile_images/3085392491/8f4478a57c467f3a956a598cca2d0d7a_normal.jpeg","profile_sidebar_fill_color":"DDEEF6","entities":{"description":{"urls":[]}},"followers_count":59,"profile_sidebar_border_color":"C0DEED","id_str":"285505398","profile_background_color":"C0DEED","listed_count":0,"is_translation_enabled":false,"utc_offset":39600,"statuses_count":3449,"description":"Loathe bullies. Lets dive beneath  the surface and find the truth with some dignity.","friends_count":220,"location":"","profile_link_color":"0084B4","profile_image_url":"http://pbs.twimg.com/profile_images/3085392491/8f4478a57c467f3a956a598cca2d0d7a_normal.jpeg","following":false,"geo_enabled":false,"profile_background_image_url":"http://abs.twimg.com/images/themes/theme1/bg.png","name":"just suzanne","lang":"en","profile_background_tile":false,"favourites_count":2259,"screen_name":"suzzzh","notifications":false,"url":null,"created_at":"Thu Apr 21 08:24:34 +0000 2011","contributors_enabled":false,"time_zone":"Melbourne","protected":false,"default_profile":true,"is_translator":false},"geo":null,"in_reply_to_user_id_str":"1652541","lang":"en","created_at":"Mon Dec 15 00:03:57 +0000 2014","in_reply_to_status_id_str":"544280765111218176","place":null},
{"contributors":null,"truncated":false,"text":"@Reuters that's it, no one is going to send aid to them ever again, nor should they, they more you help the more they HATE","in_reply_to_status_id":544280765111218176,"id":544281787417886721,"favorite_count":0,"source":"<a href=\"http://twitter.com/#!/download/ipad\" rel=\"nofollow\">Twitter for iPad</a>","retweeted":false,"coordinates":null,"entities":{"symbols":[],"user_mentions":[{"id":1652541,"indices":[0,8],"id_str":"1652541","screen_name":"Reuters","name":"Reuters Top News"}],"hashtags":[],"urls":[]},"in_reply_to_screen_name":"Reuters","id_str":"544281787417886721","retweet_count":0,"in_reply_to_user_id":1652541,"favorited":false,"user":{"follow_request_sent":false,"profile_use_background_image":true,"profile_text_color":"333333","default_profile_image":false,"id":262062797,"profile_background_image_url_https":"https://abs.twimg.com/images/themes/theme1/bg.png","verified":false,"profile_location":null,"profile_image_url_https":"https://pbs.twimg.com/profile_images/543443252326588416/jKWWXUdf_normal.jpeg","profile_sidebar_fill_color":"DDEEF6","entities":{"description":{"urls":[]}},"followers_count":9982,"profile_sidebar_border_color":"C0DEED","id_str":"262062797","profile_background_color":"C0DEED","listed_count":14,"is_translation_enabled":false,"utc_offset":-21600,"statuses_count":69167,"description":"Psychology,Criminology,Modelling,Writer,Gamer, Ukrainian and French (France) Canadian. Ask for my Path, Tumblr, IG and KIK/LINE/BBM","friends_count":10089,"location":"Canada","profile_link_color":"0084B4","profile_image_url":"http://pbs.twimg.com/profile_images/543443252326588416/jKWWXUdf_normal.jpeg","following":false,"geo_enabled":false,"profile_banner_url":"https://pbs.twimg.com/profile_banners/262062797/1407893905","profile_background_image_url":"http://abs.twimg.com/images/themes/theme1/bg.png","name":"PutiePie","lang":"en","profile_background_tile":false,"favourites_count":10926,"screen_name":"RJisTrouble4U","notifications":false,"url":null,"created_at":"Mon Mar 07 08:04:43 +0000 2011","contributors_enabled":false,"time_zone":"Saskatchewan","protected":false,"default_profile":true,"is_translator":false},"geo":null,"in_reply_to_user_id_str":"1652541","lang":"en","created_at":"Mon Dec 15 00:04:25 +0000 2014","in_reply_to_status_id_str":"544280765111218176","place":null},
{"contributors":null,"truncated":false,"text":"@Reuters https://t.co/3cUnDzwmbl","in_reply_to_status_id":544280765111218176,"id":544281840358801408,"favorite_count":0,"source":"<a href=\"http://twitter.com/download/android\" rel=\"nofollow\">Twitter for Android</a>","retweeted":false,"coordinates":null,"entities":{"symbols":[],"user_mentions":[{"id":1652541,"indices":[0,8],"id_str":"1652541","screen_name":"Reuters","name":"Reuters Top News"}],"hashtags":[],"urls":[{"url":"https://t.co/3cUnDzwmbl","indices":[9,32],"expanded_url":"https://au.news.yahoo.com/video/watch/17174725/yahoo-7-live-sydney/?cmp=twitter","display_url":"au.news.yahoo.com/video/watch/17…"}]},"in_reply_to_screen_name":"Reuters","id_str":"544281840358801408","retweet_count":0,"in_reply_to_user_id":1652541,"favorited":false,"user":{"follow_request_sent":false,"profile_use_background_image":true,"profile_text_color":"0C3E53","default_profile_image":false,"id":212830274,"profile_background_image_url_https":"https://abs.twimg.com/images/themes/theme12/bg.gif","verified":false,"profile_location":null,"profile_image_url_https":"https://pbs.twimg.com/profile_images/576024171429388288/B5iafNIi_normal.jpeg","profile_sidebar_fill_color":"FFF7CC","entities":{"description":{"urls":[]}},"followers_count":552,"profile_sidebar_border_color":"FFFFFF","id_str":"212830274","profile_background_color":"BADFCD","listed_count":7,"is_translation_enabled":false,"utc_offset":3600,"statuses_count":2532,"description":"தமிழில் எழுதுவோம் தமிழை வளர்ப்போம்...","friends_count":281,"location":"Stuttgart,Germany","profile_link_color":"FF0000","profile_image_url":"http://pbs.twimg.com/profile_images/576024171429388288/B5iafNIi_normal.jpeg","following":false,"geo_enabled":true,"profile_banner_url":"https://pbs.twimg.com/profile_banners/212830274/1406414876","profile_background_image_url":"http://abs.twimg.com/images/themes/theme12/bg.gif","name":"காண்டீபன் ","lang":"en","profile_background_tile":false,"favourites_count":3987,"screen_name":"kandeepan_SNS","notifications":false,"url":null,"created_at":"Sun Nov 07 05:05:21 +0000 2010","contributors_enabled":false,"time_zone":"Berlin","protected":false,"default_profile":false,"is_translator":false},"geo":null,"in_reply_to_user_id_str":"1652541","possibly_sensitive":true,"lang":"und","created_at":"Mon Dec 15 00:04:37 +0000 2014","in_reply_to_status_id_str":"544280765111218176","place":null},
{"contributors":null,"truncated":false,"text":"“@Reuters: Hostages held in Sydney cafe, Islamic flag seen in window: local TV http://t.co/aUCa7l0hoU” 😧","in_reply_to_status_id":544280765111218176,"id":544282131481255936,"favorite_count":0,"source":"<a href=\"http://twitter.com/download/iphone\" rel=\"nofollow\">Twitter for iPhone</a>","retweeted":false,"coordinates":null,"entities":{"symbols":[],"user_mentions":[{"id":1652541,"indices":[1,9],"id_str":"1652541","screen_name":"Reuters","name":"Reuters Top News"}],"hashtags":[],"urls":[{"url":"http://t.co/aUCa7l0hoU","indices":[79,101],"expanded_url":"http://reut.rs/1xiNY7J","display_url":"reut.rs/1xiNY7J"}]},"in_reply_to_screen_name":"Reuters","id_str":"544282131481255936","retweet_count":0,"in_reply_to_user_id":1652541,"favorited":false,"user":{"follow_request_sent":false,"profile_use_background_image":true,"profile_text_color":"333333","default_profile_image":false,"id":714922136,"profile_background_image_url_https":"https://pbs.twimg.com/profile_background_images/378800000179396219/C-BBCP-a.jpeg","verified":false,"profile_location":null,"profile_image_url_https":"https://pbs.twimg.com/profile_images/580288733594910721/ldR9OoLE_normal.jpg","profile_sidebar_fill_color":"DDEEF6","entities":{"description":{"urls":[]}},"followers_count":7579,"profile_sidebar_border_color":"000000","id_str":"714922136","profile_background_color":"FFFFFF","listed_count":13,"is_translation_enabled":false,"utc_offset":0,"statuses_count":42797,"description":"18 insta - _joefoster year of the booty","friends_count":322,"location":"Hertfordshire ","profile_link_color":"89C9FA","profile_image_url":"http://pbs.twimg.com/profile_images/580288733594910721/ldR9OoLE_normal.jpg","following":false,"geo_enabled":true,"profile_banner_url":"https://pbs.twimg.com/profile_banners/714922136/1415819759","profile_background_image_url":"http://pbs.twimg.com/profile_background_images/378800000179396219/C-BBCP-a.jpeg","name":"Joe","lang":"en","profile_background_tile":true,"favourites_count":3823,"screen_name":"joeefoster","notifications":false,"url":null,"created_at":"Tue Jul 24 21:00:56 +0000 2012","contributors_enabled":false,"time_zone":"Casablanca","protected":false,"default_profile":false,"is_translator":false},"geo":null,"in_reply_to_user_id_str":"1652541","possibly_sensitive":false,"lang":"en","created_at":"Mon Dec 15 00:05:47 +0000 2014","in_reply_to_status_id_str":"544280765111218176","place":null},
{"contributors":null,"truncated":false,"text":"“@Reuters: Hostages held in Sydney cafe, Islamic flag seen in window: local TV http://t.co/ctZeVXuXBN”","in_reply_to_status_id":544280765111218176,"id":544282308686004224,"favorite_count":0,"source":"<a href=\"http://twitter.com/download/iphone\" rel=\"nofollow\">Twitter for iPhone</a>","retweeted":false,"coordinates":null,"entities":{"symbols":[],"user_mentions":[{"id":1652541,"indices":[1,9],"id_str":"1652541","screen_name":"Reuters","name":"Reuters Top News"}],"hashtags":[],"urls":[{"url":"http://t.co/ctZeVXuXBN","indices":[79,101],"expanded_url":"http://reut.rs/1xiNY7J","display_url":"reut.rs/1xiNY7J"}]},"in_reply_to_screen_name":"Reuters","id_str":"544282308686004224","retweet_count":0,"in_reply_to_user_id":1652541,"favorited":false,"user":{"follow_request_sent":false,"profile_use_background_image":true,"profile_text_color":"E1B895","default_profile_image":false,"id":523996194,"profile_background_image_url_https":"https://pbs.twimg.com/profile_background_images/792866381/dc6514609f6b61012aea3b40fbef9256.png","verified":false,"profile_location":null,"profile_image_url_https":"https://pbs.twimg.com/profile_images/589085973109018625/wmmou7t6_normal.png","profile_sidebar_fill_color":"F1D4AC","entities":{"url":{"urls":[{"url":"http://t.co/Gs9jXRvPec","indices":[0,22],"expanded_url":"http://www.kristinnill.com","display_url":"kristinnill.com"}]},"description":{"urls":[]}},"followers_count":134,"profile_sidebar_border_color":"F8E7C1","id_str":"523996194","profile_background_color":"6A5964","listed_count":0,"is_translation_enabled":false,"utc_offset":-14400,"statuses_count":3104,"description":"Future multimedia reporter/producer. “Nothing is impossible, the word itself says 'I'm possible'!” - Audrey Hepburn","friends_count":126,"location":"Coming soon to a TV near you ","profile_link_color":"BF907F","profile_image_url":"http://pbs.twimg.com/profile_images/589085973109018625/wmmou7t6_normal.png","following":false,"geo_enabled":false,"profile_banner_url":"https://pbs.twimg.com/profile_banners/523996194/1404591797","profile_background_image_url":"http://pbs.twimg.com/profile_background_images/792866381/dc6514609f6b61012aea3b40fbef9256.png","name":"Kristin Nill","lang":"en","profile_background_tile":true,"favourites_count":542,"screen_name":"kristinnill","notifications":false,"url":"http://t.co/Gs9jXRvPec","created_at":"Wed Mar 14 04:16:03 +0000 2012","contributors_enabled":false,"time_zone":"Atlantic Time (Canada)","protected":false,"default_profile":false,"is_translator":false},"geo":null,"in_reply_to_user_id_str":"1652541","possibly_sensitive":false,"lang":"en","created_at":"Mon Dec 15 00:06:29 +0000 2014","in_reply_to_status_id_str":"544280765111218176","place":null},
{"contributors":null,"truncated":false,"text":"@Reuters OH NO!  Those freaking extremist Islamic haters of peace, safety, security &amp; of anything holistic, positive, pure &amp; good!  OMG!","in_reply_to_status_id":544280765111218176,"id":544282525841899520,"favorite_count":0,"source":"<a href=\"http://twitter.com\" rel=\"nofollow\">Twitter Web Client</a>","retweeted":false,"coordinates":null,"entities":{"symbols":[],"user_mentions":[{"id":1652541,"indices":[0,8],"id_str":"1652541","screen_name":"Reuters","name":"Reuters Top News"}],"hashtags":[],"urls":[]},"in_reply_to_screen_name":"Reuters","id_str":"544282525841899520","retweet_count":0,"in_reply_to_user_id":1652541,"favorited":false,"user":{"follow_request_sent":false,"profile_use_background_image":false,"profile_text_color":"333333","default_profile_image":false,"id":69032114,"profile_background_image_url_https":"https://abs.twimg.com/images/themes/theme17/bg.gif","verified":false,"profile_location":null,"profile_image_url_https":"https://pbs.twimg.com/profile_images/437683956/MyPhoto_normal.jpg","profile_sidebar_fill_color":"E6F6F9","entities":{"description":{"urls":[]}},"followers_count":1216,"profile_sidebar_border_color":"FFFFFF","id_str":"69032114","profile_background_color":"8B599C","listed_count":40,"is_translation_enabled":false,"utc_offset":-21600,"statuses_count":66084,"description":"Teacher","friends_count":1096,"location":"Brandon, Manitoba, Canada","profile_link_color":"B833CC","profile_image_url":"http://pbs.twimg.com/profile_images/437683956/MyPhoto_normal.jpg","following":false,"geo_enabled":false,"profile_background_image_url":"http://abs.twimg.com/images/themes/theme17/bg.gif","name":"Deborah Boschman","lang":"en","profile_background_tile":false,"favourites_count":7496,"screen_name":"Manitobagal","notifications":false,"url":null,"created_at":"Wed Aug 26 16:54:03 +0000 2009","contributors_enabled":false,"time_zone":"Central Time (US & Canada)","protected":false,"default_profile":false,"is_translator":false},"geo":null,"in_reply_to_user_id_str":"1652541","lang":"en","created_at":"Mon Dec 15 00:07:21 +0000 2014","in_reply_to_status_id_str":"544280765111218176","place":null},
{"contributors":null,"truncated":false,"text":"@Reuters Sure hope the authorities arent mean to them! Perhaps if they get on their knees and beg, perpetrators will surrender.","in_reply_to_status_id":544280765111218176,"id":544283274395537408,"favorite_count":0,"source":"<a href=\"http://twitter.com/download/android\" rel=\"nofollow\">Twitter for Android</a>","retweeted":false,"coordinates":null,"entities":{"symbols":[],"user_mentions":[{"id":1652541,"indices":[0,8],"id_str":"1652541","screen_name":"Reuters","name":"Reuters Top News"}],"hashtags":[],"urls":[]},"in_reply_to_screen_name":"Reuters","id_str":"544283274395537408","retweet_count":0,"in_reply_to_user_id":1652541,"favorited":false,"user":{"follow_request_sent":false,"profile_use_background_image":true,"profile_text_color":"333333","default_profile_image":false,"id":2892277057,"profile_background_image_url_https":"https://abs.twimg.com/images/themes/theme1/bg.png","verified":false,"profile_location":null,"profile_image_url_https":"https://pbs.twimg.com/profile_images/554013062613975041/iKlmPVWy_normal.jpeg","profile_sidebar_fill_color":"DDEEF6","entities":{"description":{"urls":[]}},"followers_count":33,"profile_sidebar_border_color":"C0DEED","id_str":"2892277057","profile_background_color":"C0DEED","listed_count":1,"is_translation_enabled":false,"utc_offset":null,"statuses_count":1613,"description":"","friends_count":195,"location":"","profile_link_color":"0084B4","profile_image_url":"http://pbs.twimg.com/profile_images/554013062613975041/iKlmPVWy_normal.jpeg","following":false,"geo_enabled":true,"profile_background_image_url":"http://abs.twimg.com/images/themes/theme1/bg.png","name":"BRH1964","lang":"en","profile_background_tile":false,"favourites_count":80,"screen_name":"brh1964","notifications":false,"url":null,"created_at":"Thu Nov 06 14:06:29 +0000 2014","contributors_enabled":false,"time_zone":null,"protected":false,"default_profile":true,"is_translator":false},"geo":null,"in_reply_to_user_id_str":"1652541","lang":"en","created_at":"Mon Dec 15 00:10:19 +0000 2014","in_reply_to_status_id_str":"544280765111218176","place":null},
{"contributors":null,"truncated":false,"text":"“@Reuters: Hostages held in Sydney cafe, Islamic flag seen in window: local TV http://t.co/SUtLmuDLRn”","in_reply_to_status_id":544280765111218176,"id":544285119796625409,"favorite_count":0,"source":"<a href=\"http://twitter.com/download/iphone\" rel=\"nofollow\">Twitter for iPhone</a>","retweeted":false,"coordinates":null,"entities":{"symbols":[],"user_mentions":[{"id":1652541,"indices":[1,9],"id_str":"1652541","screen_name":"Reuters","name":"Reuters Top News"}],"hashtags":[],"urls":[{"url":"http://t.co/SUtLmuDLRn","indices":[79,101],"expanded_url":"http://reut.rs/1xiNY7J","display_url":"reut.rs/1xiNY7J"}]},"in_reply_to_screen_name":"Reuters","id_str":"544285119796625409","retweet_count":0,"in_reply_to_user_id":1652541,"favorited":false,"user":{"follow_request_sent":false,"profile_use_background_image":true,"profile_text_color":"333333","default_profile_image":false,"id":324198458,"profile_background_image_url_https":"https://abs.twimg.com/images/themes/theme1/bg.png","verified":false,"profile_location":null,"profile_image_url_https":"https://pbs.twimg.com/profile_images/553441232374886401/Ry7ucQbL_normal.jpeg","profile_sidebar_fill_color":"DDEEF6","entities":{"url":{"urls":[{"url":"http://t.co/NUSc7qbPbt","indices":[0,22],"expanded_url":"http://explicitpassion.tumblr.com/","display_url":"explicitpassion.tumblr.com"}]},"description":{"urls":[]}},"followers_count":105,"profile_sidebar_border_color":"C0DEED","id_str":"324198458","profile_background_color":"C0DEED","listed_count":1,"is_translation_enabled":false,"utc_offset":39600,"statuses_count":4845,"description":"20 years of existence;","friends_count":88,"location":" Sydney, Australia ","profile_link_color":"0084B4","profile_image_url":"http://pbs.twimg.com/profile_images/553441232374886401/Ry7ucQbL_normal.jpeg","following":false,"geo_enabled":false,"profile_banner_url":"https://pbs.twimg.com/profile_banners/324198458/1399123392","profile_background_image_url":"http://abs.twimg.com/images/themes/theme1/bg.png","name":"Ibʈee Ullah","lang":"en","profile_background_tile":true,"favourites_count":417,"screen_name":"ibtiullah","notifications":false,"url":"http://t.co/NUSc7qbPbt","created_at":"Sun Jun 26 05:16:21 +0000 2011","contributors_enabled":false,"time_zone":"Sydney","protected":false,"default_profile":false,"is_translator":false},"geo":null,"in_reply_to_user_id_str":"1652541","possibly_sensitive":false,"lang":"en","created_at":"Mon Dec 15 00:17:39 +0000 2014","in_reply_to_status_id_str":"544280765111218176","place":null},
{"contributors":null,"truncated":false,"text":"@Reuters just yesterday someone directed me to read the history of Australia and their treatment of the Aboriginal people","in_reply_to_status_id":544280765111218176,"id":544285598211911682,"favorite_count":0,"source":"<a href=\"http://twitter.com/download/android\" rel=\"nofollow\">Twitter for Android</a>","retweeted":false,"coordinates":null,"entities":{"symbols":[],"user_mentions":[{"id":1652541,"indices":[0,8],"id_str":"1652541","screen_name":"Reuters","name":"Reuters Top News"}],"hashtags":[],"urls":[]},"in_reply_to_screen_name":"Reuters","id_str":"544285598211911682","retweet_count":1,"in_reply_to_user_id":1652541,"favorited":false,"user":{"follow_request_sent":false,"profile_use_background_image":true,"profile_text_color":"333333","default_profile_image":false,"id":2632928909,"profile_background_image_url_https":"https://abs.twimg.com/images/themes/theme1/bg.png","verified":false,"profile_location":null,"profile_image_url_https":"https://pbs.twimg.com/profile_images/565848616020213760/hIoa4vPU_normal.jpeg","profile_sidebar_fill_color":"DDEEF6","entities":{"description":{"urls":[]}},"followers_count":26,"profile_sidebar_border_color":"C0DEED","id_str":"2632928909","profile_background_color":"C0DEED","listed_count":0,"is_translation_enabled":false,"utc_offset":null,"statuses_count":841,"description":"ONLY JOKING -- LOVES PIE AND ICE CREAM-- FAT GIRLS TASTE GOOD --IQ HAS ONE -- WRITTER MOVIES AND BOOKS FOR SALE -- HAS ESP MIND READER CAN SEE LIVING PEOPLE --","friends_count":87,"location":"","profile_link_color":"0084B4","profile_image_url":"http://pbs.twimg.com/profile_images/565848616020213760/hIoa4vPU_normal.jpeg","following":false,"geo_enabled":false,"profile_background_image_url":"http://abs.twimg.com/images/themes/theme1/bg.png","name":"IRVIN C","lang":"en","profile_background_tile":false,"favourites_count":369,"screen_name":"imcbuddha","notifications":false,"url":null,"created_at":"Mon Jun 23 00:45:04 +0000 2014","contributors_enabled":false,"time_zone":null,"protected":false,"default_profile":true,"is_translator":false},"geo":null,"in_reply_to_user_id_str":"1652541","lang":"en","created_at":"Mon Dec 15 00:19:33 +0000 2014","in_reply_to_status_id_str":"544280765111218176","place":null},
{"contributors":null,"truncated":false,"text":"@Reuters @rutger_ Dit is dus vlakbij mijn huis.","in_reply_to_status_id":544280765111218176,"id":544289496758362113,"favorite_count":0,"source":"<a href=\"http://twitter.com/download/iphone\" rel=\"nofollow\">Twitter for iPhone</a>","retweeted":false,"coordinates":null,"entities":{"symbols":[],"user_mentions":[{"id":1652541,"indices":[0,8],"id_str":"1652541","screen_name":"Reuters","name":"Reuters Top News"},{"id":14250415,"indices":[9,17],"id_str":"14250415","screen_name":"rutger_","name":"Rutger de Quay"}],"hashtags":[],"urls":[]},"in_reply_to_screen_name":"Reuters","id_str":"544289496758362113","retweet_count":0,"in_reply_to_user_id":1652541,"favorited":false,"user":{"follow_request_sent":false,"profile_use_background_image":false,"profile_text_color":"2C2C2C","default_profile_image":false,"id":42641841,"profile_background_image_url_https":"https://pbs.twimg.com/profile_background_images/435260006611812352/mfkGv_9a.jpeg","verified":false,"profile_location":null,"profile_image_url_https":"https://pbs.twimg.com/profile_images/562044150632050688/pnk5T54d_normal.jpeg","profile_sidebar_fill_color":"FFFFFF","entities":{"url":{"urls":[{"url":"http://t.co/i2raKJBvLe","indices":[0,22],"expanded_url":"http://jippew.nl","display_url":"jippew.nl"}]},"description":{"urls":[]}},"followers_count":498,"profile_sidebar_border_color":"FFFFFF","id_str":"42641841","profile_background_color":"FFFFFF","listed_count":24,"is_translation_enabled":false,"utc_offset":3600,"statuses_count":39227,"description":"In Australië","friends_count":414,"location":"Australia ","profile_link_color":"909090","profile_image_url":"http://pbs.twimg.com/profile_images/562044150632050688/pnk5T54d_normal.jpeg","following":false,"geo_enabled":true,"profile_banner_url":"https://pbs.twimg.com/profile_banners/42641841/1406149320","profile_background_image_url":"http://pbs.twimg.com/profile_background_images/435260006611812352/mfkGv_9a.jpeg","name":"Jippe","lang":"en","profile_background_tile":false,"favourites_count":727,"screen_name":"jippew","notifications":false,"url":"http://t.co/i2raKJBvLe","created_at":"Tue May 26 15:05:54 +0000 2009","contributors_enabled":false,"time_zone":"Amsterdam","protected":false,"default_profile":false,"is_translator":false},"geo":null,"in_reply_to_user_id_str":"1652541","lang":"nl","created_at":"Mon Dec 15 00:35:03 +0000 2014","in_reply_to_status_id_str":"544280765111218176","place":null},
{"contributors":null,"truncated":false,"text":"@jippew Begin er over te tweeten krijg 1900 followers","in_reply_to_status_id":544289496758362113,"id":544289681190682625,"favorite_count":0,"source":"<a href=\"http://twitter.com/download/iphone\" rel=\"nofollow\">Twitter for iPhone</a>","retweeted":false,"coordinates":{"type":"Point","coordinates":[5.0919004,51.55295187]},"entities":{"symbols":[],"user_mentions":[{"id":42641841,"indices":[0,7],"id_str":"42641841","screen_name":"jippew","name":"Jippe"}],"hashtags":[],"urls":[]},"in_reply_to_screen_name":"jippew","id_str":"544289681190682625","retweet_count":0,"in_reply_to_user_id":42641841,"favorited":false,"user":{"follow_request_sent":false,"profile_use_background_image":true,"profile_text_color":"383838","default_profile_image":false,"id":14250415,"profile_background_image_url_https":"https://pbs.twimg.com/profile_background_images/216098261/twilk_background_4d7a512179dc6.jpg","verified":false,"profile_location":null,"profile_image_url_https":"https://pbs.twimg.com/profile_images/532167729050963969/KTecXrz0_normal.jpeg","profile_sidebar_fill_color":"DDEEF6","entities":{"url":{"urls":[{"url":"http://t.co/LupaZDdVHY","indices":[0,22],"expanded_url":"http://despreekbuis.tumblr.com","display_url":"despreekbuis.tumblr.com"}]},"description":{"urls":[]}},"followers_count":1741,"profile_sidebar_border_color":"C0DEED","id_str":"14250415","profile_background_color":"E5FFF0","listed_count":105,"is_translation_enabled":false,"utc_offset":3600,"statuses_count":96342,"description":"Freelance webredacteur Metro, student #FHJ. Ophef op Twitter is mijn lievelingszin. Tweets op eigen titel etc, etc, etc.","friends_count":666,"location":"Tilburg","profile_link_color":"00CED9","profile_image_url":"http://pbs.twimg.com/profile_images/532167729050963969/KTecXrz0_normal.jpeg","following":false,"geo_enabled":true,"profile_banner_url":"https://pbs.twimg.com/profile_banners/14250415/1400028042","profile_background_image_url":"http://pbs.twimg.com/profile_background_images/216098261/twilk_background_4d7a512179dc6.jpg","name":"Rutger de Quay","lang":"en","profile_background_tile":true,"favourites_count":1904,"screen_name":"rutger_","notifications":false,"url":"http://t.co/LupaZDdVHY","created_at":"Sat Mar 29 11:17:26 +0000 2008","contributors_enabled":false,"time_zone":"Amsterdam","protected":false,"default_profile":false,"is_translator":false},"geo":{"type":"Point","coordinates":[51.55295187,5.0919004]},"in_reply_to_user_id_str":"42641841","lang":"nl","created_at":"Mon Dec 15 00:35:47 +0000 2014","in_reply_to_status_id_str":"544289496758362113","place":{"full_name":"Tilburg, North Brabant","url":"https://api.twitter.com/1.1/geo/id/de4a6927f1d07eca.json","country":"Nederland","place_type":"city","bounding_box":{"type":"Polygon","coordinates":[[[4.9479152,51.5294374],[5.1793323,51.5294374],[5.1793323,51.640588],[4.9479152,51.640588]]]},"contained_within":[],"country_code":"NL","attributes":{},"id":"de4a6927f1d07eca","name":"Tilburg"}},
{"contributors":null,"truncated":false,"text":"@rutger_ je volgt 666 mensen","in_reply_to_status_id":544289681190682625,"id":544289893401522177,"favorite_count":0,"source":"<a href=\"http://tapbots.com/tweetbot\" rel=\"nofollow\">Tweetbot for iΟS</a>","retweeted":false,"coordinates":null,"entities":{"symbols":[],"user_mentions":[{"id":14250415,"indices":[0,8],"id_str":"14250415","screen_name":"rutger_","name":"Rutger de Quay"}],"hashtags":[],"urls":[]},"in_reply_to_screen_name":"rutger_","id_str":"544289893401522177","retweet_count":0,"in_reply_to_user_id":14250415,"favorited":false,"user":{"follow_request_sent":false,"profile_use_background_image":true,"profile_text_color":"0A000A","default_profile_image":false,"id":40278110,"profile_background_image_url_https":"https://pbs.twimg.com/profile_background_images/243872522/pingu.jpg","verified":false,"profile_location":null,"profile_image_url_https":"https://pbs.twimg.com/profile_images/576411910389772288/UCbrg6Bo_normal.jpeg","profile_sidebar_fill_color":"DCE0CE","entities":{"url":{"urls":[{"url":"http://t.co/hiaFtysXkx","indices":[0,22],"expanded_url":"http://www.juuuwlie.wordpress.com","display_url":"juuuwlie.wordpress.com"}]},"description":{"urls":[]}},"followers_count":1081,"profile_sidebar_border_color":"D5E3CA","id_str":"40278110","profile_background_color":"FCFCFC","listed_count":41,"is_translation_enabled":false,"utc_offset":3600,"statuses_count":119287,"description":"Ik heb de langste benen van de wereld (en @Jeffmeister mag daar naar kijken).","friends_count":239,"location":"Nijmegen/Maastricht","profile_link_color":"0A010A","profile_image_url":"http://pbs.twimg.com/profile_images/576411910389772288/UCbrg6Bo_normal.jpeg","following":false,"geo_enabled":true,"profile_banner_url":"https://pbs.twimg.com/profile_banners/40278110/1410810772","profile_background_image_url":"http://pbs.twimg.com/profile_background_images/243872522/pingu.jpg","name":"JULIE","lang":"en","profile_background_tile":false,"favourites_count":233,"screen_name":"opblaaskuiken","notifications":false,"url":"http://t.co/hiaFtysXkx","created_at":"Fri May 15 16:42:23 +0000 2009","contributors_enabled":false,"time_zone":"Amsterdam","protected":false,"default_profile":false,"is_translator":false},"geo":null,"in_reply_to_user_id_str":"14250415","lang":"nl","created_at":"Mon Dec 15 00:36:37 +0000 2014","in_reply_to_status_id_str":"544289681190682625","place":null},
{"contributors":null,"truncated":false,"text":"@opblaaskuiken ben satan xxxx","in_reply_to_status_id":544289893401522177,"id":544289960246136833,"favorite_count":0,"source":"<a href=\"http://twitter.com/download/iphone\" rel=\"nofollow\">Twitter for iPhone</a>","retweeted":false,"coordinates":null,"entities":{"symbols":[],"user_mentions":[{"id":40278110,"indices":[0,14],"id_str":"40278110","screen_name":"opblaaskuiken","name":"JULIE"}],"hashtags":[],"urls":[]},"in_reply_to_screen_name":"opblaaskuiken","id_str":"544289960246136833","retweet_count":0,"in_reply_to_user_id":40278110,"favorited":false,"user":{"follow_request_sent":false,"profile_use_background_image":true,"profile_text_color":"383838","default_profile_image":false,"id":14250415,"profile_background_image_url_https":"https://pbs.twimg.com/profile_background_images/216098261/twilk_background_4d7a512179dc6.jpg","verified":false,"profile_location":null,"profile_image_url_https":"https://pbs.twimg.com/profile_images/532167729050963969/KTecXrz0_normal.jpeg","profile_sidebar_fill_color":"DDEEF6","entities":{"url":{"urls":[{"url":"http://t.co/LupaZDdVHY","indices":[0,22],"expanded_url":"http://despreekbuis.tumblr.com","display_url":"despreekbuis.tumblr.com"}]},"description":{"urls":[]}},"followers_count":1741,"profile_sidebar_border_color":"C0DEED","id_str":"14250415","profile_background_color":"E5FFF0","listed_count":105,"is_translation_enabled":false,"utc_offset":3600,"statuses_count":96342,"description":"Freelance webredacteur Metro, student #FHJ. Ophef op Twitter is mijn lievelingszin. Tweets op eigen titel etc, etc, etc.","friends_count":666,"location":"Tilburg","profile_link_color":"00CED9","profile_image_url":"http://pbs.twimg.com/profile_images/532167729050963969/KTecXrz0_normal.jpeg","following":false,"geo_enabled":true,"profile_banner_url":"https://pbs.twimg.com/profile_banners/14250415/1400028042","profile_background_image_url":"http://pbs.twimg.com/profile_background_images/216098261/twilk_background_4d7a512179dc6.jpg","name":"Rutger de Quay","lang":"en","profile_background_tile":true,"favourites_count":1904,"screen_name":"rutger_","notifications":false,"url":"http://t.co/LupaZDdVHY","created_at":"Sat Mar 29 11:17:26 +0000 2008","contributors_enabled":false,"time_zone":"Amsterdam","protected":false,"default_profile":false,"is_translator":false},"geo":null,"in_reply_to_user_id_str":"40278110","lang":"tr","created_at":"Mon Dec 15 00:36:53 +0000 2014","in_reply_to_status_id_str":"544289893401522177","place":null},
{"contributors":null,"truncated":false,"text":"@rutger_ lijkt op stalin 😍❤️","in_reply_to_status_id":544289960246136833,"id":544290056698331136,"favorite_count":0,"source":"<a href=\"http://tapbots.com/tweetbot\" rel=\"nofollow\">Tweetbot for iΟS</a>","retweeted":false,"coordinates":null,"entities":{"symbols":[],"user_mentions":[{"id":14250415,"indices":[0,8],"id_str":"14250415","screen_name":"rutger_","name":"Rutger de Quay"}],"hashtags":[],"urls":[]},"in_reply_to_screen_name":"rutger_","id_str":"544290056698331136","retweet_count":0,"in_reply_to_user_id":14250415,"favorited":false,"user":{"follow_request_sent":false,"profile_use_background_image":true,"profile_text_color":"0A000A","default_profile_image":false,"id":40278110,"profile_background_image_url_https":"https://pbs.twimg.com/profile_background_images/243872522/pingu.jpg","verified":false,"profile_location":null,"profile_image_url_https":"https://pbs.twimg.com/profile_images/576411910389772288/UCbrg6Bo_normal.jpeg","profile_sidebar_fill_color":"DCE0CE","entities":{"url":{"urls":[{"url":"http://t.co/hiaFtysXkx","indices":[0,22],"expanded_url":"http://www.juuuwlie.wordpress.com","display_url":"juuuwlie.wordpress.com"}]},"description":{"urls":[]}},"followers_count":1081,"profile_sidebar_border_color":"D5E3CA","id_str":"40278110","profile_background_color":"FCFCFC","listed_count":41,"is_translation_enabled":false,"utc_offset":3600,"statuses_count":119287,"description":"Ik heb de langste benen van de wereld (en @Jeffmeister mag daar naar kijken).","friends_count":239,"location":"Nijmegen/Maastricht","profile_link_color":"0A010A","profile_image_url":"http://pbs.twimg.com/profile_images/576411910389772288/UCbrg6Bo_normal.jpeg","following":false,"geo_enabled":true,"profile_banner_url":"https://pbs.twimg.com/profile_banners/40278110/1410810772","profile_background_image_url":"http://pbs.twimg.com/profile_background_images/243872522/pingu.jpg","name":"JULIE","lang":"en","profile_background_tile":false,"favourites_count":233,"screen_name":"opblaaskuiken","notifications":false,"url":"http://t.co/hiaFtysXkx","created_at":"Fri May 15 16:42:23 +0000 2009","contributors_enabled":false,"time_zone":"Amsterdam","protected":false,"default_profile":false,"is_translator":false},"geo":null,"in_reply_to_user_id_str":"14250415","lang":"nl","created_at":"Mon Dec 15 00:37:16 +0000 2014","in_reply_to_status_id_str":"544289960246136833","place":null},
{"contributors":null,"truncated":false,"text":"@rutger_ Hahaha mwah. Lag toen nog in m'n onderbroek op de bank. Maar ben nu vlakbij.","in_reply_to_status_id":544289681190682625,"id":544315699183636480,"favorite_count":0,"source":"<a href=\"http://twitter.com/download/iphone\" rel=\"nofollow\">Twitter for iPhone</a>","retweeted":false,"coordinates":null,"entities":{"symbols":[],"user_mentions":[{"id":14250415,"indices":[0,8],"id_str":"14250415","screen_name":"rutger_","name":"Rutger de Quay"}],"hashtags":[],"urls":[]},"in_reply_to_screen_name":"rutger_","id_str":"544315699183636480","retweet_count":0,"in_reply_to_user_id":14250415,"favorited":false,"user":{"follow_request_sent":false,"profile_use_background_image":false,"profile_text_color":"2C2C2C","default_profile_image":false,"id":42641841,"profile_background_image_url_https":"https://pbs.twimg.com/profile_background_images/435260006611812352/mfkGv_9a.jpeg","verified":false,"profile_location":null,"profile_image_url_https":"https://pbs.twimg.com/profile_images/562044150632050688/pnk5T54d_normal.jpeg","profile_sidebar_fill_color":"FFFFFF","entities":{"url":{"urls":[{"url":"http://t.co/i2raKJBvLe","indices":[0,22],"expanded_url":"http://jippew.nl","display_url":"jippew.nl"}]},"description":{"urls":[]}},"followers_count":498,"profile_sidebar_border_color":"FFFFFF","id_str":"42641841","profile_background_color":"FFFFFF","listed_count":24,"is_translation_enabled":false,"utc_offset":3600,"statuses_count":39227,"description":"In Australië","friends_count":414,"location":"Australia ","profile_link_color":"909090","profile_image_url":"http://pbs.twimg.com/profile_images/562044150632050688/pnk5T54d_normal.jpeg","following":false,"geo_enabled":true,"profile_banner_url":"https://pbs.twimg.com/profile_banners/42641841/1406149320","profile_background_image_url":"http://pbs.twimg.com/profile_background_images/435260006611812352/mfkGv_9a.jpeg","name":"Jippe","lang":"en","profile_background_tile":false,"favourites_count":727,"screen_name":"jippew","notifications":false,"url":"http://t.co/i2raKJBvLe","created_at":"Tue May 26 15:05:54 +0000 2009","contributors_enabled":false,"time_zone":"Amsterdam","protected":false,"default_profile":false,"is_translator":false},"geo":null,"in_reply_to_user_id_str":"14250415","lang":"nl","created_at":"Mon Dec 15 02:19:10 +0000 2014","in_reply_to_status_id_str":"544289681190682625","place":null}
]