{"contributors":null,"truncated":false,"text":"No one fully knows what is happening with the #sydneysiege but we do know anti-muslim and ignorant speculation isn't needed.","in_reply_to_status_id":null,"id":544280617160949760,"favorite_count":158,"source":"<a href=\"http:\/\/twitter.com\" rel=\"nofollow\">Twitter Web Client<\/a>","retweeted":false,"coordinates":null,"entities":{"symbols":[],"user_mentions":[],"hashtags":[{"indices":[46,58],"text":"sydneysiege"}],"urls":[]},"in_reply_to_screen_name":null,"id_str":"544280617160949760","retweet_count":248,"in_reply_to_user_id":null,"favorited":false,"user":{"follow_request_sent":false,"profile_use_background_image":false,"profile_text_color":"0C3E53","default_profile_image":false,"id":11741632,"profile_background_image_url_https":"https:\/\/pbs.twimg.com\/profile_background_images\/421653292\/mothra_godzilla_1280x800.jpg","verified":false,"profile_location":null,"profile_image_url_https":"https:\/\/pbs.twimg.com\/profile_images\/549197603330486273\/8NHSFh8-_normal.jpeg","profile_sidebar_fill_color":"FFF7CC","entities":{"url":{"urls":[{"url":"http:\/\/t.co\/sJ7TwOoX0N","indices":[0,22],"expanded_url":"http:\/\/overstimulated.wordpress.com","display_url":"overstimulated.wordpress.com"}]},"description":{"urls":[]}},"followers_count":5618,"profile_sidebar_border_color":"FFFFFF","id_str":"11741632","profile_background_color":"FFFFFF","listed_count":236,"is_translation_enabled":false,"utc_offset":39600,"statuses_count":38911,"description":"10 Things columnist @thevineonline.\nOp-ed writer for @theage & @Guardian. \nSome books on the go.\nFuck your personal brand. \nEmail: amytremaynegray@gmail.com","friends_count":1904,"location":"On the couch","profile_link_color":"009999","profile_image_url":"http:\/\/pbs.twimg.com\/profile_images\/549197603330486273\/8NHSFh8-_normal.jpeg","following":false,"geo_enabled":true,"profile_banner_url":"https:\/\/pbs.twimg.com\/profile_banners\/11741632\/1411870872","profile_background_image_url":"http:\/\/pbs.twimg.com\/profile_background_images\/421653292\/mothra_godzilla_1280x800.jpg","name":"Amy Gray","lang":"en","profile_background_tile":true,"favourites_count":21010,"screen_name":"_AmyGray_","notifications":false,"url":"http:\/\/t.co\/sJ7TwOoX0N","created_at":"Wed Jan 02 05:07:21 +0000 2008","contributors_enabled":false,"time_zone":"Melbourne","protected":false,"default_profile":false,"is_translator":false},"geo":null,"in_reply_to_user_id_str":null,"lang":"en","created_at":"Sun Dec 14 23:59:46 +0000 2014","in_reply_to_status_id_str":null,"place":null}