[{"contributors":null,"truncated":false,"text":"@SkyNewsBreak Really shit coffee apparently....","in_reply_to_status_id":544274879055675392,"id":544275002473074688,"favorite_count":4,"source":"<a href=\"http://twitter.com/download/android\" rel=\"nofollow\">Twitter for Android</a>","retweeted":false,"coordinates":null,"entities":{"symbols":[],"user_mentions":[{"id":87416722,"indices":[0,13],"id_str":"87416722","screen_name":"SkyNewsBreak","name":"Sky News Newsdesk"}],"hashtags":[],"urls":[]},"in_reply_to_screen_name":"SkyNewsBreak","id_str":"544275002473074688","retweet_count":0,"in_reply_to_user_id":87416722,"favorited":false,"user":{"follow_request_sent":false,"profile_use_background_image":true,"profile_text_color":"333333","default_profile_image":false,"id":2848043788,"profile_background_image_url_https":"https://abs.twimg.com/images/themes/theme1/bg.png","verified":false,"profile_location":null,"profile_image_url_https":"https://pbs.twimg.com/profile_images/565443100521553921/UlF7c_i0_normal.jpeg","profile_sidebar_fill_color":"DDEEF6","entities":{"description":{"urls":[]}},"followers_count":56,"profile_sidebar_border_color":"C0DEED","id_str":"2848043788","profile_background_color":"C0DEED","listed_count":0,"is_translation_enabled":false,"utc_offset":null,"statuses_count":781,"description":"Lost","friends_count":703,"location":"Parts Unknown","profile_link_color":"0084B4","profile_image_url":"http://pbs.twimg.com/profile_images/565443100521553921/UlF7c_i0_normal.jpeg","following":false,"geo_enabled":false,"profile_background_image_url":"http://abs.twimg.com/images/themes/theme1/bg.png","name":"Reality Bites","lang":"en","profile_background_tile":false,"favourites_count":632,"screen_name":"FocusedVentures","notifications":false,"url":null,"created_at":"Tue Oct 28 10:52:24 +0000 2014","contributors_enabled":false,"time_zone":null,"protected":false,"default_profile":true,"is_translator":false},"geo":null,"in_reply_to_user_id_str":"87416722","lang":"en","created_at":"Sun Dec 14 23:37:27 +0000 2014","in_reply_to_status_id_str":"544274879055675392","place":null},
{"contributors":null,"truncated":false,"text":"@SkyNewsBreak was the food really that bad ????","in_reply_to_status_id":544274879055675392,"id":544275029874462721,"favorite_count":1,"source":"<a href=\"https://twitter.com/download/android\" rel=\"nofollow\">Twitter for Android Tablets</a>","retweeted":false,"coordinates":null,"entities":{"symbols":[],"user_mentions":[{"id":87416722,"indices":[0,13],"id_str":"87416722","screen_name":"SkyNewsBreak","name":"Sky News Newsdesk"}],"hashtags":[],"urls":[]},"in_reply_to_screen_name":"SkyNewsBreak","id_str":"544275029874462721","retweet_count":0,"in_reply_to_user_id":87416722,"favorited":false,"user":{"follow_request_sent":false,"profile_use_background_image":true,"profile_text_color":"333333","default_profile_image":false,"id":2256809998,"profile_background_image_url_https":"https://abs.twimg.com/images/themes/theme1/bg.png","verified":false,"profile_location":null,"profile_image_url_https":"https://pbs.twimg.com/profile_images/528318075691466753/NIs683mg_normal.png","profile_sidebar_fill_color":"DDEEF6","entities":{"description":{"urls":[]}},"followers_count":536,"profile_sidebar_border_color":"C0DEED","id_str":"2256809998","profile_background_color":"C0DEED","listed_count":2,"is_translation_enabled":false,"utc_offset":null,"statuses_count":3916,"description":"Telly addict Student of Fun & Travel with a bit of Happiness along the way. From Oxford","friends_count":1937,"location":"Oxfordshire","profile_link_color":"0084B4","profile_image_url":"http://pbs.twimg.com/profile_images/528318075691466753/NIs683mg_normal.png","following":false,"geo_enabled":true,"profile_banner_url":"https://pbs.twimg.com/profile_banners/2256809998/1417800204","profile_background_image_url":"http://abs.twimg.com/images/themes/theme1/bg.png","name":"Hannah Carty ","lang":"en","profile_background_tile":false,"favourites_count":5634,"screen_name":"HannahC19","notifications":false,"url":null,"created_at":"Wed Jan 01 19:40:15 +0000 2014","contributors_enabled":false,"time_zone":null,"protected":false,"default_profile":true,"is_translator":false},"geo":null,"in_reply_to_user_id_str":"87416722","lang":"en","created_at":"Sun Dec 14 23:37:33 +0000 2014","in_reply_to_status_id_str":"544274879055675392","place":null},
{"contributors":null,"truncated":false,"text":"@SkyNewsBreak @CarlyJay20 just some scousers nicking hubcaps !! Don't panic","in_reply_to_status_id":544274879055675392,"id":544275680817864704,"favorite_count":1,"source":"<a href=\"http://twitter.com/download/iphone\" rel=\"nofollow\">Twitter for iPhone</a>","retweeted":false,"coordinates":null,"entities":{"symbols":[],"user_mentions":[{"id":87416722,"indices":[0,13],"id_str":"87416722","screen_name":"SkyNewsBreak","name":"Sky News Newsdesk"},{"id":373817542,"indices":[14,25],"id_str":"373817542","screen_name":"CarlyJay20","name":"Carly Jay "}],"hashtags":[],"urls":[]},"in_reply_to_screen_name":"SkyNewsBreak","id_str":"544275680817864704","retweet_count":0,"in_reply_to_user_id":87416722,"favorited":false,"user":{"follow_request_sent":false,"profile_use_background_image":true,"profile_text_color":"333333","default_profile_image":false,"id":1009543891,"profile_background_image_url_https":"https://abs.twimg.com/images/themes/theme1/bg.png","verified":false,"profile_location":null,"profile_image_url_https":"https://pbs.twimg.com/profile_images/2971911168/85c43a67ff4da07f2a76537526911b9d_normal.jpeg","profile_sidebar_fill_color":"DDEEF6","entities":{"description":{"urls":[]}},"followers_count":1209,"profile_sidebar_border_color":"C0DEED","id_str":"1009543891","profile_background_color":"C0DEED","listed_count":5,"is_translation_enabled":false,"utc_offset":0,"statuses_count":2988,"description":"Manchester united ,been a red since 66/67 season, now a red army senior*1970*s wouldnt change a thing!!!","friends_count":1562,"location":"Derby","profile_link_color":"0084B4","profile_image_url":"http://pbs.twimg.com/profile_images/2971911168/85c43a67ff4da07f2a76537526911b9d_normal.jpeg","following":false,"geo_enabled":true,"profile_banner_url":"https://pbs.twimg.com/profile_banners/1009543891/1355430266","profile_background_image_url":"http://abs.twimg.com/images/themes/theme1/bg.png","name":"Pete Collis","lang":"en","profile_background_tile":false,"favourites_count":44,"screen_name":"pete_petecollis","notifications":false,"url":null,"created_at":"Thu Dec 13 19:19:19 +0000 2012","contributors_enabled":false,"time_zone":"London","protected":false,"default_profile":true,"is_translator":false},"geo":null,"in_reply_to_user_id_str":"87416722","lang":"en","created_at":"Sun Dec 14 23:40:09 +0000 2014","in_reply_to_status_id_str":"544274879055675392","place":null},
{"contributors":null,"truncated":false,"text":"@SkyNewsBreak Any one read Arabic script? what's on the flag?!?","in_reply_to_status_id":544274879055675392,"id":544275780998819840,"favorite_count":0,"source":"<a href=\"http://twitter.com/download/android\" rel=\"nofollow\">Twitter for Android</a>","retweeted":false,"coordinates":null,"entities":{"symbols":[],"user_mentions":[{"id":87416722,"indices":[0,13],"id_str":"87416722","screen_name":"SkyNewsBreak","name":"Sky News Newsdesk"}],"hashtags":[],"urls":[]},"in_reply_to_screen_name":"SkyNewsBreak","id_str":"544275780998819840","retweet_count":0,"in_reply_to_user_id":87416722,"favorited":false,"user":{"follow_request_sent":false,"profile_use_background_image":true,"profile_text_color":"333333","default_profile_image":false,"id":1434028597,"profile_background_image_url_https":"https://abs.twimg.com/images/themes/theme1/bg.png","verified":false,"profile_location":null,"profile_image_url_https":"https://pbs.twimg.com/profile_images/509357271466659841/J1vchrxa_normal.jpeg","profile_sidebar_fill_color":"DDEEF6","entities":{"description":{"urls":[]}},"followers_count":56,"profile_sidebar_border_color":"C0DEED","id_str":"1434028597","profile_background_color":"C0DEED","listed_count":1,"is_translation_enabled":false,"utc_offset":null,"statuses_count":1680,"description":"Honest Laid Back Mr Average. TRUE LIBERAL. Anti Censorship.Animal- Lover.Atheist.Cocteau Twins fan.Lola Gatsby fan","friends_count":196,"location":"London ","profile_link_color":"0084B4","profile_image_url":"http://pbs.twimg.com/profile_images/509357271466659841/J1vchrxa_normal.jpeg","following":false,"geo_enabled":true,"profile_banner_url":"https://pbs.twimg.com/profile_banners/1434028597/1380288146","profile_background_image_url":"http://abs.twimg.com/images/themes/theme1/bg.png","name":"Fraser 69","lang":"en","profile_background_tile":false,"favourites_count":1665,"screen_name":"cocteau501","notifications":false,"url":null,"created_at":"Thu May 16 21:09:36 +0000 2013","contributors_enabled":false,"time_zone":null,"protected":false,"default_profile":true,"is_translator":false},"geo":null,"in_reply_to_user_id_str":"87416722","lang":"en","created_at":"Sun Dec 14 23:40:33 +0000 2014","in_reply_to_status_id_str":"544274879055675392","place":null},
{"contributors":null,"truncated":false,"text":"“@SkyNewsBreak: Police surrounding cafe in central Sydney after reports of hostages being taken” you're not in there are you @Kerry_Rad ? 😳😁","in_reply_to_status_id":544274879055675392,"id":544276375272972288,"favorite_count":0,"source":"<a href=\"http://twitter.com/download/iphone\" rel=\"nofollow\">Twitter for iPhone</a>","retweeted":false,"coordinates":null,"entities":{"symbols":[],"user_mentions":[{"id":87416722,"indices":[1,14],"id_str":"87416722","screen_name":"SkyNewsBreak","name":"Sky News Newsdesk"},{"id":954530826,"indices":[125,135],"id_str":"954530826","screen_name":"Kerry_Rad","name":"Kerry Radford"}],"hashtags":[],"urls":[]},"in_reply_to_screen_name":"SkyNewsBreak","id_str":"544276375272972288","retweet_count":0,"in_reply_to_user_id":87416722,"favorited":false,"user":{"follow_request_sent":false,"profile_use_background_image":true,"profile_text_color":"3C3940","default_profile_image":false,"id":44883498,"profile_background_image_url_https":"https://abs.twimg.com/images/themes/theme4/bg.gif","verified":false,"profile_location":null,"profile_image_url_https":"https://pbs.twimg.com/profile_images/1465897425/banksy_normal.jpg","profile_sidebar_fill_color":"95E8EC","entities":{"description":{"urls":[]}},"followers_count":103,"profile_sidebar_border_color":"5ED4DC","id_str":"44883498","profile_background_color":"0099B9","listed_count":1,"is_translation_enabled":false,"utc_offset":null,"statuses_count":3992,"description":"","friends_count":387,"location":"somewhere on this earth......","profile_link_color":"0099B9","profile_image_url":"http://pbs.twimg.com/profile_images/1465897425/banksy_normal.jpg","following":false,"geo_enabled":false,"profile_banner_url":"https://pbs.twimg.com/profile_banners/44883498/1353865392","profile_background_image_url":"http://abs.twimg.com/images/themes/theme4/bg.gif","name":"Claire Green","lang":"en","profile_background_tile":false,"favourites_count":40,"screen_name":"GreenieC","notifications":false,"url":null,"created_at":"Fri Jun 05 12:46:21 +0000 2009","contributors_enabled":false,"time_zone":null,"protected":false,"default_profile":false,"is_translator":false},"geo":null,"in_reply_to_user_id_str":"87416722","lang":"en","created_at":"Sun Dec 14 23:42:54 +0000 2014","in_reply_to_status_id_str":"544274879055675392","place":null},
{"contributors":null,"truncated":false,"text":"@cocteau501 @SkyNewsBreak sounds like the isis are involved","in_reply_to_status_id":544275780998819840,"id":544276793415725057,"favorite_count":0,"source":"<a href=\"http://twitter.com/download/iphone\" rel=\"nofollow\">Twitter for iPhone</a>","retweeted":false,"coordinates":null,"entities":{"symbols":[],"user_mentions":[{"id":1434028597,"indices":[0,11],"id_str":"1434028597","screen_name":"cocteau501","name":"Fraser 69"},{"id":87416722,"indices":[12,25],"id_str":"87416722","screen_name":"SkyNewsBreak","name":"Sky News Newsdesk"}],"hashtags":[],"urls":[]},"in_reply_to_screen_name":"cocteau501","id_str":"544276793415725057","retweet_count":0,"in_reply_to_user_id":1434028597,"favorited":false,"user":{"follow_request_sent":false,"profile_use_background_image":true,"profile_text_color":"333333","default_profile_image":false,"id":203679586,"profile_background_image_url_https":"https://abs.twimg.com/images/themes/theme1/bg.png","verified":false,"profile_location":null,"profile_image_url_https":"https://pbs.twimg.com/profile_images/587861647752044545/vpTpUTgn_normal.jpg","profile_sidebar_fill_color":"DDEEF6","entities":{"description":{"urls":[]}},"followers_count":2034,"profile_sidebar_border_color":"C0DEED","id_str":"203679586","profile_background_color":"C0DEED","listed_count":8,"is_translation_enabled":false,"utc_offset":null,"statuses_count":10794,"description":"Poker player/grinder","friends_count":871,"location":"Leeds","profile_link_color":"0084B4","profile_image_url":"http://pbs.twimg.com/profile_images/587861647752044545/vpTpUTgn_normal.jpg","following":false,"geo_enabled":true,"profile_banner_url":"https://pbs.twimg.com/profile_banners/203679586/1391820283","profile_background_image_url":"http://abs.twimg.com/images/themes/theme1/bg.png","name":"Chris Rhodes","lang":"en","profile_background_tile":false,"favourites_count":1742,"screen_name":"Chrisrhodespoke","notifications":false,"url":null,"created_at":"Sat Oct 16 21:14:03 +0000 2010","contributors_enabled":false,"time_zone":null,"protected":false,"default_profile":true,"is_translator":false},"geo":null,"in_reply_to_user_id_str":"1434028597","lang":"en","created_at":"Sun Dec 14 23:44:34 +0000 2014","in_reply_to_status_id_str":"544275780998819840","place":null},
{"contributors":null,"truncated":false,"text":"@AshhUtb gonna nick this cause I'll get bare RTS","in_reply_to_status_id":544277291610951681,"id":544277620670873600,"favorite_count":1,"source":"<a href=\"http://twitter.com/download/iphone\" rel=\"nofollow\">Twitter for iPhone</a>","retweeted":false,"coordinates":null,"entities":{"symbols":[],"user_mentions":[{"id":1716433938,"indices":[0,8],"id_str":"1716433938","screen_name":"AshhUtb","name":"Ash"}],"hashtags":[],"urls":[]},"in_reply_to_screen_name":"AshhUtb","id_str":"544277620670873600","retweet_count":0,"in_reply_to_user_id":1716433938,"favorited":false,"user":{"follow_request_sent":false,"profile_use_background_image":true,"profile_text_color":"333333","default_profile_image":false,"id":772997556,"profile_background_image_url_https":"https://abs.twimg.com/images/themes/theme14/bg.gif","verified":false,"profile_location":null,"profile_image_url_https":"https://pbs.twimg.com/profile_images/586289266495488000/DypyVcEq_normal.jpg","profile_sidebar_fill_color":"EFEFEF","entities":{"description":{"urls":[]}},"followers_count":2246,"profile_sidebar_border_color":"EEEEEE","id_str":"772997556","profile_background_color":"131516","listed_count":11,"is_translation_enabled":false,"utc_offset":0,"statuses_count":7001,"description":"As they took his soul they stole his pride","friends_count":1892,"location":"Sheff","profile_link_color":"009999","profile_image_url":"http://pbs.twimg.com/profile_images/586289266495488000/DypyVcEq_normal.jpg","following":false,"geo_enabled":true,"profile_banner_url":"https://pbs.twimg.com/profile_banners/772997556/1413498858","profile_background_image_url":"http://abs.twimg.com/images/themes/theme14/bg.gif","name":"Al","lang":"en","profile_background_tile":true,"favourites_count":7278,"screen_name":"ajgraham_","notifications":false,"url":null,"created_at":"Wed Aug 22 06:15:41 +0000 2012","contributors_enabled":false,"time_zone":"London","protected":false,"default_profile":false,"is_translator":false},"geo":null,"in_reply_to_user_id_str":"1716433938","lang":"en","created_at":"Sun Dec 14 23:47:51 +0000 2014","in_reply_to_status_id_str":"544277291610951681","place":null},
{"contributors":null,"truncated":false,"text":"“@SkyNewsBreak: Police surrounding cafe in central Sydney after reports of hostages being taken”","in_reply_to_status_id":544274879055675392,"id":544277679655358465,"favorite_count":0,"source":"<a href=\"http://twitter.com/download/iphone\" rel=\"nofollow\">Twitter for iPhone</a>","retweeted":false,"coordinates":null,"entities":{"symbols":[],"user_mentions":[{"id":87416722,"indices":[1,14],"id_str":"87416722","screen_name":"SkyNewsBreak","name":"Sky News Newsdesk"}],"hashtags":[],"urls":[]},"in_reply_to_screen_name":"SkyNewsBreak","id_str":"544277679655358465","retweet_count":0,"in_reply_to_user_id":87416722,"favorited":false,"user":{"follow_request_sent":false,"profile_use_background_image":false,"profile_text_color":"333333","default_profile_image":false,"id":407661988,"profile_background_image_url_https":"https://abs.twimg.com/images/themes/theme14/bg.gif","verified":false,"profile_location":null,"profile_image_url_https":"https://pbs.twimg.com/profile_images/574680604630867970/4jxW6EW-_normal.jpeg","profile_sidebar_fill_color":"EFEFEF","entities":{"description":{"urls":[{"url":"http://t.co/2frplQKE4o","indices":[12,34],"expanded_url":"http://www.google.co.uk/url?sa=t&rct=j&q=&esrc=s&frm=1&source=web&cd=2&cad=rja&ved=0CDYQtwIwAQ&url=http%3A%2F%2Fwww.youtube.com%2Fwatch%3Fv%3DgZj9dssTwdI&ei=EENHUrWiLM2AhAfQyoCwBQ&usg=AFQjCNE8kxXFkZnXkKZ21XgIuu-mIqaE1w&bvm=bv.53217764,d.ZG4","display_url":"google.co.uk/url?sa=t&rct=j…"}]}},"followers_count":622,"profile_sidebar_border_color":"FFFFFF","id_str":"407661988","profile_background_color":"131516","listed_count":1,"is_translation_enabled":false,"utc_offset":-36000,"statuses_count":17142,"description":"#HalaMadrid http://t.co/2frplQKE4o. Love The Nel.","friends_count":2000,"location":"England","profile_link_color":"990014","profile_image_url":"http://pbs.twimg.com/profile_images/574680604630867970/4jxW6EW-_normal.jpeg","following":false,"geo_enabled":false,"profile_banner_url":"https://pbs.twimg.com/profile_banners/407661988/1402769739","profile_background_image_url":"http://abs.twimg.com/images/themes/theme14/bg.gif","name":"Mat ","lang":"en","profile_background_tile":false,"favourites_count":9,"screen_name":"MatWPickering","notifications":false,"url":null,"created_at":"Tue Nov 08 11:00:20 +0000 2011","contributors_enabled":false,"time_zone":"Hawaii","protected":false,"default_profile":false,"is_translator":false},"geo":null,"in_reply_to_user_id_str":"87416722","lang":"en","created_at":"Sun Dec 14 23:48:05 +0000 2014","in_reply_to_status_id_str":"544274879055675392","place":null},
{"contributors":null,"truncated":false,"text":"@Chrisrhodespoke @SkyNewsBreak Yep, guessed that but the flag looks different to the ones seen before. Helpful to get translation though","in_reply_to_status_id":544276793415725057,"id":544277904046432256,"favorite_count":0,"source":"<a href=\"http://twitter.com/download/android\" rel=\"nofollow\">Twitter for Android</a>","retweeted":false,"coordinates":null,"entities":{"symbols":[],"user_mentions":[{"id":203679586,"indices":[0,16],"id_str":"203679586","screen_name":"Chrisrhodespoke","name":"Chris Rhodes"},{"id":87416722,"indices":[17,30],"id_str":"87416722","screen_name":"SkyNewsBreak","name":"Sky News Newsdesk"}],"hashtags":[],"urls":[]},"in_reply_to_screen_name":"Chrisrhodespoke","id_str":"544277904046432256","retweet_count":0,"in_reply_to_user_id":203679586,"favorited":false,"user":{"follow_request_sent":false,"profile_use_background_image":true,"profile_text_color":"333333","default_profile_image":false,"id":1434028597,"profile_background_image_url_https":"https://abs.twimg.com/images/themes/theme1/bg.png","verified":false,"profile_location":null,"profile_image_url_https":"https://pbs.twimg.com/profile_images/509357271466659841/J1vchrxa_normal.jpeg","profile_sidebar_fill_color":"DDEEF6","entities":{"description":{"urls":[]}},"followers_count":56,"profile_sidebar_border_color":"C0DEED","id_str":"1434028597","profile_background_color":"C0DEED","listed_count":1,"is_translation_enabled":false,"utc_offset":null,"statuses_count":1680,"description":"Honest Laid Back Mr Average. TRUE LIBERAL. Anti Censorship.Animal- Lover.Atheist.Cocteau Twins fan.Lola Gatsby fan","friends_count":196,"location":"London ","profile_link_color":"0084B4","profile_image_url":"http://pbs.twimg.com/profile_images/509357271466659841/J1vchrxa_normal.jpeg","following":false,"geo_enabled":true,"profile_banner_url":"https://pbs.twimg.com/profile_banners/1434028597/1380288146","profile_background_image_url":"http://abs.twimg.com/images/themes/theme1/bg.png","name":"Fraser 69","lang":"en","profile_background_tile":false,"favourites_count":1665,"screen_name":"cocteau501","notifications":false,"url":null,"created_at":"Thu May 16 21:09:36 +0000 2013","contributors_enabled":false,"time_zone":null,"protected":false,"default_profile":true,"is_translator":false},"geo":null,"in_reply_to_user_id_str":"203679586","lang":"en","created_at":"Sun Dec 14 23:48:59 +0000 2014","in_reply_to_status_id_str":"544276793415725057","place":null},
{"contributors":null,"truncated":false,"text":"“@SkyNewsBreak: Police surrounding cafe in central Sydney after reports of hostages being taken” rubber dingy rapids","in_reply_to_status_id":544274879055675392,"id":544277947948236801,"favorite_count":3,"source":"<a href=\"http://twitter.com/download/iphone\" rel=\"nofollow\">Twitter for iPhone</a>","retweeted":false,"coordinates":null,"entities":{"symbols":[],"user_mentions":[{"id":87416722,"indices":[1,14],"id_str":"87416722","screen_name":"SkyNewsBreak","name":"Sky News Newsdesk"}],"hashtags":[],"urls":[]},"in_reply_to_screen_name":"SkyNewsBreak","id_str":"544277947948236801","retweet_count":6,"in_reply_to_user_id":87416722,"favorited":false,"user":{"follow_request_sent":false,"profile_use_background_image":true,"profile_text_color":"333333","default_profile_image":false,"id":772997556,"profile_background_image_url_https":"https://abs.twimg.com/images/themes/theme14/bg.gif","verified":false,"profile_location":null,"profile_image_url_https":"https://pbs.twimg.com/profile_images/586289266495488000/DypyVcEq_normal.jpg","profile_sidebar_fill_color":"EFEFEF","entities":{"description":{"urls":[]}},"followers_count":2246,"profile_sidebar_border_color":"EEEEEE","id_str":"772997556","profile_background_color":"131516","listed_count":11,"is_translation_enabled":false,"utc_offset":0,"statuses_count":7001,"description":"As they took his soul they stole his pride","friends_count":1892,"location":"Sheff","profile_link_color":"009999","profile_image_url":"http://pbs.twimg.com/profile_images/586289266495488000/DypyVcEq_normal.jpg","following":false,"geo_enabled":true,"profile_banner_url":"https://pbs.twimg.com/profile_banners/772997556/1413498858","profile_background_image_url":"http://abs.twimg.com/images/themes/theme14/bg.gif","name":"Al","lang":"en","profile_background_tile":true,"favourites_count":7278,"screen_name":"ajgraham_","notifications":false,"url":null,"created_at":"Wed Aug 22 06:15:41 +0000 2012","contributors_enabled":false,"time_zone":"London","protected":false,"default_profile":false,"is_translator":false},"geo":null,"in_reply_to_user_id_str":"87416722","lang":"en","created_at":"Sun Dec 14 23:49:09 +0000 2014","in_reply_to_status_id_str":"544274879055675392","place":null},
{"contributors":null,"truncated":false,"text":"@AshhUtb I'm joking sugar tits x","in_reply_to_status_id":544277988922368002,"id":544278048322117633,"favorite_count":0,"source":"<a href=\"http://twitter.com/download/iphone\" rel=\"nofollow\">Twitter for iPhone</a>","retweeted":false,"coordinates":null,"entities":{"symbols":[],"user_mentions":[{"id":1716433938,"indices":[0,8],"id_str":"1716433938","screen_name":"AshhUtb","name":"Ash"}],"hashtags":[],"urls":[]},"in_reply_to_screen_name":"AshhUtb","id_str":"544278048322117633","retweet_count":0,"in_reply_to_user_id":1716433938,"favorited":false,"user":{"follow_request_sent":false,"profile_use_background_image":true,"profile_text_color":"333333","default_profile_image":false,"id":772997556,"profile_background_image_url_https":"https://abs.twimg.com/images/themes/theme14/bg.gif","verified":false,"profile_location":null,"profile_image_url_https":"https://pbs.twimg.com/profile_images/586289266495488000/DypyVcEq_normal.jpg","profile_sidebar_fill_color":"EFEFEF","entities":{"description":{"urls":[]}},"followers_count":2246,"profile_sidebar_border_color":"EEEEEE","id_str":"772997556","profile_background_color":"131516","listed_count":11,"is_translation_enabled":false,"utc_offset":0,"statuses_count":7001,"description":"As they took his soul they stole his pride","friends_count":1892,"location":"Sheff","profile_link_color":"009999","profile_image_url":"http://pbs.twimg.com/profile_images/586289266495488000/DypyVcEq_normal.jpg","following":false,"geo_enabled":true,"profile_banner_url":"https://pbs.twimg.com/profile_banners/772997556/1413498858","profile_background_image_url":"http://abs.twimg.com/images/themes/theme14/bg.gif","name":"Al","lang":"en","profile_background_tile":true,"favourites_count":7278,"screen_name":"ajgraham_","notifications":false,"url":null,"created_at":"Wed Aug 22 06:15:41 +0000 2012","contributors_enabled":false,"time_zone":"London","protected":false,"default_profile":false,"is_translator":false},"geo":null,"in_reply_to_user_id_str":"1716433938","lang":"en","created_at":"Sun Dec 14 23:49:33 +0000 2014","in_reply_to_status_id_str":"544277988922368002","place":null},
{"contributors":null,"truncated":false,"text":"“@SkyNewsBreak: Police surrounding cafe in central Sydney after reports of hostages being taken” @Hannah_Dornan 😱","in_reply_to_status_id":544274879055675392,"id":544278189066158080,"favorite_count":0,"source":"<a href=\"http://twitter.com/download/iphone\" rel=\"nofollow\">Twitter for iPhone</a>","retweeted":false,"coordinates":null,"entities":{"symbols":[],"user_mentions":[{"id":87416722,"indices":[1,14],"id_str":"87416722","screen_name":"SkyNewsBreak","name":"Sky News Newsdesk"},{"id":1478525635,"indices":[97,111],"id_str":"1478525635","screen_name":"Hannah_Dornan","name":"Hannah Dornan"}],"hashtags":[],"urls":[]},"in_reply_to_screen_name":"SkyNewsBreak","id_str":"544278189066158080","retweet_count":0,"in_reply_to_user_id":87416722,"favorited":false,"user":{"follow_request_sent":false,"profile_use_background_image":true,"profile_text_color":"333333","default_profile_image":false,"id":62862239,"profile_background_image_url_https":"https://abs.twimg.com/images/themes/theme1/bg.png","verified":false,"profile_location":null,"profile_image_url_https":"https://pbs.twimg.com/profile_images/499690158506405888/vqkph9QZ_normal.jpeg","profile_sidebar_fill_color":"DDEEF6","entities":{"url":{"urls":[{"url":"http://t.co/FzQ3yYbVdL","indices":[0,22],"expanded_url":"http://Instagram.com/joshuasteer#link_profile","display_url":"Instagram.com/joshuasteer#li…"}]},"description":{"urls":[]}},"followers_count":169,"profile_sidebar_border_color":"C0DEED","id_str":"62862239","profile_background_color":"C0DEED","listed_count":4,"is_translation_enabled":false,"utc_offset":0,"statuses_count":6687,"description":"Second year Business student at Manchester Metropolitan University.","friends_count":122,"location":"Manchester/Shrewsbury","profile_link_color":"0084B4","profile_image_url":"http://pbs.twimg.com/profile_images/499690158506405888/vqkph9QZ_normal.jpeg","following":false,"geo_enabled":true,"profile_banner_url":"https://pbs.twimg.com/profile_banners/62862239/1407970035","profile_background_image_url":"http://abs.twimg.com/images/themes/theme1/bg.png","name":"Joshua Steer","lang":"en","profile_background_tile":false,"favourites_count":171,"screen_name":"SteerElite","notifications":false,"url":"http://t.co/FzQ3yYbVdL","created_at":"Tue Aug 04 16:37:16 +0000 2009","contributors_enabled":false,"time_zone":"London","protected":false,"default_profile":true,"is_translator":false},"geo":null,"in_reply_to_user_id_str":"87416722","lang":"en","created_at":"Sun Dec 14 23:50:07 +0000 2014","in_reply_to_status_id_str":"544274879055675392","place":null},
{"contributors":null,"truncated":false,"text":"@SkyNewsBreak 'Shahada' flag is the flag on display.","in_reply_to_status_id":544274879055675392,"id":544278408046587904,"favorite_count":0,"source":"<a href=\"http://twitter.com\" rel=\"nofollow\">Twitter Web Client</a>","retweeted":false,"coordinates":null,"entities":{"symbols":[],"user_mentions":[{"id":87416722,"indices":[0,13],"id_str":"87416722","screen_name":"SkyNewsBreak","name":"Sky News Newsdesk"}],"hashtags":[],"urls":[]},"in_reply_to_screen_name":"SkyNewsBreak","id_str":"544278408046587904","retweet_count":0,"in_reply_to_user_id":87416722,"favorited":false,"user":{"follow_request_sent":false,"profile_use_background_image":true,"profile_text_color":"666666","default_profile_image":false,"id":21612139,"profile_background_image_url_https":"https://abs.twimg.com/images/themes/theme9/bg.gif","verified":false,"profile_location":null,"profile_image_url_https":"https://pbs.twimg.com/profile_images/433593131338973184/yDqEyUFW_normal.jpeg","profile_sidebar_fill_color":"252429","entities":{"description":{"urls":[]}},"followers_count":152,"profile_sidebar_border_color":"FFFFFF","id_str":"21612139","profile_background_color":"1A1B1F","listed_count":1,"is_translation_enabled":false,"utc_offset":0,"statuses_count":6004,"description":"World Kerb Champion 1987.","friends_count":650,"location":"Dublin","profile_link_color":"2FC2EF","profile_image_url":"http://pbs.twimg.com/profile_images/433593131338973184/yDqEyUFW_normal.jpeg","following":false,"geo_enabled":true,"profile_banner_url":"https://pbs.twimg.com/profile_banners/21612139/1392211852","profile_background_image_url":"http://abs.twimg.com/images/themes/theme9/bg.gif","name":"M.C","lang":"en","profile_background_tile":false,"favourites_count":46,"screen_name":"Duerr","notifications":false,"url":null,"created_at":"Sun Feb 22 23:45:58 +0000 2009","contributors_enabled":false,"time_zone":"Dublin","protected":false,"default_profile":false,"is_translator":false},"geo":null,"in_reply_to_user_id_str":"87416722","lang":"en","created_at":"Sun Dec 14 23:50:59 +0000 2014","in_reply_to_status_id_str":"544274879055675392","place":null},
{"contributors":null,"truncated":false,"text":"“Police surrounding cafe in central Sydney after reports of hostages being taken” rt@SkyNewsBreak","in_reply_to_status_id":544274879055675392,"id":544279420178276353,"favorite_count":0,"source":"<a href=\"http://twitter.com/#!/download/ipad\" rel=\"nofollow\">Twitter for iPad</a>","retweeted":false,"coordinates":null,"entities":{"symbols":[],"user_mentions":[{"id":87416722,"indices":[84,97],"id_str":"87416722","screen_name":"SkyNewsBreak","name":"Sky News Newsdesk"}],"hashtags":[],"urls":[]},"in_reply_to_screen_name":"SkyNewsBreak","id_str":"544279420178276353","retweet_count":0,"in_reply_to_user_id":87416722,"favorited":false,"user":{"follow_request_sent":false,"profile_use_background_image":true,"profile_text_color":"3C3940","default_profile_image":false,"id":62591883,"profile_background_image_url_https":"https://abs.twimg.com/images/themes/theme4/bg.gif","verified":false,"profile_location":null,"profile_image_url_https":"https://pbs.twimg.com/profile_images/2311438474/image_normal.jpg","profile_sidebar_fill_color":"95E8EC","entities":{"description":{"urls":[]}},"followers_count":1811,"profile_sidebar_border_color":"5ED4DC","id_str":"62591883","profile_background_color":"0099B9","listed_count":45,"is_translation_enabled":false,"utc_offset":3600,"statuses_count":166208,"description":"NEWSFACTS-PEOPLE-ANIMALS-NATURE-MUSIC-MOVIES-LOVE-PEACE-PRO-ISRAEL-PRO-AMERICA-VEGAN-SON","friends_count":1562,"location":"Nederland-TheNetherlands","profile_link_color":"0099B9","profile_image_url":"http://pbs.twimg.com/profile_images/2311438474/image_normal.jpg","following":false,"geo_enabled":false,"profile_background_image_url":"http://abs.twimg.com/images/themes/theme4/bg.gif","name":"✡ ELZA_NEWS ✡","lang":"en","profile_background_tile":false,"favourites_count":11117,"screen_name":"elza_news","notifications":false,"url":null,"created_at":"Mon Aug 03 18:59:36 +0000 2009","contributors_enabled":false,"time_zone":"Amsterdam","protected":false,"default_profile":false,"is_translator":false},"geo":null,"in_reply_to_user_id_str":"87416722","lang":"en","created_at":"Sun Dec 14 23:55:00 +0000 2014","in_reply_to_status_id_str":"544274879055675392","place":null},
{"contributors":null,"truncated":false,"text":"@GreenieC Nope safe at work Mrs G! Not far from here though!! 😳","in_reply_to_status_id":544276375272972288,"id":544279604265897984,"favorite_count":0,"source":"<a href=\"http://twitter.com/download/iphone\" rel=\"nofollow\">Twitter for iPhone</a>","retweeted":false,"coordinates":null,"entities":{"symbols":[],"user_mentions":[{"id":44883498,"indices":[0,9],"id_str":"44883498","screen_name":"GreenieC","name":"Claire Green"}],"hashtags":[],"urls":[]},"in_reply_to_screen_name":"GreenieC","id_str":"544279604265897984","retweet_count":0,"in_reply_to_user_id":44883498,"favorited":false,"user":{"follow_request_sent":false,"profile_use_background_image":true,"profile_text_color":"333333","default_profile_image":false,"id":954530826,"profile_background_image_url_https":"https://abs.twimg.com/images/themes/theme1/bg.png","verified":false,"profile_location":null,"profile_image_url_https":"https://pbs.twimg.com/profile_images/552445118205403136/_4VYTqIY_normal.jpeg","profile_sidebar_fill_color":"DDEEF6","entities":{"description":{"urls":[]}},"followers_count":189,"profile_sidebar_border_color":"C0DEED","id_str":"954530826","profile_background_color":"C0DEED","listed_count":0,"is_translation_enabled":false,"utc_offset":null,"statuses_count":1835,"description":"","friends_count":261,"location":"","profile_link_color":"0084B4","profile_image_url":"http://pbs.twimg.com/profile_images/552445118205403136/_4VYTqIY_normal.jpeg","following":false,"geo_enabled":false,"profile_banner_url":"https://pbs.twimg.com/profile_banners/954530826/1416911512","profile_background_image_url":"http://abs.twimg.com/images/themes/theme1/bg.png","name":"Kerry Radford","lang":"en","profile_background_tile":false,"favourites_count":894,"screen_name":"Kerry_Rad","notifications":false,"url":null,"created_at":"Sun Nov 18 00:02:49 +0000 2012","contributors_enabled":false,"time_zone":null,"protected":false,"default_profile":true,"is_translator":false},"geo":null,"in_reply_to_user_id_str":"44883498","lang":"en","created_at":"Sun Dec 14 23:55:44 +0000 2014","in_reply_to_status_id_str":"544276375272972288","place":null},
{"contributors":null,"truncated":false,"text":"@HannahC19 cunt","in_reply_to_status_id":544275029874462721,"id":544283541643997184,"favorite_count":0,"source":"<a href=\"http://twitter.com/download/iphone\" rel=\"nofollow\">Twitter for iPhone</a>","retweeted":false,"coordinates":null,"entities":{"symbols":[],"user_mentions":[{"id":2256809998,"indices":[0,10],"id_str":"2256809998","screen_name":"HannahC19","name":"Hannah Carty "}],"hashtags":[],"urls":[]},"in_reply_to_screen_name":"HannahC19","id_str":"544283541643997184","retweet_count":0,"in_reply_to_user_id":2256809998,"favorited":false,"user":{"follow_request_sent":false,"profile_use_background_image":true,"profile_text_color":"333333","default_profile_image":false,"id":285493238,"profile_background_image_url_https":"https://abs.twimg.com/images/themes/theme1/bg.png","verified":false,"profile_location":null,"profile_image_url_https":"https://pbs.twimg.com/profile_images/1430730894/image_normal.jpg","profile_sidebar_fill_color":"DDEEF6","entities":{"description":{"urls":[]}},"followers_count":20,"profile_sidebar_border_color":"C0DEED","id_str":"285493238","profile_background_color":"C0DEED","listed_count":0,"is_translation_enabled":false,"utc_offset":null,"statuses_count":272,"description":"Not trolling. Telling the truth.","friends_count":85,"location":"Nigeria","profile_link_color":"0084B4","profile_image_url":"http://pbs.twimg.com/profile_images/1430730894/image_normal.jpg","following":false,"geo_enabled":true,"profile_background_image_url":"http://abs.twimg.com/images/themes/theme1/bg.png","name":"George Agdgwengo","lang":"en","profile_background_tile":false,"favourites_count":31,"screen_name":"sillyhilly89","notifications":false,"url":null,"created_at":"Thu Apr 21 07:42:24 +0000 2011","contributors_enabled":false,"time_zone":null,"protected":false,"default_profile":true,"is_translator":false},"geo":null,"in_reply_to_user_id_str":"2256809998","lang":"in","created_at":"Mon Dec 15 00:11:23 +0000 2014","in_reply_to_status_id_str":"544275029874462721","place":null},
{"contributors":null,"truncated":false,"text":"@Kerry_Rad ooooh Radders! Nothing like dramas on your last few days... Have a safe flight home &amp; I hope you &amp; the fam have a great crimbo xx","in_reply_to_status_id":544279604265897984,"id":544387234510938112,"favorite_count":1,"source":"<a href=\"http://twitter.com/download/iphone\" rel=\"nofollow\">Twitter for iPhone</a>","retweeted":false,"coordinates":null,"entities":{"symbols":[],"user_mentions":[{"id":954530826,"indices":[0,10],"id_str":"954530826","screen_name":"Kerry_Rad","name":"Kerry Radford"}],"hashtags":[],"urls":[]},"in_reply_to_screen_name":"Kerry_Rad","id_str":"544387234510938112","retweet_count":0,"in_reply_to_user_id":954530826,"favorited":false,"user":{"follow_request_sent":false,"profile_use_background_image":true,"profile_text_color":"3C3940","default_profile_image":false,"id":44883498,"profile_background_image_url_https":"https://abs.twimg.com/images/themes/theme4/bg.gif","verified":false,"profile_location":null,"profile_image_url_https":"https://pbs.twimg.com/profile_images/1465897425/banksy_normal.jpg","profile_sidebar_fill_color":"95E8EC","entities":{"description":{"urls":[]}},"followers_count":103,"profile_sidebar_border_color":"5ED4DC","id_str":"44883498","profile_background_color":"0099B9","listed_count":1,"is_translation_enabled":false,"utc_offset":null,"statuses_count":3992,"description":"","friends_count":386,"location":"somewhere on this earth......","profile_link_color":"0099B9","profile_image_url":"http://pbs.twimg.com/profile_images/1465897425/banksy_normal.jpg","following":false,"geo_enabled":false,"profile_banner_url":"https://pbs.twimg.com/profile_banners/44883498/1353865392","profile_background_image_url":"http://abs.twimg.com/images/themes/theme4/bg.gif","name":"Claire Green","lang":"en","profile_background_tile":false,"favourites_count":40,"screen_name":"GreenieC","notifications":false,"url":null,"created_at":"Fri Jun 05 12:46:21 +0000 2009","contributors_enabled":false,"time_zone":null,"protected":false,"default_profile":false,"is_translator":false},"geo":null,"in_reply_to_user_id_str":"954530826","lang":"en","created_at":"Mon Dec 15 07:03:25 +0000 2014","in_reply_to_status_id_str":"544279604265897984","place":null},
{"contributors":null,"truncated":false,"text":"@GreenieC thank you Mrs G and you! 🎅🎄❄️ xxx","in_reply_to_status_id":544387234510938112,"id":544400578328023040,"favorite_count":1,"source":"<a href=\"http://twitter.com/download/iphone\" rel=\"nofollow\">Twitter for iPhone</a>","retweeted":false,"coordinates":null,"entities":{"symbols":[],"user_mentions":[{"id":44883498,"indices":[0,9],"id_str":"44883498","screen_name":"GreenieC","name":"Claire Green"}],"hashtags":[],"urls":[]},"in_reply_to_screen_name":"GreenieC","id_str":"544400578328023040","retweet_count":0,"in_reply_to_user_id":44883498,"favorited":false,"user":{"follow_request_sent":false,"profile_use_background_image":true,"profile_text_color":"333333","default_profile_image":false,"id":954530826,"profile_background_image_url_https":"https://abs.twimg.com/images/themes/theme1/bg.png","verified":false,"profile_location":null,"profile_image_url_https":"https://pbs.twimg.com/profile_images/552445118205403136/_4VYTqIY_normal.jpeg","profile_sidebar_fill_color":"DDEEF6","entities":{"description":{"urls":[]}},"followers_count":189,"profile_sidebar_border_color":"C0DEED","id_str":"954530826","profile_background_color":"C0DEED","listed_count":0,"is_translation_enabled":false,"utc_offset":null,"statuses_count":1835,"description":"","friends_count":259,"location":"","profile_link_color":"0084B4","profile_image_url":"http://pbs.twimg.com/profile_images/552445118205403136/_4VYTqIY_normal.jpeg","following":false,"geo_enabled":false,"profile_banner_url":"https://pbs.twimg.com/profile_banners/954530826/1416911512","profile_background_image_url":"http://abs.twimg.com/images/themes/theme1/bg.png","name":"Kerry Radford","lang":"en","profile_background_tile":false,"favourites_count":895,"screen_name":"Kerry_Rad","notifications":false,"url":null,"created_at":"Sun Nov 18 00:02:49 +0000 2012","contributors_enabled":false,"time_zone":null,"protected":false,"default_profile":true,"is_translator":false},"geo":null,"in_reply_to_user_id_str":"44883498","lang":"en","created_at":"Mon Dec 15 07:56:27 +0000 2014","in_reply_to_status_id_str":"544387234510938112","place":null}
]