[{"contributors":null,"truncated":false,"text":"@miss_raej I know right - how stupid can people be?","in_reply_to_status_id":544293069957259264,"id":544293292259565569,"favorite_count":0,"source":"<a href=\"https://about.twitter.com/products/tweetdeck\" rel=\"nofollow\">TweetDeck</a>","retweeted":false,"coordinates":null,"entities":{"symbols":[],"user_mentions":[{"id":20512260,"indices":[0,10],"id_str":"20512260","screen_name":"miss_raej","name":"Rae Johnston"}],"hashtags":[],"urls":[]},"in_reply_to_screen_name":"miss_raej","id_str":"544293292259565569","retweet_count":0,"in_reply_to_user_id":20512260,"favorited":false,"user":{"follow_request_sent":false,"profile_use_background_image":true,"profile_text_color":"333333","default_profile_image":false,"id":388794497,"profile_background_image_url_https":"https://pbs.twimg.com/profile_background_images/433966515126149120/KeWXf_An.jpeg","verified":false,"profile_location":null,"profile_image_url_https":"https://pbs.twimg.com/profile_images/542279372325941248/cAOA3pjN_normal.jpeg","profile_sidebar_fill_color":"EFEFEF","entities":{"description":{"urls":[]}},"followers_count":394,"profile_sidebar_border_color":"FFFFFF","id_str":"388794497","profile_background_color":"000000","listed_count":9,"is_translation_enabled":false,"utc_offset":36000,"statuses_count":2423,"description":"Tech Department Lead and resident nerd at the @DailyMailAU. English lad. #MtG aficionado. Comic books. Video & board games. All views originate in Middle-earth.","friends_count":1213,"location":"Sydney, Australia","profile_link_color":"009999","profile_image_url":"http://pbs.twimg.com/profile_images/542279372325941248/cAOA3pjN_normal.jpeg","following":false,"geo_enabled":false,"profile_banner_url":"https://pbs.twimg.com/profile_banners/388794497/1397717517","profile_background_image_url":"http://pbs.twimg.com/profile_background_images/433966515126149120/KeWXf_An.jpeg","name":"Sam Spettigue","lang":"en","profile_background_tile":false,"favourites_count":1783,"screen_name":"ninjaspag","notifications":false,"url":null,"created_at":"Tue Oct 11 10:54:55 +0000 2011","contributors_enabled":false,"time_zone":"Brisbane","protected":false,"default_profile":false,"is_translator":false},"geo":null,"in_reply_to_user_id_str":"20512260","lang":"en","created_at":"Mon Dec 15 00:50:08 +0000 2014","in_reply_to_status_id_str":"544293069957259264","place":null},
{"contributors":null,"truncated":false,"text":"@miss_raej Here here!","in_reply_to_status_id":544293069957259264,"id":544293518080868352,"favorite_count":0,"source":"<a href=\"http://twitter.com\" rel=\"nofollow\">Twitter Web Client</a>","retweeted":false,"coordinates":null,"entities":{"symbols":[],"user_mentions":[{"id":20512260,"indices":[0,10],"id_str":"20512260","screen_name":"miss_raej","name":"Rae Johnston"}],"hashtags":[],"urls":[]},"in_reply_to_screen_name":"miss_raej","id_str":"544293518080868352","retweet_count":0,"in_reply_to_user_id":20512260,"favorited":false,"user":{"follow_request_sent":false,"profile_use_background_image":true,"profile_text_color":"000000","default_profile_image":false,"id":370554942,"profile_background_image_url_https":"https://abs.twimg.com/images/themes/theme18/bg.gif","verified":false,"profile_location":null,"profile_image_url_https":"https://pbs.twimg.com/profile_images/3553054334/6adfcf27fe5a8042d37d435d3f0b6efa_normal.jpeg","profile_sidebar_fill_color":"000000","entities":{"url":{"urls":[{"url":"http://t.co/vaqh76bWld","indices":[0,22],"expanded_url":"http://kiarapirola.wordpress.com/","display_url":"kiarapirola.wordpress.com"}]},"description":{"urls":[]}},"followers_count":178,"profile_sidebar_border_color":"FFFFFF","id_str":"370554942","profile_background_color":"89C9FA","listed_count":9,"is_translation_enabled":false,"utc_offset":null,"statuses_count":1168,"description":"Catholic, student of politics, Iran, international relations. amateur philosopher, theologian, graphic designer","friends_count":616,"location":"Sydney, Australia","profile_link_color":"89C9FA","profile_image_url":"http://pbs.twimg.com/profile_images/3553054334/6adfcf27fe5a8042d37d435d3f0b6efa_normal.jpeg","following":false,"geo_enabled":true,"profile_banner_url":"https://pbs.twimg.com/profile_banners/370554942/1401240945","profile_background_image_url":"http://abs.twimg.com/images/themes/theme18/bg.gif","name":"Kiara Pirola","lang":"en","profile_background_tile":false,"favourites_count":140,"screen_name":"KiaraPirola","notifications":false,"url":"http://t.co/vaqh76bWld","created_at":"Fri Sep 09 06:56:54 +0000 2011","contributors_enabled":false,"time_zone":null,"protected":false,"default_profile":false,"is_translator":false},"geo":null,"in_reply_to_user_id_str":"20512260","lang":"en","created_at":"Mon Dec 15 00:51:01 +0000 2014","in_reply_to_status_id_str":"544293069957259264","place":null},
{"contributors":null,"truncated":false,"text":"@miss_raej Kinda sad that this has to be posted, should be common sense.\nOn the other hand, maybe people should tweet FALSE information here","in_reply_to_status_id":544293069957259264,"id":544294011817951234,"favorite_count":1,"source":"<a href=\"http://twitter.com\" rel=\"nofollow\">Twitter Web Client</a>","retweeted":false,"coordinates":null,"entities":{"symbols":[],"user_mentions":[{"id":20512260,"indices":[0,10],"id_str":"20512260","screen_name":"miss_raej","name":"Rae Johnston"}],"hashtags":[],"urls":[]},"in_reply_to_screen_name":"miss_raej","id_str":"544294011817951234","retweet_count":0,"in_reply_to_user_id":20512260,"favorited":false,"user":{"follow_request_sent":false,"profile_use_background_image":true,"profile_text_color":"333333","default_profile_image":false,"id":795927228,"profile_background_image_url_https":"https://abs.twimg.com/images/themes/theme1/bg.png","verified":false,"profile_location":null,"profile_image_url_https":"https://pbs.twimg.com/profile_images/3088226731/a1e9f1eba78c391110422f91979f5e63_normal.png","profile_sidebar_fill_color":"DDEEF6","entities":{"description":{"urls":[]}},"followers_count":6,"profile_sidebar_border_color":"C0DEED","id_str":"795927228","profile_background_color":"C0DEED","listed_count":0,"is_translation_enabled":false,"utc_offset":3600,"statuses_count":356,"description":"","friends_count":24,"location":"Hamburg","profile_link_color":"0084B4","profile_image_url":"http://pbs.twimg.com/profile_images/3088226731/a1e9f1eba78c391110422f91979f5e63_normal.png","following":false,"geo_enabled":true,"profile_background_image_url":"http://abs.twimg.com/images/themes/theme1/bg.png","name":"Max Schröder","lang":"de","profile_background_tile":false,"favourites_count":16,"screen_name":"MaxS1995","notifications":false,"url":null,"created_at":"Sat Sep 01 11:58:03 +0000 2012","contributors_enabled":false,"time_zone":"Amsterdam","protected":false,"default_profile":true,"is_translator":false},"geo":null,"in_reply_to_user_id_str":"20512260","lang":"en","created_at":"Mon Dec 15 00:52:59 +0000 2014","in_reply_to_status_id_str":"544293069957259264","place":null},
{"contributors":null,"truncated":false,"text":"@ninjaspag @miss_raej very very stupid","in_reply_to_status_id":544293292259565569,"id":544294114015993856,"favorite_count":1,"source":"<a href=\"http://twitter.com/download/iphone\" rel=\"nofollow\">Twitter for iPhone</a>","retweeted":false,"coordinates":null,"entities":{"symbols":[],"user_mentions":[{"id":388794497,"indices":[0,10],"id_str":"388794497","screen_name":"ninjaspag","name":"Sam Spettigue"},{"id":20512260,"indices":[11,21],"id_str":"20512260","screen_name":"miss_raej","name":"Rae Johnston"}],"hashtags":[],"urls":[]},"in_reply_to_screen_name":"ninjaspag","id_str":"544294114015993856","retweet_count":0,"in_reply_to_user_id":388794497,"favorited":false,"user":{"follow_request_sent":false,"profile_use_background_image":true,"profile_text_color":"333333","default_profile_image":false,"id":301427694,"profile_background_image_url_https":"https://abs.twimg.com/images/themes/theme1/bg.png","verified":false,"profile_location":null,"profile_image_url_https":"https://pbs.twimg.com/profile_images/500196168807116800/mNZ8YvjK_normal.jpeg","profile_sidebar_fill_color":"DDEEF6","entities":{"url":{"urls":[{"url":"http://t.co/ZZwMecEpXC","indices":[0,22],"expanded_url":"http://www.etsy.com/shop/GlamComix","display_url":"etsy.com/shop/GlamComix"}]},"description":{"urls":[]}},"followers_count":786,"profile_sidebar_border_color":"C0DEED","id_str":"301427694","profile_background_color":"C0DEED","listed_count":28,"is_translation_enabled":false,"utc_offset":39600,"statuses_count":100990,"description":"Once a Deense, always a Deense. Comic book fan, cosplayer, RPer, cat owner and obsessed with hair dye. These are the random thoughts of a Canadian Girl in Oz.","friends_count":714,"location":"Antipodes","profile_link_color":"0084B4","profile_image_url":"http://pbs.twimg.com/profile_images/500196168807116800/mNZ8YvjK_normal.jpeg","following":false,"geo_enabled":false,"profile_banner_url":"https://pbs.twimg.com/profile_banners/301427694/1392178125","profile_background_image_url":"http://abs.twimg.com/images/themes/theme1/bg.png","name":"YOU'RE MY PRESENT","lang":"en","profile_background_tile":false,"favourites_count":2963,"screen_name":"Deensey","notifications":false,"url":"http://t.co/ZZwMecEpXC","created_at":"Thu May 19 13:12:08 +0000 2011","contributors_enabled":false,"time_zone":"Canberra","protected":false,"default_profile":true,"is_translator":false},"geo":null,"in_reply_to_user_id_str":"388794497","lang":"en","created_at":"Mon Dec 15 00:53:23 +0000 2014","in_reply_to_status_id_str":"544293292259565569","place":null},
{"contributors":null,"truncated":false,"text":"@ninjaspag @miss_raej sadly","in_reply_to_status_id":544293292259565569,"id":544294147192938496,"favorite_count":1,"source":"<a href=\"http://twitter.com/download/iphone\" rel=\"nofollow\">Twitter for iPhone</a>","retweeted":false,"coordinates":null,"entities":{"symbols":[],"user_mentions":[{"id":388794497,"indices":[0,10],"id_str":"388794497","screen_name":"ninjaspag","name":"Sam Spettigue"},{"id":20512260,"indices":[11,21],"id_str":"20512260","screen_name":"miss_raej","name":"Rae Johnston"}],"hashtags":[],"urls":[]},"in_reply_to_screen_name":"ninjaspag","id_str":"544294147192938496","retweet_count":0,"in_reply_to_user_id":388794497,"favorited":false,"user":{"follow_request_sent":false,"profile_use_background_image":true,"profile_text_color":"333333","default_profile_image":false,"id":301427694,"profile_background_image_url_https":"https://abs.twimg.com/images/themes/theme1/bg.png","verified":false,"profile_location":null,"profile_image_url_https":"https://pbs.twimg.com/profile_images/500196168807116800/mNZ8YvjK_normal.jpeg","profile_sidebar_fill_color":"DDEEF6","entities":{"url":{"urls":[{"url":"http://t.co/ZZwMecEpXC","indices":[0,22],"expanded_url":"http://www.etsy.com/shop/GlamComix","display_url":"etsy.com/shop/GlamComix"}]},"description":{"urls":[]}},"followers_count":786,"profile_sidebar_border_color":"C0DEED","id_str":"301427694","profile_background_color":"C0DEED","listed_count":28,"is_translation_enabled":false,"utc_offset":39600,"statuses_count":100990,"description":"Once a Deense, always a Deense. Comic book fan, cosplayer, RPer, cat owner and obsessed with hair dye. These are the random thoughts of a Canadian Girl in Oz.","friends_count":714,"location":"Antipodes","profile_link_color":"0084B4","profile_image_url":"http://pbs.twimg.com/profile_images/500196168807116800/mNZ8YvjK_normal.jpeg","following":false,"geo_enabled":false,"profile_banner_url":"https://pbs.twimg.com/profile_banners/301427694/1392178125","profile_background_image_url":"http://abs.twimg.com/images/themes/theme1/bg.png","name":"YOU'RE MY PRESENT","lang":"en","profile_background_tile":false,"favourites_count":2963,"screen_name":"Deensey","notifications":false,"url":"http://t.co/ZZwMecEpXC","created_at":"Thu May 19 13:12:08 +0000 2011","contributors_enabled":false,"time_zone":"Canberra","protected":false,"default_profile":true,"is_translator":false},"geo":null,"in_reply_to_user_id_str":"388794497","lang":"en","created_at":"Mon Dec 15 00:53:31 +0000 2014","in_reply_to_status_id_str":"544293292259565569","place":null},
{"contributors":null,"truncated":false,"text":"@miss_raej A radio station I was just listening to is being pretty irresponsible too.","in_reply_to_status_id":544293069957259264,"id":544294273592885248,"favorite_count":0,"source":"<a href=\"http://twitter.com\" rel=\"nofollow\">Twitter Web Client</a>","retweeted":false,"coordinates":null,"entities":{"symbols":[],"user_mentions":[{"id":20512260,"indices":[0,10],"id_str":"20512260","screen_name":"miss_raej","name":"Rae Johnston"}],"hashtags":[],"urls":[]},"in_reply_to_screen_name":"miss_raej","id_str":"544294273592885248","retweet_count":0,"in_reply_to_user_id":20512260,"favorited":false,"user":{"follow_request_sent":false,"profile_use_background_image":true,"profile_text_color":"333333","default_profile_image":false,"id":2204554906,"profile_background_image_url_https":"https://abs.twimg.com/images/themes/theme1/bg.png","verified":false,"profile_location":null,"profile_image_url_https":"https://pbs.twimg.com/profile_images/498851568486076416/jcrGUu4R_normal.jpeg","profile_sidebar_fill_color":"DDEEF6","entities":{"description":{"urls":[]}},"followers_count":679,"profile_sidebar_border_color":"C0DEED","id_str":"2204554906","profile_background_color":"C0DEED","listed_count":7,"is_translation_enabled":false,"utc_offset":0,"statuses_count":5004,"description":"Aspiring historian (maybe), indecisive (always), Game of Thrones watcher, Saga Noren admirer.  Books without footnotes vex me.","friends_count":1999,"location":"East Riding of Yorkshire","profile_link_color":"0084B4","profile_image_url":"http://pbs.twimg.com/profile_images/498851568486076416/jcrGUu4R_normal.jpeg","following":false,"geo_enabled":false,"profile_banner_url":"https://pbs.twimg.com/profile_banners/2204554906/1407722384","profile_background_image_url":"http://abs.twimg.com/images/themes/theme1/bg.png","name":"Hanesydd","lang":"en-gb","profile_background_tile":false,"favourites_count":8203,"screen_name":"hstorian","notifications":false,"url":null,"created_at":"Mon Dec 02 12:54:47 +0000 2013","contributors_enabled":false,"time_zone":"London","protected":false,"default_profile":true,"is_translator":false},"geo":null,"in_reply_to_user_id_str":"20512260","lang":"en","created_at":"Mon Dec 15 00:54:01 +0000 2014","in_reply_to_status_id_str":"544293069957259264","place":null},
{"contributors":null,"truncated":false,"text":"@miss_raej it's sad people have to even tweet this it really is","in_reply_to_status_id":544293069957259264,"id":544297713740042241,"favorite_count":0,"source":"<a href=\"http://twitter.com/download/iphone\" rel=\"nofollow\">Twitter for iPhone</a>","retweeted":false,"coordinates":null,"entities":{"symbols":[],"user_mentions":[{"id":20512260,"indices":[0,10],"id_str":"20512260","screen_name":"miss_raej","name":"Rae Johnston"}],"hashtags":[],"urls":[]},"in_reply_to_screen_name":"miss_raej","id_str":"544297713740042241","retweet_count":0,"in_reply_to_user_id":20512260,"favorited":false,"user":{"follow_request_sent":false,"profile_use_background_image":true,"profile_text_color":"333333","default_profile_image":false,"id":33128909,"profile_background_image_url_https":"https://pbs.twimg.com/profile_background_images/463450841697902592/tYYMRMKI.jpeg","verified":false,"profile_location":null,"profile_image_url_https":"https://pbs.twimg.com/profile_images/544995348683296768/y0RVMNFx_normal.jpeg","profile_sidebar_fill_color":"E0E0E0","entities":{"description":{"urls":[]}},"followers_count":3541,"profile_sidebar_border_color":"FFFFFF","id_str":"33128909","profile_background_color":"C0DEED","listed_count":50,"is_translation_enabled":false,"utc_offset":0,"statuses_count":120735,"description":"i am a moody fuck who spends way too much time on here pretending to be smart and funny .","friends_count":3732,"location":"liverpool la ","profile_link_color":"0017AB","profile_image_url":"http://pbs.twimg.com/profile_images/544995348683296768/y0RVMNFx_normal.jpeg","following":false,"geo_enabled":false,"profile_banner_url":"https://pbs.twimg.com/profile_banners/33128909/1406584415","profile_background_image_url":"http://pbs.twimg.com/profile_background_images/463450841697902592/tYYMRMKI.jpeg","name":"chris latimer #632","lang":"en","profile_background_tile":true,"favourites_count":2809,"screen_name":"thynameischris1","notifications":false,"url":null,"created_at":"Sun Apr 19 04:29:21 +0000 2009","contributors_enabled":false,"time_zone":"Casablanca","protected":false,"default_profile":false,"is_translator":false},"geo":null,"in_reply_to_user_id_str":"20512260","lang":"en","created_at":"Mon Dec 15 01:07:42 +0000 2014","in_reply_to_status_id_str":"544293069957259264","place":null},
{"contributors":null,"truncated":false,"text":"@miss_raej Rae they won't say 'lets do this, tweet me when you're ready' lol","in_reply_to_status_id":544293069957259264,"id":544298058562154496,"favorite_count":0,"source":"<a href=\"http://twitter.com\" rel=\"nofollow\">Twitter Web Client</a>","retweeted":false,"coordinates":null,"entities":{"symbols":[],"user_mentions":[{"id":20512260,"indices":[0,10],"id_str":"20512260","screen_name":"miss_raej","name":"Rae Johnston"}],"hashtags":[],"urls":[]},"in_reply_to_screen_name":"miss_raej","id_str":"544298058562154496","retweet_count":0,"in_reply_to_user_id":20512260,"favorited":false,"user":{"follow_request_sent":false,"profile_use_background_image":true,"profile_text_color":"333333","default_profile_image":true,"id":2902287501,"profile_background_image_url_https":"https://abs.twimg.com/images/themes/theme1/bg.png","verified":false,"profile_location":null,"profile_image_url_https":"https://abs.twimg.com/sticky/default_profile_images/default_profile_1_normal.png","profile_sidebar_fill_color":"DDEEF6","entities":{"description":{"urls":[]}},"followers_count":22,"profile_sidebar_border_color":"C0DEED","id_str":"2902287501","profile_background_color":"C0DEED","listed_count":0,"is_translation_enabled":false,"utc_offset":null,"statuses_count":211,"description":"","friends_count":143,"location":"","profile_link_color":"0084B4","profile_image_url":"http://abs.twimg.com/sticky/default_profile_images/default_profile_1_normal.png","following":false,"geo_enabled":false,"profile_banner_url":"https://pbs.twimg.com/profile_banners/2902287501/1418163534","profile_background_image_url":"http://abs.twimg.com/images/themes/theme1/bg.png","name":"Stu Henson","lang":"en","profile_background_tile":false,"favourites_count":1,"screen_name":"stu_ukip","notifications":false,"url":null,"created_at":"Tue Dec 02 13:37:53 +0000 2014","contributors_enabled":false,"time_zone":null,"protected":false,"default_profile":true,"is_translator":false},"geo":null,"in_reply_to_user_id_str":"20512260","lang":"en","created_at":"Mon Dec 15 01:09:04 +0000 2014","in_reply_to_status_id_str":"544293069957259264","place":null},
{"contributors":null,"truncated":false,"text":"@miss_raej I hope you're safe and away from danger! Scary situation.","in_reply_to_status_id":544293069957259264,"id":544299823558455297,"favorite_count":0,"source":"<a href=\"http://twitter.com/download/iphone\" rel=\"nofollow\">Twitter for iPhone</a>","retweeted":false,"coordinates":null,"entities":{"symbols":[],"user_mentions":[{"id":20512260,"indices":[0,10],"id_str":"20512260","screen_name":"miss_raej","name":"Rae Johnston"}],"hashtags":[],"urls":[]},"in_reply_to_screen_name":"miss_raej","id_str":"544299823558455297","retweet_count":0,"in_reply_to_user_id":20512260,"favorited":false,"user":{"follow_request_sent":false,"profile_use_background_image":true,"profile_text_color":"333333","default_profile_image":false,"id":24397364,"profile_background_image_url_https":"https://pbs.twimg.com/profile_background_images/497986261739520001/cXZUsJmD.png","verified":false,"profile_location":null,"profile_image_url_https":"https://pbs.twimg.com/profile_images/578258920071790592/hPfIX0Ko_normal.jpeg","profile_sidebar_fill_color":"C0DFEC","entities":{"url":{"urls":[{"url":"http://t.co/IbuaPOwc4R","indices":[0,22],"expanded_url":"http://www.ign.com/blogs/jared-ign","display_url":"ign.com/blogs/jared-ign"}]},"description":{"urls":[]}},"followers_count":201,"profile_sidebar_border_color":"FFFFFF","id_str":"24397364","profile_background_color":"022330","listed_count":14,"is_translation_enabled":false,"utc_offset":-28800,"statuses_count":2137,"description":"29, gamer, blogger and communications professional at Defacto Music. Fan of Disney animation, classic gaming, tech, board games, music, movies and pizza.","friends_count":541,"location":"SF Bay Area, California","profile_link_color":"0084B4","profile_image_url":"http://pbs.twimg.com/profile_images/578258920071790592/hPfIX0Ko_normal.jpeg","following":false,"geo_enabled":false,"profile_banner_url":"https://pbs.twimg.com/profile_banners/24397364/1407563717","profile_background_image_url":"http://pbs.twimg.com/profile_background_images/497986261739520001/cXZUsJmD.png","name":"Jared Thomson","lang":"en","profile_background_tile":true,"favourites_count":3824,"screen_name":"JaredThomson","notifications":false,"url":"http://t.co/IbuaPOwc4R","created_at":"Sat Mar 14 17:14:56 +0000 2009","contributors_enabled":false,"time_zone":"Pacific Time (US & Canada)","protected":false,"default_profile":false,"is_translator":false},"geo":null,"in_reply_to_user_id_str":"20512260","lang":"en","created_at":"Mon Dec 15 01:16:05 +0000 2014","in_reply_to_status_id_str":"544293069957259264","place":null},
{"contributors":null,"truncated":false,"text":"@miss_raej @hvhofficial12 I've just seen Mick Dundee enter the building holding what looked to be a big fuck off knife","in_reply_to_status_id":544293069957259264,"id":544314001849864192,"favorite_count":1,"source":"<a href=\"http://twitter.com/download/iphone\" rel=\"nofollow\">Twitter for iPhone</a>","retweeted":false,"coordinates":null,"entities":{"symbols":[],"user_mentions":[{"id":20512260,"indices":[0,10],"id_str":"20512260","screen_name":"miss_raej","name":"Rae Johnston"},{"id":2292039929,"indices":[11,25],"id_str":"2292039929","screen_name":"hvhofficial12","name":"Hannah"}],"hashtags":[],"urls":[]},"in_reply_to_screen_name":"miss_raej","id_str":"544314001849864192","retweet_count":0,"in_reply_to_user_id":20512260,"favorited":false,"user":{"follow_request_sent":false,"profile_use_background_image":true,"profile_text_color":"333333","default_profile_image":false,"id":85391860,"profile_background_image_url_https":"https://abs.twimg.com/images/themes/theme1/bg.png","verified":false,"profile_location":null,"profile_image_url_https":"https://pbs.twimg.com/profile_images/562872040781541376/_ydg97Az_normal.jpeg","profile_sidebar_fill_color":"DDEEF6","entities":{"description":{"urls":[]}},"followers_count":107,"profile_sidebar_border_color":"C0DEED","id_str":"85391860","profile_background_color":"C0DEED","listed_count":0,"is_translation_enabled":false,"utc_offset":3600,"statuses_count":281,"description":"","friends_count":135,"location":"meggies or the jungle ","profile_link_color":"0084B4","profile_image_url":"http://pbs.twimg.com/profile_images/562872040781541376/_ydg97Az_normal.jpeg","following":false,"geo_enabled":false,"profile_background_image_url":"http://abs.twimg.com/images/themes/theme1/bg.png","name":"jim goodwin","lang":"en","profile_background_tile":false,"favourites_count":10,"screen_name":"grimjim99","notifications":false,"url":null,"created_at":"Mon Oct 26 19:25:30 +0000 2009","contributors_enabled":false,"time_zone":"Amsterdam","protected":false,"default_profile":true,"is_translator":false},"geo":null,"in_reply_to_user_id_str":"20512260","lang":"en","created_at":"Mon Dec 15 02:12:25 +0000 2014","in_reply_to_status_id_str":"544293069957259264","place":null},
{"contributors":null,"truncated":false,"text":"RT\"@miss_raej, \"@Kat4Obama, (sorry for the 11-hrs-old RT)","in_reply_to_status_id":544293069957259264,"id":544458679677091841,"favorite_count":1,"source":"<a href=\"http://twitter.com\" rel=\"nofollow\">Twitter Web Client</a>","retweeted":false,"coordinates":null,"entities":{"symbols":[],"user_mentions":[{"id":20512260,"indices":[3,13],"id_str":"20512260","screen_name":"miss_raej","name":"Rae Johnston"},{"id":617619927,"indices":[16,26],"id_str":"617619927","screen_name":"Kat4Obama","name":"Kat 4 Obama"}],"hashtags":[],"urls":[]},"in_reply_to_screen_name":"miss_raej","id_str":"544458679677091841","retweet_count":0,"in_reply_to_user_id":20512260,"favorited":false,"user":{"follow_request_sent":false,"profile_use_background_image":true,"profile_text_color":"333333","default_profile_image":true,"id":1173824917,"profile_background_image_url_https":"https://abs.twimg.com/images/themes/theme1/bg.png","verified":false,"profile_location":null,"profile_image_url_https":"https://abs.twimg.com/sticky/default_profile_images/default_profile_6_normal.png","profile_sidebar_fill_color":"DDEEF6","entities":{"description":{"urls":[]}},"followers_count":428,"profile_sidebar_border_color":"C0DEED","id_str":"1173824917","profile_background_color":"C0DEED","listed_count":23,"is_translation_enabled":false,"utc_offset":-36000,"statuses_count":84790,"description":"","friends_count":31,"location":"","profile_link_color":"0084B4","profile_image_url":"http://abs.twimg.com/sticky/default_profile_images/default_profile_6_normal.png","following":false,"geo_enabled":false,"profile_background_image_url":"http://abs.twimg.com/images/themes/theme1/bg.png","name":"Marie-Josée Palin","lang":"en","profile_background_tile":false,"favourites_count":30311,"screen_name":"mj_palin","notifications":false,"url":null,"created_at":"Wed Feb 13 03:53:24 +0000 2013","contributors_enabled":false,"time_zone":"Hawaii","protected":false,"default_profile":true,"is_translator":false},"geo":null,"in_reply_to_user_id_str":"20512260","lang":"en","created_at":"Mon Dec 15 11:47:19 +0000 2014","in_reply_to_status_id_str":"544293069957259264","place":null}
]