{"contributors":null,"truncated":false,"text":"If you have any lingering doubts that the threat of radical Islam is global as well as lethal ... http:\/\/t.co\/iKxnrd3Xal via @smh","in_reply_to_status_id":null,"id":544283374911627264,"favorite_count":303,"source":"<a href=\"https:\/\/dev.twitter.com\/docs\/tfw\" rel=\"nofollow\">Twitter for Websites<\/a>","retweeted":false,"coordinates":null,"entities":{"user_mentions":[{"id":16675569,"indices":[125,129],"id_str":"16675569","screen_name":"smh","name":"smh.com.au"}],"symbols":[],"trends":[],"hashtags":[],"urls":[{"url":"http:\/\/t.co\/iKxnrd3Xal","indices":[98,120],"expanded_url":"http:\/\/www.smh.com.au\/nsw\/police-clear-martin-place-after-gunman-holds-hostages-at-lindt-chocolat-cafe-20141215-127824.html","display_url":"smh.com.au\/nsw\/police-cle\u2026"}]},"in_reply_to_screen_name":null,"id_str":"544283374911627264","retweet_count":420,"in_reply_to_user_id":null,"favorited":false,"user":{"follow_request_sent":null,"profile_use_background_image":true,"default_profile_image":false,"id":49279876,"verified":false,"profile_image_url_https":"https:\/\/pbs.twimg.com\/profile_images\/3402786138\/888cc89d58785a4ab750d1c03fc1fe39_normal.png","profile_sidebar_fill_color":"C0DFEC","profile_text_color":"333333","followers_count":75684,"profile_sidebar_border_color":"A8C7F7","id_str":"49279876","profile_background_color":"022330","listed_count":2067,"profile_background_image_url_https":"https:\/\/abs.twimg.com\/images\/themes\/theme15\/bg.png","utc_offset":0,"statuses_count":257,"description":"Historian, writer, broadcaster, and Harvard professor. Latest book is The Great Degeneration (Penguin)","friends_count":119,"location":"On the road","profile_link_color":"0084B4","profile_image_url":"http:\/\/pbs.twimg.com\/profile_images\/3402786138\/888cc89d58785a4ab750d1c03fc1fe39_normal.png","following":null,"geo_enabled":false,"profile_background_image_url":"http:\/\/abs.twimg.com\/images\/themes\/theme15\/bg.png","name":"Niall Ferguson","lang":"en","profile_background_tile":false,"favourites_count":4,"screen_name":"nfergus","notifications":null,"url":"http:\/\/niallferguson.com","created_at":"Sun Jun 21 09:41:56 +0000 2009","contributors_enabled":false,"time_zone":"London","protected":false,"default_profile":false,"is_translator":false},"geo":null,"in_reply_to_user_id_str":null,"possibly_sensitive":false,"lang":"en","created_at":"Mon Dec 15 00:10:43 +0000 2014","filter_level":"low","in_reply_to_status_id_str":null,"place":null}