[{"contributors":null,"truncated":false,"text":"@CBCNews  my parents walked past here right before it happened. All streets in area closed down. They are trying to get out area","in_reply_to_status_id":544280077778055168,"id":544280432053723136,"favorite_count":0,"source":"<a href=\"http://www.twitter.com\" rel=\"nofollow\">Twitter for BlackBerry</a>","retweeted":false,"coordinates":null,"entities":{"symbols":[],"user_mentions":[{"id":6433472,"indices":[0,8],"id_str":"6433472","screen_name":"CBCNews","name":"CBC News"}],"hashtags":[],"urls":[]},"in_reply_to_screen_name":"CBCNews","id_str":"544280432053723136","retweet_count":0,"in_reply_to_user_id":6433472,"favorited":false,"user":{"follow_request_sent":false,"profile_use_background_image":true,"profile_text_color":"333333","default_profile_image":false,"id":66796394,"profile_background_image_url_https":"https://abs.twimg.com/images/themes/theme13/bg.gif","verified":false,"profile_location":null,"profile_image_url_https":"https://pbs.twimg.com/profile_images/450565839893196800/HWHXhLBx_normal.jpeg","profile_sidebar_fill_color":"FFFFFF","entities":{"description":{"urls":[]}},"followers_count":143,"profile_sidebar_border_color":"EEEEEE","id_str":"66796394","profile_background_color":"B2DFDA","listed_count":1,"is_translation_enabled":false,"utc_offset":-25200,"statuses_count":2520,"description":"","friends_count":923,"location":"","profile_link_color":"93A644","profile_image_url":"http://pbs.twimg.com/profile_images/450565839893196800/HWHXhLBx_normal.jpeg","following":false,"geo_enabled":false,"profile_background_image_url":"http://abs.twimg.com/images/themes/theme13/bg.gif","name":"RKC","lang":"en","profile_background_tile":false,"favourites_count":1903,"screen_name":"redkittycat","notifications":false,"url":null,"created_at":"Tue Aug 18 20:47:44 +0000 2009","contributors_enabled":false,"time_zone":"Mountain Time (US & Canada)","protected":false,"default_profile":false,"is_translator":false},"geo":null,"in_reply_to_user_id_str":"6433472","lang":"en","created_at":"Sun Dec 14 23:59:01 +0000 2014","in_reply_to_status_id_str":"544280077778055168","place":null},
{"contributors":null,"truncated":false,"text":"@CBCNews @Msenoff226 oh snap","in_reply_to_status_id":544280077778055168,"id":544280465012572160,"favorite_count":1,"source":"<a href=\"http://twitter.com\" rel=\"nofollow\">Twitter Web Client</a>","retweeted":false,"coordinates":null,"entities":{"symbols":[],"user_mentions":[{"id":6433472,"indices":[0,8],"id_str":"6433472","screen_name":"CBCNews","name":"CBC News"},{"id":1526673276,"indices":[9,20],"id_str":"1526673276","screen_name":"Msenoff226","name":"Max"}],"hashtags":[],"urls":[]},"in_reply_to_screen_name":"CBCNews","id_str":"544280465012572160","retweet_count":0,"in_reply_to_user_id":6433472,"favorited":false,"user":{"follow_request_sent":false,"profile_use_background_image":true,"profile_text_color":"333333","default_profile_image":false,"id":530850746,"profile_background_image_url_https":"https://pbs.twimg.com/profile_background_images/378800000091492326/109c71b271892134411f4a75a357cbf7.jpeg","verified":false,"profile_location":null,"profile_image_url_https":"https://pbs.twimg.com/profile_images/579966212249006080/a72sVQP9_normal.jpg","profile_sidebar_fill_color":"EFEFEF","entities":{"description":{"urls":[]}},"followers_count":693,"profile_sidebar_border_color":"000000","id_str":"530850746","profile_background_color":"A1A1A1","listed_count":0,"is_translation_enabled":false,"utc_offset":-10800,"statuses_count":7083,"description":"#FireTrestman | ATL ⛵️ #GrizzNation, #SolidOrange, #HereComeTheHawks","friends_count":494,"location":"Marietta, GA | Pope '17","profile_link_color":"E8810C","profile_image_url":"http://pbs.twimg.com/profile_images/579966212249006080/a72sVQP9_normal.jpg","following":false,"geo_enabled":true,"profile_banner_url":"https://pbs.twimg.com/profile_banners/530850746/1418705613","profile_background_image_url":"http://pbs.twimg.com/profile_background_images/378800000091492326/109c71b271892134411f4a75a357cbf7.jpeg","name":"Matt Hill (21-4)","lang":"en","profile_background_tile":false,"favourites_count":8003,"screen_name":"mattwhill","notifications":false,"url":null,"created_at":"Tue Mar 20 02:39:53 +0000 2012","contributors_enabled":false,"time_zone":"Santiago","protected":false,"default_profile":false,"is_translator":false},"geo":null,"in_reply_to_user_id_str":"6433472","lang":"en","created_at":"Sun Dec 14 23:59:09 +0000 2014","in_reply_to_status_id_str":"544280077778055168","place":null},
{"contributors":null,"truncated":false,"text":"Oh no! “@CBCNews: Hostages being held in Sydney, Australia cafe http://t.co/X7YcX0WOvC http://t.co/lFglqFdd1d”","in_reply_to_status_id":544280077778055168,"id":544280544725721088,"favorite_count":0,"source":"<a href=\"http://twitter.com/download/iphone\" rel=\"nofollow\">Twitter for iPhone</a>","retweeted":false,"coordinates":null,"entities":{"symbols":[],"user_mentions":[{"id":6433472,"indices":[8,16],"id_str":"6433472","screen_name":"CBCNews","name":"CBC News"}],"hashtags":[],"urls":[{"url":"http://t.co/X7YcX0WOvC","indices":[64,86],"expanded_url":"http://ift.tt/1AaeOMX","display_url":"ift.tt/1AaeOMX"}],"media":[{"source_user_id":6433472,"source_status_id_str":"544280077778055168","expanded_url":"http://twitter.com/CBCNews/status/544280077778055168/photo/1","display_url":"pic.twitter.com/lFglqFdd1d","url":"http://t.co/lFglqFdd1d","media_url_https":"https://pbs.twimg.com/media/B42r2NEIQAAuk_U.jpg","source_user_id_str":"6433472","source_status_id":544280077778055168,"id_str":"544280077689962496","sizes":{"small":{"h":191,"resize":"fit","w":340},"large":{"h":259,"resize":"fit","w":460},"medium":{"h":259,"resize":"fit","w":460},"thumb":{"h":150,"resize":"crop","w":150}},"indices":[87,109],"type":"photo","id":544280077689962496,"media_url":"http://pbs.twimg.com/media/B42r2NEIQAAuk_U.jpg"}]},"in_reply_to_screen_name":"CBCNews","id_str":"544280544725721088","retweet_count":0,"in_reply_to_user_id":6433472,"favorited":false,"user":{"follow_request_sent":false,"profile_use_background_image":true,"profile_text_color":"333333","default_profile_image":false,"id":464385804,"profile_background_image_url_https":"https://pbs.twimg.com/profile_background_images/456901501374300160/usVIeS0A.jpeg","verified":false,"profile_location":null,"profile_image_url_https":"https://pbs.twimg.com/profile_images/584760298919206912/Vx2xHRM7_normal.jpg","profile_sidebar_fill_color":"F3F3F3","entities":{"description":{"urls":[]}},"followers_count":188,"profile_sidebar_border_color":"FFFFFF","id_str":"464385804","profile_background_color":"EBEBEB","listed_count":5,"is_translation_enabled":false,"utc_offset":-21600,"statuses_count":4802,"description":"Chef. Childcare provider.Financial Management. Conflict resolution. Chauffeur.This list is not exhaustive. Apparently I'm worth 6 figures, but I work pro bono.","friends_count":311,"location":"Edmonton AB","profile_link_color":"994200","profile_image_url":"http://pbs.twimg.com/profile_images/584760298919206912/Vx2xHRM7_normal.jpg","following":false,"geo_enabled":false,"profile_banner_url":"https://pbs.twimg.com/profile_banners/464385804/1404538083","profile_background_image_url":"http://pbs.twimg.com/profile_background_images/456901501374300160/usVIeS0A.jpeg","name":" Emma","lang":"en","profile_background_tile":true,"favourites_count":2390,"screen_name":"em128_","notifications":false,"url":null,"created_at":"Sun Jan 15 05:14:59 +0000 2012","contributors_enabled":false,"time_zone":"Central Time (US & Canada)","protected":false,"default_profile":false,"is_translator":false},"geo":null,"in_reply_to_user_id_str":"6433472","possibly_sensitive":false,"lang":"en","created_at":"Sun Dec 14 23:59:28 +0000 2014","in_reply_to_status_id_str":"544280077778055168","place":null,"extended_entities":{"media":[{"source_user_id":6433472,"source_status_id_str":"544280077778055168","expanded_url":"http://twitter.com/CBCNews/status/544280077778055168/photo/1","display_url":"pic.twitter.com/lFglqFdd1d","url":"http://t.co/lFglqFdd1d","media_url_https":"https://pbs.twimg.com/media/B42r2NEIQAAuk_U.jpg","source_user_id_str":"6433472","source_status_id":544280077778055168,"id_str":"544280077689962496","sizes":{"small":{"h":191,"resize":"fit","w":340},"large":{"h":259,"resize":"fit","w":460},"medium":{"h":259,"resize":"fit","w":460},"thumb":{"h":150,"resize":"crop","w":150}},"indices":[87,109],"type":"photo","id":544280077689962496,"media_url":"http://pbs.twimg.com/media/B42r2NEIQAAuk_U.jpg"}]}},
{"contributors":null,"truncated":false,"text":"@CBCNews Thats's so messed up, especially having customers pressed up against the windows with their hands up","in_reply_to_status_id":544280077778055168,"id":544280975954309120,"favorite_count":0,"source":"<a href=\"http://twitter.com\" rel=\"nofollow\">Twitter Web Client</a>","retweeted":false,"coordinates":null,"entities":{"symbols":[],"user_mentions":[{"id":6433472,"indices":[0,8],"id_str":"6433472","screen_name":"CBCNews","name":"CBC News"}],"hashtags":[],"urls":[]},"in_reply_to_screen_name":"CBCNews","id_str":"544280975954309120","retweet_count":0,"in_reply_to_user_id":6433472,"favorited":false,"user":{"follow_request_sent":false,"profile_use_background_image":true,"profile_text_color":"333333","default_profile_image":false,"id":62391759,"profile_background_image_url_https":"https://pbs.twimg.com/profile_background_images/378800000153761428/K-3258W2.jpeg","verified":false,"profile_location":null,"profile_image_url_https":"https://pbs.twimg.com/profile_images/564462193559609344/Qfg3GFlI_normal.jpeg","profile_sidebar_fill_color":"C0DFEC","entities":{"url":{"urls":[{"url":"http://t.co/ecKJkffzq5","indices":[0,22],"expanded_url":"http://facebook.com/BeauTran","display_url":"facebook.com/BeauTran"}]},"description":{"urls":[]}},"followers_count":250,"profile_sidebar_border_color":"000000","id_str":"62391759","profile_background_color":"709397","listed_count":8,"is_translation_enabled":false,"utc_offset":-18000,"statuses_count":6559,"description":"Keep on keeping on","friends_count":372,"location":"Melbourne, Australia","profile_link_color":"FF3300","profile_image_url":"http://pbs.twimg.com/profile_images/564462193559609344/Qfg3GFlI_normal.jpeg","following":false,"geo_enabled":true,"profile_banner_url":"https://pbs.twimg.com/profile_banners/62391759/1408087823","profile_background_image_url":"http://pbs.twimg.com/profile_background_images/378800000153761428/K-3258W2.jpeg","name":"Beau Tran","lang":"en","profile_background_tile":true,"favourites_count":797,"screen_name":"beautran","notifications":false,"url":"http://t.co/ecKJkffzq5","created_at":"Mon Aug 03 00:41:31 +0000 2009","contributors_enabled":false,"time_zone":"Eastern Time (US & Canada)","protected":false,"default_profile":false,"is_translator":false},"geo":null,"in_reply_to_user_id_str":"6433472","lang":"en","created_at":"Mon Dec 15 00:01:11 +0000 2014","in_reply_to_status_id_str":"544280077778055168","place":{"full_name":"Melbourne, Victoria","url":"https://api.twitter.com/1.1/geo/id/01864a8a64df9dc4.json","country":"Australia","place_type":"city","bounding_box":{"type":"Polygon","coordinates":[[[144.593741856,-38.433859306],[145.512528832,-38.433859306],[145.512528832,-37.5112737225],[144.593741856,-37.5112737225]]]},"contained_within":[],"country_code":"AU","attributes":{},"id":"01864a8a64df9dc4","name":"Melbourne"}},
{"contributors":null,"truncated":false,"text":"@CBCNews ISIS is one of the group use by Satan to distrupt the world.","in_reply_to_status_id":544280077778055168,"id":544282539448229888,"favorite_count":0,"source":"<a href=\"http://twitter.com\" rel=\"nofollow\">Twitter Web Client</a>","retweeted":false,"coordinates":null,"entities":{"symbols":[],"user_mentions":[{"id":6433472,"indices":[0,8],"id_str":"6433472","screen_name":"CBCNews","name":"CBC News"}],"hashtags":[],"urls":[]},"in_reply_to_screen_name":"CBCNews","id_str":"544282539448229888","retweet_count":0,"in_reply_to_user_id":6433472,"favorited":false,"user":{"follow_request_sent":false,"profile_use_background_image":true,"profile_text_color":"333333","default_profile_image":false,"id":45458699,"profile_background_image_url_https":"https://abs.twimg.com/images/themes/theme1/bg.png","verified":false,"profile_location":null,"profile_image_url_https":"https://pbs.twimg.com/profile_images/490825212024197120/tT4CrDLM_normal.jpeg","profile_sidebar_fill_color":"DDEEF6","entities":{"description":{"urls":[]}},"followers_count":158,"profile_sidebar_border_color":"C0DEED","id_str":"45458699","profile_background_color":"C0DEED","listed_count":7,"is_translation_enabled":false,"utc_offset":-14400,"statuses_count":9151,"description":"Retiré,Camionneur longue distance13ans,Forces Canadienne 26 années.HighwayTrucker 13 years,retired. CDN Armed Forces 26year,Pro-Life, Pro-vie.","friends_count":575,"location":"New Brunswick, Canada","profile_link_color":"0084B4","profile_image_url":"http://pbs.twimg.com/profile_images/490825212024197120/tT4CrDLM_normal.jpeg","following":false,"geo_enabled":true,"profile_banner_url":"https://pbs.twimg.com/profile_banners/45458699/1399832672","profile_background_image_url":"http://abs.twimg.com/images/themes/theme1/bg.png","name":"ws  J.Armand Paulin","lang":"fr","profile_background_tile":false,"favourites_count":3,"screen_name":"japaulin","notifications":false,"url":null,"created_at":"Mon Jun 08 00:21:05 +0000 2009","contributors_enabled":false,"time_zone":"Atlantic Time (Canada)","protected":false,"default_profile":true,"is_translator":false},"geo":null,"in_reply_to_user_id_str":"6433472","lang":"en","created_at":"Mon Dec 15 00:07:24 +0000 2014","in_reply_to_status_id_str":"544280077778055168","place":null},
{"contributors":null,"truncated":false,"text":"@CBCNews http://t.co/LLA4SNBHSf\nlive tv from Sydney","in_reply_to_status_id":544280077778055168,"id":544284746172604416,"favorite_count":0,"source":"<a href=\"http://twitter.com\" rel=\"nofollow\">Twitter Web Client</a>","retweeted":false,"coordinates":null,"entities":{"symbols":[],"user_mentions":[{"id":6433472,"indices":[0,8],"id_str":"6433472","screen_name":"CBCNews","name":"CBC News"}],"hashtags":[],"urls":[{"url":"http://t.co/LLA4SNBHSf","indices":[9,31],"expanded_url":"http://www.abc.net.au/news/abcnews24/","display_url":"abc.net.au/news/abcnews24/"}]},"in_reply_to_screen_name":"CBCNews","id_str":"544284746172604416","retweet_count":0,"in_reply_to_user_id":6433472,"favorited":false,"user":{"follow_request_sent":false,"profile_use_background_image":true,"profile_text_color":"333333","default_profile_image":false,"id":16751857,"profile_background_image_url_https":"https://pbs.twimg.com/profile_background_images/441388405973217281/LCCtUsxb.jpeg","verified":false,"profile_location":null,"profile_image_url_https":"https://pbs.twimg.com/profile_images/556962090397626368/Ohen3cPb_normal.jpeg","profile_sidebar_fill_color":"DDEEF6","entities":{"description":{"urls":[]}},"followers_count":138,"profile_sidebar_border_color":"FFFFFF","id_str":"16751857","profile_background_color":"C0DEED","listed_count":4,"is_translation_enabled":false,"utc_offset":-18000,"statuses_count":2653,"description":"an avid Ottawa Senators hockey and Green Bay Packers fan; a political junkie at heart; a student of everything and seeking world peace,","friends_count":749,"location":"Ottawa, ON","profile_link_color":"DD2E44","profile_image_url":"http://pbs.twimg.com/profile_images/556962090397626368/Ohen3cPb_normal.jpeg","following":false,"geo_enabled":false,"profile_banner_url":"https://pbs.twimg.com/profile_banners/16751857/1394061354","profile_background_image_url":"http://pbs.twimg.com/profile_background_images/441388405973217281/LCCtUsxb.jpeg","name":"Conrad S","lang":"en","profile_background_tile":true,"favourites_count":1065,"screen_name":"Ronchie53","notifications":false,"url":null,"created_at":"Wed Oct 15 01:30:55 +0000 2008","contributors_enabled":false,"time_zone":"Eastern Time (US & Canada)","protected":false,"default_profile":false,"is_translator":false},"geo":null,"in_reply_to_user_id_str":"6433472","possibly_sensitive":false,"lang":"en","created_at":"Mon Dec 15 00:16:10 +0000 2014","in_reply_to_status_id_str":"544280077778055168","place":null},
{"contributors":null,"truncated":false,"text":"@CBCNews I hate when ISIS interrupts the lefts narrative","in_reply_to_status_id":544280077778055168,"id":544286056506748930,"favorite_count":0,"source":"<a href=\"http://twitter.com/#!/download/ipad\" rel=\"nofollow\">Twitter for iPad</a>","retweeted":false,"coordinates":null,"entities":{"symbols":[],"user_mentions":[{"id":6433472,"indices":[0,8],"id_str":"6433472","screen_name":"CBCNews","name":"CBC News"}],"hashtags":[],"urls":[]},"in_reply_to_screen_name":"CBCNews","id_str":"544286056506748930","retweet_count":0,"in_reply_to_user_id":6433472,"favorited":false,"user":{"follow_request_sent":false,"profile_use_background_image":true,"profile_text_color":"666666","default_profile_image":false,"id":17325647,"profile_background_image_url_https":"https://abs.twimg.com/images/themes/theme9/bg.gif","verified":false,"profile_location":null,"profile_image_url_https":"https://pbs.twimg.com/profile_images/519940059995181056/5tZ1JgqX_normal.jpeg","profile_sidebar_fill_color":"252429","entities":{"description":{"urls":[]}},"followers_count":460,"profile_sidebar_border_color":"181A1E","id_str":"17325647","profile_background_color":"1A1B1F","listed_count":13,"is_translation_enabled":false,"utc_offset":-18000,"statuses_count":10685,"description":"","friends_count":1130,"location":"Planet Neptune","profile_link_color":"2FC2EF","profile_image_url":"http://pbs.twimg.com/profile_images/519940059995181056/5tZ1JgqX_normal.jpeg","following":false,"geo_enabled":false,"profile_background_image_url":"http://abs.twimg.com/images/themes/theme9/bg.gif","name":"Scatmaster #2116 ","lang":"en","profile_background_tile":false,"favourites_count":8181,"screen_name":"Scatmaster","notifications":false,"url":null,"created_at":"Tue Nov 11 23:45:13 +0000 2008","contributors_enabled":false,"time_zone":"Eastern Time (US & Canada)","protected":false,"default_profile":false,"is_translator":false},"geo":null,"in_reply_to_user_id_str":"6433472","lang":"en","created_at":"Mon Dec 15 00:21:22 +0000 2014","in_reply_to_status_id_str":"544280077778055168","place":null},
{"contributors":null,"truncated":false,"text":"@em128_ @CBCNews sick dirty phucking muslims trying to install fear us, we want them to join us in the practice of evolving,, burn the koran","in_reply_to_status_id":544280544725721088,"id":544286979907526656,"favorite_count":1,"source":"<a href=\"http://twitter.com\" rel=\"nofollow\">Twitter Web Client</a>","retweeted":false,"coordinates":null,"entities":{"symbols":[],"user_mentions":[{"id":464385804,"indices":[0,7],"id_str":"464385804","screen_name":"em128_","name":" Emma"},{"id":6433472,"indices":[8,16],"id_str":"6433472","screen_name":"CBCNews","name":"CBC News"}],"hashtags":[],"urls":[]},"in_reply_to_screen_name":"em128_","id_str":"544286979907526656","retweet_count":0,"in_reply_to_user_id":464385804,"favorited":false,"user":{"follow_request_sent":false,"profile_use_background_image":false,"profile_text_color":"000000","default_profile_image":false,"id":2903783646,"profile_background_image_url_https":"https://abs.twimg.com/images/themes/theme1/bg.png","verified":false,"profile_location":null,"profile_image_url_https":"https://pbs.twimg.com/profile_images/539257748395786240/h3ulv2QV_normal.jpeg","profile_sidebar_fill_color":"000000","entities":{"description":{"urls":[]}},"followers_count":13,"profile_sidebar_border_color":"000000","id_str":"2903783646","profile_background_color":"000000","listed_count":0,"is_translation_enabled":false,"utc_offset":null,"statuses_count":73,"description":"","friends_count":169,"location":"","profile_link_color":"94D487","profile_image_url":"http://pbs.twimg.com/profile_images/539257748395786240/h3ulv2QV_normal.jpeg","following":false,"geo_enabled":false,"profile_banner_url":"https://pbs.twimg.com/profile_banners/2903783646/1417404147","profile_background_image_url":"http://abs.twimg.com/images/themes/theme1/bg.png","name":"David Wilson","lang":"en","profile_background_tile":false,"favourites_count":29,"screen_name":"DavidwilsonDave","notifications":false,"url":null,"created_at":"Tue Nov 18 16:49:18 +0000 2014","contributors_enabled":false,"time_zone":null,"protected":false,"default_profile":false,"is_translator":false},"geo":null,"in_reply_to_user_id_str":"464385804","lang":"en","created_at":"Mon Dec 15 00:25:03 +0000 2014","in_reply_to_status_id_str":"544280544725721088","place":null},
{"contributors":null,"truncated":false,"text":"@DavidwilsonDave @em128_ @CBCNews Regardless who they are, it's just sick. Burning a Koran doesn't make us any better. It fuels the hate.","in_reply_to_status_id":544286979907526656,"id":544289839869612034,"favorite_count":1,"source":"<a href=\"http://twitter.com/download/android\" rel=\"nofollow\">Twitter for Android</a>","retweeted":false,"coordinates":null,"entities":{"symbols":[],"user_mentions":[{"id":2903783646,"indices":[0,16],"id_str":"2903783646","screen_name":"DavidwilsonDave","name":"David Wilson"},{"id":464385804,"indices":[17,24],"id_str":"464385804","screen_name":"em128_","name":" Emma"},{"id":6433472,"indices":[25,33],"id_str":"6433472","screen_name":"CBCNews","name":"CBC News"}],"hashtags":[],"urls":[]},"in_reply_to_screen_name":"DavidwilsonDave","id_str":"544289839869612034","retweet_count":0,"in_reply_to_user_id":2903783646,"favorited":false,"user":{"follow_request_sent":false,"profile_use_background_image":true,"profile_text_color":"333333","default_profile_image":false,"id":764420420,"profile_background_image_url_https":"https://abs.twimg.com/images/themes/theme1/bg.png","verified":false,"profile_location":null,"profile_image_url_https":"https://pbs.twimg.com/profile_images/577671297121042432/3xgLbTIC_normal.jpeg","profile_sidebar_fill_color":"DDEEF6","entities":{"description":{"urls":[]}},"followers_count":42,"profile_sidebar_border_color":"C0DEED","id_str":"764420420","profile_background_color":"C0DEED","listed_count":0,"is_translation_enabled":false,"utc_offset":null,"statuses_count":101,"description":"","friends_count":107,"location":"Vancouver, Toronto, Montreal,","profile_link_color":"0084B4","profile_image_url":"http://pbs.twimg.com/profile_images/577671297121042432/3xgLbTIC_normal.jpeg","following":false,"geo_enabled":false,"profile_background_image_url":"http://abs.twimg.com/images/themes/theme1/bg.png","name":"Roc","lang":"en","profile_background_tile":false,"favourites_count":288,"screen_name":"PWayne6","notifications":false,"url":null,"created_at":"Fri Aug 17 20:48:10 +0000 2012","contributors_enabled":false,"time_zone":null,"protected":false,"default_profile":true,"is_translator":false},"geo":null,"in_reply_to_user_id_str":"2903783646","lang":"en","created_at":"Mon Dec 15 00:36:24 +0000 2014","in_reply_to_status_id_str":"544286979907526656","place":null},
{"contributors":null,"truncated":false,"text":"@PWayne6 @em128_ @CBCNews  that's where these monkies get their sick death cult idealogy, their hate for you has already been established","in_reply_to_status_id":544289839869612034,"id":544291178833649665,"favorite_count":1,"source":"<a href=\"http://twitter.com\" rel=\"nofollow\">Twitter Web Client</a>","retweeted":false,"coordinates":null,"entities":{"symbols":[],"user_mentions":[{"id":764420420,"indices":[0,8],"id_str":"764420420","screen_name":"PWayne6","name":"Roc"},{"id":464385804,"indices":[9,16],"id_str":"464385804","screen_name":"em128_","name":" Emma"},{"id":6433472,"indices":[17,25],"id_str":"6433472","screen_name":"CBCNews","name":"CBC News"}],"hashtags":[],"urls":[]},"in_reply_to_screen_name":"PWayne6","id_str":"544291178833649665","retweet_count":0,"in_reply_to_user_id":764420420,"favorited":false,"user":{"follow_request_sent":false,"profile_use_background_image":false,"profile_text_color":"000000","default_profile_image":false,"id":2903783646,"profile_background_image_url_https":"https://abs.twimg.com/images/themes/theme1/bg.png","verified":false,"profile_location":null,"profile_image_url_https":"https://pbs.twimg.com/profile_images/539257748395786240/h3ulv2QV_normal.jpeg","profile_sidebar_fill_color":"000000","entities":{"description":{"urls":[]}},"followers_count":13,"profile_sidebar_border_color":"000000","id_str":"2903783646","profile_background_color":"000000","listed_count":0,"is_translation_enabled":false,"utc_offset":null,"statuses_count":73,"description":"","friends_count":169,"location":"","profile_link_color":"94D487","profile_image_url":"http://pbs.twimg.com/profile_images/539257748395786240/h3ulv2QV_normal.jpeg","following":false,"geo_enabled":false,"profile_banner_url":"https://pbs.twimg.com/profile_banners/2903783646/1417404147","profile_background_image_url":"http://abs.twimg.com/images/themes/theme1/bg.png","name":"David Wilson","lang":"en","profile_background_tile":false,"favourites_count":29,"screen_name":"DavidwilsonDave","notifications":false,"url":null,"created_at":"Tue Nov 18 16:49:18 +0000 2014","contributors_enabled":false,"time_zone":null,"protected":false,"default_profile":false,"is_translator":false},"geo":null,"in_reply_to_user_id_str":"764420420","lang":"en","created_at":"Mon Dec 15 00:41:44 +0000 2014","in_reply_to_status_id_str":"544289839869612034","place":null},
{"contributors":null,"truncated":false,"text":"@CBCNews media shouldn't provide airtime via live coverage &amp; discourage these unacceptable acts that would help secure innocent ppl's safety","in_reply_to_status_id":544280077778055168,"id":544291206432571392,"favorite_count":0,"source":"<a href=\"http://twitter.com\" rel=\"nofollow\">Twitter Web Client</a>","retweeted":false,"coordinates":null,"entities":{"symbols":[],"user_mentions":[{"id":6433472,"indices":[0,8],"id_str":"6433472","screen_name":"CBCNews","name":"CBC News"}],"hashtags":[],"urls":[]},"in_reply_to_screen_name":"CBCNews","id_str":"544291206432571392","retweet_count":0,"in_reply_to_user_id":6433472,"favorited":false,"user":{"follow_request_sent":false,"profile_use_background_image":false,"profile_text_color":"333333","default_profile_image":false,"id":29568154,"profile_background_image_url_https":"https://abs.twimg.com/images/themes/theme8/bg.gif","verified":false,"profile_location":null,"profile_image_url_https":"https://pbs.twimg.com/profile_images/462618596628107266/Q9e0QsdR_normal.jpeg","profile_sidebar_fill_color":"DDEEF6","entities":{"description":{"urls":[]}},"followers_count":38,"profile_sidebar_border_color":"FFFFFF","id_str":"29568154","profile_background_color":"3B94D9","listed_count":0,"is_translation_enabled":false,"utc_offset":-18000,"statuses_count":111,"description":"V.Chair, @APEGA_AB Edmonton Branch | Sustainable Transport Infrastructure Engineer | Smart City & Mobility Solution | Active Community Leader | EIT & IEG Mentor","friends_count":61,"location":"Canada","profile_link_color":"3B94D9","profile_image_url":"http://pbs.twimg.com/profile_images/462618596628107266/Q9e0QsdR_normal.jpeg","following":false,"geo_enabled":false,"profile_banner_url":"https://pbs.twimg.com/profile_banners/29568154/1415392753","profile_background_image_url":"http://abs.twimg.com/images/themes/theme8/bg.gif","name":"Sadiq Pirani, P.Eng.","lang":"en","profile_background_tile":false,"favourites_count":19,"screen_name":"Pirani110","notifications":false,"url":null,"created_at":"Tue Apr 07 22:47:11 +0000 2009","contributors_enabled":false,"time_zone":"Eastern Time (US & Canada)","protected":false,"default_profile":false,"is_translator":false},"geo":null,"in_reply_to_user_id_str":"6433472","lang":"en","created_at":"Mon Dec 15 00:41:50 +0000 2014","in_reply_to_status_id_str":"544280077778055168","place":null},
{"contributors":null,"truncated":false,"text":"@CBCNews oh no :( i hope this doesnt end in tragedy... wont be able to sleep tonight","in_reply_to_status_id":544280077778055168,"id":544292269667663872,"favorite_count":0,"source":"<a href=\"https://twitter.com/download/android\" rel=\"nofollow\">Twitter for Android Tablets</a>","retweeted":false,"coordinates":null,"entities":{"symbols":[],"user_mentions":[{"id":6433472,"indices":[0,8],"id_str":"6433472","screen_name":"CBCNews","name":"CBC News"}],"hashtags":[],"urls":[]},"in_reply_to_screen_name":"CBCNews","id_str":"544292269667663872","retweet_count":0,"in_reply_to_user_id":6433472,"favorited":false,"user":{"follow_request_sent":false,"profile_use_background_image":true,"profile_text_color":"362720","default_profile_image":false,"id":813682537,"profile_background_image_url_https":"https://abs.twimg.com/images/themes/theme11/bg.gif","verified":false,"profile_location":null,"profile_image_url_https":"https://pbs.twimg.com/profile_images/485597689870950400/Jx_WrTHw_normal.jpeg","profile_sidebar_fill_color":"E5507E","entities":{"description":{"urls":[]}},"followers_count":81,"profile_sidebar_border_color":"CC3366","id_str":"813682537","profile_background_color":"FF6699","listed_count":1,"is_translation_enabled":false,"utc_offset":null,"statuses_count":647,"description":"hi","friends_count":216,"location":"","profile_link_color":"B40B43","profile_image_url":"http://pbs.twimg.com/profile_images/485597689870950400/Jx_WrTHw_normal.jpeg","following":false,"geo_enabled":false,"profile_banner_url":"https://pbs.twimg.com/profile_banners/813682537/1397705260","profile_background_image_url":"http://abs.twimg.com/images/themes/theme11/bg.gif","name":"Ilgar","lang":"en","profile_background_tile":true,"favourites_count":460,"screen_name":"rshappy89","notifications":false,"url":null,"created_at":"Sun Sep 09 18:50:52 +0000 2012","contributors_enabled":false,"time_zone":null,"protected":false,"default_profile":false,"is_translator":false},"geo":null,"in_reply_to_user_id_str":"6433472","lang":"en","created_at":"Mon Dec 15 00:46:04 +0000 2014","in_reply_to_status_id_str":"544280077778055168","place":null},
{"contributors":null,"truncated":false,"text":"Latest from @CBCNews: Hostages being held in Sydney, Australia cafe. http://t.co/pKNFO9RUVm http://t.co/Q79ph79Uuc","in_reply_to_status_id":544280077778055168,"id":544296307406675968,"favorite_count":1,"source":"<a href=\"http://twitter.com/download/iphone\" rel=\"nofollow\">Twitter for iPhone</a>","retweeted":false,"coordinates":null,"entities":{"symbols":[],"user_mentions":[{"id":6433472,"indices":[12,20],"id_str":"6433472","screen_name":"CBCNews","name":"CBC News"}],"hashtags":[],"urls":[{"url":"http://t.co/pKNFO9RUVm","indices":[69,91],"expanded_url":"http://ift.tt/1AaeOMX","display_url":"ift.tt/1AaeOMX"}],"media":[{"source_user_id":6433472,"source_status_id_str":"544280077778055168","expanded_url":"http://twitter.com/CBCNews/status/544280077778055168/photo/1","display_url":"pic.twitter.com/Q79ph79Uuc","url":"http://t.co/Q79ph79Uuc","media_url_https":"https://pbs.twimg.com/media/B42r2NEIQAAuk_U.jpg","source_user_id_str":"6433472","source_status_id":544280077778055168,"id_str":"544280077689962496","sizes":{"small":{"h":191,"resize":"fit","w":340},"large":{"h":259,"resize":"fit","w":460},"medium":{"h":259,"resize":"fit","w":460},"thumb":{"h":150,"resize":"crop","w":150}},"indices":[92,114],"type":"photo","id":544280077689962496,"media_url":"http://pbs.twimg.com/media/B42r2NEIQAAuk_U.jpg"}]},"in_reply_to_screen_name":"CBCNews","id_str":"544296307406675968","retweet_count":12,"in_reply_to_user_id":6433472,"favorited":false,"user":{"follow_request_sent":false,"profile_use_background_image":true,"profile_text_color":"333333","default_profile_image":false,"id":16660572,"profile_background_image_url_https":"https://abs.twimg.com/images/themes/theme15/bg.png","verified":false,"profile_location":null,"profile_image_url_https":"https://pbs.twimg.com/profile_images/2781263292/47cb637417911b79342c06762e79b78b_normal.png","profile_sidebar_fill_color":"C0DFEC","entities":{"url":{"urls":[{"url":"http://t.co/WAWbikGLvm","indices":[0,22],"expanded_url":"http://cbc.ca/toronto","display_url":"cbc.ca/toronto"}]},"description":{"urls":[]}},"followers_count":399,"profile_sidebar_border_color":"A8C7F7","id_str":"16660572","profile_background_color":"022330","listed_count":14,"is_translation_enabled":false,"utc_offset":-18000,"statuses_count":576,"description":"Executive Producer, CBC News Toronto: Digital, Radio & TV.  Views and tweets are my own.","friends_count":478,"location":"Toronto","profile_link_color":"0084B4","profile_image_url":"http://pbs.twimg.com/profile_images/2781263292/47cb637417911b79342c06762e79b78b_normal.png","following":false,"geo_enabled":false,"profile_banner_url":"https://pbs.twimg.com/profile_banners/16660572/1405349307","profile_background_image_url":"http://abs.twimg.com/images/themes/theme15/bg.png","name":"Alan Habbick","lang":"en","profile_background_tile":false,"favourites_count":65,"screen_name":"alanhabbickcbc","notifications":false,"url":"http://t.co/WAWbikGLvm","created_at":"Thu Oct 09 02:14:17 +0000 2008","contributors_enabled":false,"time_zone":"Quito","protected":false,"default_profile":false,"is_translator":false},"geo":null,"in_reply_to_user_id_str":"6433472","possibly_sensitive":false,"lang":"en","created_at":"Mon Dec 15 01:02:06 +0000 2014","in_reply_to_status_id_str":"544280077778055168","place":null,"extended_entities":{"media":[{"source_user_id":6433472,"source_status_id_str":"544280077778055168","expanded_url":"http://twitter.com/CBCNews/status/544280077778055168/photo/1","display_url":"pic.twitter.com/Q79ph79Uuc","url":"http://t.co/Q79ph79Uuc","media_url_https":"https://pbs.twimg.com/media/B42r2NEIQAAuk_U.jpg","source_user_id_str":"6433472","source_status_id":544280077778055168,"id_str":"544280077689962496","sizes":{"small":{"h":191,"resize":"fit","w":340},"large":{"h":259,"resize":"fit","w":460},"medium":{"h":259,"resize":"fit","w":460},"thumb":{"h":150,"resize":"crop","w":150}},"indices":[92,114],"type":"photo","id":544280077689962496,"media_url":"http://pbs.twimg.com/media/B42r2NEIQAAuk_U.jpg"}]}},
{"contributors":null,"truncated":false,"text":"@CBCNews Christians don't know how to run a country. They put the whole population in the sights of their many, many enemies!","in_reply_to_status_id":544280077778055168,"id":544301504669024257,"favorite_count":0,"source":"<a href=\"http://twitter.com/#!/download/ipad\" rel=\"nofollow\">Twitter for iPad</a>","retweeted":false,"coordinates":null,"entities":{"symbols":[],"user_mentions":[{"id":6433472,"indices":[0,8],"id_str":"6433472","screen_name":"CBCNews","name":"CBC News"}],"hashtags":[],"urls":[]},"in_reply_to_screen_name":"CBCNews","id_str":"544301504669024257","retweet_count":0,"in_reply_to_user_id":6433472,"favorited":false,"user":{"follow_request_sent":false,"profile_use_background_image":true,"profile_text_color":"333333","default_profile_image":false,"id":2260621981,"profile_background_image_url_https":"https://abs.twimg.com/images/themes/theme1/bg.png","verified":false,"profile_location":null,"profile_image_url_https":"https://pbs.twimg.com/profile_images/446703841249992704/fFE8MAN1_normal.jpeg","profile_sidebar_fill_color":"DDEEF6","entities":{"url":{"urls":[{"url":"http://t.co/QXzlQYksw8","indices":[0,22],"expanded_url":"http://www.someplacewarmandwet.com","display_url":"someplacewarmandwet.com"}]},"description":{"urls":[]}},"followers_count":29,"profile_sidebar_border_color":"C0DEED","id_str":"2260621981","profile_background_color":"C0DEED","listed_count":1,"is_translation_enabled":false,"utc_offset":null,"statuses_count":988,"description":"As tight as a mouses ear hole.","friends_count":20,"location":"Texass, USSA","profile_link_color":"0084B4","profile_image_url":"http://pbs.twimg.com/profile_images/446703841249992704/fFE8MAN1_normal.jpeg","following":false,"geo_enabled":false,"profile_banner_url":"https://pbs.twimg.com/profile_banners/2260621981/1415735843","profile_background_image_url":"http://abs.twimg.com/images/themes/theme1/bg.png","name":"()","lang":"en","profile_background_tile":false,"favourites_count":0,"screen_name":"SmotheringTwat","notifications":false,"url":"http://t.co/QXzlQYksw8","created_at":"Tue Dec 24 19:10:01 +0000 2013","contributors_enabled":false,"time_zone":null,"protected":false,"default_profile":true,"is_translator":false},"geo":null,"in_reply_to_user_id_str":"6433472","lang":"en","created_at":"Mon Dec 15 01:22:46 +0000 2014","in_reply_to_status_id_str":"544280077778055168","place":null},
{"contributors":null,"truncated":false,"text":"Sydney, we in Ottawa are thinking of you. MT @alanhabbickcbc: Hostages being held in Sydney, Australia cafe. http://t.co/5sWgX0hPwk","in_reply_to_status_id":544296307406675968,"id":544301592384909312,"favorite_count":0,"source":"<a href=\"http://twitter.com/#!/download/ipad\" rel=\"nofollow\">Twitter for iPad</a>","retweeted":false,"coordinates":null,"entities":{"symbols":[],"user_mentions":[{"id":16660572,"indices":[45,60],"id_str":"16660572","screen_name":"alanhabbickcbc","name":"Alan Habbick"}],"hashtags":[],"urls":[{"url":"http://t.co/5sWgX0hPwk","indices":[109,131],"expanded_url":"http://ift.tt/1AaeOMX","display_url":"ift.tt/1AaeOMX"}]},"in_reply_to_screen_name":"alanhabbickcbc","id_str":"544301592384909312","retweet_count":0,"in_reply_to_user_id":16660572,"favorited":false,"user":{"follow_request_sent":false,"profile_use_background_image":true,"profile_text_color":"666666","default_profile_image":false,"id":110037176,"profile_background_image_url_https":"https://abs.twimg.com/images/themes/theme9/bg.gif","verified":false,"profile_location":null,"profile_image_url_https":"https://pbs.twimg.com/profile_images/2519510532/mxz8ojuku2sert7p55lj_normal.jpeg","profile_sidebar_fill_color":"252429","entities":{"description":{"urls":[]}},"followers_count":183,"profile_sidebar_border_color":"181A1E","id_str":"110037176","profile_background_color":"9C082D","listed_count":5,"is_translation_enabled":false,"utc_offset":-18000,"statuses_count":1761,"description":"Professionnel des comms, mari et père. Ceci est mon compte personnel. Comms professional, husband, father. Personal account, opinions my own.","friends_count":198,"location":"Ottawa, Canada","profile_link_color":"2FC2EF","profile_image_url":"http://pbs.twimg.com/profile_images/2519510532/mxz8ojuku2sert7p55lj_normal.jpeg","following":false,"geo_enabled":false,"profile_background_image_url":"http://abs.twimg.com/images/themes/theme9/bg.gif","name":"Serge Quinty","lang":"fr","profile_background_tile":false,"favourites_count":28,"screen_name":"SergeQuinty","notifications":false,"url":null,"created_at":"Sun Jan 31 03:51:37 +0000 2010","contributors_enabled":false,"time_zone":"Quito","protected":false,"default_profile":false,"is_translator":false},"geo":null,"in_reply_to_user_id_str":"16660572","possibly_sensitive":false,"lang":"en","created_at":"Mon Dec 15 01:23:06 +0000 2014","in_reply_to_status_id_str":"544296307406675968","place":null},
{"contributors":null,"truncated":false,"text":"@CBCNews @BDUTT @sardesairajdeep  @cnni @BloombergNews Only @ndtv could break the news for the religion of the flag other failed to do that.","in_reply_to_status_id":544280077778055168,"id":544308801751769088,"favorite_count":0,"source":"<a href=\"http://twitter.com/download/android\" rel=\"nofollow\">Twitter for Android</a>","retweeted":false,"coordinates":{"type":"Point","coordinates":[-79.6827734,43.4455836]},"entities":{"symbols":[],"user_mentions":[{"id":6433472,"indices":[0,8],"id_str":"6433472","screen_name":"CBCNews","name":"CBC News"},{"id":19929890,"indices":[9,15],"id_str":"19929890","screen_name":"BDUTT","name":"barkha dutt"},{"id":56304605,"indices":[16,32],"id_str":"56304605","screen_name":"sardesairajdeep","name":"Rajdeep Sardesai"},{"id":2097571,"indices":[34,39],"id_str":"2097571","screen_name":"cnni","name":"CNN International"},{"id":2922379876,"indices":[40,54],"id_str":"2922379876","screen_name":"bloombergnews","name":"News"},{"id":37034483,"indices":[60,65],"id_str":"37034483","screen_name":"ndtv","name":"NDTV"}],"hashtags":[],"urls":[]},"in_reply_to_screen_name":"CBCNews","id_str":"544308801751769088","retweet_count":0,"in_reply_to_user_id":6433472,"favorited":false,"user":{"follow_request_sent":false,"profile_use_background_image":true,"profile_text_color":"333333","default_profile_image":false,"id":31618419,"profile_background_image_url_https":"https://abs.twimg.com/images/themes/theme1/bg.png","verified":false,"profile_location":null,"profile_image_url_https":"https://pbs.twimg.com/profile_images/378800000496256490/e673de0f3fbdeaab408d46f512923b9a_normal.jpeg","profile_sidebar_fill_color":"DDEEF6","entities":{"description":{"urls":[]}},"followers_count":122,"profile_sidebar_border_color":"C0DEED","id_str":"31618419","profile_background_color":"C0DEED","listed_count":1,"is_translation_enabled":false,"utc_offset":-14400,"statuses_count":2374,"description":"","friends_count":1215,"location":"","profile_link_color":"0084B4","profile_image_url":"http://pbs.twimg.com/profile_images/378800000496256490/e673de0f3fbdeaab408d46f512923b9a_normal.jpeg","following":false,"geo_enabled":true,"profile_background_image_url":"http://abs.twimg.com/images/themes/theme1/bg.png","name":"Sajid Anjum","lang":"en","profile_background_tile":false,"favourites_count":1084,"screen_name":"SajidCKP","notifications":false,"url":null,"created_at":"Thu Apr 16 03:00:23 +0000 2009","contributors_enabled":false,"time_zone":"Atlantic Time (Canada)","protected":false,"default_profile":true,"is_translator":false},"geo":{"type":"Point","coordinates":[43.4455836,-79.6827734]},"in_reply_to_user_id_str":"6433472","lang":"en","created_at":"Mon Dec 15 01:51:45 +0000 2014","in_reply_to_status_id_str":"544280077778055168","place":{"full_name":"Oakville, Ontario","url":"https://api.twitter.com/1.1/geo/id/61ecf520fef6ce72.json","country":"Canada","place_type":"city","bounding_box":{"type":"Polygon","coordinates":[[[-79.810961,43.309929],[-79.479201,43.309929],[-79.479201,43.5264522],[-79.810961,43.5264522]]]},"contained_within":[],"country_code":"CA","attributes":{},"id":"61ecf520fef6ce72","name":"Oakville"}},
{"contributors":null,"truncated":false,"text":"@DavidwilsonDave @em128_ @CBCNews And racist referrals as you mentioned also puts you on many hate lists. Your hatred is making them win.","in_reply_to_status_id":544291178833649665,"id":544319407808589824,"favorite_count":1,"source":"<a href=\"http://twitter.com/download/android\" rel=\"nofollow\">Twitter for Android</a>","retweeted":false,"coordinates":null,"entities":{"symbols":[],"user_mentions":[{"id":2903783646,"indices":[0,16],"id_str":"2903783646","screen_name":"DavidwilsonDave","name":"David Wilson"},{"id":464385804,"indices":[17,24],"id_str":"464385804","screen_name":"em128_","name":" Emma"},{"id":6433472,"indices":[25,33],"id_str":"6433472","screen_name":"CBCNews","name":"CBC News"}],"hashtags":[],"urls":[]},"in_reply_to_screen_name":"DavidwilsonDave","id_str":"544319407808589824","retweet_count":0,"in_reply_to_user_id":2903783646,"favorited":false,"user":{"follow_request_sent":false,"profile_use_background_image":true,"profile_text_color":"333333","default_profile_image":false,"id":764420420,"profile_background_image_url_https":"https://abs.twimg.com/images/themes/theme1/bg.png","verified":false,"profile_location":null,"profile_image_url_https":"https://pbs.twimg.com/profile_images/577671297121042432/3xgLbTIC_normal.jpeg","profile_sidebar_fill_color":"DDEEF6","entities":{"description":{"urls":[]}},"followers_count":42,"profile_sidebar_border_color":"C0DEED","id_str":"764420420","profile_background_color":"C0DEED","listed_count":0,"is_translation_enabled":false,"utc_offset":null,"statuses_count":101,"description":"","friends_count":107,"location":"Vancouver, Toronto, Montreal,","profile_link_color":"0084B4","profile_image_url":"http://pbs.twimg.com/profile_images/577671297121042432/3xgLbTIC_normal.jpeg","following":false,"geo_enabled":false,"profile_background_image_url":"http://abs.twimg.com/images/themes/theme1/bg.png","name":"Roc","lang":"en","profile_background_tile":false,"favourites_count":288,"screen_name":"PWayne6","notifications":false,"url":null,"created_at":"Fri Aug 17 20:48:10 +0000 2012","contributors_enabled":false,"time_zone":null,"protected":false,"default_profile":true,"is_translator":false},"geo":null,"in_reply_to_user_id_str":"2903783646","lang":"en","created_at":"Mon Dec 15 02:33:54 +0000 2014","in_reply_to_status_id_str":"544291178833649665","place":null},
{"contributors":null,"truncated":false,"text":"@samheritage_ thanks for your concern 💕","in_reply_to_status_id":544322032901840896,"id":544322281397583873,"favorite_count":0,"source":"<a href=\"http://twitter.com/download/iphone\" rel=\"nofollow\">Twitter for iPhone</a>","retweeted":false,"coordinates":null,"entities":{"symbols":[],"user_mentions":[{"id":446630938,"indices":[0,13],"id_str":"446630938","screen_name":"samheritage_","name":"sammy"}],"hashtags":[],"urls":[]},"in_reply_to_screen_name":"samheritage_","id_str":"544322281397583873","retweet_count":0,"in_reply_to_user_id":446630938,"favorited":false,"user":{"follow_request_sent":false,"profile_use_background_image":true,"profile_text_color":"0C3E53","default_profile_image":false,"id":1107194444,"profile_background_image_url_https":"https://pbs.twimg.com/profile_background_images/378800000083186327/f5541d14f14b3f11d96ee4ebbafc8f7c.jpeg","verified":false,"profile_location":null,"profile_image_url_https":"https://pbs.twimg.com/profile_images/568488554977050624/-PQqz0q__normal.jpeg","profile_sidebar_fill_color":"FFF7CC","entities":{"description":{"urls":[]}},"followers_count":156,"profile_sidebar_border_color":"FFFFFF","id_str":"1107194444","profile_background_color":"BADFCD","listed_count":0,"is_translation_enabled":false,"utc_offset":null,"statuses_count":1271,"description":"socially awkward & unphotogenic","friends_count":118,"location":"","profile_link_color":"FF0000","profile_image_url":"http://pbs.twimg.com/profile_images/568488554977050624/-PQqz0q__normal.jpeg","following":false,"geo_enabled":false,"profile_banner_url":"https://pbs.twimg.com/profile_banners/1107194444/1410031292","profile_background_image_url":"http://pbs.twimg.com/profile_background_images/378800000083186327/f5541d14f14b3f11d96ee4ebbafc8f7c.jpeg","name":"Sophia Stavropoulos","lang":"en","profile_background_tile":true,"favourites_count":1790,"screen_name":"sstavro12","notifications":false,"url":null,"created_at":"Sun Jan 20 20:13:28 +0000 2013","contributors_enabled":false,"time_zone":null,"protected":false,"default_profile":false,"is_translator":false},"geo":null,"in_reply_to_user_id_str":"446630938","lang":"en","created_at":"Mon Dec 15 02:45:19 +0000 2014","in_reply_to_status_id_str":"544322032901840896","place":null},
{"contributors":null,"truncated":false,"text":"@PWayne6 @em128_ @CBCNews  its not racist wanting to change their idealogy, they get it from the Koran","in_reply_to_status_id":544319407808589824,"id":544527400537575424,"favorite_count":0,"source":"<a href=\"http://twitter.com\" rel=\"nofollow\">Twitter Web Client</a>","retweeted":false,"coordinates":null,"entities":{"symbols":[],"user_mentions":[{"id":764420420,"indices":[0,8],"id_str":"764420420","screen_name":"PWayne6","name":"Roc"},{"id":464385804,"indices":[9,16],"id_str":"464385804","screen_name":"em128_","name":" Emma"},{"id":6433472,"indices":[17,25],"id_str":"6433472","screen_name":"CBCNews","name":"CBC News"}],"hashtags":[],"urls":[]},"in_reply_to_screen_name":"PWayne6","id_str":"544527400537575424","retweet_count":0,"in_reply_to_user_id":764420420,"favorited":false,"user":{"follow_request_sent":false,"profile_use_background_image":false,"profile_text_color":"000000","default_profile_image":false,"id":2903783646,"profile_background_image_url_https":"https://abs.twimg.com/images/themes/theme1/bg.png","verified":false,"profile_location":null,"profile_image_url_https":"https://pbs.twimg.com/profile_images/539257748395786240/h3ulv2QV_normal.jpeg","profile_sidebar_fill_color":"000000","entities":{"description":{"urls":[]}},"followers_count":13,"profile_sidebar_border_color":"000000","id_str":"2903783646","profile_background_color":"000000","listed_count":0,"is_translation_enabled":false,"utc_offset":null,"statuses_count":77,"description":"","friends_count":171,"location":"","profile_link_color":"94D487","profile_image_url":"http://pbs.twimg.com/profile_images/539257748395786240/h3ulv2QV_normal.jpeg","following":false,"geo_enabled":false,"profile_banner_url":"https://pbs.twimg.com/profile_banners/2903783646/1417404147","profile_background_image_url":"http://abs.twimg.com/images/themes/theme1/bg.png","name":"David Wilson","lang":"en","profile_background_tile":false,"favourites_count":29,"screen_name":"DavidwilsonDave","notifications":false,"url":null,"created_at":"Tue Nov 18 16:49:18 +0000 2014","contributors_enabled":false,"time_zone":null,"protected":false,"default_profile":false,"is_translator":false},"geo":null,"in_reply_to_user_id_str":"764420420","lang":"en","created_at":"Mon Dec 15 16:20:23 +0000 2014","in_reply_to_status_id_str":"544319407808589824","place":null},
{"contributors":null,"truncated":false,"text":"@DavidwilsonDave @em128_ @CBCNews It's racist when you refer to someone as you quoted \" monkies \" (clearly you don't how to spell).","in_reply_to_status_id":544527400537575424,"id":544533136315805698,"favorite_count":0,"source":"<a href=\"http://twitter.com/download/android\" rel=\"nofollow\">Twitter for Android</a>","retweeted":false,"coordinates":null,"entities":{"symbols":[],"user_mentions":[{"id":2903783646,"indices":[0,16],"id_str":"2903783646","screen_name":"DavidwilsonDave","name":"David Wilson"},{"id":464385804,"indices":[17,24],"id_str":"464385804","screen_name":"em128_","name":" Emma"},{"id":6433472,"indices":[25,33],"id_str":"6433472","screen_name":"CBCNews","name":"CBC News"}],"hashtags":[],"urls":[]},"in_reply_to_screen_name":"DavidwilsonDave","id_str":"544533136315805698","retweet_count":0,"in_reply_to_user_id":2903783646,"favorited":false,"user":{"follow_request_sent":false,"profile_use_background_image":true,"profile_text_color":"333333","default_profile_image":false,"id":764420420,"profile_background_image_url_https":"https://abs.twimg.com/images/themes/theme1/bg.png","verified":false,"profile_location":null,"profile_image_url_https":"https://pbs.twimg.com/profile_images/577671297121042432/3xgLbTIC_normal.jpeg","profile_sidebar_fill_color":"DDEEF6","entities":{"description":{"urls":[]}},"followers_count":42,"profile_sidebar_border_color":"C0DEED","id_str":"764420420","profile_background_color":"C0DEED","listed_count":0,"is_translation_enabled":false,"utc_offset":null,"statuses_count":101,"description":"","friends_count":107,"location":"Vancouver, Toronto, Montreal,","profile_link_color":"0084B4","profile_image_url":"http://pbs.twimg.com/profile_images/577671297121042432/3xgLbTIC_normal.jpeg","following":false,"geo_enabled":false,"profile_background_image_url":"http://abs.twimg.com/images/themes/theme1/bg.png","name":"Roc","lang":"en","profile_background_tile":false,"favourites_count":288,"screen_name":"PWayne6","notifications":false,"url":null,"created_at":"Fri Aug 17 20:48:10 +0000 2012","contributors_enabled":false,"time_zone":null,"protected":false,"default_profile":true,"is_translator":false},"geo":null,"in_reply_to_user_id_str":"2903783646","lang":"en","created_at":"Mon Dec 15 16:43:11 +0000 2014","in_reply_to_status_id_str":"544527400537575424","place":null},
{"contributors":null,"truncated":false,"text":"@DavidwilsonDave @em128_ @CBCNews And you get your ideology from your upbringing or the bible. See where this is  going? Turn the tables.","in_reply_to_status_id":544527400537575424,"id":544534171977535488,"favorite_count":0,"source":"<a href=\"http://twitter.com/download/android\" rel=\"nofollow\">Twitter for Android</a>","retweeted":false,"coordinates":null,"entities":{"symbols":[],"user_mentions":[{"id":2903783646,"indices":[0,16],"id_str":"2903783646","screen_name":"DavidwilsonDave","name":"David Wilson"},{"id":464385804,"indices":[17,24],"id_str":"464385804","screen_name":"em128_","name":" Emma"},{"id":6433472,"indices":[25,33],"id_str":"6433472","screen_name":"CBCNews","name":"CBC News"}],"hashtags":[],"urls":[]},"in_reply_to_screen_name":"DavidwilsonDave","id_str":"544534171977535488","retweet_count":0,"in_reply_to_user_id":2903783646,"favorited":false,"user":{"follow_request_sent":false,"profile_use_background_image":true,"profile_text_color":"333333","default_profile_image":false,"id":764420420,"profile_background_image_url_https":"https://abs.twimg.com/images/themes/theme1/bg.png","verified":false,"profile_location":null,"profile_image_url_https":"https://pbs.twimg.com/profile_images/577671297121042432/3xgLbTIC_normal.jpeg","profile_sidebar_fill_color":"DDEEF6","entities":{"description":{"urls":[]}},"followers_count":42,"profile_sidebar_border_color":"C0DEED","id_str":"764420420","profile_background_color":"C0DEED","listed_count":0,"is_translation_enabled":false,"utc_offset":null,"statuses_count":101,"description":"","friends_count":107,"location":"Vancouver, Toronto, Montreal,","profile_link_color":"0084B4","profile_image_url":"http://pbs.twimg.com/profile_images/577671297121042432/3xgLbTIC_normal.jpeg","following":false,"geo_enabled":false,"profile_background_image_url":"http://abs.twimg.com/images/themes/theme1/bg.png","name":"Roc","lang":"en","profile_background_tile":false,"favourites_count":288,"screen_name":"PWayne6","notifications":false,"url":null,"created_at":"Fri Aug 17 20:48:10 +0000 2012","contributors_enabled":false,"time_zone":null,"protected":false,"default_profile":true,"is_translator":false},"geo":null,"in_reply_to_user_id_str":"2903783646","lang":"en","created_at":"Mon Dec 15 16:47:18 +0000 2014","in_reply_to_status_id_str":"544527400537575424","place":null},
{"contributors":null,"truncated":false,"text":"@PWayne6 @em128_ @CBCNews  sorry dude, even if it was from the bible it doesn't say to kill anyone, it says to love everyone, islam isn't so","in_reply_to_status_id":544534171977535488,"id":544673807458263043,"favorite_count":0,"source":"<a href=\"http://twitter.com\" rel=\"nofollow\">Twitter Web Client</a>","retweeted":false,"coordinates":null,"entities":{"symbols":[],"user_mentions":[{"id":764420420,"indices":[0,8],"id_str":"764420420","screen_name":"PWayne6","name":"Roc"},{"id":464385804,"indices":[9,16],"id_str":"464385804","screen_name":"em128_","name":" Emma"},{"id":6433472,"indices":[17,25],"id_str":"6433472","screen_name":"CBCNews","name":"CBC News"}],"hashtags":[],"urls":[]},"in_reply_to_screen_name":"PWayne6","id_str":"544673807458263043","retweet_count":0,"in_reply_to_user_id":764420420,"favorited":false,"user":{"follow_request_sent":false,"profile_use_background_image":false,"profile_text_color":"000000","default_profile_image":false,"id":2903783646,"profile_background_image_url_https":"https://abs.twimg.com/images/themes/theme1/bg.png","verified":false,"profile_location":null,"profile_image_url_https":"https://pbs.twimg.com/profile_images/539257748395786240/h3ulv2QV_normal.jpeg","profile_sidebar_fill_color":"000000","entities":{"description":{"urls":[]}},"followers_count":13,"profile_sidebar_border_color":"000000","id_str":"2903783646","profile_background_color":"000000","listed_count":0,"is_translation_enabled":false,"utc_offset":null,"statuses_count":77,"description":"","friends_count":171,"location":"","profile_link_color":"94D487","profile_image_url":"http://pbs.twimg.com/profile_images/539257748395786240/h3ulv2QV_normal.jpeg","following":false,"geo_enabled":false,"profile_banner_url":"https://pbs.twimg.com/profile_banners/2903783646/1417404147","profile_background_image_url":"http://abs.twimg.com/images/themes/theme1/bg.png","name":"David Wilson","lang":"en","profile_background_tile":false,"favourites_count":29,"screen_name":"DavidwilsonDave","notifications":false,"url":null,"created_at":"Tue Nov 18 16:49:18 +0000 2014","contributors_enabled":false,"time_zone":null,"protected":false,"default_profile":false,"is_translator":false},"geo":null,"in_reply_to_user_id_str":"764420420","lang":"en","created_at":"Tue Dec 16 02:02:09 +0000 2014","in_reply_to_status_id_str":"544534171977535488","place":null},
{"contributors":null,"truncated":false,"text":"@alanhabbickcbc @RosieBarton @CBCNews have a good day today is my 78 th birthday and I am lucky to be on in great country Canada","in_reply_to_status_id":544296307406675968,"id":545234455003402240,"favorite_count":0,"source":"<a href=\"http://twitter.com/download/iphone\" rel=\"nofollow\">Twitter for iPhone</a>","retweeted":false,"coordinates":null,"entities":{"symbols":[],"user_mentions":[{"id":16660572,"indices":[0,15],"id_str":"16660572","screen_name":"alanhabbickcbc","name":"Alan Habbick"},{"id":75050644,"indices":[16,28],"id_str":"75050644","screen_name":"RosieBarton","name":"Rosemary Barton"},{"id":6433472,"indices":[29,37],"id_str":"6433472","screen_name":"CBCNews","name":"CBC News"}],"hashtags":[],"urls":[]},"in_reply_to_screen_name":"alanhabbickcbc","id_str":"545234455003402240","retweet_count":0,"in_reply_to_user_id":16660572,"favorited":false,"user":{"follow_request_sent":false,"profile_use_background_image":true,"profile_text_color":"333333","default_profile_image":false,"id":1464941263,"profile_background_image_url_https":"https://abs.twimg.com/images/themes/theme1/bg.png","verified":false,"profile_location":null,"profile_image_url_https":"https://pbs.twimg.com/profile_images/467254485018898432/n4wGWI8A_normal.jpeg","profile_sidebar_fill_color":"DDEEF6","entities":{"description":{"urls":[]}},"followers_count":16,"profile_sidebar_border_color":"C0DEED","id_str":"1464941263","profile_background_color":"C0DEED","listed_count":1,"is_translation_enabled":false,"utc_offset":null,"statuses_count":166,"description":"Retired Chemist/education consultant","friends_count":285,"location":"Toronto","profile_link_color":"0084B4","profile_image_url":"http://pbs.twimg.com/profile_images/467254485018898432/n4wGWI8A_normal.jpeg","following":false,"geo_enabled":true,"profile_background_image_url":"http://abs.twimg.com/images/themes/theme1/bg.png","name":"baldev sood","lang":"en","profile_background_tile":false,"favourites_count":10,"screen_name":"baldevsood","notifications":false,"url":null,"created_at":"Tue May 28 15:09:51 +0000 2013","contributors_enabled":false,"time_zone":null,"protected":false,"default_profile":true,"is_translator":false},"geo":null,"in_reply_to_user_id_str":"16660572","lang":"en","created_at":"Wed Dec 17 15:09:58 +0000 2014","in_reply_to_status_id_str":"544296307406675968","place":null}
]