{"contributors":null,"truncated":false,"text":"Just fyi, if you're using a hostage situation to justify your racism and Islamophobia you're using the same tactics as jihadis #sydneysiege","in_reply_to_status_id":null,"id":544290967369428992,"favorite_count":177,"source":"<a href=\"http:\/\/twitter.com\/download\/iphone\" rel=\"nofollow\">Twitter for iPhone<\/a>","retweeted":false,"coordinates":null,"entities":{"symbols":[],"user_mentions":[],"hashtags":[{"indices":[127,139],"text":"sydneysiege"}],"urls":[]},"in_reply_to_screen_name":null,"id_str":"544290967369428992","retweet_count":206,"in_reply_to_user_id":null,"favorited":false,"user":{"follow_request_sent":false,"profile_use_background_image":true,"profile_text_color":"333333","default_profile_image":false,"id":711348452,"profile_background_image_url_https":"https:\/\/abs.twimg.com\/images\/themes\/theme1\/bg.png","verified":false,"profile_location":null,"profile_image_url_https":"https:\/\/pbs.twimg.com\/profile_images\/565158063124910080\/gr8pvH7s_normal.jpeg","profile_sidebar_fill_color":"DDEEF6","entities":{"description":{"urls":[]}},"followers_count":925,"profile_sidebar_border_color":"C0DEED","id_str":"711348452","profile_background_color":"C0DEED","listed_count":20,"is_translation_enabled":false,"utc_offset":36000,"statuses_count":23622,"description":"A record of life and its associated chaos. Writer. Libertarian Socialist. '...you've got to put your bodies upon the gears...'","friends_count":1317,"location":"Melbourne, Australia","profile_link_color":"0084B4","profile_image_url":"http:\/\/pbs.twimg.com\/profile_images\/565158063124910080\/gr8pvH7s_normal.jpeg","following":false,"geo_enabled":false,"profile_banner_url":"https:\/\/pbs.twimg.com\/profile_banners\/711348452\/1413644788","profile_background_image_url":"http:\/\/abs.twimg.com\/images\/themes\/theme1\/bg.png","name":"David Power","lang":"en","profile_background_tile":false,"favourites_count":3256,"screen_name":"ramblesofpower","notifications":false,"url":null,"created_at":"Sun Jul 22 22:10:13 +0000 2012","contributors_enabled":false,"time_zone":"Brisbane","protected":false,"default_profile":true,"is_translator":false},"geo":null,"in_reply_to_user_id_str":null,"lang":"en","created_at":"Mon Dec 15 00:40:53 +0000 2014","in_reply_to_status_id_str":null,"place":null}