{"contributors":null,"truncated":false,"text":"Sydney siege: hostages held inside Martin Place cafe \u2013 live updates http:\/\/t.co\/Zrnli5FXN6","in_reply_to_status_id":null,"id":544280399044960256,"favorite_count":44,"source":"<a href=\"http:\/\/www.hootsuite.com\" rel=\"nofollow\">Hootsuite<\/a>","retweeted":false,"coordinates":null,"entities":{"symbols":[],"user_mentions":[],"hashtags":[],"urls":[{"url":"http:\/\/t.co\/Zrnli5FXN6","indices":[68,90],"expanded_url":"http:\/\/gu.com\/p\/447xt\/stw","display_url":"gu.com\/p\/447xt\/stw"}]},"in_reply_to_screen_name":null,"id_str":"544280399044960256","retweet_count":322,"in_reply_to_user_id":null,"favorited":false,"user":{"follow_request_sent":false,"profile_use_background_image":true,"profile_text_color":"333333","default_profile_image":false,"id":87818409,"profile_background_image_url_https":"https:\/\/pbs.twimg.com\/profile_background_images\/704160749\/ff996aa3bc2009a2f9b97cdd43e8b5b7.png","verified":true,"profile_location":null,"profile_image_url_https":"https:\/\/pbs.twimg.com\/profile_images\/564829693736546305\/8o1OPz2e_normal.png","profile_sidebar_fill_color":"CAE3F3","entities":{"url":{"urls":[{"url":"http:\/\/t.co\/rrGq778cPt","indices":[0,22],"expanded_url":"http:\/\/theguardian.com","display_url":"theguardian.com"}]},"description":{"urls":[{"url":"http:\/\/t.co\/rrGq778cPt","indices":[56,78],"expanded_url":"http:\/\/theguardian.com","display_url":"theguardian.com"}]}},"followers_count":2997111,"profile_sidebar_border_color":"FFFFFF","id_str":"87818409","profile_background_color":"B2AFA9","listed_count":34941,"is_translation_enabled":true,"utc_offset":0,"statuses_count":102252,"description":"Top stories, special features, live blogs and more from http:\/\/t.co\/rrGq778cPt","friends_count":1081,"location":"London","profile_link_color":"005789","profile_image_url":"http:\/\/pbs.twimg.com\/profile_images\/564829693736546305\/8o1OPz2e_normal.png","following":false,"geo_enabled":false,"profile_banner_url":"https:\/\/pbs.twimg.com\/profile_banners\/87818409\/1352211339","profile_background_image_url":"http:\/\/pbs.twimg.com\/profile_background_images\/704160749\/ff996aa3bc2009a2f9b97cdd43e8b5b7.png","name":"The Guardian","lang":"en","profile_background_tile":false,"favourites_count":130,"screen_name":"guardian","notifications":false,"url":"http:\/\/t.co\/rrGq778cPt","created_at":"Thu Nov 05 23:49:19 +0000 2009","contributors_enabled":false,"time_zone":"London","protected":false,"default_profile":false,"is_translator":false},"geo":null,"in_reply_to_user_id_str":null,"possibly_sensitive":false,"lang":"en","created_at":"Sun Dec 14 23:58:54 +0000 2014","in_reply_to_status_id_str":null,"place":null}