{"contributors":null,"truncated":false,"text":"Update: Airspace over Sydney has been shut down. Live coverage: http:\/\/t.co\/hzDyphR00U #sydneysiege","in_reply_to_status_id":null,"id":544279776765431809,"favorite_count":43,"source":"<a href=\"http:\/\/www.hootsuite.com\" rel=\"nofollow\">Hootsuite<\/a>","retweeted":false,"coordinates":null,"entities":{"symbols":[],"user_mentions":[],"hashtags":[{"indices":[87,99],"text":"sydneysiege"}],"urls":[{"url":"http:\/\/t.co\/hzDyphR00U","indices":[64,86],"expanded_url":"http:\/\/ow.ly\/FSpHL","display_url":"ow.ly\/FSpHL"}]},"in_reply_to_screen_name":null,"id_str":"544279776765431809","retweet_count":304,"in_reply_to_user_id":null,"favorited":false,"user":{"follow_request_sent":false,"profile_use_background_image":true,"profile_text_color":"333333","default_profile_image":false,"id":16675569,"profile_background_image_url_https":"https:\/\/pbs.twimg.com\/profile_background_images\/378800000057554158\/6d1ad4aa25515f015f19cb677589b27a.jpeg","verified":true,"profile_location":null,"profile_image_url_https":"https:\/\/pbs.twimg.com\/profile_images\/476964229690298368\/BmRpHs7i_normal.png","profile_sidebar_fill_color":"DDFFCC","entities":{"url":{"urls":[{"url":"http:\/\/t.co\/zpeRtoZrSG","indices":[0,22],"expanded_url":"http:\/\/www.smh.com.au","display_url":"smh.com.au"}]},"description":{"urls":[]}},"followers_count":307418,"profile_sidebar_border_color":"FFFFFF","id_str":"16675569","profile_background_color":"FFFFFF","listed_count":4265,"is_translation_enabled":false,"utc_offset":39600,"statuses_count":84737,"description":"Australia's leading news source, The Sydney Morning Herald. Independent. Always.","friends_count":1766,"location":"Sydney, Australia","profile_link_color":"119BF7","profile_image_url":"http:\/\/pbs.twimg.com\/profile_images\/476964229690298368\/BmRpHs7i_normal.png","following":false,"geo_enabled":true,"profile_banner_url":"https:\/\/pbs.twimg.com\/profile_banners\/16675569\/1413003192","profile_background_image_url":"http:\/\/pbs.twimg.com\/profile_background_images\/378800000057554158\/6d1ad4aa25515f015f19cb677589b27a.jpeg","name":"smh.com.au","lang":"en","profile_background_tile":false,"favourites_count":487,"screen_name":"smh","notifications":false,"url":"http:\/\/t.co\/zpeRtoZrSG","created_at":"Thu Oct 09 23:05:36 +0000 2008","contributors_enabled":false,"time_zone":"Sydney","protected":false,"default_profile":false,"is_translator":false},"geo":null,"in_reply_to_user_id_str":null,"possibly_sensitive":false,"lang":"en","created_at":"Sun Dec 14 23:56:25 +0000 2014","in_reply_to_status_id_str":null,"place":null}