{"contributors":null,"truncated":false,"text":"BREAKING: Gunman takes hostages in cafe in Martin Place, Sydney  http:\/\/t.co\/vj8G6m6VYs","in_reply_to_status_id":null,"id":544268186292867072,"favorite_count":12,"source":"<a href=\"https:\/\/about.twitter.com\/products\/tweetdeck\" rel=\"nofollow\">TweetDeck<\/a>","retweeted":false,"coordinates":null,"entities":{"symbols":[],"user_mentions":[],"hashtags":[],"urls":[{"url":"http:\/\/t.co\/vj8G6m6VYs","indices":[65,87],"expanded_url":"http:\/\/dailym.ai\/134wluW","display_url":"dailym.ai\/134wluW"}]},"in_reply_to_screen_name":null,"id_str":"544268186292867072","retweet_count":149,"in_reply_to_user_id":null,"favorited":false,"user":{"follow_request_sent":false,"profile_use_background_image":true,"profile_text_color":"333333","default_profile_image":false,"id":1960878613,"profile_background_image_url_https":"https:\/\/abs.twimg.com\/images\/themes\/theme1\/bg.png","verified":true,"profile_location":null,"profile_image_url_https":"https:\/\/pbs.twimg.com\/profile_images\/535077191168430080\/LVRhGsml_normal.png","profile_sidebar_fill_color":"DDEEF6","entities":{"url":{"urls":[{"url":"http:\/\/t.co\/QiDBrI1URu","indices":[0,22],"expanded_url":"http:\/\/DailyMail.com.au","display_url":"DailyMail.com.au"}]},"description":{"urls":[{"url":"http:\/\/t.co\/hD0PyZHS4Z","indices":[58,80],"expanded_url":"http:\/\/fb.me\/DailyMail","display_url":"fb.me\/DailyMail"}]}},"followers_count":2114,"profile_sidebar_border_color":"C0DEED","id_str":"1960878613","profile_background_color":"C0DEED","listed_count":40,"is_translation_enabled":false,"utc_offset":-18000,"statuses_count":634,"description":"Top stories from the Daily Mail Australia team. Facebook: http:\/\/t.co\/hD0PyZHS4Z","friends_count":136,"location":"Sydney","profile_link_color":"0084B4","profile_image_url":"http:\/\/pbs.twimg.com\/profile_images\/535077191168430080\/LVRhGsml_normal.png","following":false,"geo_enabled":false,"profile_banner_url":"https:\/\/pbs.twimg.com\/profile_banners\/1960878613\/1416407335","profile_background_image_url":"http:\/\/abs.twimg.com\/images\/themes\/theme1\/bg.png","name":"Daily Mail Australia","lang":"en","profile_background_tile":false,"favourites_count":44,"screen_name":"DailyMailAU","notifications":false,"url":"http:\/\/t.co\/QiDBrI1URu","created_at":"Mon Oct 14 15:02:11 +0000 2013","contributors_enabled":false,"time_zone":"Eastern Time (US & Canada)","protected":false,"default_profile":true,"is_translator":false},"geo":null,"in_reply_to_user_id_str":null,"possibly_sensitive":false,"lang":"en","created_at":"Sun Dec 14 23:10:22 +0000 2014","in_reply_to_status_id_str":null,"place":null}