{"contributors":null,"truncated":false,"text":"#sydneysiege #sydneycafesiege our thoughts and prayers r w all Australians tonight. America will NEVER forget that u stood w us after 9\/11","in_reply_to_status_id":null,"id":544292798887784449,"favorite_count":148,"source":"<a href=\"http:\/\/twitter.com\/download\/iphone\" rel=\"nofollow\">Twitter for iPhone<\/a>","retweeted":false,"coordinates":null,"entities":{"symbols":[],"user_mentions":[],"hashtags":[{"indices":[0,12],"text":"sydneysiege"},{"indices":[13,29],"text":"sydneycafesiege"}],"urls":[]},"in_reply_to_screen_name":null,"id_str":"544292798887784449","retweet_count":153,"in_reply_to_user_id":null,"favorited":false,"user":{"follow_request_sent":false,"profile_use_background_image":true,"profile_text_color":"333333","default_profile_image":false,"id":28096105,"profile_background_image_url_https":"https:\/\/pbs.twimg.com\/profile_background_images\/606334326\/itf4ubtu07zbey1xdtbj.jpeg","verified":true,"profile_location":null,"profile_image_url_https":"https:\/\/pbs.twimg.com\/profile_images\/586291569118081025\/yl_1eWlU_normal.jpg","profile_sidebar_fill_color":"DDEEF6","entities":{"url":{"urls":[{"url":"http:\/\/t.co\/KdaFFv5K5J","indices":[0,22],"expanded_url":"http:\/\/www.montelmedia.com","display_url":"montelmedia.com"}]},"description":{"urls":[]}},"followers_count":120527,"profile_sidebar_border_color":"C0DEED","id_str":"28096105","profile_background_color":"C0DEED","listed_count":1444,"is_translation_enabled":false,"utc_offset":-18000,"statuses_count":24833,"description":"Montel Williams is the name behind one of the longest running talk shows in the history of television. (For press: jonathan@lucidpublicrelations.com)","friends_count":132489,"location":"New York, New York","profile_link_color":"0084B4","profile_image_url":"http:\/\/pbs.twimg.com\/profile_images\/586291569118081025\/yl_1eWlU_normal.jpg","following":false,"geo_enabled":true,"profile_banner_url":"https:\/\/pbs.twimg.com\/profile_banners\/28096105\/1418512678","profile_background_image_url":"http:\/\/pbs.twimg.com\/profile_background_images\/606334326\/itf4ubtu07zbey1xdtbj.jpeg","name":"Montel Williams","lang":"en","profile_background_tile":false,"favourites_count":19708,"screen_name":"Montel_Williams","notifications":false,"url":"http:\/\/t.co\/KdaFFv5K5J","created_at":"Wed Apr 01 12:31:06 +0000 2009","contributors_enabled":false,"time_zone":"Eastern Time (US & Canada)","protected":false,"default_profile":false,"is_translator":false},"geo":null,"in_reply_to_user_id_str":null,"lang":"en","created_at":"Mon Dec 15 00:48:10 +0000 2014","in_reply_to_status_id_str":null,"place":null}