{"contributors":null,"truncated":false,"text":"Siege situation currently unfolding at Sydney's Martin Place. Updates here: http:\/\/t.co\/mmOH7zakyB http:\/\/t.co\/NMzcmpfeTx","in_reply_to_status_id":null,"id":544273256174198785,"favorite_count":99,"source":"<a href=\"https:\/\/about.twitter.com\/products\/tweetdeck\" rel=\"nofollow\">TweetDeck<\/a>","retweeted":false,"coordinates":null,"entities":{"symbols":[],"user_mentions":[],"hashtags":[],"urls":[{"url":"http:\/\/t.co\/mmOH7zakyB","indices":[76,98],"expanded_url":"http:\/\/bit.ly\/1BETIr6","display_url":"bit.ly\/1BETIr6"}],"media":[{"expanded_url":"http:\/\/twitter.com\/australian\/status\/544273256174198785\/photo\/1","display_url":"pic.twitter.com\/NMzcmpfeTx","url":"http:\/\/t.co\/NMzcmpfeTx","media_url_https":"https:\/\/pbs.twimg.com\/media\/B42loNLCIAA_8UM.jpg","id_str":"544273240130985984","sizes":{"large":{"h":541,"resize":"fit","w":814},"small":{"h":225,"resize":"fit","w":340},"medium":{"h":398,"resize":"fit","w":600},"thumb":{"h":150,"resize":"crop","w":150}},"indices":[99,121],"type":"photo","id":544273240130985984,"media_url":"http:\/\/pbs.twimg.com\/media\/B42loNLCIAA_8UM.jpg"}]},"in_reply_to_screen_name":null,"id_str":"544273256174198785","retweet_count":593,"in_reply_to_user_id":null,"favorited":false,"user":{"follow_request_sent":false,"profile_use_background_image":true,"profile_text_color":"666666","default_profile_image":false,"id":9609632,"profile_background_image_url_https":"https:\/\/pbs.twimg.com\/profile_background_images\/351807190\/twitterfinal.png","verified":true,"profile_location":null,"profile_image_url_https":"https:\/\/pbs.twimg.com\/profile_images\/446890190703845376\/9WGYE1xK_normal.png","profile_sidebar_fill_color":"252429","entities":{"url":{"urls":[{"url":"http:\/\/t.co\/1wXoRaAxMY","indices":[0,22],"expanded_url":"http:\/\/www.theaustralian.com.au","display_url":"theaustralian.com.au"}]},"description":{"urls":[{"url":"https:\/\/t.co\/UHWki5RczT","indices":[62,85],"expanded_url":"https:\/\/www.facebook.com\/theaustralian","display_url":"facebook.com\/theaustralian"},{"url":"https:\/\/t.co\/xhtEZ8m8b8","indices":[90,113],"expanded_url":"https:\/\/plus.google.com\/+theaustralian","display_url":"plus.google.com\/+theaustralian"}]}},"followers_count":230780,"profile_sidebar_border_color":"FFFFFF","id_str":"9609632","profile_background_color":"FFFFFF","listed_count":4063,"is_translation_enabled":false,"utc_offset":39600,"statuses_count":55209,"description":"News from The Australian newspaper and The Australian Online. https:\/\/t.co\/UHWki5RczT ... https:\/\/t.co\/xhtEZ8m8b8.","friends_count":395,"location":"Sydney, Australia","profile_link_color":"2FC2EF","profile_image_url":"http:\/\/pbs.twimg.com\/profile_images\/446890190703845376\/9WGYE1xK_normal.png","following":false,"geo_enabled":false,"profile_banner_url":"https:\/\/pbs.twimg.com\/profile_banners\/9609632\/1403233700","profile_background_image_url":"http:\/\/pbs.twimg.com\/profile_background_images\/351807190\/twitterfinal.png","name":"The Australian","lang":"en","profile_background_tile":false,"favourites_count":28,"screen_name":"australian","notifications":false,"url":"http:\/\/t.co\/1wXoRaAxMY","created_at":"Mon Oct 22 23:57:33 +0000 2007","contributors_enabled":false,"time_zone":"Sydney","protected":false,"default_profile":false,"is_translator":false},"geo":null,"in_reply_to_user_id_str":null,"possibly_sensitive":false,"lang":"en","created_at":"Sun Dec 14 23:30:31 +0000 2014","in_reply_to_status_id_str":null,"place":null,"extended_entities":{"media":[{"expanded_url":"http:\/\/twitter.com\/australian\/status\/544273256174198785\/photo\/1","display_url":"pic.twitter.com\/NMzcmpfeTx","url":"http:\/\/t.co\/NMzcmpfeTx","media_url_https":"https:\/\/pbs.twimg.com\/media\/B42loNLCIAA_8UM.jpg","id_str":"544273240130985984","sizes":{"large":{"h":541,"resize":"fit","w":814},"small":{"h":225,"resize":"fit","w":340},"medium":{"h":398,"resize":"fit","w":600},"thumb":{"h":150,"resize":"crop","w":150}},"indices":[99,121],"type":"photo","id":544273240130985984,"media_url":"http:\/\/pbs.twimg.com\/media\/B42loNLCIAA_8UM.jpg"}]}}