{"contributors":null,"truncated":false,"text":"CEO of Lindt cafe says 40-50 hostages held by 2 gunmen. Significantly higher number than initially thought #MartinPlace #sydneysiege","in_reply_to_status_id":null,"id":544294402366394369,"favorite_count":35,"source":"<a href=\"http:\/\/twitter.com\/download\/iphone\" rel=\"nofollow\">Twitter for iPhone<\/a>","retweeted":false,"coordinates":{"type":"Point","coordinates":[-0.15795035,51.54382882]},"entities":{"symbols":[],"user_mentions":[],"hashtags":[{"indices":[107,119],"text":"MartinPlace"},{"indices":[120,132],"text":"sydneysiege"}],"urls":[]},"in_reply_to_screen_name":null,"id_str":"544294402366394369","retweet_count":289,"in_reply_to_user_id":null,"favorited":false,"user":{"follow_request_sent":false,"profile_use_background_image":true,"profile_text_color":"666666","default_profile_image":false,"id":27831488,"profile_background_image_url_https":"https:\/\/abs.twimg.com\/images\/themes\/theme9\/bg.gif","verified":true,"profile_location":null,"profile_image_url_https":"https:\/\/pbs.twimg.com\/profile_images\/536610102460297219\/2n52785o_normal.jpeg","profile_sidebar_fill_color":"252429","entities":{"url":{"urls":[{"url":"http:\/\/t.co\/4roHhTmBpI","indices":[0,22],"expanded_url":"http:\/\/www.bbc.com\/world","display_url":"bbc.com\/world"}]},"description":{"urls":[]}},"followers_count":14874,"profile_sidebar_border_color":"181A1E","id_str":"27831488","profile_background_color":"1A1B1F","listed_count":289,"is_translation_enabled":false,"utc_offset":39600,"statuses_count":3307,"description":"Presenter and correspondent for BBC World News.","friends_count":663,"location":"","profile_link_color":"2FC2EF","profile_image_url":"http:\/\/pbs.twimg.com\/profile_images\/536610102460297219\/2n52785o_normal.jpeg","following":false,"geo_enabled":true,"profile_banner_url":"https:\/\/pbs.twimg.com\/profile_banners\/27831488\/1404662278","profile_background_image_url":"http:\/\/abs.twimg.com\/images\/themes\/theme9\/bg.gif","name":"Yalda Hakim","lang":"en","profile_background_tile":false,"favourites_count":974,"screen_name":"BBCYaldaHakim","notifications":false,"url":"http:\/\/t.co\/4roHhTmBpI","created_at":"Tue Mar 31 07:12:58 +0000 2009","contributors_enabled":false,"time_zone":"Sydney","protected":false,"default_profile":false,"is_translator":false},"geo":{"type":"Point","coordinates":[51.54382882,-0.15795035]},"in_reply_to_user_id_str":null,"lang":"en","created_at":"Mon Dec 15 00:54:32 +0000 2014","in_reply_to_status_id_str":null,"place":{"full_name":"Camden Town, London","url":"https:\/\/api.twitter.com\/1.1\/geo\/id\/5de8cffc145c486b.json","country":"United Kingdom","place_type":"city","bounding_box":{"type":"Polygon","coordinates":[[[-0.213503,51.512805],[-0.105303,51.512805],[-0.105303,51.572068],[-0.213503,51.572068]]]},"contained_within":[],"country_code":"GB","attributes":{},"id":"5de8cffc145c486b","name":"Camden Town"}}