{"contributors":null,"truncated":false,"text":"UPDATE: People in Sydney's CBD buildings surrounding Martin Place have reportedly been told to evacuate. #9News\nhttps:\/\/t.co\/A9hv53XqBS","in_reply_to_status_id":null,"id":544284957766463488,"favorite_count":41,"source":"<a href=\"http:\/\/twitter.com\" rel=\"nofollow\">Twitter Web Client<\/a>","retweeted":false,"coordinates":null,"entities":{"symbols":[],"user_mentions":[],"hashtags":[{"indices":[105,111],"text":"9News"}],"urls":[{"url":"https:\/\/t.co\/A9hv53XqBS","indices":[112,135],"expanded_url":"https:\/\/amp.twimg.com\/v\/a14f3f59-b341-401a-b344-fdff1fa28f1a","display_url":"amp.twimg.com\/v\/a14f3f59-b34\u2026"}]},"in_reply_to_screen_name":null,"id_str":"544284957766463488","retweet_count":116,"in_reply_to_user_id":null,"favorited":false,"user":{"follow_request_sent":false,"profile_use_background_image":true,"profile_text_color":"2161A6","default_profile_image":false,"id":22993014,"profile_background_image_url_https":"https:\/\/pbs.twimg.com\/profile_background_images\/759950404\/5047c89deca15dd9b5269b26baebe86a.jpeg","verified":true,"profile_location":null,"profile_image_url_https":"https:\/\/pbs.twimg.com\/profile_images\/486285793200066560\/9G8k3PoZ_normal.jpeg","profile_sidebar_fill_color":"FFFFFF","entities":{"url":{"urls":[{"url":"http:\/\/t.co\/v4EE7FXbSw","indices":[0,22],"expanded_url":"http:\/\/news.ninemsn.com.au\/","display_url":"news.ninemsn.com.au"}]},"description":{"urls":[{"url":"http:\/\/t.co\/AczOeQvsFV","indices":[131,153],"expanded_url":"http:\/\/ninem.sn\/YOP2TBk","display_url":"ninem.sn\/YOP2TBk"}]}},"followers_count":140402,"profile_sidebar_border_color":"FFFFFF","id_str":"22993014","profile_background_color":"2F4C6C","listed_count":941,"is_translation_enabled":false,"utc_offset":39600,"statuses_count":81183,"description":"Australia's No.1: Follow @9NewsSyd | @9NewsMelb | @9NewsBrisbane | @9NewsAdel | @9NewsDarwin | @9NewsPerth | Community Guidelines: http:\/\/t.co\/AczOeQvsFV","friends_count":1163,"location":"Australia","profile_link_color":"E86D03","profile_image_url":"http:\/\/pbs.twimg.com\/profile_images\/486285793200066560\/9G8k3PoZ_normal.jpeg","following":false,"geo_enabled":false,"profile_banner_url":"https:\/\/pbs.twimg.com\/profile_banners\/22993014\/1382076873","profile_background_image_url":"http:\/\/pbs.twimg.com\/profile_background_images\/759950404\/5047c89deca15dd9b5269b26baebe86a.jpeg","name":"Nine News Australia","lang":"en","profile_background_tile":false,"favourites_count":54,"screen_name":"9NewsAUS","notifications":false,"url":"http:\/\/t.co\/v4EE7FXbSw","created_at":"Thu Mar 05 22:51:02 +0000 2009","contributors_enabled":false,"time_zone":"Sydney","protected":false,"default_profile":false,"is_translator":false},"geo":null,"in_reply_to_user_id_str":null,"possibly_sensitive":false,"lang":"en","created_at":"Mon Dec 15 00:17:00 +0000 2014","in_reply_to_status_id_str":null,"place":null}