{"contributors":null,"truncated":false,"text":"#breaking  We have now heard that all airspace in the #Sydney city has been shut down. #martinplace #Lindt cafe http:\/\/t.co\/GH9K75afmR","in_reply_to_status_id":null,"id":544277852968210432,"favorite_count":35,"source":"<a href=\"http:\/\/www.socialflow.com\" rel=\"nofollow\">SocialFlow<\/a>","retweeted":false,"coordinates":null,"entities":{"user_mentions":[],"symbols":[],"trends":[],"hashtags":[{"indices":[0,9],"text":"breaking"},{"indices":[54,61],"text":"Sydney"},{"indices":[87,99],"text":"martinplace"},{"indices":[100,106],"text":"Lindt"}],"urls":[{"url":"http:\/\/t.co\/GH9K75afmR","indices":[112,134],"expanded_url":"http:\/\/bit.ly\/1yRy6tg","display_url":"bit.ly\/1yRy6tg"}]},"in_reply_to_screen_name":null,"id_str":"544277852968210432","retweet_count":190,"in_reply_to_user_id":null,"favorited":false,"user":{"follow_request_sent":null,"profile_use_background_image":true,"default_profile_image":false,"id":15250661,"verified":true,"profile_image_url_https":"https:\/\/pbs.twimg.com\/profile_images\/552230406930432000\/xBIGVtYz_normal.jpeg","profile_sidebar_fill_color":"EDEDED","profile_text_color":"000000","followers_count":169232,"profile_sidebar_border_color":"FFFFFF","id_str":"15250661","profile_background_color":"FFFFFF","listed_count":2223,"profile_background_image_url_https":"https:\/\/pbs.twimg.com\/profile_background_images\/324056025\/twitter_background-news.jpg","utc_offset":39600,"statuses_count":104340,"description":"Australia's most popular news site. Bringing you the latest breaking news from Australia and around the world.","friends_count":4176,"location":"Australia","profile_link_color":"0A6395","profile_image_url":"http:\/\/pbs.twimg.com\/profile_images\/552230406930432000\/xBIGVtYz_normal.jpeg","following":null,"geo_enabled":true,"profile_banner_url":"https:\/\/pbs.twimg.com\/profile_banners\/15250661\/1416186197","profile_background_image_url":"http:\/\/pbs.twimg.com\/profile_background_images\/324056025\/twitter_background-news.jpg","name":"news.com.au","lang":"en","profile_background_tile":false,"favourites_count":858,"screen_name":"newscomauHQ","notifications":null,"url":"http:\/\/www.news.com.au","created_at":"Fri Jun 27 02:03:07 +0000 2008","contributors_enabled":false,"time_zone":"Sydney","protected":false,"default_profile":false,"is_translator":false},"geo":null,"in_reply_to_user_id_str":null,"possibly_sensitive":false,"lang":"en","created_at":"Sun Dec 14 23:48:46 +0000 2014","filter_level":"low","in_reply_to_status_id_str":null,"place":null}