[{"contributors":null,"truncated":false,"text":"@Breaking911 time to kich these Muslim fuckers the hell out of every democratic country!","in_reply_to_status_id":544271284796784640,"id":544271682358493184,"favorite_count":5,"source":"<a href=\"http://twitter.com\" rel=\"nofollow\">Twitter Web Client</a>","retweeted":false,"coordinates":null,"entities":{"symbols":[],"user_mentions":[{"id":375721095,"indices":[0,12],"id_str":"375721095","screen_name":"Breaking911","name":"Breaking911"}],"hashtags":[],"urls":[]},"in_reply_to_screen_name":"Breaking911","id_str":"544271682358493184","retweet_count":1,"in_reply_to_user_id":375721095,"favorited":false,"user":{"follow_request_sent":false,"profile_use_background_image":false,"profile_text_color":"000000","default_profile_image":false,"id":2797781981,"profile_background_image_url_https":"https://abs.twimg.com/images/themes/theme1/bg.png","verified":false,"profile_location":null,"profile_image_url_https":"https://pbs.twimg.com/profile_images/589740738876813312/kATezf2o_normal.jpg","profile_sidebar_fill_color":"000000","entities":{"description":{"urls":[]}},"followers_count":836,"profile_sidebar_border_color":"000000","id_str":"2797781981","profile_background_color":"000000","listed_count":7,"is_translation_enabled":false,"utc_offset":null,"statuses_count":16201,"description":"Hate People that LIE! Eagles, Flyers, Red Wings. Phillies Only 1 person I never met really understands me","friends_count":1276,"location":"","profile_link_color":"DD2E44","profile_image_url":"http://pbs.twimg.com/profile_images/589740738876813312/kATezf2o_normal.jpg","following":false,"geo_enabled":false,"profile_banner_url":"https://pbs.twimg.com/profile_banners/2797781981/1417005203","profile_background_image_url":"http://abs.twimg.com/images/themes/theme1/bg.png","name":"Matthew brandley","lang":"en","profile_background_tile":false,"favourites_count":1665,"screen_name":"Matthew52338399","notifications":false,"url":null,"created_at":"Wed Oct 01 11:23:27 +0000 2014","contributors_enabled":false,"time_zone":null,"protected":false,"default_profile":false,"is_translator":false},"geo":null,"in_reply_to_user_id_str":"375721095","lang":"en","created_at":"Sun Dec 14 23:24:15 +0000 2014","in_reply_to_status_id_str":"544271284796784640","place":null},
{"contributors":null,"truncated":false,"text":"@Breaking911 @Cameron_Gray Looks like a job for Special Ops. Prayers for the hostages.","in_reply_to_status_id":544271284796784640,"id":544272825268183041,"favorite_count":0,"source":"<a href=\"https://twitter.com/download/android\" rel=\"nofollow\">Twitter for Android Tablets</a>","retweeted":false,"coordinates":null,"entities":{"symbols":[],"user_mentions":[{"id":375721095,"indices":[0,12],"id_str":"375721095","screen_name":"Breaking911","name":"Breaking911"},{"id":17983365,"indices":[13,26],"id_str":"17983365","screen_name":"Cameron_Gray","name":"Cameron Gray"}],"hashtags":[],"urls":[]},"in_reply_to_screen_name":"Breaking911","id_str":"544272825268183041","retweet_count":0,"in_reply_to_user_id":375721095,"favorited":false,"user":{"follow_request_sent":false,"profile_use_background_image":true,"profile_text_color":"333333","default_profile_image":false,"id":31118126,"profile_background_image_url_https":"https://pbs.twimg.com/profile_background_images/10396636/don_t_tread_on_me_flag.jpg","verified":false,"profile_location":null,"profile_image_url_https":"https://pbs.twimg.com/profile_images/527420922643226624/PMD54btF_normal.jpeg","profile_sidebar_fill_color":"DDFFCC","entities":{"description":{"urls":[]}},"followers_count":1531,"profile_sidebar_border_color":"BDDCAD","id_str":"31118126","profile_background_color":"9AE4E8","listed_count":32,"is_translation_enabled":false,"utc_offset":-21600,"statuses_count":11525,"description":"(R) US Army Combat Veteran; Desert Shield/Storm, Operation Iraqi Freedom, Master Parachutist/Jumpmaster, Sapper; Proud Dad; Flag Waiving Patriot, Jeep Lover","friends_count":2002,"location":"Fort Leonard Wood","profile_link_color":"0084B4","profile_image_url":"http://pbs.twimg.com/profile_images/527420922643226624/PMD54btF_normal.jpeg","following":false,"geo_enabled":false,"profile_banner_url":"https://pbs.twimg.com/profile_banners/31118126/1414582098","profile_background_image_url":"http://pbs.twimg.com/profile_background_images/10396636/don_t_tread_on_me_flag.jpg","name":"Airborne_Sapper","lang":"en","profile_background_tile":true,"favourites_count":5171,"screen_name":"MichaelSmith024","notifications":false,"url":null,"created_at":"Tue Apr 14 13:14:34 +0000 2009","contributors_enabled":false,"time_zone":"Central Time (US & Canada)","protected":false,"default_profile":false,"is_translator":false},"geo":null,"in_reply_to_user_id_str":"375721095","lang":"en","created_at":"Sun Dec 14 23:28:48 +0000 2014","in_reply_to_status_id_str":"544271284796784640","place":null},
{"contributors":null,"truncated":false,"text":".@Breaking911 @Cameron_Gray SHIT. I KNEW IT when I saw the news break. Son-of-a-b.....!!!!!","in_reply_to_status_id":544271284796784640,"id":544272860194168833,"favorite_count":0,"source":"<a href=\"http://twitter.com\" rel=\"nofollow\">Twitter Web Client</a>","retweeted":false,"coordinates":null,"entities":{"symbols":[],"user_mentions":[{"id":375721095,"indices":[1,13],"id_str":"375721095","screen_name":"Breaking911","name":"Breaking911"},{"id":17983365,"indices":[14,27],"id_str":"17983365","screen_name":"Cameron_Gray","name":"Cameron Gray"}],"hashtags":[],"urls":[]},"in_reply_to_screen_name":"Breaking911","id_str":"544272860194168833","retweet_count":0,"in_reply_to_user_id":375721095,"favorited":false,"user":{"follow_request_sent":false,"profile_use_background_image":true,"profile_text_color":"362720","default_profile_image":false,"id":2273282888,"profile_background_image_url_https":"https://abs.twimg.com/images/themes/theme11/bg.gif","verified":false,"profile_location":null,"profile_image_url_https":"https://pbs.twimg.com/profile_images/418788968616849409/PMZYwS94_normal.jpeg","profile_sidebar_fill_color":"E5507E","entities":{"url":{"urls":[{"url":"http://t.co/PYtfLGxH6R","indices":[0,22],"expanded_url":"http://LaDonnaRae1961.blogspot.com","display_url":"LaDonnaRae1961.blogspot.com"}]},"description":{"urls":[]}},"followers_count":1700,"profile_sidebar_border_color":"CC3366","id_str":"2273282888","profile_background_color":"FF6699","listed_count":18,"is_translation_enabled":false,"utc_offset":null,"statuses_count":33270,"description":"Lover and Defender of Israel. Do NOT challenge me on Prime Minister Netanyahu. DANGEROUS TERRITORY.","friends_count":2001,"location":"Old: LaDonnaRae50.blogspot.com","profile_link_color":"B40B43","profile_image_url":"http://pbs.twimg.com/profile_images/418788968616849409/PMZYwS94_normal.jpeg","following":false,"geo_enabled":false,"profile_banner_url":"https://pbs.twimg.com/profile_banners/2273282888/1388682159","profile_background_image_url":"http://abs.twimg.com/images/themes/theme11/bg.gif","name":"LaDonna Mosier","lang":"en","profile_background_tile":true,"favourites_count":1948,"screen_name":"LaDonnaRae1961","notifications":false,"url":"http://t.co/PYtfLGxH6R","created_at":"Thu Jan 02 16:58:11 +0000 2014","contributors_enabled":false,"time_zone":null,"protected":false,"default_profile":false,"is_translator":false},"geo":null,"in_reply_to_user_id_str":"375721095","lang":"en","created_at":"Sun Dec 14 23:28:56 +0000 2014","in_reply_to_status_id_str":"544271284796784640","place":null},
{"contributors":null,"truncated":false,"text":"@Breaking911 Damn the Muslims back to their version of the 'holy land.'","in_reply_to_status_id":544271284796784640,"id":544273029765685248,"favorite_count":1,"source":"<a href=\"http://twitter.com/download/iphone\" rel=\"nofollow\">Twitter for iPhone</a>","retweeted":false,"coordinates":null,"entities":{"symbols":[],"user_mentions":[{"id":375721095,"indices":[0,12],"id_str":"375721095","screen_name":"Breaking911","name":"Breaking911"}],"hashtags":[],"urls":[]},"in_reply_to_screen_name":"Breaking911","id_str":"544273029765685248","retweet_count":0,"in_reply_to_user_id":375721095,"favorited":false,"user":{"follow_request_sent":false,"profile_use_background_image":true,"profile_text_color":"333333","default_profile_image":false,"id":2925094346,"profile_background_image_url_https":"https://abs.twimg.com/images/themes/theme1/bg.png","verified":false,"profile_location":null,"profile_image_url_https":"https://pbs.twimg.com/profile_images/542535143986974720/7cCiGsjH_normal.jpeg","profile_sidebar_fill_color":"DDEEF6","entities":{"description":{"urls":[]}},"followers_count":219,"profile_sidebar_border_color":"C0DEED","id_str":"2925094346","profile_background_color":"C0DEED","listed_count":0,"is_translation_enabled":false,"utc_offset":-28800,"statuses_count":920,"description":"this is how we do it in America","friends_count":429,"location":"","profile_link_color":"0084B4","profile_image_url":"http://pbs.twimg.com/profile_images/542535143986974720/7cCiGsjH_normal.jpeg","following":false,"geo_enabled":true,"profile_banner_url":"https://pbs.twimg.com/profile_banners/2925094346/1418797437","profile_background_image_url":"http://abs.twimg.com/images/themes/theme1/bg.png","name":"K","lang":"en","profile_background_tile":false,"favourites_count":3391,"screen_name":"realityhologram","notifications":false,"url":null,"created_at":"Wed Dec 10 03:08:03 +0000 2014","contributors_enabled":false,"time_zone":"Pacific Time (US & Canada)","protected":false,"default_profile":true,"is_translator":false},"geo":null,"in_reply_to_user_id_str":"375721095","lang":"en","created_at":"Sun Dec 14 23:29:37 +0000 2014","in_reply_to_status_id_str":"544271284796784640","place":null},
{"contributors":null,"truncated":false,"text":"@Breaking911 Thoughts go out to the people under seige in #sydney. Possible #ISIS attack. Just let them out safe. Let's not start a war!","in_reply_to_status_id":544271284796784640,"id":544274452381302784,"favorite_count":0,"source":"<a href=\"http://twitter.com\" rel=\"nofollow\">Twitter Web Client</a>","retweeted":false,"coordinates":null,"entities":{"symbols":[],"user_mentions":[{"id":375721095,"indices":[0,12],"id_str":"375721095","screen_name":"Breaking911","name":"Breaking911"}],"hashtags":[{"indices":[58,65],"text":"sydney"},{"indices":[76,81],"text":"ISIS"}],"urls":[]},"in_reply_to_screen_name":"Breaking911","id_str":"544274452381302784","retweet_count":0,"in_reply_to_user_id":375721095,"favorited":false,"user":{"follow_request_sent":false,"profile_use_background_image":true,"profile_text_color":"0D0C0D","default_profile_image":false,"id":82539013,"profile_background_image_url_https":"https://pbs.twimg.com/profile_background_images/228570988/Lovelly_Communication_High_Res.jpg","verified":false,"profile_location":null,"profile_image_url_https":"https://pbs.twimg.com/profile_images/573151393004929026/zjfN9id9_normal.jpeg","profile_sidebar_fill_color":"2BB0C2","entities":{"url":{"urls":[{"url":"http://t.co/jNKJtxofBy","indices":[0,22],"expanded_url":"http://lovellyinc.wordpress.com/","display_url":"lovellyinc.wordpress.com"}]},"description":{"urls":[{"url":"http://t.co/BBYM35nUA9","indices":[128,150],"expanded_url":"http://lovellycommunications.com","display_url":"lovellycommunications.com"}]}},"followers_count":2277,"profile_sidebar_border_color":"000000","id_str":"82539013","profile_background_color":"D8F0F0","listed_count":133,"is_translation_enabled":false,"utc_offset":39600,"statuses_count":21084,"description":"Lovelly by name, Lovely by nature. PR & Social Media Specialist.        Freelance Travel Writer. Comedy & Music industry focus. http://t.co/BBYM35nUA9","friends_count":2461,"location":"Sydney, Australia","profile_link_color":"831CA6","profile_image_url":"http://pbs.twimg.com/profile_images/573151393004929026/zjfN9id9_normal.jpeg","following":false,"geo_enabled":true,"profile_banner_url":"https://pbs.twimg.com/profile_banners/82539013/1399843932","profile_background_image_url":"http://pbs.twimg.com/profile_background_images/228570988/Lovelly_Communication_High_Res.jpg","name":"Emma Lovell","lang":"en","profile_background_tile":true,"favourites_count":4313,"screen_name":"Lovellyinc","notifications":false,"url":"http://t.co/jNKJtxofBy","created_at":"Thu Oct 15 04:29:32 +0000 2009","contributors_enabled":false,"time_zone":"Sydney","protected":false,"default_profile":false,"is_translator":false},"geo":null,"in_reply_to_user_id_str":"375721095","lang":"en","created_at":"Sun Dec 14 23:35:16 +0000 2014","in_reply_to_status_id_str":"544271284796784640","place":null},
{"contributors":null,"truncated":false,"text":"@Breaking911 bet they're happy they let those goat humpers into the country.","in_reply_to_status_id":544271284796784640,"id":544275772416880640,"favorite_count":0,"source":"<a href=\"http://twitter.com/download/iphone\" rel=\"nofollow\">Twitter for iPhone</a>","retweeted":false,"coordinates":null,"entities":{"symbols":[],"user_mentions":[{"id":375721095,"indices":[0,12],"id_str":"375721095","screen_name":"Breaking911","name":"Breaking911"}],"hashtags":[],"urls":[]},"in_reply_to_screen_name":"Breaking911","id_str":"544275772416880640","retweet_count":0,"in_reply_to_user_id":375721095,"favorited":false,"user":{"follow_request_sent":false,"profile_use_background_image":true,"profile_text_color":"333333","default_profile_image":false,"id":35604658,"profile_background_image_url_https":"https://abs.twimg.com/images/themes/theme1/bg.png","verified":false,"profile_location":null,"profile_image_url_https":"https://pbs.twimg.com/profile_images/543864500835713024/ssLm9rx1_normal.jpeg","profile_sidebar_fill_color":"DDEEF6","entities":{"description":{"urls":[]}},"followers_count":642,"profile_sidebar_border_color":"C0DEED","id_str":"35604658","profile_background_color":"C0DEED","listed_count":20,"is_translation_enabled":false,"utc_offset":-28800,"statuses_count":11447,"description":"Industrial & energy supply biz. Hiking, fishing, travel, NRA","friends_count":682,"location":"Anchorage, Alaska","profile_link_color":"0084B4","profile_image_url":"http://pbs.twimg.com/profile_images/543864500835713024/ssLm9rx1_normal.jpeg","following":false,"geo_enabled":false,"profile_banner_url":"https://pbs.twimg.com/profile_banners/35604658/1418492424","profile_background_image_url":"http://abs.twimg.com/images/themes/theme1/bg.png","name":"will griffin","lang":"en","profile_background_tile":false,"favourites_count":158,"screen_name":"alaskablog","notifications":false,"url":null,"created_at":"Sun Apr 26 23:51:45 +0000 2009","contributors_enabled":false,"time_zone":"Pacific Time (US & Canada)","protected":false,"default_profile":true,"is_translator":false},"geo":null,"in_reply_to_user_id_str":"375721095","lang":"en","created_at":"Sun Dec 14 23:40:30 +0000 2014","in_reply_to_status_id_str":"544271284796784640","place":null},
{"contributors":null,"truncated":false,"text":"@Breaking911 @OraBx The police better plan on killing him, because his intentions are not at all in doubt.","in_reply_to_status_id":544271284796784640,"id":544276699157135360,"favorite_count":1,"source":"<a href=\"http://twitter.com/download/iphone\" rel=\"nofollow\">Twitter for iPhone</a>","retweeted":false,"coordinates":null,"entities":{"symbols":[],"user_mentions":[{"id":375721095,"indices":[0,12],"id_str":"375721095","screen_name":"Breaking911","name":"Breaking911"},{"id":54720880,"indices":[13,19],"id_str":"54720880","screen_name":"OraBx","name":"Beatriz Caicedo"}],"hashtags":[],"urls":[]},"in_reply_to_screen_name":"Breaking911","id_str":"544276699157135360","retweet_count":0,"in_reply_to_user_id":375721095,"favorited":false,"user":{"follow_request_sent":false,"profile_use_background_image":true,"profile_text_color":"333333","default_profile_image":false,"id":315869655,"profile_background_image_url_https":"https://abs.twimg.com/images/themes/theme1/bg.png","verified":false,"profile_location":null,"profile_image_url_https":"https://pbs.twimg.com/profile_images/558377198546333696/k-CdItT9_normal.jpeg","profile_sidebar_fill_color":"DDEEF6","entities":{"description":{"urls":[]}},"followers_count":1065,"profile_sidebar_border_color":"C0DEED","id_str":"315869655","profile_background_color":"C0DEED","listed_count":9,"is_translation_enabled":false,"utc_offset":-21600,"statuses_count":19941,"description":"Soy economista e internacionalista, académico, amante del café y las conversaciones intelectuales.","friends_count":705,"location":"","profile_link_color":"0084B4","profile_image_url":"http://pbs.twimg.com/profile_images/558377198546333696/k-CdItT9_normal.jpeg","following":false,"geo_enabled":false,"profile_background_image_url":"http://abs.twimg.com/images/themes/theme1/bg.png","name":"Nicholas Virzi","lang":"es","profile_background_tile":false,"favourites_count":2821,"screen_name":"nicholasvirzi","notifications":false,"url":null,"created_at":"Sun Jun 12 15:43:25 +0000 2011","contributors_enabled":false,"time_zone":"Central Time (US & Canada)","protected":false,"default_profile":true,"is_translator":false},"geo":null,"in_reply_to_user_id_str":"375721095","lang":"en","created_at":"Sun Dec 14 23:44:11 +0000 2014","in_reply_to_status_id_str":"544271284796784640","place":null},
{"contributors":null,"truncated":false,"text":"@Breaking911 @JennJacques But, they are peaceful people and Hilary said they can be negotiated with!","in_reply_to_status_id":544271284796784640,"id":544279568233021440,"favorite_count":1,"source":"<a href=\"http://twitter.com/download/iphone\" rel=\"nofollow\">Twitter for iPhone</a>","retweeted":false,"coordinates":null,"entities":{"symbols":[],"user_mentions":[{"id":375721095,"indices":[0,12],"id_str":"375721095","screen_name":"Breaking911","name":"Breaking911"},{"id":100332944,"indices":[13,25],"id_str":"100332944","screen_name":"JennJacques","name":"Jenn Jacques"}],"hashtags":[],"urls":[]},"in_reply_to_screen_name":"Breaking911","id_str":"544279568233021440","retweet_count":0,"in_reply_to_user_id":375721095,"favorited":false,"user":{"follow_request_sent":false,"profile_use_background_image":true,"profile_text_color":"333333","default_profile_image":true,"id":2223453362,"profile_background_image_url_https":"https://abs.twimg.com/images/themes/theme1/bg.png","verified":false,"profile_location":null,"profile_image_url_https":"https://abs.twimg.com/sticky/default_profile_images/default_profile_4_normal.png","profile_sidebar_fill_color":"DDEEF6","entities":{"description":{"urls":[]}},"followers_count":112,"profile_sidebar_border_color":"C0DEED","id_str":"2223453362","profile_background_color":"C0DEED","listed_count":1,"is_translation_enabled":false,"utc_offset":null,"statuses_count":4339,"description":"conservative, God, Country, Family and Friends, truth, transparency in government, term limits for all.","friends_count":57,"location":"North Fl","profile_link_color":"0084B4","profile_image_url":"http://abs.twimg.com/sticky/default_profile_images/default_profile_4_normal.png","following":false,"geo_enabled":true,"profile_background_image_url":"http://abs.twimg.com/images/themes/theme1/bg.png","name":"DLW","lang":"en","profile_background_tile":false,"favourites_count":2762,"screen_name":"DNettlesWendorf","notifications":false,"url":null,"created_at":"Sat Nov 30 17:23:06 +0000 2013","contributors_enabled":false,"time_zone":null,"protected":false,"default_profile":true,"is_translator":false},"geo":null,"in_reply_to_user_id_str":"375721095","lang":"en","created_at":"Sun Dec 14 23:55:35 +0000 2014","in_reply_to_status_id_str":"544271284796784640","place":null}
]