[{"contributors":null,"truncated":false,"text":"@KristyMayr7 that is not an IS flag specifically.","in_reply_to_status_id":544267656597995521,"id":544269152198721536,"favorite_count":1,"source":"<a href=\"http://twitter.com/download/android\" rel=\"nofollow\">Twitter for Android</a>","retweeted":false,"coordinates":null,"entities":{"symbols":[],"user_mentions":[{"id":258627226,"indices":[0,12],"id_str":"258627226","screen_name":"KristyMayr7","name":"Kristy Mayr"}],"hashtags":[],"urls":[]},"in_reply_to_screen_name":"KristyMayr7","id_str":"544269152198721536","retweet_count":1,"in_reply_to_user_id":258627226,"favorited":false,"user":{"follow_request_sent":false,"profile_use_background_image":true,"profile_text_color":"333333","default_profile_image":false,"id":443573208,"profile_background_image_url_https":"https://pbs.twimg.com/profile_background_images/388432356/COLOURlovers.com-Arabesque_34.png","verified":false,"profile_location":null,"profile_image_url_https":"https://pbs.twimg.com/profile_images/580249269262630912/T5krgnMV_normal.jpg","profile_sidebar_fill_color":"F6FFD1","entities":{"url":{"urls":[{"url":"http://t.co/s2FyHFlt5g","indices":[0,22],"expanded_url":"http://squashingbutterflies.wordpress.com/","display_url":"squashingbutterflies.wordpress.com"}]},"description":{"urls":[]}},"followers_count":1192,"profile_sidebar_border_color":"FFF8AD","id_str":"443573208","profile_background_color":"FFF04D","listed_count":14,"is_translation_enabled":false,"utc_offset":39600,"statuses_count":20334,"description":"Killing butterflies, stopping hurricanes.\n\nPhD candidate (History), tutor, Muslamic, uninformed commentary and other ephemera.","friends_count":607,"location":"Sydney, Australia","profile_link_color":"020302","profile_image_url":"http://pbs.twimg.com/profile_images/580249269262630912/T5krgnMV_normal.jpg","following":false,"geo_enabled":true,"profile_banner_url":"https://pbs.twimg.com/profile_banners/443573208/1399209072","profile_background_image_url":"http://pbs.twimg.com/profile_background_images/388432356/COLOURlovers.com-Arabesque_34.png","name":"OttomanScribe","lang":"en","profile_background_tile":true,"favourites_count":4415,"screen_name":"ottomanscribe","notifications":false,"url":"http://t.co/s2FyHFlt5g","created_at":"Thu Dec 22 09:34:28 +0000 2011","contributors_enabled":false,"time_zone":"Sydney","protected":false,"default_profile":false,"is_translator":false},"geo":null,"in_reply_to_user_id_str":"258627226","lang":"en","created_at":"Sun Dec 14 23:14:12 +0000 2014","in_reply_to_status_id_str":"544267656597995521","place":null},
{"contributors":null,"truncated":false,"text":"@KristyMayr7 omg\nI'm watching it on @morningshowon7","in_reply_to_status_id":544267656597995521,"id":544269478406529024,"favorite_count":0,"source":"<a href=\"http://twitter.com/download/android\" rel=\"nofollow\">Twitter for Android</a>","retweeted":false,"coordinates":null,"entities":{"symbols":[],"user_mentions":[{"id":258627226,"indices":[0,12],"id_str":"258627226","screen_name":"KristyMayr7","name":"Kristy Mayr"},{"id":22705952,"indices":[36,51],"id_str":"22705952","screen_name":"morningshowon7","name":"The Morning Show"}],"hashtags":[],"urls":[]},"in_reply_to_screen_name":"KristyMayr7","id_str":"544269478406529024","retweet_count":0,"in_reply_to_user_id":258627226,"favorited":false,"user":{"follow_request_sent":false,"profile_use_background_image":true,"profile_text_color":"333333","default_profile_image":false,"id":2700238212,"profile_background_image_url_https":"https://abs.twimg.com/images/themes/theme1/bg.png","verified":false,"profile_location":null,"profile_image_url_https":"https://pbs.twimg.com/profile_images/563202687613673472/JO_I4RDe_normal.jpeg","profile_sidebar_fill_color":"DDEEF6","entities":{"description":{"urls":[]}},"followers_count":42,"profile_sidebar_border_color":"C0DEED","id_str":"2700238212","profile_background_color":"C0DEED","listed_count":1,"is_translation_enabled":false,"utc_offset":null,"statuses_count":1334,"description":"","friends_count":234,"location":"","profile_link_color":"0084B4","profile_image_url":"http://pbs.twimg.com/profile_images/563202687613673472/JO_I4RDe_normal.jpeg","following":false,"geo_enabled":true,"profile_banner_url":"https://pbs.twimg.com/profile_banners/2700238212/1417912061","profile_background_image_url":"http://abs.twimg.com/images/themes/theme1/bg.png","name":"Tammy Miller","lang":"en","profile_background_tile":false,"favourites_count":149,"screen_name":"tlcrosemiller11","notifications":false,"url":null,"created_at":"Sat Aug 02 07:51:08 +0000 2014","contributors_enabled":false,"time_zone":null,"protected":false,"default_profile":true,"is_translator":false},"geo":null,"in_reply_to_user_id_str":"258627226","lang":"en","created_at":"Sun Dec 14 23:15:30 +0000 2014","in_reply_to_status_id_str":"544267656597995521","place":null},
{"contributors":null,"truncated":false,"text":"@KristyMayr7 @DeepPolitics dudes, not the flag being used by isis http://t.co/NUUSJ13KDo","in_reply_to_status_id":544267656597995521,"id":544270016770633728,"favorite_count":1,"source":"<a href=\"https://about.twitter.com/products/tweetdeck\" rel=\"nofollow\">TweetDeck</a>","retweeted":false,"coordinates":null,"entities":{"symbols":[],"user_mentions":[{"id":258627226,"indices":[0,12],"id_str":"258627226","screen_name":"KristyMayr7","name":"Kristy Mayr"},{"id":48570843,"indices":[13,26],"id_str":"48570843","screen_name":"DeepPolitics","name":"Deep Politics"}],"hashtags":[],"urls":[{"url":"http://t.co/NUUSJ13KDo","indices":[66,88],"expanded_url":"http://www.pri.org/sites/default/files/ISISflag%20copy.jpg","display_url":"pri.org/sites/default/…"}]},"in_reply_to_screen_name":"KristyMayr7","id_str":"544270016770633728","retweet_count":0,"in_reply_to_user_id":258627226,"favorited":false,"user":{"follow_request_sent":false,"profile_use_background_image":true,"profile_text_color":"333333","default_profile_image":false,"id":760246262,"profile_background_image_url_https":"https://abs.twimg.com/images/themes/theme1/bg.png","verified":false,"profile_location":null,"profile_image_url_https":"https://pbs.twimg.com/profile_images/556556330618462209/HdprHXgE_normal.png","profile_sidebar_fill_color":"DDEEF6","entities":{"description":{"urls":[]}},"followers_count":147,"profile_sidebar_border_color":"C0DEED","id_str":"760246262","profile_background_color":"C0DEED","listed_count":0,"is_translation_enabled":false,"utc_offset":36000,"statuses_count":565,"description":"Is rioting legitimate protest? Is Twitter legitimate poetry?","friends_count":846,"location":"Melbs. Australia.","profile_link_color":"0084B4","profile_image_url":"http://pbs.twimg.com/profile_images/556556330618462209/HdprHXgE_normal.png","following":false,"geo_enabled":false,"profile_banner_url":"https://pbs.twimg.com/profile_banners/760246262/1370934134","profile_background_image_url":"http://abs.twimg.com/images/themes/theme1/bg.png","name":"Stror 'At Coot","lang":"en","profile_background_tile":false,"favourites_count":686,"screen_name":"tihrigby","notifications":false,"url":null,"created_at":"Wed Aug 15 21:55:53 +0000 2012","contributors_enabled":false,"time_zone":"Brisbane","protected":false,"default_profile":true,"is_translator":false},"geo":null,"in_reply_to_user_id_str":"258627226","possibly_sensitive":false,"lang":"en","created_at":"Sun Dec 14 23:17:38 +0000 2014","in_reply_to_status_id_str":"544267656597995521","place":null},
{"contributors":null,"truncated":false,"text":"@KristyMayr7 @bluebuzzbird How pathetic! These poor people!","in_reply_to_status_id":544267656597995521,"id":544270351619067904,"favorite_count":0,"source":"<a href=\"http://twitter.com\" rel=\"nofollow\">Twitter Web Client</a>","retweeted":false,"coordinates":null,"entities":{"symbols":[],"user_mentions":[{"id":258627226,"indices":[0,12],"id_str":"258627226","screen_name":"KristyMayr7","name":"Kristy Mayr"},{"id":457437029,"indices":[13,26],"id_str":"457437029","screen_name":"bluebuzzbird","name":"Caroline"}],"hashtags":[],"urls":[]},"in_reply_to_screen_name":"KristyMayr7","id_str":"544270351619067904","retweet_count":0,"in_reply_to_user_id":258627226,"favorited":false,"user":{"follow_request_sent":false,"profile_use_background_image":true,"profile_text_color":"333333","default_profile_image":false,"id":2670053628,"profile_background_image_url_https":"https://pbs.twimg.com/profile_background_images/509022613054578688/h4fFhPth.png","verified":false,"profile_location":null,"profile_image_url_https":"https://pbs.twimg.com/profile_images/583289053539241984/aEtFt2Zu_normal.jpg","profile_sidebar_fill_color":"DDEEF6","entities":{"url":{"urls":[{"url":"http://t.co/KspmuC2WVw","indices":[0,22],"expanded_url":"http://pinterest.com/SloaneSW7/","display_url":"pinterest.com/SloaneSW7/"}]},"description":{"urls":[]}},"followers_count":299,"profile_sidebar_border_color":"FFFFFF","id_str":"2670053628","profile_background_color":"C0DEED","listed_count":6,"is_translation_enabled":false,"utc_offset":0,"statuses_count":7590,"description":"Wanna-be #Twitterstorian #royalty #royalphotography #Historicwomen #KennedyClan #FirstLadies Creator of #RoyalBlogs Series\n\nROLE PLAYING ACCOUNTS ARE BLOCKED.","friends_count":614,"location":"Outside BP & White House Gates","profile_link_color":"DD2E44","profile_image_url":"http://pbs.twimg.com/profile_images/583289053539241984/aEtFt2Zu_normal.jpg","following":false,"geo_enabled":false,"profile_banner_url":"https://pbs.twimg.com/profile_banners/2670053628/1413830362","profile_background_image_url":"http://pbs.twimg.com/profile_background_images/509022613054578688/h4fFhPth.png","name":"Sloane Kensington","lang":"en","profile_background_tile":true,"favourites_count":703,"screen_name":"SloaneSW7","notifications":false,"url":"http://t.co/KspmuC2WVw","created_at":"Tue Jul 22 17:34:35 +0000 2014","contributors_enabled":false,"time_zone":"London","protected":false,"default_profile":false,"is_translator":false},"geo":null,"in_reply_to_user_id_str":"258627226","lang":"en","created_at":"Sun Dec 14 23:18:58 +0000 2014","in_reply_to_status_id_str":"544267656597995521","place":null},
{"contributors":null,"truncated":false,"text":"@KristyMayr7 @bluebuzzbird Lindt is just a coffee shop, right? Or is it something else?","in_reply_to_status_id":544267656597995521,"id":544270614442557441,"favorite_count":0,"source":"<a href=\"http://twitter.com\" rel=\"nofollow\">Twitter Web Client</a>","retweeted":false,"coordinates":null,"entities":{"symbols":[],"user_mentions":[{"id":258627226,"indices":[0,12],"id_str":"258627226","screen_name":"KristyMayr7","name":"Kristy Mayr"},{"id":457437029,"indices":[13,26],"id_str":"457437029","screen_name":"bluebuzzbird","name":"Caroline"}],"hashtags":[],"urls":[]},"in_reply_to_screen_name":"KristyMayr7","id_str":"544270614442557441","retweet_count":0,"in_reply_to_user_id":258627226,"favorited":false,"user":{"follow_request_sent":false,"profile_use_background_image":true,"profile_text_color":"333333","default_profile_image":false,"id":2670053628,"profile_background_image_url_https":"https://pbs.twimg.com/profile_background_images/509022613054578688/h4fFhPth.png","verified":false,"profile_location":null,"profile_image_url_https":"https://pbs.twimg.com/profile_images/583289053539241984/aEtFt2Zu_normal.jpg","profile_sidebar_fill_color":"DDEEF6","entities":{"url":{"urls":[{"url":"http://t.co/KspmuC2WVw","indices":[0,22],"expanded_url":"http://pinterest.com/SloaneSW7/","display_url":"pinterest.com/SloaneSW7/"}]},"description":{"urls":[]}},"followers_count":299,"profile_sidebar_border_color":"FFFFFF","id_str":"2670053628","profile_background_color":"C0DEED","listed_count":6,"is_translation_enabled":false,"utc_offset":0,"statuses_count":7590,"description":"Wanna-be #Twitterstorian #royalty #royalphotography #Historicwomen #KennedyClan #FirstLadies Creator of #RoyalBlogs Series\n\nROLE PLAYING ACCOUNTS ARE BLOCKED.","friends_count":614,"location":"Outside BP & White House Gates","profile_link_color":"DD2E44","profile_image_url":"http://pbs.twimg.com/profile_images/583289053539241984/aEtFt2Zu_normal.jpg","following":false,"geo_enabled":false,"profile_banner_url":"https://pbs.twimg.com/profile_banners/2670053628/1413830362","profile_background_image_url":"http://pbs.twimg.com/profile_background_images/509022613054578688/h4fFhPth.png","name":"Sloane Kensington","lang":"en","profile_background_tile":true,"favourites_count":703,"screen_name":"SloaneSW7","notifications":false,"url":"http://t.co/KspmuC2WVw","created_at":"Tue Jul 22 17:34:35 +0000 2014","contributors_enabled":false,"time_zone":"London","protected":false,"default_profile":false,"is_translator":false},"geo":null,"in_reply_to_user_id_str":"258627226","lang":"en","created_at":"Sun Dec 14 23:20:01 +0000 2014","in_reply_to_status_id_str":"544267656597995521","place":null},
{"contributors":null,"truncated":false,"text":"@tihrigby @KristyMayr7 lol works fine for the cameras. Does the job #stagemanagement","in_reply_to_status_id":544270016770633728,"id":544270637280149504,"favorite_count":1,"source":"<a href=\"http://twitter.com\" rel=\"nofollow\">Twitter Web Client</a>","retweeted":false,"coordinates":null,"entities":{"symbols":[],"user_mentions":[{"id":760246262,"indices":[0,9],"id_str":"760246262","screen_name":"tihrigby","name":"Stror 'At Coot"},{"id":258627226,"indices":[10,22],"id_str":"258627226","screen_name":"KristyMayr7","name":"Kristy Mayr"}],"hashtags":[{"indices":[68,84],"text":"stagemanagement"}],"urls":[]},"in_reply_to_screen_name":"tihrigby","id_str":"544270637280149504","retweet_count":0,"in_reply_to_user_id":760246262,"favorited":false,"user":{"follow_request_sent":false,"profile_use_background_image":true,"profile_text_color":"E1224B","default_profile_image":false,"id":48570843,"profile_background_image_url_https":"https://pbs.twimg.com/profile_background_images/378800000011824305/839c00b09810b37c4a1f6640bef868ed.png","verified":false,"profile_location":null,"profile_image_url_https":"https://pbs.twimg.com/profile_images/274502784/Dr._Strangelove_normal.jpg","profile_sidebar_fill_color":"9C3981","entities":{"url":{"urls":[{"url":"http://t.co/4zrq98HZ2Q","indices":[0,22],"expanded_url":"http://www.deeppoliticsforum.com","display_url":"deeppoliticsforum.com"}]},"description":{"urls":[]}},"followers_count":3251,"profile_sidebar_border_color":"7E309B","id_str":"48570843","profile_background_color":"F99636","listed_count":87,"is_translation_enabled":false,"utc_offset":-36000,"statuses_count":63001,"description":"An online community dedicated to shining light into the shadowy reaches of historical and contemporary deep political systems.","friends_count":3470,"location":"Everywhere","profile_link_color":"FF3B3B","profile_image_url":"http://pbs.twimg.com/profile_images/274502784/Dr._Strangelove_normal.jpg","following":false,"geo_enabled":true,"profile_banner_url":"https://pbs.twimg.com/profile_banners/48570843/1394607083","profile_background_image_url":"http://pbs.twimg.com/profile_background_images/378800000011824305/839c00b09810b37c4a1f6640bef868ed.png","name":"Deep Politics","lang":"en","profile_background_tile":true,"favourites_count":42618,"screen_name":"DeepPolitics","notifications":false,"url":"http://t.co/4zrq98HZ2Q","created_at":"Fri Jun 19 01:51:29 +0000 2009","contributors_enabled":false,"time_zone":"Hawaii","protected":false,"default_profile":false,"is_translator":false},"geo":null,"in_reply_to_user_id_str":"760246262","lang":"en","created_at":"Sun Dec 14 23:20:06 +0000 2014","in_reply_to_status_id_str":"544270016770633728","place":null},
{"contributors":null,"truncated":false,"text":"@KristyMayr7 @7NewsSydney \nAny demands? Money? Prisoner releases? Omfg.","in_reply_to_status_id":544267656597995521,"id":544270764766003200,"favorite_count":0,"source":"<a href=\"http://twitter.com/download/android\" rel=\"nofollow\">Twitter for Android</a>","retweeted":false,"coordinates":{"type":"Point","coordinates":[-122.2719992,37.8107937]},"entities":{"symbols":[],"user_mentions":[{"id":258627226,"indices":[0,12],"id_str":"258627226","screen_name":"KristyMayr7","name":"Kristy Mayr"},{"id":156464691,"indices":[13,25],"id_str":"156464691","screen_name":"7NewsSydney","name":"7 News Sydney"}],"hashtags":[],"urls":[]},"in_reply_to_screen_name":"KristyMayr7","id_str":"544270764766003200","retweet_count":0,"in_reply_to_user_id":258627226,"favorited":false,"user":{"follow_request_sent":false,"profile_use_background_image":true,"profile_text_color":"000000","default_profile_image":false,"id":20655577,"profile_background_image_url_https":"https://pbs.twimg.com/profile_background_images/311519331/OceanBeachMD.jpg","verified":false,"profile_location":null,"profile_image_url_https":"https://pbs.twimg.com/profile_images/551453560320192513/OG20iFQU_normal.png","profile_sidebar_fill_color":"5CAC1B","entities":{"description":{"urls":[]}},"followers_count":522,"profile_sidebar_border_color":"287005","id_str":"20655577","profile_background_color":"FFFFFF","listed_count":13,"is_translation_enabled":false,"utc_offset":null,"statuses_count":24178,"description":"Happy woman. Trans activist. Fighting for medical access for Trans women. Letter writer. Veteran.","friends_count":1998,"location":"Outside San Francisco, USA","profile_link_color":"2D4A17","profile_image_url":"http://pbs.twimg.com/profile_images/551453560320192513/OG20iFQU_normal.png","following":false,"geo_enabled":true,"profile_banner_url":"https://pbs.twimg.com/profile_banners/20655577/1412495127","profile_background_image_url":"http://pbs.twimg.com/profile_background_images/311519331/OceanBeachMD.jpg","name":"Lynn","lang":"en","profile_background_tile":true,"favourites_count":13332,"screen_name":"Lynnier","notifications":false,"url":null,"created_at":"Thu Feb 12 05:02:19 +0000 2009","contributors_enabled":false,"time_zone":null,"protected":false,"default_profile":false,"is_translator":false},"geo":{"type":"Point","coordinates":[37.8107937,-122.2719992]},"in_reply_to_user_id_str":"258627226","lang":"en","created_at":"Sun Dec 14 23:20:37 +0000 2014","in_reply_to_status_id_str":"544267656597995521","place":{"full_name":"Oakland, CA","url":"https://api.twitter.com/1.1/geo/id/ab2f2fac83aa388d.json","country":"United States","place_type":"city","bounding_box":{"type":"Polygon","coordinates":[[[-122.34266,37.699279],[-122.114711,37.699279],[-122.114711,37.8847092],[-122.34266,37.8847092]]]},"contained_within":[],"country_code":"US","attributes":{},"id":"ab2f2fac83aa388d","name":"Oakland"}},
{"contributors":null,"truncated":false,"text":"@SloaneSW7 @KristyMayr7 Yes Lindt as in a chocololates - cafe and shop.","in_reply_to_status_id":544270614442557441,"id":544271060216979456,"favorite_count":0,"source":"<a href=\"http://twitter.com/download/android\" rel=\"nofollow\">Twitter for Android</a>","retweeted":false,"coordinates":null,"entities":{"symbols":[],"user_mentions":[{"id":2670053628,"indices":[0,10],"id_str":"2670053628","screen_name":"SloaneSW7","name":"Sloane Kensington"},{"id":258627226,"indices":[11,23],"id_str":"258627226","screen_name":"KristyMayr7","name":"Kristy Mayr"}],"hashtags":[],"urls":[]},"in_reply_to_screen_name":"SloaneSW7","id_str":"544271060216979456","retweet_count":0,"in_reply_to_user_id":2670053628,"favorited":false,"user":{"follow_request_sent":false,"profile_use_background_image":true,"profile_text_color":"333333","default_profile_image":false,"id":457437029,"profile_background_image_url_https":"https://pbs.twimg.com/profile_background_images/436419271179005952/X0yZcrK7.jpeg","verified":false,"profile_location":null,"profile_image_url_https":"https://pbs.twimg.com/profile_images/588934498340868096/ps8AiBV-_normal.jpg","profile_sidebar_fill_color":"F6F6F6","entities":{"url":{"urls":[{"url":"http://t.co/phKsrPgBOk","indices":[0,22],"expanded_url":"http://www.instagram.com/bluebuzzbird","display_url":"instagram.com/bluebuzzbird"}]},"description":{"urls":[]}},"followers_count":580,"profile_sidebar_border_color":"000000","id_str":"457437029","profile_background_color":"FFF04D","listed_count":10,"is_translation_enabled":false,"utc_offset":39600,"statuses_count":6648,"description":"Royals♔ News, Sport, Weather☔️⛅️ Aviation✈️ entertainment⭐️ beautiful scenery, whatever....","friends_count":688,"location":"Sydney","profile_link_color":"4A913C","profile_image_url":"http://pbs.twimg.com/profile_images/588934498340868096/ps8AiBV-_normal.jpg","following":false,"geo_enabled":true,"profile_banner_url":"https://pbs.twimg.com/profile_banners/457437029/1417104582","profile_background_image_url":"http://pbs.twimg.com/profile_background_images/436419271179005952/X0yZcrK7.jpeg","name":"Caroline","lang":"en-gb","profile_background_tile":true,"favourites_count":328,"screen_name":"bluebuzzbird","notifications":false,"url":"http://t.co/phKsrPgBOk","created_at":"Sat Jan 07 12:06:14 +0000 2012","contributors_enabled":false,"time_zone":"Sydney","protected":false,"default_profile":false,"is_translator":false},"geo":null,"in_reply_to_user_id_str":"2670053628","lang":"en","created_at":"Sun Dec 14 23:21:47 +0000 2014","in_reply_to_status_id_str":"544270614442557441","place":null},
{"contributors":null,"truncated":false,"text":"@KristyMayr7 @stephenfhayes This is what can happen when guns are banned. Evil will prevail unchecked.","in_reply_to_status_id":544267656597995521,"id":544271477051502593,"favorite_count":0,"source":"<a href=\"http://twitter.com\" rel=\"nofollow\">Twitter Web Client</a>","retweeted":false,"coordinates":null,"entities":{"symbols":[],"user_mentions":[{"id":258627226,"indices":[0,12],"id_str":"258627226","screen_name":"KristyMayr7","name":"Kristy Mayr"},{"id":69773058,"indices":[13,27],"id_str":"69773058","screen_name":"stephenfhayes","name":"Stephen Hayes"}],"hashtags":[],"urls":[]},"in_reply_to_screen_name":"KristyMayr7","id_str":"544271477051502593","retweet_count":0,"in_reply_to_user_id":258627226,"favorited":false,"user":{"follow_request_sent":false,"profile_use_background_image":true,"profile_text_color":"3E4415","default_profile_image":false,"id":80159384,"profile_background_image_url_https":"https://pbs.twimg.com/profile_background_images/43181761/wcredbird250x250.jpg","verified":false,"profile_location":null,"profile_image_url_https":"https://pbs.twimg.com/profile_images/568190008796794881/M5DzZsjW_normal.jpeg","profile_sidebar_fill_color":"99CC33","entities":{"url":{"urls":[{"url":"http://t.co/rpYjdmrDnH","indices":[0,22],"expanded_url":"http://www.redbirdacres.net/","display_url":"redbirdacres.net"}]},"description":{"urls":[]}},"followers_count":96,"profile_sidebar_border_color":"000000","id_str":"80159384","profile_background_color":"000000","listed_count":6,"is_translation_enabled":false,"utc_offset":-18000,"statuses_count":2266,"description":"Christian, Conservative-Libertarian, Avid Motorcyclist, Amateur Genealogist & Medieval History, American. Pro Israel, Guns, & Life. Married 35+ Yrs.","friends_count":152,"location":"Patterson, Georgia USA","profile_link_color":"FF0000","profile_image_url":"http://pbs.twimg.com/profile_images/568190008796794881/M5DzZsjW_normal.jpeg","following":false,"geo_enabled":true,"profile_banner_url":"https://pbs.twimg.com/profile_banners/80159384/1399600360","profile_background_image_url":"http://pbs.twimg.com/profile_background_images/43181761/wcredbird250x250.jpg","name":"Sparky","lang":"en","profile_background_tile":true,"favourites_count":782,"screen_name":"redbirdacres","notifications":false,"url":"http://t.co/rpYjdmrDnH","created_at":"Mon Oct 05 23:46:31 +0000 2009","contributors_enabled":false,"time_zone":"Eastern Time (US & Canada)","protected":false,"default_profile":false,"is_translator":false},"geo":null,"in_reply_to_user_id_str":"258627226","lang":"en","created_at":"Sun Dec 14 23:23:26 +0000 2014","in_reply_to_status_id_str":"544267656597995521","place":{"full_name":"Georgia, US","url":"https://api.twitter.com/1.1/geo/id/7142eb97ae21e839.json","country":"United States","place_type":"admin","bounding_box":{"type":"Polygon","coordinates":[[[-85.605166,30.355644],[-80.742567,30.355644],[-80.742567,35.000771],[-85.605166,35.000771]]]},"contained_within":[],"country_code":"US","attributes":{},"id":"7142eb97ae21e839","name":"Georgia"}},
{"contributors":null,"truncated":false,"text":"@KristyMayr7 @BlogsofWar This is totally not the ISIS flag!","in_reply_to_status_id":544267656597995521,"id":544271625055911936,"favorite_count":0,"source":"<a href=\"http://twitter.com/download/iphone\" rel=\"nofollow\">Twitter for iPhone</a>","retweeted":false,"coordinates":null,"entities":{"symbols":[],"user_mentions":[{"id":258627226,"indices":[0,12],"id_str":"258627226","screen_name":"KristyMayr7","name":"Kristy Mayr"},{"id":14401607,"indices":[13,24],"id_str":"14401607","screen_name":"BlogsofWar","name":"Blogs of War"}],"hashtags":[],"urls":[]},"in_reply_to_screen_name":"KristyMayr7","id_str":"544271625055911936","retweet_count":0,"in_reply_to_user_id":258627226,"favorited":false,"user":{"follow_request_sent":false,"profile_use_background_image":false,"profile_text_color":"E8EDED","default_profile_image":false,"id":74481416,"profile_background_image_url_https":"https://pbs.twimg.com/profile_background_images/663495213/db4sj1j0akf22wgnlkun.jpeg","verified":false,"profile_location":null,"profile_image_url_https":"https://pbs.twimg.com/profile_images/577969434930741248/VYRDxWn5_normal.jpeg","profile_sidebar_fill_color":"0A0A0A","entities":{"description":{"urls":[]}},"followers_count":19032,"profile_sidebar_border_color":"FFFFFF","id_str":"74481416","profile_background_color":"9E0402","listed_count":265,"is_translation_enabled":false,"utc_offset":7200,"statuses_count":23083,"description":"Mostly Lebanese.\nA bit Iraqi & Syrian.\nI want a better Lebanon.\nAnd a better Arab world.\nI strive for it offline.\n& I tweet for it online.","friends_count":767,"location":"Lebanon","profile_link_color":"9E0402","profile_image_url":"http://pbs.twimg.com/profile_images/577969434930741248/VYRDxWn5_normal.jpeg","following":false,"geo_enabled":true,"profile_banner_url":"https://pbs.twimg.com/profile_banners/74481416/1417516341","profile_background_image_url":"http://pbs.twimg.com/profile_background_images/663495213/db4sj1j0akf22wgnlkun.jpeg","name":"Sara Assaf","lang":"en","profile_background_tile":false,"favourites_count":3113,"screen_name":"SaraAssaf","notifications":false,"url":null,"created_at":"Tue Sep 15 16:00:53 +0000 2009","contributors_enabled":false,"time_zone":"Istanbul","protected":false,"default_profile":false,"is_translator":false},"geo":null,"in_reply_to_user_id_str":"258627226","lang":"en","created_at":"Sun Dec 14 23:24:02 +0000 2014","in_reply_to_status_id_str":"544267656597995521","place":null},
{"contributors":null,"truncated":false,"text":"@redbirdacres @KristyMayr7 @stephenfhayes Haha","in_reply_to_status_id":544271477051502593,"id":544271954237067264,"favorite_count":0,"source":"<a href=\"https://about.twitter.com/products/tweetdeck\" rel=\"nofollow\">TweetDeck</a>","retweeted":false,"coordinates":null,"entities":{"symbols":[],"user_mentions":[{"id":80159384,"indices":[0,13],"id_str":"80159384","screen_name":"redbirdacres","name":"Sparky"},{"id":258627226,"indices":[14,26],"id_str":"258627226","screen_name":"KristyMayr7","name":"Kristy Mayr"},{"id":69773058,"indices":[27,41],"id_str":"69773058","screen_name":"stephenfhayes","name":"Stephen Hayes"}],"hashtags":[],"urls":[]},"in_reply_to_screen_name":"redbirdacres","id_str":"544271954237067264","retweet_count":0,"in_reply_to_user_id":80159384,"favorited":false,"user":{"follow_request_sent":false,"profile_use_background_image":true,"profile_text_color":"333333","default_profile_image":false,"id":512990257,"profile_background_image_url_https":"https://abs.twimg.com/images/themes/theme1/bg.png","verified":false,"profile_location":null,"profile_image_url_https":"https://pbs.twimg.com/profile_images/493442622464077824/4WCEPraV_normal.jpeg","profile_sidebar_fill_color":"DDEEF6","entities":{"url":{"urls":[{"url":"http://t.co/jqyNUa756s","indices":[0,22],"expanded_url":"http://www.esportsheaven.com","display_url":"esportsheaven.com"}]},"description":{"urls":[{"url":"http://t.co/jqyNUa756s","indices":[18,40],"expanded_url":"http://www.esportsheaven.com","display_url":"esportsheaven.com"}]}},"followers_count":1731,"profile_sidebar_border_color":"C0DEED","id_str":"512990257","profile_background_color":"C0DEED","listed_count":19,"is_translation_enabled":false,"utc_offset":-21600,"statuses_count":7262,"description":"Editor-in-Chief @ http://t.co/jqyNUa756s.  All opinions are my own.  Chinese LoL connoisseur. Smasher and BWer at heart.","friends_count":561,"location":"WI, USA","profile_link_color":"344F6B","profile_image_url":"http://pbs.twimg.com/profile_images/493442622464077824/4WCEPraV_normal.jpeg","following":false,"geo_enabled":false,"profile_background_image_url":"http://abs.twimg.com/images/themes/theme1/bg.png","name":"Michale Lalor","lang":"en","profile_background_tile":false,"favourites_count":1331,"screen_name":"ESHDrexxin","notifications":false,"url":"http://t.co/jqyNUa756s","created_at":"Sat Mar 03 09:35:42 +0000 2012","contributors_enabled":false,"time_zone":"Central Time (US & Canada)","protected":false,"default_profile":false,"is_translator":false},"geo":null,"in_reply_to_user_id_str":"80159384","lang":"tl","created_at":"Sun Dec 14 23:25:20 +0000 2014","in_reply_to_status_id_str":"544271477051502593","place":null},
{"contributors":null,"truncated":false,"text":"@KristyMayr7 A hold up?","in_reply_to_status_id":544267656597995521,"id":544271977590976512,"favorite_count":0,"source":"<a href=\"https://twitter.com/download/android\" rel=\"nofollow\">Twitter for Android Tablets</a>","retweeted":false,"coordinates":null,"entities":{"symbols":[],"user_mentions":[{"id":258627226,"indices":[0,12],"id_str":"258627226","screen_name":"KristyMayr7","name":"Kristy Mayr"}],"hashtags":[],"urls":[]},"in_reply_to_screen_name":"KristyMayr7","id_str":"544271977590976512","retweet_count":0,"in_reply_to_user_id":258627226,"favorited":false,"user":{"follow_request_sent":false,"profile_use_background_image":true,"profile_text_color":"333333","default_profile_image":false,"id":892197414,"profile_background_image_url_https":"https://abs.twimg.com/images/themes/theme9/bg.gif","verified":false,"profile_location":null,"profile_image_url_https":"https://pbs.twimg.com/profile_images/488714690621489152/p_Da3H99_normal.jpeg","profile_sidebar_fill_color":"DDEEF6","entities":{"description":{"urls":[]}},"followers_count":264,"profile_sidebar_border_color":"FFFFFF","id_str":"892197414","profile_background_color":"1A1B1F","listed_count":6,"is_translation_enabled":false,"utc_offset":-28800,"statuses_count":20265,"description":"Actor/Magnificent Madman Extraordinaire","friends_count":2001,"location":"Vahalla","profile_link_color":"BACACF","profile_image_url":"http://pbs.twimg.com/profile_images/488714690621489152/p_Da3H99_normal.jpeg","following":false,"geo_enabled":true,"profile_banner_url":"https://pbs.twimg.com/profile_banners/892197414/1406460809","profile_background_image_url":"http://abs.twimg.com/images/themes/theme9/bg.gif","name":"Blake X.","lang":"en","profile_background_tile":false,"favourites_count":10333,"screen_name":"BlakeX10","notifications":false,"url":null,"created_at":"Sat Oct 20 01:25:22 +0000 2012","contributors_enabled":false,"time_zone":"Pacific Time (US & Canada)","protected":false,"default_profile":false,"is_translator":false},"geo":null,"in_reply_to_user_id_str":"258627226","lang":"en","created_at":"Sun Dec 14 23:25:26 +0000 2014","in_reply_to_status_id_str":"544267656597995521","place":null},
{"contributors":null,"truncated":false,"text":"@KristyMayr7 Horrible, stay safe.","in_reply_to_status_id":544267656597995521,"id":544272535152754688,"favorite_count":0,"source":"<a href=\"http://twitter.com\" rel=\"nofollow\">Twitter Web Client</a>","retweeted":false,"coordinates":null,"entities":{"symbols":[],"user_mentions":[{"id":258627226,"indices":[0,12],"id_str":"258627226","screen_name":"KristyMayr7","name":"Kristy Mayr"}],"hashtags":[],"urls":[]},"in_reply_to_screen_name":"KristyMayr7","id_str":"544272535152754688","retweet_count":0,"in_reply_to_user_id":258627226,"favorited":false,"user":{"follow_request_sent":false,"profile_use_background_image":true,"profile_text_color":"333333","default_profile_image":false,"id":26520803,"profile_background_image_url_https":"https://pbs.twimg.com/profile_background_images/582573662/9v7dgaglquk0yvcbx6n8.jpeg","verified":false,"profile_location":null,"profile_image_url_https":"https://pbs.twimg.com/profile_images/466979095201320960/q1TvpaDH_normal.jpeg","profile_sidebar_fill_color":"DDEEF6","entities":{"description":{"urls":[]}},"followers_count":301,"profile_sidebar_border_color":"C0DEED","id_str":"26520803","profile_background_color":"C0DEED","listed_count":7,"is_translation_enabled":false,"utc_offset":-18000,"statuses_count":15977,"description":"Thinking outside the box,  F1 & Indy Car, pilot & flight instr., handgun shooter, NFL,  NHL, sports, music, single malt scotch. Ann's Lover.","friends_count":1134,"location":"Charlotte, NC","profile_link_color":"0084B4","profile_image_url":"http://pbs.twimg.com/profile_images/466979095201320960/q1TvpaDH_normal.jpeg","following":false,"geo_enabled":true,"profile_banner_url":"https://pbs.twimg.com/profile_banners/26520803/1400193462","profile_background_image_url":"http://pbs.twimg.com/profile_background_images/582573662/9v7dgaglquk0yvcbx6n8.jpeg","name":"Hugh Campbell","lang":"en","profile_background_tile":false,"favourites_count":1224,"screen_name":"HughScot","notifications":false,"url":null,"created_at":"Wed Mar 25 15:38:16 +0000 2009","contributors_enabled":false,"time_zone":"Eastern Time (US & Canada)","protected":false,"default_profile":false,"is_translator":false},"geo":null,"in_reply_to_user_id_str":"258627226","lang":"en","created_at":"Sun Dec 14 23:27:39 +0000 2014","in_reply_to_status_id_str":"544267656597995521","place":null},
{"contributors":null,"truncated":false,"text":"Just f'ing great. @KristyMayr7: BREAKING: Hostages are being forced to hold an ISIS flag at a Lindt cafe in Sydney's Martin Place ...","in_reply_to_status_id":544267656597995521,"id":544272731907170304,"favorite_count":0,"source":"<a href=\"http://twitter.com/download/iphone\" rel=\"nofollow\">Twitter for iPhone</a>","retweeted":false,"coordinates":null,"entities":{"symbols":[],"user_mentions":[{"id":258627226,"indices":[18,30],"id_str":"258627226","screen_name":"KristyMayr7","name":"Kristy Mayr"}],"hashtags":[],"urls":[]},"in_reply_to_screen_name":"KristyMayr7","id_str":"544272731907170304","retweet_count":2,"in_reply_to_user_id":258627226,"favorited":false,"user":{"follow_request_sent":false,"profile_use_background_image":true,"profile_text_color":"333333","default_profile_image":false,"id":22803302,"profile_background_image_url_https":"https://abs.twimg.com/images/themes/theme1/bg.png","verified":false,"profile_location":null,"profile_image_url_https":"https://pbs.twimg.com/profile_images/570103332636790784/ZVEWL2d9_normal.jpeg","profile_sidebar_fill_color":"DDEEF6","entities":{"url":{"urls":[{"url":"http://t.co/dg3GPB3rYO","indices":[0,22],"expanded_url":"http://www.armscontrolwonk.com/","display_url":"armscontrolwonk.com"}]},"description":{"urls":[{"url":"http://t.co/DWW83GPP3l","indices":[22,44],"expanded_url":"http://bit.ly/1qEq1Fz","display_url":"bit.ly/1qEq1Fz"},{"url":"http://t.co/HTZKH3Wqkb","indices":[107,129],"expanded_url":"http://goo.gl/PDyIrY","display_url":"goo.gl/PDyIrY"}]}},"followers_count":8197,"profile_sidebar_border_color":"C0DEED","id_str":"22803302","profile_background_color":"C0DEED","listed_count":571,"is_translation_enabled":false,"utc_offset":-21600,"statuses_count":21604,"description":"Author, Paper Tigers: http://t.co/DWW83GPP3l, CNS MIIS Staff, CISAC Stanford Affiliate, Hosts ACW podcast: http://t.co/HTZKH3Wqkb","friends_count":599,"location":"Monterey Peninsula","profile_link_color":"0084B4","profile_image_url":"http://pbs.twimg.com/profile_images/570103332636790784/ZVEWL2d9_normal.jpeg","following":false,"geo_enabled":true,"profile_banner_url":"https://pbs.twimg.com/profile_banners/22803302/1406845670","profile_background_image_url":"http://abs.twimg.com/images/themes/theme1/bg.png","name":"Jeffrey Lewis","lang":"en","profile_background_tile":false,"favourites_count":372,"screen_name":"ArmsControlWonk","notifications":false,"url":"http://t.co/dg3GPB3rYO","created_at":"Wed Mar 04 17:27:04 +0000 2009","contributors_enabled":false,"time_zone":"Central Time (US & Canada)","protected":false,"default_profile":true,"is_translator":false},"geo":null,"in_reply_to_user_id_str":"258627226","lang":"en","created_at":"Sun Dec 14 23:28:26 +0000 2014","in_reply_to_status_id_str":"544267656597995521","place":null},
{"contributors":null,"truncated":false,"text":"@KristyMayr7 @stephenfhayes sick bastards!","in_reply_to_status_id":544267656597995521,"id":544273605904060416,"favorite_count":0,"source":"<a href=\"http://twitter.com/download/iphone\" rel=\"nofollow\">Twitter for iPhone</a>","retweeted":false,"coordinates":null,"entities":{"symbols":[],"user_mentions":[{"id":258627226,"indices":[0,12],"id_str":"258627226","screen_name":"KristyMayr7","name":"Kristy Mayr"},{"id":69773058,"indices":[13,27],"id_str":"69773058","screen_name":"stephenfhayes","name":"Stephen Hayes"}],"hashtags":[],"urls":[]},"in_reply_to_screen_name":"KristyMayr7","id_str":"544273605904060416","retweet_count":0,"in_reply_to_user_id":258627226,"favorited":false,"user":{"follow_request_sent":false,"profile_use_background_image":true,"profile_text_color":"333333","default_profile_image":false,"id":1643704652,"profile_background_image_url_https":"https://abs.twimg.com/images/themes/theme1/bg.png","verified":false,"profile_location":null,"profile_image_url_https":"https://pbs.twimg.com/profile_images/571476663256547328/dzIYNqFk_normal.jpeg","profile_sidebar_fill_color":"DDEEF6","entities":{"description":{"urls":[]}},"followers_count":1604,"profile_sidebar_border_color":"C0DEED","id_str":"1643704652","profile_background_color":"C0DEED","listed_count":13,"is_translation_enabled":false,"utc_offset":null,"statuses_count":14400,"description":"Ban & Deport all people who pratice Islam Shut down and Close all mosques !!! Stop all tax dollars going to muslim countries! American's Stand Up to Islam!","friends_count":2001,"location":"Earth","profile_link_color":"0084B4","profile_image_url":"http://pbs.twimg.com/profile_images/571476663256547328/dzIYNqFk_normal.jpeg","following":false,"geo_enabled":false,"profile_banner_url":"https://pbs.twimg.com/profile_banners/1643704652/1410709556","profile_background_image_url":"http://abs.twimg.com/images/themes/theme1/bg.png","name":"WHITE INFIDEL DEVIL","lang":"en","profile_background_tile":false,"favourites_count":18557,"screen_name":"Cathy_Torres","notifications":false,"url":null,"created_at":"Sat Aug 03 21:35:19 +0000 2013","contributors_enabled":false,"time_zone":null,"protected":false,"default_profile":true,"is_translator":false},"geo":null,"in_reply_to_user_id_str":"258627226","lang":"en","created_at":"Sun Dec 14 23:31:54 +0000 2014","in_reply_to_status_id_str":"544267656597995521","place":null},
{"contributors":null,"truncated":false,"text":"@KristyMayr7 @domenic_toronto-Just save society the bother &amp; put these terrorists down like rabid dogs they are. 0 tolerance, get rid of all","in_reply_to_status_id":544267656597995521,"id":544276363730255872,"favorite_count":0,"source":"<a href=\"http://twitter.com/#!/download/ipad\" rel=\"nofollow\">Twitter for iPad</a>","retweeted":false,"coordinates":null,"entities":{"symbols":[],"user_mentions":[{"id":258627226,"indices":[0,12],"id_str":"258627226","screen_name":"KristyMayr7","name":"Kristy Mayr"},{"id":1638677252,"indices":[13,29],"id_str":"1638677252","screen_name":"domenic_toronto","name":"Domenic Vetro"}],"hashtags":[],"urls":[]},"in_reply_to_screen_name":"KristyMayr7","id_str":"544276363730255872","retweet_count":0,"in_reply_to_user_id":258627226,"favorited":false,"user":{"follow_request_sent":false,"profile_use_background_image":true,"profile_text_color":"333333","default_profile_image":false,"id":26552390,"profile_background_image_url_https":"https://abs.twimg.com/images/themes/theme1/bg.png","verified":false,"profile_location":null,"profile_image_url_https":"https://pbs.twimg.com/profile_images/587450075468734465/NikF4hzs_normal.jpg","profile_sidebar_fill_color":"DDEEF6","entities":{"description":{"urls":[]}},"followers_count":702,"profile_sidebar_border_color":"C0DEED","id_str":"26552390","profile_background_color":"C0DEED","listed_count":16,"is_translation_enabled":false,"utc_offset":null,"statuses_count":40869,"description":"christian conservative, sick of liberal lies, wont suffer fools silently, luv my family, friends, country. pro ukraine, RT doesn't necessarily mean support","friends_count":711,"location":"ON. Can. ","profile_link_color":"0084B4","profile_image_url":"http://pbs.twimg.com/profile_images/587450075468734465/NikF4hzs_normal.jpg","following":false,"geo_enabled":false,"profile_background_image_url":"http://abs.twimg.com/images/themes/theme1/bg.png","name":"maryann nicholls","lang":"en","profile_background_tile":false,"favourites_count":20189,"screen_name":"manjrn","notifications":false,"url":null,"created_at":"Wed Mar 25 18:07:52 +0000 2009","contributors_enabled":false,"time_zone":null,"protected":false,"default_profile":true,"is_translator":false},"geo":null,"in_reply_to_user_id_str":"258627226","lang":"en","created_at":"Sun Dec 14 23:42:51 +0000 2014","in_reply_to_status_id_str":"544267656597995521","place":null},
{"contributors":null,"truncated":false,"text":"Thanks @ottomanscribe http://t.co/KWBXaYEAQ5","in_reply_to_status_id":544269152198721536,"id":544276762503688192,"favorite_count":19,"source":"<a href=\"http://twitter.com/#!/download/ipad\" rel=\"nofollow\">Twitter for iPad</a>","retweeted":false,"coordinates":null,"entities":{"symbols":[],"user_mentions":[{"id":443573208,"indices":[7,21],"id_str":"443573208","screen_name":"ottomanscribe","name":"OttomanScribe"}],"hashtags":[],"urls":[],"media":[{"expanded_url":"http://twitter.com/Eagle_Vision/status/544276762503688192/photo/1","display_url":"pic.twitter.com/KWBXaYEAQ5","url":"http://t.co/KWBXaYEAQ5","media_url_https":"https://pbs.twimg.com/media/B42o00GIYAAb3TG.jpg","id_str":"544276755272720384","sizes":{"small":{"h":303,"resize":"fit","w":340},"large":{"h":914,"resize":"fit","w":1024},"medium":{"h":535,"resize":"fit","w":600},"thumb":{"h":150,"resize":"crop","w":150}},"indices":[22,44],"type":"photo","id":544276755272720384,"media_url":"http://pbs.twimg.com/media/B42o00GIYAAb3TG.jpg"}]},"in_reply_to_screen_name":"ottomanscribe","id_str":"544276762503688192","retweet_count":18,"in_reply_to_user_id":443573208,"favorited":false,"user":{"follow_request_sent":false,"profile_use_background_image":true,"profile_text_color":"333333","default_profile_image":false,"id":73774016,"profile_background_image_url_https":"https://abs.twimg.com/images/themes/theme1/bg.png","verified":false,"profile_location":null,"profile_image_url_https":"https://pbs.twimg.com/profile_images/550676736812539904/ig5CWmJ5_normal.jpeg","profile_sidebar_fill_color":"DDEEF6","entities":{"description":{"urls":[]}},"followers_count":164430,"profile_sidebar_border_color":"FFFFFF","id_str":"73774016","profile_background_color":"C0DEED","listed_count":1215,"is_translation_enabled":false,"utc_offset":-21600,"statuses_count":33182,"description":"I have tweeted nothing new. I have simply retweeted the discoveries of other (wo)men behind whom were centuries of work. Volume Tweet Account at @flash_investor","friends_count":144329,"location":"(Not Clint Eastwood)","profile_link_color":"0084B4","profile_image_url":"http://pbs.twimg.com/profile_images/550676736812539904/ig5CWmJ5_normal.jpeg","following":false,"geo_enabled":true,"profile_banner_url":"https://pbs.twimg.com/profile_banners/73774016/1416727724","profile_background_image_url":"http://abs.twimg.com/images/themes/theme1/bg.png","name":"Eastwood","lang":"en","profile_background_tile":false,"favourites_count":66219,"screen_name":"Eagle_Vision","notifications":false,"url":null,"created_at":"Sun Sep 13 00:47:16 +0000 2009","contributors_enabled":false,"time_zone":"Central Time (US & Canada)","protected":false,"default_profile":false,"is_translator":false},"geo":null,"in_reply_to_user_id_str":"443573208","possibly_sensitive":false,"lang":"en","created_at":"Sun Dec 14 23:44:27 +0000 2014","in_reply_to_status_id_str":"544269152198721536","place":null,"extended_entities":{"media":[{"expanded_url":"http://twitter.com/Eagle_Vision/status/544276762503688192/photo/1","display_url":"pic.twitter.com/KWBXaYEAQ5","url":"http://t.co/KWBXaYEAQ5","media_url_https":"https://pbs.twimg.com/media/B42o00GIYAAb3TG.jpg","id_str":"544276755272720384","sizes":{"small":{"h":303,"resize":"fit","w":340},"large":{"h":914,"resize":"fit","w":1024},"medium":{"h":535,"resize":"fit","w":600},"thumb":{"h":150,"resize":"crop","w":150}},"indices":[22,44],"type":"photo","id":544276755272720384,"media_url":"http://pbs.twimg.com/media/B42o00GIYAAb3TG.jpg"}]}},
{"contributors":null,"truncated":false,"text":"“@Eagle_Vision: Thanks @ottomanscribe http://t.co/4OBLUMiDWL” That's awesome!","in_reply_to_status_id":544276762503688192,"id":544277067412807680,"favorite_count":0,"source":"<a href=\"http://twitter.com/download/iphone\" rel=\"nofollow\">Twitter for iPhone</a>","retweeted":false,"coordinates":null,"entities":{"symbols":[],"user_mentions":[{"id":73774016,"indices":[1,14],"id_str":"73774016","screen_name":"Eagle_Vision","name":"Eastwood"},{"id":443573208,"indices":[23,37],"id_str":"443573208","screen_name":"ottomanscribe","name":"OttomanScribe"}],"hashtags":[],"urls":[],"media":[{"source_user_id":73774016,"source_status_id_str":"544276762503688192","expanded_url":"http://twitter.com/Eagle_Vision/status/544276762503688192/photo/1","display_url":"pic.twitter.com/4OBLUMiDWL","url":"http://t.co/4OBLUMiDWL","media_url_https":"https://pbs.twimg.com/media/B42o00GIYAAb3TG.jpg","source_user_id_str":"73774016","source_status_id":544276762503688192,"id_str":"544276755272720384","sizes":{"small":{"h":303,"resize":"fit","w":340},"large":{"h":914,"resize":"fit","w":1024},"medium":{"h":535,"resize":"fit","w":600},"thumb":{"h":150,"resize":"crop","w":150}},"indices":[38,60],"type":"photo","id":544276755272720384,"media_url":"http://pbs.twimg.com/media/B42o00GIYAAb3TG.jpg"}]},"in_reply_to_screen_name":"Eagle_Vision","id_str":"544277067412807680","retweet_count":0,"in_reply_to_user_id":73774016,"favorited":false,"user":{"follow_request_sent":false,"profile_use_background_image":true,"profile_text_color":"000000","default_profile_image":false,"id":50162534,"profile_background_image_url_https":"https://pbs.twimg.com/profile_background_images/648647421/j3yz0mhmdvzk3qb3jtay.png","verified":false,"profile_location":null,"profile_image_url_https":"https://pbs.twimg.com/profile_images/586731778376912896/vDLgi8h3_normal.jpg","profile_sidebar_fill_color":"E3639F","entities":{"url":{"urls":[{"url":"http://t.co/1iDaoY9Ast","indices":[0,22],"expanded_url":"http://endomemoirs99.blogspot.com/","display_url":"endomemoirs99.blogspot.com"}]},"description":{"urls":[]}},"followers_count":2009,"profile_sidebar_border_color":"000000","id_str":"50162534","profile_background_color":"0F0F0F","listed_count":90,"is_translation_enabled":false,"utc_offset":-18000,"statuses_count":86534,"description":"Sagittarius,Conservative,veterinary assist.NASCAR(Clint),NYY,Clemson,Cowboys,Steelers,Panthers, Hornets,scifi,horror,Dr Who.hate having Endometriosis,sarcastic.","friends_count":2065,"location":"Concord, NC","profile_link_color":"FF0000","profile_image_url":"http://pbs.twimg.com/profile_images/586731778376912896/vDLgi8h3_normal.jpg","following":false,"geo_enabled":true,"profile_banner_url":"https://pbs.twimg.com/profile_banners/50162534/1417793422","profile_background_image_url":"http://pbs.twimg.com/profile_background_images/648647421/j3yz0mhmdvzk3qb3jtay.png","name":"Martha","lang":"en","profile_background_tile":false,"favourites_count":818,"screen_name":"M_Upshaw15","notifications":false,"url":"http://t.co/1iDaoY9Ast","created_at":"Wed Jun 24 01:01:05 +0000 2009","contributors_enabled":false,"time_zone":"Quito","protected":false,"default_profile":false,"is_translator":false},"geo":null,"in_reply_to_user_id_str":"73774016","possibly_sensitive":false,"lang":"en","created_at":"Sun Dec 14 23:45:39 +0000 2014","in_reply_to_status_id_str":"544276762503688192","place":null,"extended_entities":{"media":[{"source_user_id":73774016,"source_status_id_str":"544276762503688192","expanded_url":"http://twitter.com/Eagle_Vision/status/544276762503688192/photo/1","display_url":"pic.twitter.com/4OBLUMiDWL","url":"http://t.co/4OBLUMiDWL","media_url_https":"https://pbs.twimg.com/media/B42o00GIYAAb3TG.jpg","source_user_id_str":"73774016","source_status_id":544276762503688192,"id_str":"544276755272720384","sizes":{"small":{"h":303,"resize":"fit","w":340},"large":{"h":914,"resize":"fit","w":1024},"medium":{"h":535,"resize":"fit","w":600},"thumb":{"h":150,"resize":"crop","w":150}},"indices":[38,60],"type":"photo","id":544276755272720384,"media_url":"http://pbs.twimg.com/media/B42o00GIYAAb3TG.jpg"}]}},
{"contributors":null,"truncated":false,"text":"@Eagle_Vision @ottomanscribe and you're not an authority on what shit is.....\"specifically\"","in_reply_to_status_id":544276762503688192,"id":544278269764567040,"favorite_count":0,"source":"<a href=\"http://twitter.com/download/iphone\" rel=\"nofollow\">Twitter for iPhone</a>","retweeted":false,"coordinates":null,"entities":{"symbols":[],"user_mentions":[{"id":73774016,"indices":[0,13],"id_str":"73774016","screen_name":"Eagle_Vision","name":"Eastwood"},{"id":443573208,"indices":[14,28],"id_str":"443573208","screen_name":"ottomanscribe","name":"OttomanScribe"}],"hashtags":[],"urls":[]},"in_reply_to_screen_name":"Eagle_Vision","id_str":"544278269764567040","retweet_count":0,"in_reply_to_user_id":73774016,"favorited":false,"user":{"follow_request_sent":false,"profile_use_background_image":false,"profile_text_color":"333333","default_profile_image":false,"id":412441200,"profile_background_image_url_https":"https://pbs.twimg.com/profile_background_images/367685721/Andy_s_IPhone_001.JPG","verified":false,"profile_location":null,"profile_image_url_https":"https://pbs.twimg.com/profile_images/2693027201/706fe1330d019fe2f69e4fc30d4a9827_normal.jpeg","profile_sidebar_fill_color":"DDEEF6","entities":{"description":{"urls":[]}},"followers_count":1111,"profile_sidebar_border_color":"C0DEED","id_str":"412441200","profile_background_color":"C0DEED","listed_count":1,"is_translation_enabled":false,"utc_offset":-25200,"statuses_count":9764,"description":"Donny was a good man, and a good bowler","friends_count":1284,"location":"","profile_link_color":"0084B4","profile_image_url":"http://pbs.twimg.com/profile_images/2693027201/706fe1330d019fe2f69e4fc30d4a9827_normal.jpeg","following":false,"geo_enabled":false,"profile_banner_url":"https://pbs.twimg.com/profile_banners/412441200/1412825528","profile_background_image_url":"http://pbs.twimg.com/profile_background_images/367685721/Andy_s_IPhone_001.JPG","name":"Night Flight","lang":"en","profile_background_tile":false,"favourites_count":1733,"screen_name":"28blackhawk","notifications":false,"url":null,"created_at":"Mon Nov 14 17:57:32 +0000 2011","contributors_enabled":false,"time_zone":"Mountain Time (US & Canada)","protected":false,"default_profile":false,"is_translator":false},"geo":null,"in_reply_to_user_id_str":"73774016","lang":"en","created_at":"Sun Dec 14 23:50:26 +0000 2014","in_reply_to_status_id_str":"544276762503688192","place":null},
{"contributors":null,"truncated":false,"text":"@28blackhawk @Eagle_Vision @ottomanscribe it's not an IS flag a simple google search can show u that.","in_reply_to_status_id":544278269764567040,"id":544279941647323137,"favorite_count":0,"source":"<a href=\"http://twitter.com/download/iphone\" rel=\"nofollow\">Twitter for iPhone</a>","retweeted":false,"coordinates":null,"entities":{"symbols":[],"user_mentions":[{"id":412441200,"indices":[0,12],"id_str":"412441200","screen_name":"28blackhawk","name":"Night Flight"},{"id":73774016,"indices":[13,26],"id_str":"73774016","screen_name":"Eagle_Vision","name":"Eastwood"},{"id":443573208,"indices":[27,41],"id_str":"443573208","screen_name":"ottomanscribe","name":"OttomanScribe"}],"hashtags":[],"urls":[]},"in_reply_to_screen_name":"28blackhawk","id_str":"544279941647323137","retweet_count":0,"in_reply_to_user_id":412441200,"favorited":false,"user":{"follow_request_sent":false,"profile_use_background_image":true,"profile_text_color":"333333","default_profile_image":false,"id":347883924,"profile_background_image_url_https":"https://abs.twimg.com/images/themes/theme1/bg.png","verified":false,"profile_location":null,"profile_image_url_https":"https://pbs.twimg.com/profile_images/589208290065690624/iLwAkI0H_normal.jpg","profile_sidebar_fill_color":"DDEEF6","entities":{"description":{"urls":[]}},"followers_count":169,"profile_sidebar_border_color":"C0DEED","id_str":"347883924","profile_background_color":"C0DEED","listed_count":1,"is_translation_enabled":false,"utc_offset":null,"statuses_count":7086,"description":"rude sarcastic","friends_count":70,"location":"Sydney","profile_link_color":"0084B4","profile_image_url":"http://pbs.twimg.com/profile_images/589208290065690624/iLwAkI0H_normal.jpg","following":false,"geo_enabled":false,"profile_banner_url":"https://pbs.twimg.com/profile_banners/347883924/1410677612","profile_background_image_url":"http://abs.twimg.com/images/themes/theme1/bg.png","name":"Julz","lang":"en","profile_background_tile":false,"favourites_count":13175,"screen_name":"julia_goo_lia","notifications":false,"url":null,"created_at":"Wed Aug 03 14:35:44 +0000 2011","contributors_enabled":false,"time_zone":null,"protected":false,"default_profile":true,"is_translator":false},"geo":null,"in_reply_to_user_id_str":"412441200","lang":"en","created_at":"Sun Dec 14 23:57:04 +0000 2014","in_reply_to_status_id_str":"544278269764567040","place":null},
{"contributors":null,"truncated":false,"text":"@julia_goo_lia @Eagle_Vision @ottomanscribe yeah you're probably right. Google is the experts on ISIS related flags","in_reply_to_status_id":544279941647323137,"id":544285048682577920,"favorite_count":1,"source":"<a href=\"http://twitter.com/download/iphone\" rel=\"nofollow\">Twitter for iPhone</a>","retweeted":false,"coordinates":null,"entities":{"symbols":[],"user_mentions":[{"id":347883924,"indices":[0,14],"id_str":"347883924","screen_name":"julia_goo_lia","name":"Julz"},{"id":73774016,"indices":[15,28],"id_str":"73774016","screen_name":"Eagle_Vision","name":"Eastwood"},{"id":443573208,"indices":[29,43],"id_str":"443573208","screen_name":"ottomanscribe","name":"OttomanScribe"}],"hashtags":[],"urls":[]},"in_reply_to_screen_name":"julia_goo_lia","id_str":"544285048682577920","retweet_count":0,"in_reply_to_user_id":347883924,"favorited":false,"user":{"follow_request_sent":false,"profile_use_background_image":false,"profile_text_color":"333333","default_profile_image":false,"id":412441200,"profile_background_image_url_https":"https://pbs.twimg.com/profile_background_images/367685721/Andy_s_IPhone_001.JPG","verified":false,"profile_location":null,"profile_image_url_https":"https://pbs.twimg.com/profile_images/2693027201/706fe1330d019fe2f69e4fc30d4a9827_normal.jpeg","profile_sidebar_fill_color":"DDEEF6","entities":{"description":{"urls":[]}},"followers_count":1109,"profile_sidebar_border_color":"C0DEED","id_str":"412441200","profile_background_color":"C0DEED","listed_count":1,"is_translation_enabled":false,"utc_offset":-25200,"statuses_count":9767,"description":"Donny was a good man, and a good bowler","friends_count":1284,"location":"","profile_link_color":"0084B4","profile_image_url":"http://pbs.twimg.com/profile_images/2693027201/706fe1330d019fe2f69e4fc30d4a9827_normal.jpeg","following":false,"geo_enabled":false,"profile_banner_url":"https://pbs.twimg.com/profile_banners/412441200/1412825528","profile_background_image_url":"http://pbs.twimg.com/profile_background_images/367685721/Andy_s_IPhone_001.JPG","name":"Night Flight","lang":"en","profile_background_tile":false,"favourites_count":1734,"screen_name":"28blackhawk","notifications":false,"url":null,"created_at":"Mon Nov 14 17:57:32 +0000 2011","contributors_enabled":false,"time_zone":"Mountain Time (US & Canada)","protected":false,"default_profile":false,"is_translator":false},"geo":null,"in_reply_to_user_id_str":"347883924","lang":"en","created_at":"Mon Dec 15 00:17:22 +0000 2014","in_reply_to_status_id_str":"544279941647323137","place":null},
{"contributors":null,"truncated":false,"text":"@28blackhawk @Eagle_Vision @ottomanscribe no they pretty much show u the flags. But keep going its funny","in_reply_to_status_id":544285048682577920,"id":544286058871943169,"favorite_count":0,"source":"<a href=\"http://twitter.com/download/iphone\" rel=\"nofollow\">Twitter for iPhone</a>","retweeted":false,"coordinates":null,"entities":{"symbols":[],"user_mentions":[{"id":412441200,"indices":[0,12],"id_str":"412441200","screen_name":"28blackhawk","name":"Night Flight"},{"id":73774016,"indices":[13,26],"id_str":"73774016","screen_name":"Eagle_Vision","name":"Eastwood"},{"id":443573208,"indices":[27,41],"id_str":"443573208","screen_name":"ottomanscribe","name":"OttomanScribe"}],"hashtags":[],"urls":[]},"in_reply_to_screen_name":"28blackhawk","id_str":"544286058871943169","retweet_count":0,"in_reply_to_user_id":412441200,"favorited":false,"user":{"follow_request_sent":false,"profile_use_background_image":true,"profile_text_color":"333333","default_profile_image":false,"id":347883924,"profile_background_image_url_https":"https://abs.twimg.com/images/themes/theme1/bg.png","verified":false,"profile_location":null,"profile_image_url_https":"https://pbs.twimg.com/profile_images/589208290065690624/iLwAkI0H_normal.jpg","profile_sidebar_fill_color":"DDEEF6","entities":{"description":{"urls":[]}},"followers_count":169,"profile_sidebar_border_color":"C0DEED","id_str":"347883924","profile_background_color":"C0DEED","listed_count":1,"is_translation_enabled":false,"utc_offset":null,"statuses_count":7086,"description":"rude sarcastic","friends_count":70,"location":"Sydney","profile_link_color":"0084B4","profile_image_url":"http://pbs.twimg.com/profile_images/589208290065690624/iLwAkI0H_normal.jpg","following":false,"geo_enabled":false,"profile_banner_url":"https://pbs.twimg.com/profile_banners/347883924/1410677612","profile_background_image_url":"http://abs.twimg.com/images/themes/theme1/bg.png","name":"Julz","lang":"en","profile_background_tile":false,"favourites_count":13175,"screen_name":"julia_goo_lia","notifications":false,"url":null,"created_at":"Wed Aug 03 14:35:44 +0000 2011","contributors_enabled":false,"time_zone":null,"protected":false,"default_profile":true,"is_translator":false},"geo":null,"in_reply_to_user_id_str":"412441200","lang":"en","created_at":"Mon Dec 15 00:21:23 +0000 2014","in_reply_to_status_id_str":"544285048682577920","place":null},
{"contributors":null,"truncated":false,"text":"@28blackhawk lol are you joking? Because yes, I sort of am.","in_reply_to_status_id":544278269764567040,"id":544286551749177344,"favorite_count":0,"source":"<a href=\"http://twitter.com/download/android\" rel=\"nofollow\">Twitter for Android</a>","retweeted":false,"coordinates":null,"entities":{"symbols":[],"user_mentions":[{"id":412441200,"indices":[0,12],"id_str":"412441200","screen_name":"28blackhawk","name":"Night Flight"}],"hashtags":[],"urls":[]},"in_reply_to_screen_name":"28blackhawk","id_str":"544286551749177344","retweet_count":0,"in_reply_to_user_id":412441200,"favorited":false,"user":{"follow_request_sent":false,"profile_use_background_image":true,"profile_text_color":"333333","default_profile_image":false,"id":443573208,"profile_background_image_url_https":"https://pbs.twimg.com/profile_background_images/388432356/COLOURlovers.com-Arabesque_34.png","verified":false,"profile_location":null,"profile_image_url_https":"https://pbs.twimg.com/profile_images/580249269262630912/T5krgnMV_normal.jpg","profile_sidebar_fill_color":"F6FFD1","entities":{"url":{"urls":[{"url":"http://t.co/s2FyHFlt5g","indices":[0,22],"expanded_url":"http://squashingbutterflies.wordpress.com/","display_url":"squashingbutterflies.wordpress.com"}]},"description":{"urls":[]}},"followers_count":1188,"profile_sidebar_border_color":"FFF8AD","id_str":"443573208","profile_background_color":"FFF04D","listed_count":14,"is_translation_enabled":false,"utc_offset":39600,"statuses_count":20336,"description":"Killing butterflies, stopping hurricanes.\n\nPhD candidate (History), tutor, Muslamic, uninformed commentary and other ephemera.","friends_count":607,"location":"Sydney, Australia","profile_link_color":"020302","profile_image_url":"http://pbs.twimg.com/profile_images/580249269262630912/T5krgnMV_normal.jpg","following":false,"geo_enabled":true,"profile_banner_url":"https://pbs.twimg.com/profile_banners/443573208/1399209072","profile_background_image_url":"http://pbs.twimg.com/profile_background_images/388432356/COLOURlovers.com-Arabesque_34.png","name":"OttomanScribe","lang":"en","profile_background_tile":true,"favourites_count":4417,"screen_name":"ottomanscribe","notifications":false,"url":"http://t.co/s2FyHFlt5g","created_at":"Thu Dec 22 09:34:28 +0000 2011","contributors_enabled":false,"time_zone":"Sydney","protected":false,"default_profile":false,"is_translator":false},"geo":null,"in_reply_to_user_id_str":"412441200","lang":"en","created_at":"Mon Dec 15 00:23:20 +0000 2014","in_reply_to_status_id_str":"544278269764567040","place":null},
{"contributors":null,"truncated":false,"text":"@ottomanscribe I'm always mostly joking","in_reply_to_status_id":544286551749177344,"id":544286745945448449,"favorite_count":1,"source":"<a href=\"http://twitter.com/download/iphone\" rel=\"nofollow\">Twitter for iPhone</a>","retweeted":false,"coordinates":null,"entities":{"symbols":[],"user_mentions":[{"id":443573208,"indices":[0,14],"id_str":"443573208","screen_name":"ottomanscribe","name":"OttomanScribe"}],"hashtags":[],"urls":[]},"in_reply_to_screen_name":"ottomanscribe","id_str":"544286745945448449","retweet_count":0,"in_reply_to_user_id":443573208,"favorited":false,"user":{"follow_request_sent":false,"profile_use_background_image":false,"profile_text_color":"333333","default_profile_image":false,"id":412441200,"profile_background_image_url_https":"https://pbs.twimg.com/profile_background_images/367685721/Andy_s_IPhone_001.JPG","verified":false,"profile_location":null,"profile_image_url_https":"https://pbs.twimg.com/profile_images/2693027201/706fe1330d019fe2f69e4fc30d4a9827_normal.jpeg","profile_sidebar_fill_color":"DDEEF6","entities":{"description":{"urls":[]}},"followers_count":1109,"profile_sidebar_border_color":"C0DEED","id_str":"412441200","profile_background_color":"C0DEED","listed_count":1,"is_translation_enabled":false,"utc_offset":-25200,"statuses_count":9767,"description":"Donny was a good man, and a good bowler","friends_count":1284,"location":"","profile_link_color":"0084B4","profile_image_url":"http://pbs.twimg.com/profile_images/2693027201/706fe1330d019fe2f69e4fc30d4a9827_normal.jpeg","following":false,"geo_enabled":false,"profile_banner_url":"https://pbs.twimg.com/profile_banners/412441200/1412825528","profile_background_image_url":"http://pbs.twimg.com/profile_background_images/367685721/Andy_s_IPhone_001.JPG","name":"Night Flight","lang":"en","profile_background_tile":false,"favourites_count":1734,"screen_name":"28blackhawk","notifications":false,"url":null,"created_at":"Mon Nov 14 17:57:32 +0000 2011","contributors_enabled":false,"time_zone":"Mountain Time (US & Canada)","protected":false,"default_profile":false,"is_translator":false},"geo":null,"in_reply_to_user_id_str":"443573208","lang":"en","created_at":"Mon Dec 15 00:24:07 +0000 2014","in_reply_to_status_id_str":"544286551749177344","place":null},
{"contributors":null,"truncated":false,"text":"@Eagle_Vision what does this even mean? I have studied both IS and Muslim symbolism.","in_reply_to_status_id":544276762503688192,"id":544291409621041152,"favorite_count":0,"source":"<a href=\"http://twitter.com/download/android\" rel=\"nofollow\">Twitter for Android</a>","retweeted":false,"coordinates":null,"entities":{"symbols":[],"user_mentions":[{"id":73774016,"indices":[0,13],"id_str":"73774016","screen_name":"Eagle_Vision","name":"Eastwood"}],"hashtags":[],"urls":[]},"in_reply_to_screen_name":"Eagle_Vision","id_str":"544291409621041152","retweet_count":0,"in_reply_to_user_id":73774016,"favorited":false,"user":{"follow_request_sent":false,"profile_use_background_image":true,"profile_text_color":"333333","default_profile_image":false,"id":443573208,"profile_background_image_url_https":"https://pbs.twimg.com/profile_background_images/388432356/COLOURlovers.com-Arabesque_34.png","verified":false,"profile_location":null,"profile_image_url_https":"https://pbs.twimg.com/profile_images/580249269262630912/T5krgnMV_normal.jpg","profile_sidebar_fill_color":"F6FFD1","entities":{"url":{"urls":[{"url":"http://t.co/s2FyHFlt5g","indices":[0,22],"expanded_url":"http://squashingbutterflies.wordpress.com/","display_url":"squashingbutterflies.wordpress.com"}]},"description":{"urls":[]}},"followers_count":1188,"profile_sidebar_border_color":"FFF8AD","id_str":"443573208","profile_background_color":"FFF04D","listed_count":14,"is_translation_enabled":false,"utc_offset":39600,"statuses_count":20336,"description":"Killing butterflies, stopping hurricanes.\n\nPhD candidate (History), tutor, Muslamic, uninformed commentary and other ephemera.","friends_count":607,"location":"Sydney, Australia","profile_link_color":"020302","profile_image_url":"http://pbs.twimg.com/profile_images/580249269262630912/T5krgnMV_normal.jpg","following":false,"geo_enabled":true,"profile_banner_url":"https://pbs.twimg.com/profile_banners/443573208/1399209072","profile_background_image_url":"http://pbs.twimg.com/profile_background_images/388432356/COLOURlovers.com-Arabesque_34.png","name":"OttomanScribe","lang":"en","profile_background_tile":true,"favourites_count":4417,"screen_name":"ottomanscribe","notifications":false,"url":"http://t.co/s2FyHFlt5g","created_at":"Thu Dec 22 09:34:28 +0000 2011","contributors_enabled":false,"time_zone":"Sydney","protected":false,"default_profile":false,"is_translator":false},"geo":null,"in_reply_to_user_id_str":"73774016","lang":"en","created_at":"Mon Dec 15 00:42:39 +0000 2014","in_reply_to_status_id_str":"544276762503688192","place":null}
]