{"contributors":null,"truncated":false,"text":"God bless all the hostages being held in Sydney today .. I pray that this all ends well and nobody gets hurt !!","in_reply_to_status_id":null,"id":544297247567917056,"favorite_count":486,"source":"<a href=\"http:\/\/twitter.com\" rel=\"nofollow\">Twitter Web Client<\/a>","retweeted":false,"coordinates":null,"entities":{"symbols":[],"user_mentions":[],"hashtags":[],"urls":[]},"in_reply_to_screen_name":null,"id_str":"544297247567917056","retweet_count":287,"in_reply_to_user_id":null,"favorited":false,"user":{"follow_request_sent":false,"profile_use_background_image":true,"profile_text_color":"333333","default_profile_image":false,"id":174958289,"profile_background_image_url_https":"https:\/\/abs.twimg.com\/images\/themes\/theme14\/bg.gif","verified":false,"profile_location":null,"profile_image_url_https":"https:\/\/pbs.twimg.com\/profile_images\/553094968684728320\/Falq73kV_normal.jpeg","profile_sidebar_fill_color":"EFEFEF","entities":{"url":{"urls":[{"url":"http:\/\/t.co\/iTB5SUumye","indices":[0,22],"expanded_url":"http:\/\/youtube.com\/mariamdiamond","display_url":"youtube.com\/mariamdiamond"}]},"description":{"urls":[]}},"followers_count":97114,"profile_sidebar_border_color":"EEEEEE","id_str":"174958289","profile_background_color":"131516","listed_count":643,"is_translation_enabled":false,"utc_offset":36000,"statuses_count":77607,"description":"Fashion & Lifestyle Blogger- Enquiries: mariam.diamond@live.com-Studying Business & Law-PO BOX 489 Bondi NSW Australia 2026 \u2764@RonnieElDiamond\u2764","friends_count":19280,"location":"Sydney \u2708\ufe0f LA ","profile_link_color":"009999","profile_image_url":"http:\/\/pbs.twimg.com\/profile_images\/553094968684728320\/Falq73kV_normal.jpeg","following":false,"geo_enabled":false,"profile_banner_url":"https:\/\/pbs.twimg.com\/profile_banners\/174958289\/1370736918","profile_background_image_url":"http:\/\/abs.twimg.com\/images\/themes\/theme14\/bg.gif","name":"Mariam Diamond","lang":"en","profile_background_tile":true,"favourites_count":7155,"screen_name":"MariamDiamond","notifications":false,"url":"http:\/\/t.co\/iTB5SUumye","created_at":"Thu Aug 05 07:18:16 +0000 2010","contributors_enabled":false,"time_zone":"Brisbane","protected":false,"default_profile":false,"is_translator":false},"geo":null,"in_reply_to_user_id_str":null,"lang":"en","created_at":"Mon Dec 15 01:05:51 +0000 2014","in_reply_to_status_id_str":null,"place":null}