{"contributors": null, "truncated": false, "text": "Sydney cafe siege: Martin Place is in lockdown and surrounding buildings evacuated as a serious siege situation unfolds at the Lindt cafe.", "in_reply_to_status_id": null, "id": 544274585697280000, "favorite_count": 22, "source": "<a href=\"https://about.twitter.com/products/tweetdeck\" rel=\"nofollow\">TweetDeck</a>", "retweeted": false, "coordinates": null, "entities": {"symbols": [], "user_mentions": [], "hashtags": [], "urls": []}, "in_reply_to_screen_name": null, "id_str": "544274585697280000", "retweet_count": 105, "in_reply_to_user_id": null, "favorited": false, "user": {"follow_request_sent": false, "profile_use_background_image": true, "profile_text_color": "333333", "default_profile_image": false, "id": 156464691, "profile_background_image_url_https": "https://pbs.twimg.com/profile_background_images/685909192/ac47d972d68a2b30c30ff5ec376ce553.png", "verified": true, "profile_location": null, "profile_image_url_https": "https://pbs.twimg.com/profile_images/378800000786835151/056684adc011767536026a3d16759f8d_normal.jpeg", "profile_sidebar_fill_color": "DDEEF6", "entities": {"url": {"urls": [{"url": "http://t.co/F1KydZ9u0f", "indices": [0, 22], "expanded_url": "http://www.7news.com.au/sydney", "display_url": "7news.com.au/sydney"}]}, "description": {"urls": []}}, "followers_count": 42489, "profile_sidebar_border_color": "FFFFFF", "id_str": "156464691", "profile_background_color": "C0DEED", "listed_count": 545, "is_translation_enabled": false, "utc_offset": 39600, "statuses_count": 29435, "description": "First For News in Sydney with @MarkFerguson_7 and @ChrisBath7 Nightly at 6pm", "friends_count": 397, "location": "Sydney", "profile_link_color": "0084B4", "profile_image_url": "http://pbs.twimg.com/profile_images/378800000786835151/056684adc011767536026a3d16759f8d_normal.jpeg", "following": false, "geo_enabled": true, "profile_banner_url": "https://pbs.twimg.com/profile_banners/156464691/1404440792", "profile_background_image_url": "http://pbs.twimg.com/profile_background_images/685909192/ac47d972d68a2b30c30ff5ec376ce553.png", "name": "7 News Sydney", "lang": "en", "profile_background_tile": false, "favourites_count": 27, "screen_name": "7NewsSydney", "notifications": false, "url": "http://t.co/F1KydZ9u0f", "created_at": "Thu Jun 17 01:05:23 +0000 2010", "contributors_enabled": false, "time_zone": "Sydney", "protected": false, "default_profile": false, "is_translator": false}, "geo": null, "in_reply_to_user_id_str": null, "lang": "en", "created_at": "Sun Dec 14 23:35:48 +0000 2014", "in_reply_to_status_id_str": null, "place": null}