[{"contributors":null,"truncated":false,"text":"@Breaking911 @Amarriieeee @JFXM My God! 😳","in_reply_to_status_id":544288773023203328,"id":544289780700549120,"favorite_count":0,"source":"<a href=\"http://twitter.com/download/iphone\" rel=\"nofollow\">Twitter for iPhone</a>","retweeted":false,"coordinates":null,"entities":{"symbols":[],"user_mentions":[{"id":375721095,"indices":[0,12],"id_str":"375721095","screen_name":"Breaking911","name":"Breaking911"},{"id":33889587,"indices":[13,25],"id_str":"33889587","screen_name":"Amarriieeee","name":"a〽️ree"},{"id":20639175,"indices":[26,31],"id_str":"20639175","screen_name":"JFXM","name":"Jack Moore"}],"hashtags":[],"urls":[]},"in_reply_to_screen_name":"Breaking911","id_str":"544289780700549120","retweet_count":0,"in_reply_to_user_id":375721095,"favorited":false,"user":{"follow_request_sent":false,"profile_use_background_image":true,"profile_text_color":"333333","default_profile_image":false,"id":1945410296,"profile_background_image_url_https":"https://pbs.twimg.com/profile_background_images/378800000090220226/f7a619d8aa609b22d1a18aacdb467c54.jpeg","verified":false,"profile_location":null,"profile_image_url_https":"https://pbs.twimg.com/profile_images/586617450948599809/poWJH4-q_normal.jpg","profile_sidebar_fill_color":"DDEEF6","entities":{"url":{"urls":[{"url":"http://t.co/JSPz1eOUsh","indices":[0,22],"expanded_url":"http://www.qpr.co.uk","display_url":"qpr.co.uk"}]},"description":{"urls":[]}},"followers_count":730,"profile_sidebar_border_color":"FFFFFF","id_str":"1945410296","profile_background_color":"C0DEED","listed_count":10,"is_translation_enabled":false,"utc_offset":null,"statuses_count":21838,"description":"If You've Got Them By The Balls, Their Hearts And Minds Will Follow! #QPR #LondonWasps #LondonBroncos #Middlesex","friends_count":1653,"location":"London","profile_link_color":"0084B4","profile_image_url":"http://pbs.twimg.com/profile_images/586617450948599809/poWJH4-q_normal.jpg","following":false,"geo_enabled":true,"profile_banner_url":"https://pbs.twimg.com/profile_banners/1945410296/1401058445","profile_background_image_url":"http://pbs.twimg.com/profile_background_images/378800000090220226/f7a619d8aa609b22d1a18aacdb467c54.jpeg","name":"Akshay","lang":"en","profile_background_tile":true,"favourites_count":7297,"screen_name":"TheAkshayVara","notifications":false,"url":"http://t.co/JSPz1eOUsh","created_at":"Mon Oct 07 23:42:10 +0000 2013","contributors_enabled":false,"time_zone":null,"protected":false,"default_profile":false,"is_translator":false},"geo":null,"in_reply_to_user_id_str":"375721095","lang":"en","created_at":"Mon Dec 15 00:36:10 +0000 2014","in_reply_to_status_id_str":"544288773023203328","place":null},
{"contributors":null,"truncated":false,"text":"😧 “@Breaking911: BREAKING: Gunman in #SydneySiege says he has \"devices all over the city,\" demands to speak with Prime Minister -@JFXM”","in_reply_to_status_id":544288773023203328,"id":544290041997299712,"favorite_count":0,"source":"<a href=\"http://twitter.com/download/iphone\" rel=\"nofollow\">Twitter for iPhone</a>","retweeted":false,"coordinates":null,"entities":{"symbols":[],"user_mentions":[{"id":375721095,"indices":[3,15],"id_str":"375721095","screen_name":"Breaking911","name":"Breaking911"},{"id":20639175,"indices":[129,134],"id_str":"20639175","screen_name":"JFXM","name":"Jack Moore"}],"hashtags":[{"indices":[37,49],"text":"SydneySiege"}],"urls":[]},"in_reply_to_screen_name":"Breaking911","id_str":"544290041997299712","retweet_count":1,"in_reply_to_user_id":375721095,"favorited":false,"user":{"follow_request_sent":false,"profile_use_background_image":true,"profile_text_color":"666666","default_profile_image":false,"id":72797386,"profile_background_image_url_https":"https://pbs.twimg.com/profile_background_images/406998818/Valley111911.jpg","verified":false,"profile_location":null,"profile_image_url_https":"https://pbs.twimg.com/profile_images/1634047807/Valley-11-10-11_normal.jpg","profile_sidebar_fill_color":"252429","entities":{"description":{"urls":[]}},"followers_count":410,"profile_sidebar_border_color":"181A1E","id_str":"72797386","profile_background_color":"1A1B1F","listed_count":7,"is_translation_enabled":false,"utc_offset":-18000,"statuses_count":15415,"description":"Just a young innovator living amongst a world of imitators.  #BeyHive #Cowboys #RedVelvetCake","friends_count":397,"location":"Aparrently another planet...","profile_link_color":"2FC2EF","profile_image_url":"http://pbs.twimg.com/profile_images/1634047807/Valley-11-10-11_normal.jpg","following":false,"geo_enabled":true,"profile_banner_url":"https://pbs.twimg.com/profile_banners/72797386/1411401707","profile_background_image_url":"http://pbs.twimg.com/profile_background_images/406998818/Valley111911.jpg","name":"Insidiously Inhuman","lang":"en","profile_background_tile":true,"favourites_count":211,"screen_name":"3rdWardNasty","notifications":false,"url":null,"created_at":"Wed Sep 09 07:48:54 +0000 2009","contributors_enabled":false,"time_zone":"Eastern Time (US & Canada)","protected":false,"default_profile":false,"is_translator":false},"geo":null,"in_reply_to_user_id_str":"375721095","lang":"en","created_at":"Mon Dec 15 00:37:13 +0000 2014","in_reply_to_status_id_str":"544288773023203328","place":null},
{"contributors":null,"truncated":false,"text":"@Breaking911 @18DialSquare86 @JFXM no such threats or demands made by the gunmen according to local media?","in_reply_to_status_id":544288773023203328,"id":544292088636903424,"favorite_count":0,"source":"<a href=\"http://twitter.com/download/iphone\" rel=\"nofollow\">Twitter for iPhone</a>","retweeted":false,"coordinates":null,"entities":{"symbols":[],"user_mentions":[{"id":375721095,"indices":[0,12],"id_str":"375721095","screen_name":"Breaking911","name":"Breaking911"},{"id":2883267670,"indices":[13,28],"id_str":"2883267670","screen_name":"18DialSquare86","name":"TH14 Of Eboue"},{"id":20639175,"indices":[29,34],"id_str":"20639175","screen_name":"JFXM","name":"Jack Moore"}],"hashtags":[],"urls":[]},"in_reply_to_screen_name":"Breaking911","id_str":"544292088636903424","retweet_count":1,"in_reply_to_user_id":375721095,"favorited":false,"user":{"follow_request_sent":false,"profile_use_background_image":true,"profile_text_color":"333333","default_profile_image":false,"id":1695442555,"profile_background_image_url_https":"https://abs.twimg.com/images/themes/theme1/bg.png","verified":false,"profile_location":null,"profile_image_url_https":"https://pbs.twimg.com/profile_images/378800000348727533/5168e11e405eff95823832a3fbf1ebde_normal.jpeg","profile_sidebar_fill_color":"DDEEF6","entities":{"description":{"urls":[]}},"followers_count":144,"profile_sidebar_border_color":"C0DEED","id_str":"1695442555","profile_background_color":"C0DEED","listed_count":1,"is_translation_enabled":false,"utc_offset":null,"statuses_count":1446,"description":"Arsenal supporter from afar.\nMarillion family.\nMust have sense of humour. (Sorry, wrong bio....)","friends_count":354,"location":"Sydney","profile_link_color":"0084B4","profile_image_url":"http://pbs.twimg.com/profile_images/378800000348727533/5168e11e405eff95823832a3fbf1ebde_normal.jpeg","following":false,"geo_enabled":false,"profile_background_image_url":"http://abs.twimg.com/images/themes/theme1/bg.png","name":"Robin Illingworth","lang":"en-gb","profile_background_tile":false,"favourites_count":83,"screen_name":"bobillingworth","notifications":false,"url":null,"created_at":"Sat Aug 24 03:19:49 +0000 2013","contributors_enabled":false,"time_zone":null,"protected":false,"default_profile":true,"is_translator":false},"geo":null,"in_reply_to_user_id_str":"375721095","lang":"en","created_at":"Mon Dec 15 00:45:21 +0000 2014","in_reply_to_status_id_str":"544288773023203328","place":null},
{"contributors":null,"truncated":false,"text":"“@Breaking911: BREAKING: Gunman in #SydneySiege says he has \"devices all over the city,\" demands to speak with Prime Minister\" fuck","in_reply_to_status_id":544288773023203328,"id":544295764454043648,"favorite_count":0,"source":"<a href=\"http://twitter.com/download/iphone\" rel=\"nofollow\">Twitter for iPhone</a>","retweeted":false,"coordinates":null,"entities":{"symbols":[],"user_mentions":[{"id":375721095,"indices":[1,13],"id_str":"375721095","screen_name":"Breaking911","name":"Breaking911"}],"hashtags":[{"indices":[35,47],"text":"SydneySiege"}],"urls":[]},"in_reply_to_screen_name":"Breaking911","id_str":"544295764454043648","retweet_count":0,"in_reply_to_user_id":375721095,"favorited":false,"user":{"follow_request_sent":false,"profile_use_background_image":true,"profile_text_color":"666666","default_profile_image":false,"id":118847454,"profile_background_image_url_https":"https://pbs.twimg.com/profile_background_images/378800000006948764/9c05db073e55b52c0db0c4a3e01426c3.png","verified":false,"profile_location":null,"profile_image_url_https":"https://pbs.twimg.com/profile_images/579405784821432320/ipi7wNq5_normal.jpg","profile_sidebar_fill_color":"252429","entities":{"description":{"urls":[]}},"followers_count":441,"profile_sidebar_border_color":"FFFFFF","id_str":"118847454","profile_background_color":"1A1B1F","listed_count":1,"is_translation_enabled":false,"utc_offset":-39600,"statuses_count":17212,"description":"@h4zzi3 and the Arsenal x","friends_count":384,"location":"","profile_link_color":"1F0059","profile_image_url":"http://pbs.twimg.com/profile_images/579405784821432320/ipi7wNq5_normal.jpg","following":false,"geo_enabled":false,"profile_banner_url":"https://pbs.twimg.com/profile_banners/118847454/1413316383","profile_background_image_url":"http://pbs.twimg.com/profile_background_images/378800000006948764/9c05db073e55b52c0db0c4a3e01426c3.png","name":"Guto","lang":"en","profile_background_tile":true,"favourites_count":4965,"screen_name":"gutocockram","notifications":false,"url":null,"created_at":"Mon Mar 01 22:47:02 +0000 2010","contributors_enabled":false,"time_zone":"International Date Line West","protected":false,"default_profile":false,"is_translator":false},"geo":null,"in_reply_to_user_id_str":"375721095","lang":"en","created_at":"Mon Dec 15 00:59:57 +0000 2014","in_reply_to_status_id_str":"544288773023203328","place":null},
{"contributors":null,"truncated":false,"text":".@bobillingworth @Breaking911 @18DialSquare86 @JFXM last thing needed is inaccurate sensationalist reporting to further heighten tensions.","in_reply_to_status_id":544292088636903424,"id":544297438266146816,"favorite_count":0,"source":"<a href=\"http://twitter.com/download/iphone\" rel=\"nofollow\">Twitter for iPhone</a>","retweeted":false,"coordinates":null,"entities":{"symbols":[],"user_mentions":[{"id":1695442555,"indices":[1,16],"id_str":"1695442555","screen_name":"bobillingworth","name":"Robin Illingworth"},{"id":375721095,"indices":[17,29],"id_str":"375721095","screen_name":"Breaking911","name":"Breaking911"},{"id":2883267670,"indices":[30,45],"id_str":"2883267670","screen_name":"18DialSquare86","name":"TH14 Of Eboue"},{"id":20639175,"indices":[46,51],"id_str":"20639175","screen_name":"JFXM","name":"Jack Moore"}],"hashtags":[],"urls":[]},"in_reply_to_screen_name":"bobillingworth","id_str":"544297438266146816","retweet_count":0,"in_reply_to_user_id":1695442555,"favorited":false,"user":{"follow_request_sent":false,"profile_use_background_image":true,"profile_text_color":"333333","default_profile_image":false,"id":1592079391,"profile_background_image_url_https":"https://pbs.twimg.com/profile_background_images/378800000164461899/O6xFRywl.jpeg","verified":false,"profile_location":null,"profile_image_url_https":"https://pbs.twimg.com/profile_images/444641347232747521/kia4maF9_normal.jpeg","profile_sidebar_fill_color":"DDEEF6","entities":{"description":{"urls":[]}},"followers_count":475,"profile_sidebar_border_color":"FFFFFF","id_str":"1592079391","profile_background_color":"C0DEED","listed_count":14,"is_translation_enabled":false,"utc_offset":null,"statuses_count":10222,"description":"Hi, I'm Brian of Nazareth. No I'm not the messiah. You've got it all wrong. You don't need to follow me, you don't need to follow anybody! Think for yourselves!","friends_count":331,"location":"Gold Coast, Australia","profile_link_color":"0084B4","profile_image_url":"http://pbs.twimg.com/profile_images/444641347232747521/kia4maF9_normal.jpeg","following":false,"geo_enabled":false,"profile_banner_url":"https://pbs.twimg.com/profile_banners/1592079391/1412041126","profile_background_image_url":"http://pbs.twimg.com/profile_background_images/378800000164461899/O6xFRywl.jpeg","name":"Brian of Nazareth","lang":"en","profile_background_tile":false,"favourites_count":1558,"screen_name":"baldwheels1","notifications":false,"url":null,"created_at":"Sat Jul 13 23:28:41 +0000 2013","contributors_enabled":false,"time_zone":null,"protected":false,"default_profile":false,"is_translator":false},"geo":null,"in_reply_to_user_id_str":"1695442555","lang":"en","created_at":"Mon Dec 15 01:06:36 +0000 2014","in_reply_to_status_id_str":"544292088636903424","place":null},
{"contributors":null,"truncated":false,"text":"@bobillingworth @Breaking911 @18DialSquare86 Australian radio/TV both reporting these threats. Unconfirmed but, yeh, reports.","in_reply_to_status_id":544292088636903424,"id":544297727719669760,"favorite_count":0,"source":"<a href=\"http://twitter.com\" rel=\"nofollow\">Twitter Web Client</a>","retweeted":false,"coordinates":null,"entities":{"symbols":[],"user_mentions":[{"id":1695442555,"indices":[0,15],"id_str":"1695442555","screen_name":"bobillingworth","name":"Robin Illingworth"},{"id":375721095,"indices":[16,28],"id_str":"375721095","screen_name":"Breaking911","name":"Breaking911"},{"id":2883267670,"indices":[29,44],"id_str":"2883267670","screen_name":"18DialSquare86","name":"Thumb Of Eboue"}],"hashtags":[],"urls":[]},"in_reply_to_screen_name":"bobillingworth","id_str":"544297727719669760","retweet_count":1,"in_reply_to_user_id":1695442555,"favorited":false,"user":{"follow_request_sent":false,"profile_use_background_image":false,"profile_text_color":"000000","default_profile_image":false,"id":20639175,"profile_background_image_url_https":"https://pbs.twimg.com/profile_background_images/190240728/twit.jpg","verified":false,"profile_location":null,"profile_image_url_https":"https://pbs.twimg.com/profile_images/522849139000745984/pdTYRvW8_normal.jpeg","profile_sidebar_fill_color":"C4B5C4","entities":{"url":{"urls":[{"url":"http://t.co/HQVOgGmmHa","indices":[0,22],"expanded_url":"http://jackfxmoore.com","display_url":"jackfxmoore.com"}]},"description":{"urls":[]}},"followers_count":18075,"profile_sidebar_border_color":"050505","id_str":"20639175","profile_background_color":"0A0A0A","listed_count":289,"is_translation_enabled":false,"utc_offset":0,"statuses_count":15250,"description":"Foreign Reporter, @IBTimesUK. Back from the Middle East. Soon-to-be-reporter at @NewsweekEurope. Born at a very young age. Views my own.","friends_count":7806,"location":"London","profile_link_color":"2FC2EF","profile_image_url":"http://pbs.twimg.com/profile_images/522849139000745984/pdTYRvW8_normal.jpeg","following":false,"geo_enabled":false,"profile_banner_url":"https://pbs.twimg.com/profile_banners/20639175/1403183171","profile_background_image_url":"http://pbs.twimg.com/profile_background_images/190240728/twit.jpg","name":"Jack Moore","lang":"en","profile_background_tile":false,"favourites_count":1710,"screen_name":"JFXM","notifications":false,"url":"http://t.co/HQVOgGmmHa","created_at":"Wed Feb 11 23:20:57 +0000 2009","contributors_enabled":false,"time_zone":"London","protected":false,"default_profile":false,"is_translator":false},"geo":null,"in_reply_to_user_id_str":"1695442555","lang":"en","created_at":"Mon Dec 15 01:07:45 +0000 2014","in_reply_to_status_id_str":"544292088636903424","place":null},
{"contributors":null,"truncated":false,"text":"@baldwheels1 @Breaking911 @18DialSquare86 @JFXM exactly.","in_reply_to_status_id":544297438266146816,"id":544297766071975936,"favorite_count":0,"source":"<a href=\"http://twitter.com/download/iphone\" rel=\"nofollow\">Twitter for iPhone</a>","retweeted":false,"coordinates":null,"entities":{"symbols":[],"user_mentions":[{"id":1592079391,"indices":[0,12],"id_str":"1592079391","screen_name":"baldwheels1","name":"Brian of Nazareth"},{"id":375721095,"indices":[13,25],"id_str":"375721095","screen_name":"Breaking911","name":"Breaking911"},{"id":2883267670,"indices":[26,41],"id_str":"2883267670","screen_name":"18DialSquare86","name":"Thumb Of Eboue"},{"id":20639175,"indices":[42,47],"id_str":"20639175","screen_name":"JFXM","name":"Jack Moore"}],"hashtags":[],"urls":[]},"in_reply_to_screen_name":"baldwheels1","id_str":"544297766071975936","retweet_count":0,"in_reply_to_user_id":1592079391,"favorited":false,"user":{"follow_request_sent":false,"profile_use_background_image":true,"profile_text_color":"333333","default_profile_image":false,"id":1695442555,"profile_background_image_url_https":"https://abs.twimg.com/images/themes/theme1/bg.png","verified":false,"profile_location":null,"profile_image_url_https":"https://pbs.twimg.com/profile_images/378800000348727533/5168e11e405eff95823832a3fbf1ebde_normal.jpeg","profile_sidebar_fill_color":"DDEEF6","entities":{"description":{"urls":[]}},"followers_count":144,"profile_sidebar_border_color":"C0DEED","id_str":"1695442555","profile_background_color":"C0DEED","listed_count":1,"is_translation_enabled":false,"utc_offset":null,"statuses_count":1446,"description":"Arsenal supporter from afar.\nMarillion family.\nMust have sense of humour. (Sorry, wrong bio....)","friends_count":354,"location":"Sydney","profile_link_color":"0084B4","profile_image_url":"http://pbs.twimg.com/profile_images/378800000348727533/5168e11e405eff95823832a3fbf1ebde_normal.jpeg","following":false,"geo_enabled":false,"profile_background_image_url":"http://abs.twimg.com/images/themes/theme1/bg.png","name":"Robin Illingworth","lang":"en-gb","profile_background_tile":false,"favourites_count":83,"screen_name":"bobillingworth","notifications":false,"url":null,"created_at":"Sat Aug 24 03:19:49 +0000 2013","contributors_enabled":false,"time_zone":null,"protected":false,"default_profile":true,"is_translator":false},"geo":null,"in_reply_to_user_id_str":"1592079391","lang":"en","created_at":"Mon Dec 15 01:07:54 +0000 2014","in_reply_to_status_id_str":"544297438266146816","place":null},
{"contributors":null,"truncated":false,"text":"@JFXM @Breaking911 @18DialSquare86 just heard re PM demands in the last 2 mins. No device claims reported.","in_reply_to_status_id":544297727719669760,"id":544298080078536705,"favorite_count":0,"source":"<a href=\"http://twitter.com/download/iphone\" rel=\"nofollow\">Twitter for iPhone</a>","retweeted":false,"coordinates":null,"entities":{"symbols":[],"user_mentions":[{"id":20639175,"indices":[0,5],"id_str":"20639175","screen_name":"JFXM","name":"Jack Moore"},{"id":375721095,"indices":[6,18],"id_str":"375721095","screen_name":"Breaking911","name":"Breaking911"},{"id":2883267670,"indices":[19,34],"id_str":"2883267670","screen_name":"18DialSquare86","name":"TH14 Of Eboue"}],"hashtags":[],"urls":[]},"in_reply_to_screen_name":"JFXM","id_str":"544298080078536705","retweet_count":1,"in_reply_to_user_id":20639175,"favorited":false,"user":{"follow_request_sent":false,"profile_use_background_image":true,"profile_text_color":"333333","default_profile_image":false,"id":1695442555,"profile_background_image_url_https":"https://abs.twimg.com/images/themes/theme1/bg.png","verified":false,"profile_location":null,"profile_image_url_https":"https://pbs.twimg.com/profile_images/378800000348727533/5168e11e405eff95823832a3fbf1ebde_normal.jpeg","profile_sidebar_fill_color":"DDEEF6","entities":{"description":{"urls":[]}},"followers_count":144,"profile_sidebar_border_color":"C0DEED","id_str":"1695442555","profile_background_color":"C0DEED","listed_count":1,"is_translation_enabled":false,"utc_offset":null,"statuses_count":1446,"description":"Arsenal supporter from afar.\nMarillion family.\nMust have sense of humour. (Sorry, wrong bio....)","friends_count":354,"location":"Sydney","profile_link_color":"0084B4","profile_image_url":"http://pbs.twimg.com/profile_images/378800000348727533/5168e11e405eff95823832a3fbf1ebde_normal.jpeg","following":false,"geo_enabled":false,"profile_background_image_url":"http://abs.twimg.com/images/themes/theme1/bg.png","name":"Robin Illingworth","lang":"en-gb","profile_background_tile":false,"favourites_count":83,"screen_name":"bobillingworth","notifications":false,"url":null,"created_at":"Sat Aug 24 03:19:49 +0000 2013","contributors_enabled":false,"time_zone":null,"protected":false,"default_profile":true,"is_translator":false},"geo":null,"in_reply_to_user_id_str":"20639175","lang":"en","created_at":"Mon Dec 15 01:09:09 +0000 2014","in_reply_to_status_id_str":"544297727719669760","place":null},
{"contributors":null,"truncated":false,"text":"@Breaking911 @JFXM Really? And they set up HQ in a chocolate shop? Can we wait until there is conclusive proof of this and focus on hostages","in_reply_to_status_id":544288773023203328,"id":544299864918880256,"favorite_count":0,"source":"<a href=\"https://mobile.twitter.com\" rel=\"nofollow\">Mobile Web (M5)</a>","retweeted":false,"coordinates":null,"entities":{"symbols":[],"user_mentions":[{"id":375721095,"indices":[0,12],"id_str":"375721095","screen_name":"Breaking911","name":"Breaking911"},{"id":20639175,"indices":[13,18],"id_str":"20639175","screen_name":"JFXM","name":"Jack Moore"}],"hashtags":[],"urls":[]},"in_reply_to_screen_name":"Breaking911","id_str":"544299864918880256","retweet_count":0,"in_reply_to_user_id":375721095,"favorited":false,"user":{"follow_request_sent":false,"profile_use_background_image":true,"profile_text_color":"211C21","default_profile_image":false,"id":235633579,"profile_background_image_url_https":"https://pbs.twimg.com/profile_background_images/698243509/ae11a5002d94cf7288a211f197d45d73.jpeg","verified":false,"profile_location":null,"profile_image_url_https":"https://pbs.twimg.com/profile_images/378800000420103120/415bf28e52682e26550a5efc1c765ee6_normal.jpeg","profile_sidebar_fill_color":"11898F","entities":{"url":{"urls":[{"url":"https://t.co/oEkP7PfPZa","indices":[0,23],"expanded_url":"https://www.facebook.com/groups/352417048117934/","display_url":"facebook.com/groups/3524170…"}]},"description":{"urls":[]}},"followers_count":132,"profile_sidebar_border_color":"FFFFFF","id_str":"235633579","profile_background_color":"131516","listed_count":0,"is_translation_enabled":false,"utc_offset":null,"statuses_count":5702,"description":"just trying to save three elephants from death by ideology.","friends_count":483,"location":"Toronto","profile_link_color":"009999","profile_image_url":"http://pbs.twimg.com/profile_images/378800000420103120/415bf28e52682e26550a5efc1c765ee6_normal.jpeg","following":false,"geo_enabled":false,"profile_banner_url":"https://pbs.twimg.com/profile_banners/235633579/1371244304","profile_background_image_url":"http://pbs.twimg.com/profile_background_images/698243509/ae11a5002d94cf7288a211f197d45d73.jpeg","name":"TruthbTold","lang":"en","profile_background_tile":true,"favourites_count":82,"screen_name":"wejectsrock","notifications":false,"url":"https://t.co/oEkP7PfPZa","created_at":"Sat Jan 08 18:12:46 +0000 2011","contributors_enabled":false,"time_zone":null,"protected":false,"default_profile":false,"is_translator":false},"geo":null,"in_reply_to_user_id_str":"375721095","lang":"en","created_at":"Mon Dec 15 01:16:15 +0000 2014","in_reply_to_status_id_str":"544288773023203328","place":null},
{"contributors":null,"truncated":false,"text":"@baldwheels1 @bobillingworth @Breaking911 @18DialSquare86 @JFXM they actually just said something ab this on BBC","in_reply_to_status_id":544297438266146816,"id":544300817671782400,"favorite_count":0,"source":"<a href=\"http://twitter.com/#!/download/ipad\" rel=\"nofollow\">Twitter for iPad</a>","retweeted":false,"coordinates":null,"entities":{"symbols":[],"user_mentions":[{"id":1592079391,"indices":[0,12],"id_str":"1592079391","screen_name":"baldwheels1","name":"Brian of Nazareth"},{"id":1695442555,"indices":[13,28],"id_str":"1695442555","screen_name":"bobillingworth","name":"Robin Illingworth"},{"id":375721095,"indices":[29,41],"id_str":"375721095","screen_name":"Breaking911","name":"Breaking911"},{"id":2883267670,"indices":[42,57],"id_str":"2883267670","screen_name":"18DialSquare86","name":"Thumb Of Eboue"},{"id":20639175,"indices":[58,63],"id_str":"20639175","screen_name":"JFXM","name":"Jack Moore"}],"hashtags":[],"urls":[]},"in_reply_to_screen_name":"baldwheels1","id_str":"544300817671782400","retweet_count":0,"in_reply_to_user_id":1592079391,"favorited":false,"user":{"follow_request_sent":false,"profile_use_background_image":false,"profile_text_color":"000000","default_profile_image":false,"id":243187466,"profile_background_image_url_https":"https://abs.twimg.com/images/themes/theme3/bg.gif","verified":false,"profile_location":null,"profile_image_url_https":"https://pbs.twimg.com/profile_images/578027064550297601/qebiHWdZ_normal.jpeg","profile_sidebar_fill_color":"000000","entities":{"description":{"urls":[]}},"followers_count":573,"profile_sidebar_border_color":"000000","id_str":"243187466","profile_background_color":"000000","listed_count":10,"is_translation_enabled":false,"utc_offset":-21600,"statuses_count":8915,"description":"I Have Opinions","friends_count":1281,"location":"","profile_link_color":"3B94D9","profile_image_url":"http://pbs.twimg.com/profile_images/578027064550297601/qebiHWdZ_normal.jpeg","following":false,"geo_enabled":false,"profile_banner_url":"https://pbs.twimg.com/profile_banners/243187466/1414518069","profile_background_image_url":"http://abs.twimg.com/images/themes/theme3/bg.gif","name":"Mo","lang":"en","profile_background_tile":false,"favourites_count":4213,"screen_name":"Meliz333","notifications":false,"url":null,"created_at":"Wed Jan 26 14:09:01 +0000 2011","contributors_enabled":false,"time_zone":"Central Time (US & Canada)","protected":false,"default_profile":false,"is_translator":false},"geo":null,"in_reply_to_user_id_str":"1592079391","lang":"en","created_at":"Mon Dec 15 01:20:02 +0000 2014","in_reply_to_status_id_str":"544297438266146816","place":null},
{"contributors":null,"truncated":false,"text":"@Meliz333 @bobillingworth @Breaking911 @18DialSquare86 @JFXM yes just head a report of it now too. Don't know if it's accurate or not.","in_reply_to_status_id":544300817671782400,"id":544301499765899265,"favorite_count":1,"source":"<a href=\"http://twitter.com/download/iphone\" rel=\"nofollow\">Twitter for iPhone</a>","retweeted":false,"coordinates":null,"entities":{"symbols":[],"user_mentions":[{"id":243187466,"indices":[0,9],"id_str":"243187466","screen_name":"Meliz333","name":"NoMoreViolence"},{"id":1695442555,"indices":[10,25],"id_str":"1695442555","screen_name":"bobillingworth","name":"Robin Illingworth"},{"id":375721095,"indices":[26,38],"id_str":"375721095","screen_name":"Breaking911","name":"Breaking911"},{"id":2883267670,"indices":[39,54],"id_str":"2883267670","screen_name":"18DialSquare86","name":"Thumb Of Eboue"},{"id":20639175,"indices":[55,60],"id_str":"20639175","screen_name":"JFXM","name":"Jack Moore"}],"hashtags":[],"urls":[]},"in_reply_to_screen_name":"Meliz333","id_str":"544301499765899265","retweet_count":0,"in_reply_to_user_id":243187466,"favorited":false,"user":{"follow_request_sent":false,"profile_use_background_image":true,"profile_text_color":"333333","default_profile_image":false,"id":1592079391,"profile_background_image_url_https":"https://pbs.twimg.com/profile_background_images/378800000164461899/O6xFRywl.jpeg","verified":false,"profile_location":null,"profile_image_url_https":"https://pbs.twimg.com/profile_images/444641347232747521/kia4maF9_normal.jpeg","profile_sidebar_fill_color":"DDEEF6","entities":{"description":{"urls":[]}},"followers_count":475,"profile_sidebar_border_color":"FFFFFF","id_str":"1592079391","profile_background_color":"C0DEED","listed_count":14,"is_translation_enabled":false,"utc_offset":null,"statuses_count":10222,"description":"Hi, I'm Brian of Nazareth. No I'm not the messiah. You've got it all wrong. You don't need to follow me, you don't need to follow anybody! Think for yourselves!","friends_count":331,"location":"Gold Coast, Australia","profile_link_color":"0084B4","profile_image_url":"http://pbs.twimg.com/profile_images/444641347232747521/kia4maF9_normal.jpeg","following":false,"geo_enabled":false,"profile_banner_url":"https://pbs.twimg.com/profile_banners/1592079391/1412041126","profile_background_image_url":"http://pbs.twimg.com/profile_background_images/378800000164461899/O6xFRywl.jpeg","name":"Brian of Nazareth","lang":"en","profile_background_tile":false,"favourites_count":1558,"screen_name":"baldwheels1","notifications":false,"url":null,"created_at":"Sat Jul 13 23:28:41 +0000 2013","contributors_enabled":false,"time_zone":null,"protected":false,"default_profile":false,"is_translator":false},"geo":null,"in_reply_to_user_id_str":"243187466","lang":"en","created_at":"Mon Dec 15 01:22:44 +0000 2014","in_reply_to_status_id_str":"544300817671782400","place":null},
{"contributors":null,"truncated":false,"text":"@Breaking911 @Aussie_Skinhead @JFXM flags says,  \"Please Inform Others\" = meaning Islamic Jihads to act now. http://t.co/6fo5gtNWL8","in_reply_to_status_id":544288773023203328,"id":544306790976860160,"favorite_count":0,"source":"<a href=\"http://twitter.com/download/android\" rel=\"nofollow\">Twitter for Android</a>","retweeted":false,"coordinates":null,"entities":{"symbols":[],"user_mentions":[{"id":375721095,"indices":[0,12],"id_str":"375721095","screen_name":"Breaking911","name":"Breaking911"},{"id":2429876353,"indices":[13,29],"id_str":"2429876353","screen_name":"Aussie_Skinhead","name":"BRUTUS"},{"id":20639175,"indices":[30,35],"id_str":"20639175","screen_name":"JFXM","name":"Jack Moore"}],"hashtags":[],"urls":[],"media":[{"expanded_url":"http://twitter.com/Aussiewill2/status/544306790976860160/photo/1","display_url":"pic.twitter.com/6fo5gtNWL8","url":"http://t.co/6fo5gtNWL8","media_url_https":"https://pbs.twimg.com/media/B43EI6DCMAAuGy8.jpg","id_str":"544306787281678336","sizes":{"large":{"h":296,"resize":"fit","w":599},"small":{"h":168,"resize":"fit","w":340},"medium":{"h":296,"resize":"fit","w":599},"thumb":{"h":150,"resize":"crop","w":150}},"indices":[109,131],"type":"photo","id":544306787281678336,"media_url":"http://pbs.twimg.com/media/B43EI6DCMAAuGy8.jpg"}]},"in_reply_to_screen_name":"Breaking911","id_str":"544306790976860160","retweet_count":0,"in_reply_to_user_id":375721095,"favorited":false,"user":{"follow_request_sent":false,"profile_use_background_image":true,"profile_text_color":"333333","default_profile_image":false,"id":516103610,"profile_background_image_url_https":"https://abs.twimg.com/images/themes/theme1/bg.png","verified":false,"profile_location":null,"profile_image_url_https":"https://pbs.twimg.com/profile_images/583830505038053376/lELZpPmX_normal.jpg","profile_sidebar_fill_color":"DDEEF6","entities":{"description":{"urls":[]}},"followers_count":163,"profile_sidebar_border_color":"C0DEED","id_str":"516103610","profile_background_color":"C0DEED","listed_count":6,"is_translation_enabled":false,"utc_offset":36000,"statuses_count":4706,"description":"Entrepreneur, athlete, tycoon, lover of fine ass. *slightly satirical* (for the slightly slow leftoids)","friends_count":121,"location":"Sydney Downunder","profile_link_color":"0084B4","profile_image_url":"http://pbs.twimg.com/profile_images/583830505038053376/lELZpPmX_normal.jpg","following":false,"geo_enabled":false,"profile_banner_url":"https://pbs.twimg.com/profile_banners/516103610/1418726920","profile_background_image_url":"http://abs.twimg.com/images/themes/theme1/bg.png","name":"Aussiewill","lang":"en","profile_background_tile":false,"favourites_count":3173,"screen_name":"Aussiewill2","notifications":false,"url":null,"created_at":"Tue Mar 06 02:29:55 +0000 2012","contributors_enabled":false,"time_zone":"Brisbane","protected":false,"default_profile":true,"is_translator":false},"geo":null,"in_reply_to_user_id_str":"375721095","possibly_sensitive":true,"lang":"en","created_at":"Mon Dec 15 01:43:46 +0000 2014","in_reply_to_status_id_str":"544288773023203328","place":null,"extended_entities":{"media":[{"expanded_url":"http://twitter.com/Aussiewill2/status/544306790976860160/photo/1","display_url":"pic.twitter.com/6fo5gtNWL8","url":"http://t.co/6fo5gtNWL8","media_url_https":"https://pbs.twimg.com/media/B43EI6DCMAAuGy8.jpg","id_str":"544306787281678336","sizes":{"large":{"h":296,"resize":"fit","w":599},"small":{"h":168,"resize":"fit","w":340},"medium":{"h":296,"resize":"fit","w":599},"thumb":{"h":150,"resize":"crop","w":150}},"indices":[109,131],"type":"photo","id":544306787281678336,"media_url":"http://pbs.twimg.com/media/B43EI6DCMAAuGy8.jpg"}]}},
{"contributors":null,"truncated":false,"text":"@Breaking911 @JFXM Download a hilarious FREE Koran parody for infidels of all ages – https://t.co/hXbeZHdguj","in_reply_to_status_id":544288773023203328,"id":544332862724792320,"favorite_count":0,"source":"<a href=\"http://twitter.com\" rel=\"nofollow\">Twitter Web Client</a>","retweeted":false,"coordinates":null,"entities":{"symbols":[],"user_mentions":[{"id":375721095,"indices":[0,12],"id_str":"375721095","screen_name":"Breaking911","name":"Breaking911"},{"id":20639175,"indices":[13,18],"id_str":"20639175","screen_name":"JFXM","name":"Jack Moore"}],"hashtags":[],"urls":[{"url":"https://t.co/hXbeZHdguj","indices":[85,108],"expanded_url":"https://www.smashwords.com/books/view/492112","display_url":"smashwords.com/books/view/492…"}]},"in_reply_to_screen_name":"Breaking911","id_str":"544332862724792320","retweet_count":0,"in_reply_to_user_id":375721095,"favorited":false,"user":{"follow_request_sent":false,"profile_use_background_image":false,"profile_text_color":"000000","default_profile_image":false,"id":2886586060,"profile_background_image_url_https":"https://abs.twimg.com/images/themes/theme1/bg.png","verified":false,"profile_location":null,"profile_image_url_https":"https://pbs.twimg.com/profile_images/535672613998051328/iXMMDwF-_normal.jpeg","profile_sidebar_fill_color":"000000","entities":{"description":{"urls":[{"url":"https://t.co/WrT11g65vd","indices":[102,125],"expanded_url":"https://www.smashwords.com/books/view/492112","display_url":"smashwords.com/books/view/492…"}]}},"followers_count":811,"profile_sidebar_border_color":"000000","id_str":"2886586060","profile_background_color":"000000","listed_count":15,"is_translation_enabled":false,"utc_offset":null,"statuses_count":9550,"description":"I am the writer of the Lost Verses of the Koran - a FREE Koran parody for infidels of all ages.       https://t.co/WrT11g65vd","friends_count":1071,"location":"Earth","profile_link_color":"3B94D9","profile_image_url":"http://pbs.twimg.com/profile_images/535672613998051328/iXMMDwF-_normal.jpeg","following":false,"geo_enabled":false,"profile_banner_url":"https://pbs.twimg.com/profile_banners/2886586060/1418276334","profile_background_image_url":"http://abs.twimg.com/images/themes/theme1/bg.png","name":"Lemnoc","lang":"en","profile_background_tile":false,"favourites_count":2717,"screen_name":"Lemnoc55","notifications":false,"url":null,"created_at":"Fri Nov 21 05:53:09 +0000 2014","contributors_enabled":false,"time_zone":null,"protected":false,"default_profile":false,"is_translator":false},"geo":null,"in_reply_to_user_id_str":"375721095","possibly_sensitive":false,"lang":"en","created_at":"Mon Dec 15 03:27:22 +0000 2014","in_reply_to_status_id_str":"544288773023203328","place":null},
{"contributors":null,"truncated":false,"text":"@Breaking911 @JFXM Muslim Terrorist strike again #sydneysiege","in_reply_to_status_id":544288773023203328,"id":544390746724659201,"favorite_count":0,"source":"<a href=\"http://twitter.com/download/android\" rel=\"nofollow\">Twitter for Android</a>","retweeted":false,"coordinates":null,"entities":{"symbols":[],"user_mentions":[{"id":375721095,"indices":[0,12],"id_str":"375721095","screen_name":"Breaking911","name":"Breaking911"},{"id":20639175,"indices":[13,18],"id_str":"20639175","screen_name":"JFXM","name":"Jack Moore"}],"hashtags":[{"indices":[49,61],"text":"sydneysiege"}],"urls":[]},"in_reply_to_screen_name":"Breaking911","id_str":"544390746724659201","retweet_count":0,"in_reply_to_user_id":375721095,"favorited":false,"user":{"follow_request_sent":false,"profile_use_background_image":true,"profile_text_color":"3C3940","default_profile_image":false,"id":103588513,"profile_background_image_url_https":"https://abs.twimg.com/images/themes/theme18/bg.gif","verified":false,"profile_location":null,"profile_image_url_https":"https://pbs.twimg.com/profile_images/483891901163384833/5Q2yIsD5_normal.jpeg","profile_sidebar_fill_color":"95E8EC","entities":{"description":{"urls":[]}},"followers_count":205,"profile_sidebar_border_color":"000000","id_str":"103588513","profile_background_color":"FA743E","listed_count":4,"is_translation_enabled":false,"utc_offset":0,"statuses_count":6720,"description":"चार बांस चौबीस गज अंगुल अष्ट प्रमांण एते पर सुलतान है मत चूंको चौहांण |","friends_count":237,"location":"","profile_link_color":"3333AA","profile_image_url":"http://pbs.twimg.com/profile_images/483891901163384833/5Q2yIsD5_normal.jpeg","following":false,"geo_enabled":false,"profile_banner_url":"https://pbs.twimg.com/profile_banners/103588513/1406665272","profile_background_image_url":"http://abs.twimg.com/images/themes/theme18/bg.gif","name":"Raja_MeccaJeet_Kafir","lang":"en","profile_background_tile":false,"favourites_count":1109,"screen_name":"SChaohaan","notifications":false,"url":null,"created_at":"Sun Jan 10 15:03:55 +0000 2010","contributors_enabled":false,"time_zone":"London","protected":false,"default_profile":false,"is_translator":false},"geo":null,"in_reply_to_user_id_str":"375721095","lang":"en","created_at":"Mon Dec 15 07:17:22 +0000 2014","in_reply_to_status_id_str":"544288773023203328","place":null}
]