{"contributors": null, "truncated": false, "text": "#BREAKING A police operation is underway in the heart of Sydney's CBD with one block of Martin Place blocked off.", "in_reply_to_status_id": null, "id": 544268900351766528, "favorite_count": 18, "source": "<a href=\"https://about.twitter.com/products/tweetdeck\" rel=\"nofollow\">TweetDeck</a>", "retweeted": false, "coordinates": null, "entities": {"symbols": [], "user_mentions": [], "hashtags": [{"indices": [0, 9], "text": "BREAKING"}], "urls": []}, "in_reply_to_screen_name": null, "id_str": "544268900351766528", "retweet_count": 115, "in_reply_to_user_id": null, "favorited": false, "user": {"follow_request_sent": false, "profile_use_background_image": true, "profile_text_color": "333333", "default_profile_image": false, "id": 16215478, "profile_background_image_url_https": "https://pbs.twimg.com/profile_background_images/399251645/News_local-Twitter-background.JPG", "verified": true, "profile_location": null, "profile_image_url_https": "https://pbs.twimg.com/profile_images/517144017302073344/rD-vlcb3_normal.jpeg", "profile_sidebar_fill_color": "DDEEF6", "entities": {"url": {"urls": [{"url": "http://t.co/XQ0Lb1PUu1", "indices": [0, 22], "expanded_url": "http://www.abc.net.au/news/", "display_url": "abc.net.au/news/"}]}, "description": {"urls": []}}, "followers_count": 19256, "profile_sidebar_border_color": "C0DEED", "id_str": "16215478", "profile_background_color": "D9DDE1", "listed_count": 619, "is_translation_enabled": false, "utc_offset": 39600, "statuses_count": 23366, "description": "ABC News from Sydney. This account is staffed 6.30am-9pm Mon-Fri & 8am-4pm Sat-Sun. This is an official @ABCaustralia account.", "friends_count": 320, "location": "Sydney, Australia", "profile_link_color": "0034DE", "profile_image_url": "http://pbs.twimg.com/profile_images/517144017302073344/rD-vlcb3_normal.jpeg", "following": false, "geo_enabled": false, "profile_banner_url": "https://pbs.twimg.com/profile_banners/16215478/1414293501", "profile_background_image_url": "http://pbs.twimg.com/profile_background_images/399251645/News_local-Twitter-background.JPG", "name": "ABC News Sydney", "lang": "en", "profile_background_tile": false, "favourites_count": 2, "screen_name": "abcnewsSydney", "notifications": false, "url": "http://t.co/XQ0Lb1PUu1", "created_at": "Wed Sep 10 02:34:32 +0000 2008", "contributors_enabled": false, "time_zone": "Sydney", "protected": false, "default_profile": false, "is_translator": false}, "geo": null, "in_reply_to_user_id_str": null, "lang": "en", "created_at": "Sun Dec 14 23:13:12 +0000 2014", "in_reply_to_status_id_str": null, "place": null}