{"contributors": null, "truncated": false, "text": "NSW Police: \"Police urge the media to be responsible in their reporting. Speculation can cause unnecessary alarm.\" #SydneySiege", "in_reply_to_status_id": null, "id": 544296373466562560, "favorite_count": 162, "source": "<a href=\"http://twitter.com/download/android\" rel=\"nofollow\">Twitter for Android</a>", "retweeted": false, "coordinates": null, "entities": {"symbols": [], "user_mentions": [], "hashtags": [{"indices": [115, 127], "text": "SydneySiege"}], "urls": []}, "in_reply_to_screen_name": null, "id_str": "544296373466562560", "retweet_count": 265, "in_reply_to_user_id": null, "favorited": false, "user": {"follow_request_sent": false, "profile_use_background_image": true, "profile_text_color": "333333", "default_profile_image": false, "id": 142957691, "profile_background_image_url_https": "https://pbs.twimg.com/profile_background_images/536824676970811392/Jn0ReB30.jpeg", "verified": true, "profile_location": null, "profile_image_url_https": "https://pbs.twimg.com/profile_images/536745952225132544/vCOlNJ8I_normal.jpeg", "profile_sidebar_fill_color": "F6FFD1", "entities": {"url": {"urls": [{"url": "http://t.co/CMg2EmzyLa", "indices": [0, 22], "expanded_url": "http://tennews.com.au", "display_url": "tennews.com.au"}]}, "description": {"urls": [{"url": "http://t.co/1CIizacK7Z", "indices": [123, 145], "expanded_url": "http://TenPlay.com.au", "display_url": "TenPlay.com.au"}]}}, "followers_count": 80778, "profile_sidebar_border_color": "FFFFFF", "id_str": "142957691", "profile_background_color": "EBEBEB", "listed_count": 978, "is_translation_enabled": false, "utc_offset": 39600, "statuses_count": 45025, "description": "#TenNews Journalist/Senior Editor.\r\n\r\n'Wanted' Co-Host.          \r\nBoard Member @HockeyAustralia \r\nCo-Patron @SpinalCure \r\nhttp://t.co/1CIizacK7Z", "friends_count": 4553, "location": "Australia", "profile_link_color": "990000", "profile_image_url": "http://pbs.twimg.com/profile_images/536745952225132544/vCOlNJ8I_normal.jpeg", "following": false, "geo_enabled": false, "profile_banner_url": "https://pbs.twimg.com/profile_banners/142957691/1417752516", "profile_background_image_url": "http://pbs.twimg.com/profile_background_images/536824676970811392/Jn0ReB30.jpeg", "name": "Sandra Sully", "lang": "en", "profile_background_tile": true, "favourites_count": 4707, "screen_name": "Sandra_Sully", "notifications": false, "url": "http://t.co/CMg2EmzyLa", "created_at": "Wed May 12 05:44:18 +0000 2010", "contributors_enabled": false, "time_zone": "Sydney", "protected": false, "default_profile": false, "is_translator": false}, "geo": null, "in_reply_to_user_id_str": null, "lang": "en", "created_at": "Mon Dec 15 01:02:22 +0000 2014", "in_reply_to_status_id_str": null, "place": null}