[{"contributors":null,"truncated":false,"text":"Come on people. Clearly the flag shown in the #Sydney store window is NOT an #ISIS Flag. Look closely at the center symbols @Channel4News","in_reply_to_status_id":544284455909998592,"id":544285558219227138,"favorite_count":0,"source":"<a href=\"http://twitter.com/download/android\" rel=\"nofollow\">Twitter for Android</a>","retweeted":false,"coordinates":null,"entities":{"symbols":[],"user_mentions":[{"id":14569869,"indices":[124,137],"id_str":"14569869","screen_name":"Channel4News","name":"Channel 4 News"}],"hashtags":[{"indices":[46,53],"text":"Sydney"},{"indices":[77,82],"text":"ISIS"}],"urls":[]},"in_reply_to_screen_name":"Channel4News","id_str":"544285558219227138","retweet_count":0,"in_reply_to_user_id":14569869,"favorited":false,"user":{"follow_request_sent":false,"profile_use_background_image":true,"profile_text_color":"F50505","default_profile_image":false,"id":31480794,"profile_background_image_url_https":"https://pbs.twimg.com/profile_background_images/443856080/wallpaper-fire.jpg","verified":false,"profile_location":null,"profile_image_url_https":"https://pbs.twimg.com/profile_images/555487734173671425/DtdV8Avn_normal.jpeg","profile_sidebar_fill_color":"000000","entities":{"url":{"urls":[{"url":"http://t.co/whu5vgvJwQ","indices":[0,22],"expanded_url":"http://GhostRiderRadio.net","display_url":"GhostRiderRadio.net"}]},"description":{"urls":[]}},"followers_count":31363,"profile_sidebar_border_color":"000000","id_str":"31480794","profile_background_color":"000000","listed_count":117,"is_translation_enabled":false,"utc_offset":-28800,"statuses_count":124843,"description":"Reporting On Government, Politics, Military, Technology, Crime & Law News, World News, Music News and Celebrity Gossip. RT ≠ Endorsement ┌П┐(★_★)┌П┐#HumanRights","friends_count":725,"location":"In the Hoods of └Α","profile_link_color":"FF0000","profile_image_url":"http://pbs.twimg.com/profile_images/555487734173671425/DtdV8Avn_normal.jpeg","following":false,"geo_enabled":true,"profile_banner_url":"https://pbs.twimg.com/profile_banners/31480794/1401323399","profile_background_image_url":"http://pbs.twimg.com/profile_background_images/443856080/wallpaper-fire.jpg","name":"Ghð§† RïÐêr RåÐïð™","lang":"en","profile_background_tile":true,"favourites_count":3366,"screen_name":"GhostRiderRadio","notifications":false,"url":"http://t.co/whu5vgvJwQ","created_at":"Wed Apr 15 18:44:35 +0000 2009","contributors_enabled":false,"time_zone":"Pacific Time (US & Canada)","protected":false,"default_profile":false,"is_translator":false},"geo":null,"in_reply_to_user_id_str":"14569869","lang":"en","created_at":"Mon Dec 15 00:19:24 +0000 2014","in_reply_to_status_id_str":"544284455909998592","place":null},
{"contributors":null,"truncated":false,"text":"@Channel4News The religion of peace at work again","in_reply_to_status_id":544284455909998592,"id":544285735613108224,"favorite_count":0,"source":"<a href=\"http://twitter.com/download/iphone\" rel=\"nofollow\">Twitter for iPhone</a>","retweeted":false,"coordinates":null,"entities":{"symbols":[],"user_mentions":[{"id":14569869,"indices":[0,13],"id_str":"14569869","screen_name":"Channel4News","name":"Channel 4 News"}],"hashtags":[],"urls":[]},"in_reply_to_screen_name":"Channel4News","id_str":"544285735613108224","retweet_count":0,"in_reply_to_user_id":14569869,"favorited":false,"user":{"follow_request_sent":false,"profile_use_background_image":true,"profile_text_color":"333333","default_profile_image":false,"id":2483752741,"profile_background_image_url_https":"https://abs.twimg.com/images/themes/theme1/bg.png","verified":false,"profile_location":null,"profile_image_url_https":"https://pbs.twimg.com/profile_images/464405183145852928/ZaYl0Exr_normal.jpeg","profile_sidebar_fill_color":"DDEEF6","entities":{"description":{"urls":[]}},"followers_count":12,"profile_sidebar_border_color":"C0DEED","id_str":"2483752741","profile_background_color":"C0DEED","listed_count":0,"is_translation_enabled":false,"utc_offset":3600,"statuses_count":759,"description":"In the search of Truth","friends_count":38,"location":"","profile_link_color":"0084B4","profile_image_url":"http://pbs.twimg.com/profile_images/464405183145852928/ZaYl0Exr_normal.jpeg","following":false,"geo_enabled":false,"profile_background_image_url":"http://abs.twimg.com/images/themes/theme1/bg.png","name":"Truth Teller","lang":"en-gb","profile_background_tile":false,"favourites_count":186,"screen_name":"notatroll255","notifications":false,"url":null,"created_at":"Thu May 08 13:24:55 +0000 2014","contributors_enabled":false,"time_zone":"Amsterdam","protected":false,"default_profile":true,"is_translator":false},"geo":null,"in_reply_to_user_id_str":"14569869","lang":"en","created_at":"Mon Dec 15 00:20:06 +0000 2014","in_reply_to_status_id_str":"544284455909998592","place":null},
{"contributors":null,"truncated":false,"text":"@GhostRiderRadio for info the symbol above the arabic letters is.... lindt emblem....\n@Channel4News","in_reply_to_status_id":544285558219227138,"id":544285762242760705,"favorite_count":0,"source":"<a href=\"https://about.twitter.com/products/tweetdeck\" rel=\"nofollow\">TweetDeck</a>","retweeted":false,"coordinates":null,"entities":{"symbols":[],"user_mentions":[{"id":31480794,"indices":[0,16],"id_str":"31480794","screen_name":"GhostRiderRadio","name":"Ghð§† RïÐêr RåÐïð™"},{"id":14569869,"indices":[86,99],"id_str":"14569869","screen_name":"Channel4News","name":"Channel 4 News"}],"hashtags":[],"urls":[]},"in_reply_to_screen_name":"GhostRiderRadio","id_str":"544285762242760705","retweet_count":0,"in_reply_to_user_id":31480794,"favorited":false,"user":{"follow_request_sent":false,"profile_use_background_image":false,"profile_text_color":"333333","default_profile_image":false,"id":418854161,"profile_background_image_url_https":"https://pbs.twimg.com/profile_background_images/368650991/dgra1.jpg","verified":false,"profile_location":null,"profile_image_url_https":"https://pbs.twimg.com/profile_images/1652303093/Histoire_personnage_hannibal_normal.jpg","profile_sidebar_fill_color":"EBF2F5","entities":{"description":{"urls":[]}},"followers_count":271,"profile_sidebar_border_color":"E7F0F5","id_str":"418854161","profile_background_color":"F5F5F5","listed_count":9,"is_translation_enabled":false,"utc_offset":3600,"statuses_count":2913,"description":"Aut viam inveniam aut faciam","friends_count":657,"location":"Carthago","profile_link_color":"FA743E","profile_image_url":"http://pbs.twimg.com/profile_images/1652303093/Histoire_personnage_hannibal_normal.jpg","following":false,"geo_enabled":false,"profile_banner_url":"https://pbs.twimg.com/profile_banners/418854161/1418702318","profile_background_image_url":"http://pbs.twimg.com/profile_background_images/368650991/dgra1.jpg","name":"Hannibal ","lang":"fr","profile_background_tile":false,"favourites_count":291,"screen_name":"Hannibalum","notifications":false,"url":null,"created_at":"Tue Nov 22 17:11:08 +0000 2011","contributors_enabled":false,"time_zone":"Ljubljana","protected":false,"default_profile":false,"is_translator":false},"geo":null,"in_reply_to_user_id_str":"31480794","lang":"en","created_at":"Mon Dec 15 00:20:12 +0000 2014","in_reply_to_status_id_str":"544285558219227138","place":null},
{"contributors":null,"truncated":false,"text":"@GhostRiderRadio @Channel4News what is it then? Look at the translation","in_reply_to_status_id":544285558219227138,"id":544285992220631040,"favorite_count":0,"source":"<a href=\"http://www.echofon.com/\" rel=\"nofollow\">Echofon</a>","retweeted":false,"coordinates":null,"entities":{"symbols":[],"user_mentions":[{"id":31480794,"indices":[0,16],"id_str":"31480794","screen_name":"GhostRiderRadio","name":"Ghð§† RïÐêr RåÐïð™"},{"id":14569869,"indices":[17,30],"id_str":"14569869","screen_name":"Channel4News","name":"Channel 4 News"}],"hashtags":[],"urls":[]},"in_reply_to_screen_name":"GhostRiderRadio","id_str":"544285992220631040","retweet_count":0,"in_reply_to_user_id":31480794,"favorited":false,"user":{"follow_request_sent":false,"profile_use_background_image":true,"profile_text_color":"333333","default_profile_image":false,"id":20167195,"profile_background_image_url_https":"https://pbs.twimg.com/profile_background_images/169915485/Stu_Lithuania_2010.jpg","verified":false,"profile_location":null,"profile_image_url_https":"https://pbs.twimg.com/profile_images/3476969890/4caaf8b6267d6c36081ff095284bdb61_normal.jpeg","profile_sidebar_fill_color":"EFEFEF","entities":{"url":{"urls":[{"url":"http://t.co/OcFFyeohdy","indices":[0,22],"expanded_url":"http://www.stuhirst.com","display_url":"stuhirst.com"}]},"description":{"urls":[]}},"followers_count":1256,"profile_sidebar_border_color":"EEEEEE","id_str":"20167195","profile_background_color":"131516","listed_count":43,"is_translation_enabled":false,"utc_offset":0,"statuses_count":38541,"description":"Dj'ed a bit. Quit. Now a certified moany c**t / drummer / guitarist / husband. Scottish Leeds fan. Don't like my chat? I didn't ask you to read it.","friends_count":1314,"location":"London","profile_link_color":"009999","profile_image_url":"http://pbs.twimg.com/profile_images/3476969890/4caaf8b6267d6c36081ff095284bdb61_normal.jpeg","following":false,"geo_enabled":false,"profile_background_image_url":"http://pbs.twimg.com/profile_background_images/169915485/Stu_Lithuania_2010.jpg","name":"Stu Hirst","lang":"en","profile_background_tile":true,"favourites_count":23,"screen_name":"stuhirst","notifications":false,"url":"http://t.co/OcFFyeohdy","created_at":"Thu Feb 05 17:32:21 +0000 2009","contributors_enabled":false,"time_zone":"London","protected":false,"default_profile":false,"is_translator":false},"geo":null,"in_reply_to_user_id_str":"31480794","lang":"en","created_at":"Mon Dec 15 00:21:07 +0000 2014","in_reply_to_status_id_str":"544285558219227138","place":null},
{"contributors":null,"truncated":false,"text":"@notatroll255 @Channel4News this bullshit is nothing to do with the islamic religion, these militant extremist arse holes deserve death","in_reply_to_status_id":544285735613108224,"id":544286946525081600,"favorite_count":0,"source":"<a href=\"http://twitter.com/download/iphone\" rel=\"nofollow\">Twitter for iPhone</a>","retweeted":false,"coordinates":null,"entities":{"symbols":[],"user_mentions":[{"id":2483752741,"indices":[0,13],"id_str":"2483752741","screen_name":"notatroll255","name":"Truth Teller"},{"id":14569869,"indices":[14,27],"id_str":"14569869","screen_name":"Channel4News","name":"Channel 4 News"}],"hashtags":[],"urls":[]},"in_reply_to_screen_name":"notatroll255","id_str":"544286946525081600","retweet_count":0,"in_reply_to_user_id":2483752741,"favorited":false,"user":{"follow_request_sent":false,"profile_use_background_image":true,"profile_text_color":"333333","default_profile_image":false,"id":486165114,"profile_background_image_url_https":"https://pbs.twimg.com/profile_background_images/621676634/xf8xnnecboigoimgiza3.gif","verified":false,"profile_location":null,"profile_image_url_https":"https://pbs.twimg.com/profile_images/589000167317049344/A48wRZ-B_normal.jpg","profile_sidebar_fill_color":"DDEEF6","entities":{"description":{"urls":[]}},"followers_count":2165,"profile_sidebar_border_color":"C0DEED","id_str":"486165114","profile_background_color":"C0DEED","listed_count":0,"is_translation_enabled":false,"utc_offset":null,"statuses_count":3709,"description":"Mohamad Al-timimi //// Inspire Change","friends_count":201,"location":"London/Dubai","profile_link_color":"2B8765","profile_image_url":"http://pbs.twimg.com/profile_images/589000167317049344/A48wRZ-B_normal.jpg","following":false,"geo_enabled":false,"profile_banner_url":"https://pbs.twimg.com/profile_banners/486165114/1397064938","profile_background_image_url":"http://pbs.twimg.com/profile_background_images/621676634/xf8xnnecboigoimgiza3.gif","name":"Prince ♕","lang":"en","profile_background_tile":true,"favourites_count":930,"screen_name":"Motimimi","notifications":false,"url":null,"created_at":"Wed Feb 08 00:28:50 +0000 2012","contributors_enabled":false,"time_zone":null,"protected":false,"default_profile":false,"is_translator":false},"geo":null,"in_reply_to_user_id_str":"2483752741","lang":"en","created_at":"Mon Dec 15 00:24:55 +0000 2014","in_reply_to_status_id_str":"544285735613108224","place":null},
{"contributors":null,"truncated":false,"text":"@notatroll255 @Channel4News you know what their not even \"extremists\", their mass murderers who unfortunately use islam as an identity","in_reply_to_status_id":544285735613108224,"id":544287497270722560,"favorite_count":1,"source":"<a href=\"http://twitter.com/download/iphone\" rel=\"nofollow\">Twitter for iPhone</a>","retweeted":false,"coordinates":null,"entities":{"symbols":[],"user_mentions":[{"id":2483752741,"indices":[0,13],"id_str":"2483752741","screen_name":"notatroll255","name":"Truth Teller"},{"id":14569869,"indices":[14,27],"id_str":"14569869","screen_name":"Channel4News","name":"Channel 4 News"}],"hashtags":[],"urls":[]},"in_reply_to_screen_name":"notatroll255","id_str":"544287497270722560","retweet_count":0,"in_reply_to_user_id":2483752741,"favorited":false,"user":{"follow_request_sent":false,"profile_use_background_image":true,"profile_text_color":"333333","default_profile_image":false,"id":486165114,"profile_background_image_url_https":"https://pbs.twimg.com/profile_background_images/621676634/xf8xnnecboigoimgiza3.gif","verified":false,"profile_location":null,"profile_image_url_https":"https://pbs.twimg.com/profile_images/589000167317049344/A48wRZ-B_normal.jpg","profile_sidebar_fill_color":"DDEEF6","entities":{"description":{"urls":[]}},"followers_count":2165,"profile_sidebar_border_color":"C0DEED","id_str":"486165114","profile_background_color":"C0DEED","listed_count":0,"is_translation_enabled":false,"utc_offset":null,"statuses_count":3709,"description":"Mohamad Al-timimi //// Inspire Change","friends_count":201,"location":"London/Dubai","profile_link_color":"2B8765","profile_image_url":"http://pbs.twimg.com/profile_images/589000167317049344/A48wRZ-B_normal.jpg","following":false,"geo_enabled":false,"profile_banner_url":"https://pbs.twimg.com/profile_banners/486165114/1397064938","profile_background_image_url":"http://pbs.twimg.com/profile_background_images/621676634/xf8xnnecboigoimgiza3.gif","name":"Prince ♕","lang":"en","profile_background_tile":true,"favourites_count":930,"screen_name":"Motimimi","notifications":false,"url":null,"created_at":"Wed Feb 08 00:28:50 +0000 2012","contributors_enabled":false,"time_zone":null,"protected":false,"default_profile":false,"is_translator":false},"geo":null,"in_reply_to_user_id_str":"2483752741","lang":"en","created_at":"Mon Dec 15 00:27:06 +0000 2014","in_reply_to_status_id_str":"544285735613108224","place":null},
{"contributors":null,"truncated":false,"text":"@Motimimi @notatroll255 @Channel4News so they don't recite any part of Islamic texts?","in_reply_to_status_id":544286946525081600,"id":544289696059510785,"favorite_count":0,"source":"<a href=\"http://twitter.com/download/android\" rel=\"nofollow\">Twitter for Android</a>","retweeted":false,"coordinates":{"type":"Point","coordinates":[-6.6332983,54.3592766]},"entities":{"symbols":[],"user_mentions":[{"id":486165114,"indices":[0,9],"id_str":"486165114","screen_name":"Motimimi","name":"Prince ♕"},{"id":2483752741,"indices":[10,23],"id_str":"2483752741","screen_name":"notatroll255","name":"Truth Teller"},{"id":14569869,"indices":[24,37],"id_str":"14569869","screen_name":"Channel4News","name":"Channel 4 News"}],"hashtags":[],"urls":[]},"in_reply_to_screen_name":"Motimimi","id_str":"544289696059510785","retweet_count":0,"in_reply_to_user_id":486165114,"favorited":false,"user":{"follow_request_sent":false,"profile_use_background_image":true,"profile_text_color":"333333","default_profile_image":false,"id":285089704,"profile_background_image_url_https":"https://abs.twimg.com/images/themes/theme2/bg.gif","verified":false,"profile_location":null,"profile_image_url_https":"https://pbs.twimg.com/profile_images/562188371200843777/3d5JMMRT_normal.jpeg","profile_sidebar_fill_color":"DDEEF6","entities":{"description":{"urls":[]}},"followers_count":193,"profile_sidebar_border_color":"C0DEED","id_str":"285089704","profile_background_color":"C6E2EE","listed_count":0,"is_translation_enabled":false,"utc_offset":null,"statuses_count":390,"description":"Everyone's equal, but some are more equal than others.","friends_count":346,"location":"Armagh Northern Ireland","profile_link_color":"1F98C7","profile_image_url":"http://pbs.twimg.com/profile_images/562188371200843777/3d5JMMRT_normal.jpeg","following":false,"geo_enabled":true,"profile_banner_url":"https://pbs.twimg.com/profile_banners/285089704/1369317049","profile_background_image_url":"http://abs.twimg.com/images/themes/theme2/bg.gif","name":"Michael Irwin","lang":"en","profile_background_tile":false,"favourites_count":92,"screen_name":"irwin_93","notifications":false,"url":null,"created_at":"Wed Apr 20 14:19:03 +0000 2011","contributors_enabled":false,"time_zone":null,"protected":false,"default_profile":false,"is_translator":false},"geo":{"type":"Point","coordinates":[54.3592766,-6.6332983]},"in_reply_to_user_id_str":"486165114","lang":"en","created_at":"Mon Dec 15 00:35:50 +0000 2014","in_reply_to_status_id_str":"544286946525081600","place":{"full_name":"Armagh, Northern Ireland","url":"https://api.twitter.com/1.1/geo/id/0eb076c18e9971f1.json","country":"United Kingdom","place_type":"city","bounding_box":{"type":"Polygon","coordinates":[[[-6.6765888,54.2804516],[-6.6188514,54.2804516],[-6.6188514,54.36622],[-6.6765888,54.36622]]]},"contained_within":[],"country_code":"GB","attributes":{},"id":"0eb076c18e9971f1","name":"Armagh"}},
{"contributors":null,"truncated":false,"text":"@Channel4News racist colonial outpost","in_reply_to_status_id":544284455909998592,"id":544290462673403904,"favorite_count":0,"source":"<a href=\"https://mobile.twitter.com\" rel=\"nofollow\">Mobile Web (M5)</a>","retweeted":false,"coordinates":null,"entities":{"symbols":[],"user_mentions":[{"id":14569869,"indices":[0,13],"id_str":"14569869","screen_name":"Channel4News","name":"Channel 4 News"}],"hashtags":[],"urls":[]},"in_reply_to_screen_name":"Channel4News","id_str":"544290462673403904","retweet_count":1,"in_reply_to_user_id":14569869,"favorited":false,"user":{"follow_request_sent":false,"profile_use_background_image":true,"profile_text_color":"333333","default_profile_image":true,"id":893485608,"profile_background_image_url_https":"https://abs.twimg.com/images/themes/theme1/bg.png","verified":false,"profile_location":null,"profile_image_url_https":"https://abs.twimg.com/sticky/default_profile_images/default_profile_1_normal.png","profile_sidebar_fill_color":"DDEEF6","entities":{"description":{"urls":[]}},"followers_count":333,"profile_sidebar_border_color":"C0DEED","id_str":"893485608","profile_background_color":"C0DEED","listed_count":6,"is_translation_enabled":false,"utc_offset":null,"statuses_count":12259,"description":"","friends_count":182,"location":"Earth","profile_link_color":"0084B4","profile_image_url":"http://abs.twimg.com/sticky/default_profile_images/default_profile_1_normal.png","following":false,"geo_enabled":false,"profile_background_image_url":"http://abs.twimg.com/images/themes/theme1/bg.png","name":"Graham Thom","lang":"en","profile_background_tile":false,"favourites_count":22386,"screen_name":"UkThom","notifications":false,"url":null,"created_at":"Sat Oct 20 15:43:43 +0000 2012","contributors_enabled":false,"time_zone":null,"protected":false,"default_profile":true,"is_translator":false},"geo":null,"in_reply_to_user_id_str":"14569869","lang":"en","created_at":"Mon Dec 15 00:38:53 +0000 2014","in_reply_to_status_id_str":"544284455909998592","place":null},
{"contributors":null,"truncated":false,"text":"@irwin_93 @notatroll255 @Channel4News any1 can read a book, I could pick up Harry Potter and go bomb some shit in the name of hogwarts 😕","in_reply_to_status_id":544289696059510785,"id":544290715191103488,"favorite_count":0,"source":"<a href=\"http://twitter.com/download/iphone\" rel=\"nofollow\">Twitter for iPhone</a>","retweeted":false,"coordinates":null,"entities":{"symbols":[],"user_mentions":[{"id":285089704,"indices":[0,9],"id_str":"285089704","screen_name":"irwin_93","name":"Michael Irwin"},{"id":2483752741,"indices":[10,23],"id_str":"2483752741","screen_name":"notatroll255","name":"Truth Teller"},{"id":14569869,"indices":[24,37],"id_str":"14569869","screen_name":"Channel4News","name":"Channel 4 News"}],"hashtags":[],"urls":[]},"in_reply_to_screen_name":"irwin_93","id_str":"544290715191103488","retweet_count":0,"in_reply_to_user_id":285089704,"favorited":false,"user":{"follow_request_sent":false,"profile_use_background_image":true,"profile_text_color":"333333","default_profile_image":false,"id":486165114,"profile_background_image_url_https":"https://pbs.twimg.com/profile_background_images/621676634/xf8xnnecboigoimgiza3.gif","verified":false,"profile_location":null,"profile_image_url_https":"https://pbs.twimg.com/profile_images/589000167317049344/A48wRZ-B_normal.jpg","profile_sidebar_fill_color":"DDEEF6","entities":{"description":{"urls":[]}},"followers_count":2165,"profile_sidebar_border_color":"C0DEED","id_str":"486165114","profile_background_color":"C0DEED","listed_count":0,"is_translation_enabled":false,"utc_offset":null,"statuses_count":3709,"description":"Mohamad Al-timimi //// Inspire Change","friends_count":201,"location":"London/Dubai","profile_link_color":"2B8765","profile_image_url":"http://pbs.twimg.com/profile_images/589000167317049344/A48wRZ-B_normal.jpg","following":false,"geo_enabled":false,"profile_banner_url":"https://pbs.twimg.com/profile_banners/486165114/1397064938","profile_background_image_url":"http://pbs.twimg.com/profile_background_images/621676634/xf8xnnecboigoimgiza3.gif","name":"Prince ♕","lang":"en","profile_background_tile":true,"favourites_count":930,"screen_name":"Motimimi","notifications":false,"url":null,"created_at":"Wed Feb 08 00:28:50 +0000 2012","contributors_enabled":false,"time_zone":null,"protected":false,"default_profile":false,"is_translator":false},"geo":null,"in_reply_to_user_id_str":"285089704","lang":"en","created_at":"Mon Dec 15 00:39:53 +0000 2014","in_reply_to_status_id_str":"544289696059510785","place":null},
{"contributors":null,"truncated":false,"text":"@irwin_93 @notatroll255 @Channel4News the problem has never been the text in any religion, it's the fools that abuse and misinterpret it","in_reply_to_status_id":544289696059510785,"id":544290936574840832,"favorite_count":1,"source":"<a href=\"http://twitter.com/download/iphone\" rel=\"nofollow\">Twitter for iPhone</a>","retweeted":false,"coordinates":null,"entities":{"symbols":[],"user_mentions":[{"id":285089704,"indices":[0,9],"id_str":"285089704","screen_name":"irwin_93","name":"Michael Irwin"},{"id":2483752741,"indices":[10,23],"id_str":"2483752741","screen_name":"notatroll255","name":"Truth Teller"},{"id":14569869,"indices":[24,37],"id_str":"14569869","screen_name":"Channel4News","name":"Channel 4 News"}],"hashtags":[],"urls":[]},"in_reply_to_screen_name":"irwin_93","id_str":"544290936574840832","retweet_count":0,"in_reply_to_user_id":285089704,"favorited":false,"user":{"follow_request_sent":false,"profile_use_background_image":true,"profile_text_color":"333333","default_profile_image":false,"id":486165114,"profile_background_image_url_https":"https://pbs.twimg.com/profile_background_images/621676634/xf8xnnecboigoimgiza3.gif","verified":false,"profile_location":null,"profile_image_url_https":"https://pbs.twimg.com/profile_images/589000167317049344/A48wRZ-B_normal.jpg","profile_sidebar_fill_color":"DDEEF6","entities":{"description":{"urls":[]}},"followers_count":2165,"profile_sidebar_border_color":"C0DEED","id_str":"486165114","profile_background_color":"C0DEED","listed_count":0,"is_translation_enabled":false,"utc_offset":null,"statuses_count":3709,"description":"Mohamad Al-timimi //// Inspire Change","friends_count":201,"location":"London/Dubai","profile_link_color":"2B8765","profile_image_url":"http://pbs.twimg.com/profile_images/589000167317049344/A48wRZ-B_normal.jpg","following":false,"geo_enabled":false,"profile_banner_url":"https://pbs.twimg.com/profile_banners/486165114/1397064938","profile_background_image_url":"http://pbs.twimg.com/profile_background_images/621676634/xf8xnnecboigoimgiza3.gif","name":"Prince ♕","lang":"en","profile_background_tile":true,"favourites_count":930,"screen_name":"Motimimi","notifications":false,"url":null,"created_at":"Wed Feb 08 00:28:50 +0000 2012","contributors_enabled":false,"time_zone":null,"protected":false,"default_profile":false,"is_translator":false},"geo":null,"in_reply_to_user_id_str":"285089704","lang":"en","created_at":"Mon Dec 15 00:40:46 +0000 2014","in_reply_to_status_id_str":"544289696059510785","place":null},
{"contributors":null,"truncated":false,"text":"@Channel4News it's a racist colonial outpost that treats its own aboriginals &amp; asylum seekers like second class citizens #dump #apartheid","in_reply_to_status_id":544284455909998592,"id":544291862467862529,"favorite_count":0,"source":"<a href=\"https://mobile.twitter.com\" rel=\"nofollow\">Mobile Web (M5)</a>","retweeted":false,"coordinates":null,"entities":{"symbols":[],"user_mentions":[{"id":14569869,"indices":[0,13],"id_str":"14569869","screen_name":"Channel4News","name":"Channel 4 News"}],"hashtags":[{"indices":[125,130],"text":"dump"},{"indices":[131,141],"text":"apartheid"}],"urls":[]},"in_reply_to_screen_name":"Channel4News","id_str":"544291862467862529","retweet_count":0,"in_reply_to_user_id":14569869,"favorited":false,"user":{"follow_request_sent":false,"profile_use_background_image":true,"profile_text_color":"333333","default_profile_image":true,"id":893485608,"profile_background_image_url_https":"https://abs.twimg.com/images/themes/theme1/bg.png","verified":false,"profile_location":null,"profile_image_url_https":"https://abs.twimg.com/sticky/default_profile_images/default_profile_1_normal.png","profile_sidebar_fill_color":"DDEEF6","entities":{"description":{"urls":[]}},"followers_count":333,"profile_sidebar_border_color":"C0DEED","id_str":"893485608","profile_background_color":"C0DEED","listed_count":6,"is_translation_enabled":false,"utc_offset":null,"statuses_count":12259,"description":"","friends_count":182,"location":"Earth","profile_link_color":"0084B4","profile_image_url":"http://abs.twimg.com/sticky/default_profile_images/default_profile_1_normal.png","following":false,"geo_enabled":false,"profile_background_image_url":"http://abs.twimg.com/images/themes/theme1/bg.png","name":"Graham Thom","lang":"en","profile_background_tile":false,"favourites_count":22386,"screen_name":"UkThom","notifications":false,"url":null,"created_at":"Sat Oct 20 15:43:43 +0000 2012","contributors_enabled":false,"time_zone":null,"protected":false,"default_profile":true,"is_translator":false},"geo":null,"in_reply_to_user_id_str":"14569869","lang":"en","created_at":"Mon Dec 15 00:44:27 +0000 2014","in_reply_to_status_id_str":"544284455909998592","place":null},
{"contributors":null,"truncated":false,"text":"@Motimimi @notatroll255 Understood. I'm still waiting on confirmation that what they believe hasn't been interpreted by religious teachings","in_reply_to_status_id":544290936574840832,"id":544292336482910208,"favorite_count":0,"source":"<a href=\"http://twitter.com/download/android\" rel=\"nofollow\">Twitter for Android</a>","retweeted":false,"coordinates":{"type":"Point","coordinates":[-6.6332927,54.3592888]},"entities":{"symbols":[],"user_mentions":[{"id":486165114,"indices":[0,9],"id_str":"486165114","screen_name":"Motimimi","name":"Prince ♕"},{"id":2483752741,"indices":[10,23],"id_str":"2483752741","screen_name":"notatroll255","name":"Truth Teller"}],"hashtags":[],"urls":[]},"in_reply_to_screen_name":"Motimimi","id_str":"544292336482910208","retweet_count":0,"in_reply_to_user_id":486165114,"favorited":false,"user":{"follow_request_sent":false,"profile_use_background_image":true,"profile_text_color":"333333","default_profile_image":false,"id":285089704,"profile_background_image_url_https":"https://abs.twimg.com/images/themes/theme2/bg.gif","verified":false,"profile_location":null,"profile_image_url_https":"https://pbs.twimg.com/profile_images/562188371200843777/3d5JMMRT_normal.jpeg","profile_sidebar_fill_color":"DDEEF6","entities":{"description":{"urls":[]}},"followers_count":193,"profile_sidebar_border_color":"C0DEED","id_str":"285089704","profile_background_color":"C6E2EE","listed_count":0,"is_translation_enabled":false,"utc_offset":null,"statuses_count":390,"description":"Everyone's equal, but some are more equal than others.","friends_count":346,"location":"Armagh Northern Ireland","profile_link_color":"1F98C7","profile_image_url":"http://pbs.twimg.com/profile_images/562188371200843777/3d5JMMRT_normal.jpeg","following":false,"geo_enabled":true,"profile_banner_url":"https://pbs.twimg.com/profile_banners/285089704/1369317049","profile_background_image_url":"http://abs.twimg.com/images/themes/theme2/bg.gif","name":"Michael Irwin","lang":"en","profile_background_tile":false,"favourites_count":92,"screen_name":"irwin_93","notifications":false,"url":null,"created_at":"Wed Apr 20 14:19:03 +0000 2011","contributors_enabled":false,"time_zone":null,"protected":false,"default_profile":false,"is_translator":false},"geo":{"type":"Point","coordinates":[54.3592888,-6.6332927]},"in_reply_to_user_id_str":"486165114","lang":"en","created_at":"Mon Dec 15 00:46:20 +0000 2014","in_reply_to_status_id_str":"544290936574840832","place":{"full_name":"Armagh, Northern Ireland","url":"https://api.twitter.com/1.1/geo/id/0eb076c18e9971f1.json","country":"United Kingdom","place_type":"city","bounding_box":{"type":"Polygon","coordinates":[[[-6.6765888,54.2804516],[-6.6188514,54.2804516],[-6.6188514,54.36622],[-6.6765888,54.36622]]]},"contained_within":[],"country_code":"GB","attributes":{},"id":"0eb076c18e9971f1","name":"Armagh"}},
{"contributors":null,"truncated":false,"text":"Our thoughts are with them. Don't turn this into a religious debate, people. \r\r@Channel4News","in_reply_to_status_id":544284455909998592,"id":544292649151508480,"favorite_count":0,"source":"<a href=\"http://www.twitter.com\" rel=\"nofollow\">Twitter for Windows Phone</a>","retweeted":false,"coordinates":null,"entities":{"symbols":[],"user_mentions":[{"id":14569869,"indices":[79,92],"id_str":"14569869","screen_name":"Channel4News","name":"Channel 4 News"}],"hashtags":[],"urls":[]},"in_reply_to_screen_name":"Channel4News","id_str":"544292649151508480","retweet_count":0,"in_reply_to_user_id":14569869,"favorited":false,"user":{"follow_request_sent":false,"profile_use_background_image":true,"profile_text_color":"333333","default_profile_image":false,"id":68397297,"profile_background_image_url_https":"https://pbs.twimg.com/profile_background_images/259508415/makinganassofmyself3.jpg","verified":false,"profile_location":null,"profile_image_url_https":"https://pbs.twimg.com/profile_images/474933901442691075/5mzdMtIq_normal.jpeg","profile_sidebar_fill_color":"EADEAA","entities":{"description":{"urls":[]}},"followers_count":1324,"profile_sidebar_border_color":"000000","id_str":"68397297","profile_background_color":"8B542B","listed_count":6,"is_translation_enabled":false,"utc_offset":0,"statuses_count":51938,"description":"As Above, So Below.","friends_count":1130,"location":"In Ur Mind","profile_link_color":"9D582E","profile_image_url":"http://pbs.twimg.com/profile_images/474933901442691075/5mzdMtIq_normal.jpeg","following":false,"geo_enabled":true,"profile_banner_url":"https://pbs.twimg.com/profile_banners/68397297/1372980249","profile_background_image_url":"http://pbs.twimg.com/profile_background_images/259508415/makinganassofmyself3.jpg","name":"SaBoLai","lang":"en","profile_background_tile":false,"favourites_count":261,"screen_name":"barneytotos","notifications":false,"url":null,"created_at":"Mon Aug 24 12:38:30 +0000 2009","contributors_enabled":false,"time_zone":"London","protected":false,"default_profile":false,"is_translator":false},"geo":null,"in_reply_to_user_id_str":"14569869","lang":"en","created_at":"Mon Dec 15 00:47:34 +0000 2014","in_reply_to_status_id_str":"544284455909998592","place":null},
{"contributors":null,"truncated":false,"text":"@Motimimi @notatroll255 Religion is full of 'cherry picking', as you're aware. Let's not excuse the abhorrence of many religious texts!","in_reply_to_status_id":544290936574840832,"id":544292770635341824,"favorite_count":0,"source":"<a href=\"http://twitter.com/download/android\" rel=\"nofollow\">Twitter for Android</a>","retweeted":false,"coordinates":{"type":"Point","coordinates":[-6.6332425,54.3592722]},"entities":{"symbols":[],"user_mentions":[{"id":486165114,"indices":[0,9],"id_str":"486165114","screen_name":"Motimimi","name":"Prince ♕"},{"id":2483752741,"indices":[10,23],"id_str":"2483752741","screen_name":"notatroll255","name":"Truth Teller"}],"hashtags":[],"urls":[]},"in_reply_to_screen_name":"Motimimi","id_str":"544292770635341824","retweet_count":0,"in_reply_to_user_id":486165114,"favorited":false,"user":{"follow_request_sent":false,"profile_use_background_image":true,"profile_text_color":"333333","default_profile_image":false,"id":285089704,"profile_background_image_url_https":"https://abs.twimg.com/images/themes/theme2/bg.gif","verified":false,"profile_location":null,"profile_image_url_https":"https://pbs.twimg.com/profile_images/562188371200843777/3d5JMMRT_normal.jpeg","profile_sidebar_fill_color":"DDEEF6","entities":{"description":{"urls":[]}},"followers_count":193,"profile_sidebar_border_color":"C0DEED","id_str":"285089704","profile_background_color":"C6E2EE","listed_count":0,"is_translation_enabled":false,"utc_offset":null,"statuses_count":390,"description":"Everyone's equal, but some are more equal than others.","friends_count":346,"location":"Armagh Northern Ireland","profile_link_color":"1F98C7","profile_image_url":"http://pbs.twimg.com/profile_images/562188371200843777/3d5JMMRT_normal.jpeg","following":false,"geo_enabled":true,"profile_banner_url":"https://pbs.twimg.com/profile_banners/285089704/1369317049","profile_background_image_url":"http://abs.twimg.com/images/themes/theme2/bg.gif","name":"Michael Irwin","lang":"en","profile_background_tile":false,"favourites_count":92,"screen_name":"irwin_93","notifications":false,"url":null,"created_at":"Wed Apr 20 14:19:03 +0000 2011","contributors_enabled":false,"time_zone":null,"protected":false,"default_profile":false,"is_translator":false},"geo":{"type":"Point","coordinates":[54.3592722,-6.6332425]},"in_reply_to_user_id_str":"486165114","lang":"en","created_at":"Mon Dec 15 00:48:03 +0000 2014","in_reply_to_status_id_str":"544290936574840832","place":{"full_name":"Armagh, Northern Ireland","url":"https://api.twitter.com/1.1/geo/id/0eb076c18e9971f1.json","country":"United Kingdom","place_type":"city","bounding_box":{"type":"Polygon","coordinates":[[[-6.6765888,54.2804516],[-6.6188514,54.2804516],[-6.6188514,54.36622],[-6.6765888,54.36622]]]},"contained_within":[],"country_code":"GB","attributes":{},"id":"0eb076c18e9971f1","name":"Armagh"}},
{"contributors":null,"truncated":false,"text":"@irwin_93 @notatroll255 no no the texts and the traditions encompass everything in most uncorrupted religions ,cherry picking is Done by man","in_reply_to_status_id":544292770635341824,"id":544293612691787776,"favorite_count":0,"source":"<a href=\"http://twitter.com/download/iphone\" rel=\"nofollow\">Twitter for iPhone</a>","retweeted":false,"coordinates":null,"entities":{"symbols":[],"user_mentions":[{"id":285089704,"indices":[0,9],"id_str":"285089704","screen_name":"irwin_93","name":"Michael Irwin"},{"id":2483752741,"indices":[10,23],"id_str":"2483752741","screen_name":"notatroll255","name":"Truth Teller"}],"hashtags":[],"urls":[]},"in_reply_to_screen_name":"irwin_93","id_str":"544293612691787776","retweet_count":0,"in_reply_to_user_id":285089704,"favorited":false,"user":{"follow_request_sent":false,"profile_use_background_image":true,"profile_text_color":"333333","default_profile_image":false,"id":486165114,"profile_background_image_url_https":"https://pbs.twimg.com/profile_background_images/621676634/xf8xnnecboigoimgiza3.gif","verified":false,"profile_location":null,"profile_image_url_https":"https://pbs.twimg.com/profile_images/589000167317049344/A48wRZ-B_normal.jpg","profile_sidebar_fill_color":"DDEEF6","entities":{"description":{"urls":[]}},"followers_count":2165,"profile_sidebar_border_color":"C0DEED","id_str":"486165114","profile_background_color":"C0DEED","listed_count":0,"is_translation_enabled":false,"utc_offset":null,"statuses_count":3709,"description":"Mohamad Al-timimi //// Inspire Change","friends_count":201,"location":"London/Dubai","profile_link_color":"2B8765","profile_image_url":"http://pbs.twimg.com/profile_images/589000167317049344/A48wRZ-B_normal.jpg","following":false,"geo_enabled":false,"profile_banner_url":"https://pbs.twimg.com/profile_banners/486165114/1397064938","profile_background_image_url":"http://pbs.twimg.com/profile_background_images/621676634/xf8xnnecboigoimgiza3.gif","name":"Prince ♕","lang":"en","profile_background_tile":true,"favourites_count":930,"screen_name":"Motimimi","notifications":false,"url":null,"created_at":"Wed Feb 08 00:28:50 +0000 2012","contributors_enabled":false,"time_zone":null,"protected":false,"default_profile":false,"is_translator":false},"geo":null,"in_reply_to_user_id_str":"285089704","lang":"en","created_at":"Mon Dec 15 00:51:24 +0000 2014","in_reply_to_status_id_str":"544292770635341824","place":null},
{"contributors":null,"truncated":false,"text":"@irwin_93 but anyway don't wna spam this feed ,my prayers are with those in the cafe I pray they get out safe and sound and justice triumphs","in_reply_to_status_id":544292770635341824,"id":544294351560384512,"favorite_count":0,"source":"<a href=\"http://twitter.com/download/iphone\" rel=\"nofollow\">Twitter for iPhone</a>","retweeted":false,"coordinates":null,"entities":{"symbols":[],"user_mentions":[{"id":285089704,"indices":[0,9],"id_str":"285089704","screen_name":"irwin_93","name":"Michael Irwin"}],"hashtags":[],"urls":[]},"in_reply_to_screen_name":"irwin_93","id_str":"544294351560384512","retweet_count":0,"in_reply_to_user_id":285089704,"favorited":false,"user":{"follow_request_sent":false,"profile_use_background_image":true,"profile_text_color":"333333","default_profile_image":false,"id":486165114,"profile_background_image_url_https":"https://pbs.twimg.com/profile_background_images/621676634/xf8xnnecboigoimgiza3.gif","verified":false,"profile_location":null,"profile_image_url_https":"https://pbs.twimg.com/profile_images/589000167317049344/A48wRZ-B_normal.jpg","profile_sidebar_fill_color":"DDEEF6","entities":{"description":{"urls":[]}},"followers_count":2165,"profile_sidebar_border_color":"C0DEED","id_str":"486165114","profile_background_color":"C0DEED","listed_count":0,"is_translation_enabled":false,"utc_offset":null,"statuses_count":3709,"description":"Mohamad Al-timimi //// Inspire Change","friends_count":201,"location":"London/Dubai","profile_link_color":"2B8765","profile_image_url":"http://pbs.twimg.com/profile_images/589000167317049344/A48wRZ-B_normal.jpg","following":false,"geo_enabled":false,"profile_banner_url":"https://pbs.twimg.com/profile_banners/486165114/1397064938","profile_background_image_url":"http://pbs.twimg.com/profile_background_images/621676634/xf8xnnecboigoimgiza3.gif","name":"Prince ♕","lang":"en","profile_background_tile":true,"favourites_count":930,"screen_name":"Motimimi","notifications":false,"url":null,"created_at":"Wed Feb 08 00:28:50 +0000 2012","contributors_enabled":false,"time_zone":null,"protected":false,"default_profile":false,"is_translator":false},"geo":null,"in_reply_to_user_id_str":"285089704","lang":"en","created_at":"Mon Dec 15 00:54:20 +0000 2014","in_reply_to_status_id_str":"544292770635341824","place":null},
{"contributors":null,"truncated":false,"text":"@Motimimi @notatroll255 Okay... Can you confirm that what extremists believe and teach is not found in any Islamic related texts?","in_reply_to_status_id":544293612691787776,"id":544294542972055552,"favorite_count":1,"source":"<a href=\"http://twitter.com/download/android\" rel=\"nofollow\">Twitter for Android</a>","retweeted":false,"coordinates":{"type":"Point","coordinates":[-6.6333096,54.3592928]},"entities":{"symbols":[],"user_mentions":[{"id":486165114,"indices":[0,9],"id_str":"486165114","screen_name":"Motimimi","name":"Prince ♕"},{"id":2483752741,"indices":[10,23],"id_str":"2483752741","screen_name":"notatroll255","name":"Truth Teller"}],"hashtags":[],"urls":[]},"in_reply_to_screen_name":"Motimimi","id_str":"544294542972055552","retweet_count":1,"in_reply_to_user_id":486165114,"favorited":false,"user":{"follow_request_sent":false,"profile_use_background_image":true,"profile_text_color":"333333","default_profile_image":false,"id":285089704,"profile_background_image_url_https":"https://abs.twimg.com/images/themes/theme2/bg.gif","verified":false,"profile_location":null,"profile_image_url_https":"https://pbs.twimg.com/profile_images/562188371200843777/3d5JMMRT_normal.jpeg","profile_sidebar_fill_color":"DDEEF6","entities":{"description":{"urls":[]}},"followers_count":192,"profile_sidebar_border_color":"C0DEED","id_str":"285089704","profile_background_color":"C6E2EE","listed_count":0,"is_translation_enabled":false,"utc_offset":null,"statuses_count":390,"description":"Everyone's equal, but some are more equal than others.","friends_count":345,"location":"Armagh Northern Ireland","profile_link_color":"1F98C7","profile_image_url":"http://pbs.twimg.com/profile_images/562188371200843777/3d5JMMRT_normal.jpeg","following":false,"geo_enabled":true,"profile_banner_url":"https://pbs.twimg.com/profile_banners/285089704/1369317049","profile_background_image_url":"http://abs.twimg.com/images/themes/theme2/bg.gif","name":"Michael Irwin","lang":"en","profile_background_tile":false,"favourites_count":92,"screen_name":"irwin_93","notifications":false,"url":null,"created_at":"Wed Apr 20 14:19:03 +0000 2011","contributors_enabled":false,"time_zone":null,"protected":false,"default_profile":false,"is_translator":false},"geo":{"type":"Point","coordinates":[54.3592928,-6.6333096]},"in_reply_to_user_id_str":"486165114","lang":"en","created_at":"Mon Dec 15 00:55:06 +0000 2014","in_reply_to_status_id_str":"544293612691787776","place":{"full_name":"Armagh, Northern Ireland","url":"https://api.twitter.com/1.1/geo/id/0eb076c18e9971f1.json","country":"United Kingdom","place_type":"city","bounding_box":{"type":"Polygon","coordinates":[[[-6.6765888,54.2804516],[-6.6188514,54.2804516],[-6.6188514,54.36622],[-6.6765888,54.36622]]]},"contained_within":[],"country_code":"GB","attributes":{},"id":"0eb076c18e9971f1","name":"Armagh"}},
{"contributors":null,"truncated":false,"text":"@Motimimi I'm with you on that one. Not trying to start an argument.","in_reply_to_status_id":544294351560384512,"id":544294804176506881,"favorite_count":0,"source":"<a href=\"http://twitter.com/download/android\" rel=\"nofollow\">Twitter for Android</a>","retweeted":false,"coordinates":{"type":"Point","coordinates":[-6.6333567,54.3593072]},"entities":{"symbols":[],"user_mentions":[{"id":486165114,"indices":[0,9],"id_str":"486165114","screen_name":"Motimimi","name":"Prince ♕"}],"hashtags":[],"urls":[]},"in_reply_to_screen_name":"Motimimi","id_str":"544294804176506881","retweet_count":0,"in_reply_to_user_id":486165114,"favorited":false,"user":{"follow_request_sent":false,"profile_use_background_image":true,"profile_text_color":"333333","default_profile_image":false,"id":285089704,"profile_background_image_url_https":"https://abs.twimg.com/images/themes/theme2/bg.gif","verified":false,"profile_location":null,"profile_image_url_https":"https://pbs.twimg.com/profile_images/562188371200843777/3d5JMMRT_normal.jpeg","profile_sidebar_fill_color":"DDEEF6","entities":{"description":{"urls":[]}},"followers_count":192,"profile_sidebar_border_color":"C0DEED","id_str":"285089704","profile_background_color":"C6E2EE","listed_count":0,"is_translation_enabled":false,"utc_offset":null,"statuses_count":390,"description":"Everyone's equal, but some are more equal than others.","friends_count":345,"location":"Armagh Northern Ireland","profile_link_color":"1F98C7","profile_image_url":"http://pbs.twimg.com/profile_images/562188371200843777/3d5JMMRT_normal.jpeg","following":false,"geo_enabled":true,"profile_banner_url":"https://pbs.twimg.com/profile_banners/285089704/1369317049","profile_background_image_url":"http://abs.twimg.com/images/themes/theme2/bg.gif","name":"Michael Irwin","lang":"en","profile_background_tile":false,"favourites_count":92,"screen_name":"irwin_93","notifications":false,"url":null,"created_at":"Wed Apr 20 14:19:03 +0000 2011","contributors_enabled":false,"time_zone":null,"protected":false,"default_profile":false,"is_translator":false},"geo":{"type":"Point","coordinates":[54.3593072,-6.6333567]},"in_reply_to_user_id_str":"486165114","lang":"en","created_at":"Mon Dec 15 00:56:08 +0000 2014","in_reply_to_status_id_str":"544294351560384512","place":{"full_name":"Armagh, Northern Ireland","url":"https://api.twitter.com/1.1/geo/id/0eb076c18e9971f1.json","country":"United Kingdom","place_type":"city","bounding_box":{"type":"Polygon","coordinates":[[[-6.6765888,54.2804516],[-6.6188514,54.2804516],[-6.6188514,54.36622],[-6.6765888,54.36622]]]},"contained_within":[],"country_code":"GB","attributes":{},"id":"0eb076c18e9971f1","name":"Armagh"}},
{"contributors":null,"truncated":false,"text":"@irwin_93 with ease and pleasure 😌","in_reply_to_status_id":544294542972055552,"id":544294856122585090,"favorite_count":0,"source":"<a href=\"http://twitter.com/download/iphone\" rel=\"nofollow\">Twitter for iPhone</a>","retweeted":false,"coordinates":null,"entities":{"symbols":[],"user_mentions":[{"id":285089704,"indices":[0,9],"id_str":"285089704","screen_name":"irwin_93","name":"Michael Irwin"}],"hashtags":[],"urls":[]},"in_reply_to_screen_name":"irwin_93","id_str":"544294856122585090","retweet_count":0,"in_reply_to_user_id":285089704,"favorited":false,"user":{"follow_request_sent":false,"profile_use_background_image":true,"profile_text_color":"333333","default_profile_image":false,"id":486165114,"profile_background_image_url_https":"https://pbs.twimg.com/profile_background_images/621676634/xf8xnnecboigoimgiza3.gif","verified":false,"profile_location":null,"profile_image_url_https":"https://pbs.twimg.com/profile_images/589000167317049344/A48wRZ-B_normal.jpg","profile_sidebar_fill_color":"DDEEF6","entities":{"description":{"urls":[]}},"followers_count":2166,"profile_sidebar_border_color":"C0DEED","id_str":"486165114","profile_background_color":"C0DEED","listed_count":0,"is_translation_enabled":false,"utc_offset":null,"statuses_count":3710,"description":"Mohamad Al-timimi //// Inspire Change","friends_count":200,"location":"London/Dubai","profile_link_color":"2B8765","profile_image_url":"http://pbs.twimg.com/profile_images/589000167317049344/A48wRZ-B_normal.jpg","following":false,"geo_enabled":false,"profile_banner_url":"https://pbs.twimg.com/profile_banners/486165114/1397064938","profile_background_image_url":"http://pbs.twimg.com/profile_background_images/621676634/xf8xnnecboigoimgiza3.gif","name":"Prince ♕","lang":"en","profile_background_tile":true,"favourites_count":928,"screen_name":"Motimimi","notifications":false,"url":null,"created_at":"Wed Feb 08 00:28:50 +0000 2012","contributors_enabled":false,"time_zone":null,"protected":false,"default_profile":false,"is_translator":false},"geo":null,"in_reply_to_user_id_str":"285089704","lang":"en","created_at":"Mon Dec 15 00:56:20 +0000 2014","in_reply_to_status_id_str":"544294542972055552","place":null},
{"contributors":null,"truncated":false,"text":"@irwin_93 it's cool, I'm all for removing misconceptions of peaceful religions, someone's Needs to undo all the damage being done","in_reply_to_status_id":544294804176506881,"id":544295196620369920,"favorite_count":0,"source":"<a href=\"http://twitter.com/download/iphone\" rel=\"nofollow\">Twitter for iPhone</a>","retweeted":false,"coordinates":null,"entities":{"symbols":[],"user_mentions":[{"id":285089704,"indices":[0,9],"id_str":"285089704","screen_name":"irwin_93","name":"Michael Irwin"}],"hashtags":[],"urls":[]},"in_reply_to_screen_name":"irwin_93","id_str":"544295196620369920","retweet_count":0,"in_reply_to_user_id":285089704,"favorited":false,"user":{"follow_request_sent":false,"profile_use_background_image":true,"profile_text_color":"333333","default_profile_image":false,"id":486165114,"profile_background_image_url_https":"https://pbs.twimg.com/profile_background_images/621676634/xf8xnnecboigoimgiza3.gif","verified":false,"profile_location":null,"profile_image_url_https":"https://pbs.twimg.com/profile_images/589000167317049344/A48wRZ-B_normal.jpg","profile_sidebar_fill_color":"DDEEF6","entities":{"description":{"urls":[]}},"followers_count":2166,"profile_sidebar_border_color":"C0DEED","id_str":"486165114","profile_background_color":"C0DEED","listed_count":0,"is_translation_enabled":false,"utc_offset":null,"statuses_count":3710,"description":"Mohamad Al-timimi //// Inspire Change","friends_count":200,"location":"London/Dubai","profile_link_color":"2B8765","profile_image_url":"http://pbs.twimg.com/profile_images/589000167317049344/A48wRZ-B_normal.jpg","following":false,"geo_enabled":false,"profile_banner_url":"https://pbs.twimg.com/profile_banners/486165114/1397064938","profile_background_image_url":"http://pbs.twimg.com/profile_background_images/621676634/xf8xnnecboigoimgiza3.gif","name":"Prince ♕","lang":"en","profile_background_tile":true,"favourites_count":928,"screen_name":"Motimimi","notifications":false,"url":null,"created_at":"Wed Feb 08 00:28:50 +0000 2012","contributors_enabled":false,"time_zone":null,"protected":false,"default_profile":false,"is_translator":false},"geo":null,"in_reply_to_user_id_str":"285089704","lang":"en","created_at":"Mon Dec 15 00:57:42 +0000 2014","in_reply_to_status_id_str":"544294804176506881","place":null},
{"contributors":null,"truncated":false,"text":"@Motimimi @irwin_93 @notatroll255 Yeah sure. Islam at it again.","in_reply_to_status_id":544293612691787776,"id":544295760582684672,"favorite_count":0,"source":"<a href=\"http://twitter.com\" rel=\"nofollow\">Twitter Web Client</a>","retweeted":false,"coordinates":null,"entities":{"symbols":[],"user_mentions":[{"id":486165114,"indices":[0,9],"id_str":"486165114","screen_name":"Motimimi","name":"Prince ♕"},{"id":285089704,"indices":[10,19],"id_str":"285089704","screen_name":"irwin_93","name":"Michael Irwin"},{"id":2483752741,"indices":[20,33],"id_str":"2483752741","screen_name":"notatroll255","name":"Truth Teller"}],"hashtags":[],"urls":[]},"in_reply_to_screen_name":"Motimimi","id_str":"544295760582684672","retweet_count":0,"in_reply_to_user_id":486165114,"favorited":false,"user":{"follow_request_sent":false,"profile_use_background_image":true,"profile_text_color":"333333","default_profile_image":true,"id":2893611147,"profile_background_image_url_https":"https://abs.twimg.com/images/themes/theme1/bg.png","verified":false,"profile_location":null,"profile_image_url_https":"https://abs.twimg.com/sticky/default_profile_images/default_profile_0_normal.png","profile_sidebar_fill_color":"DDEEF6","entities":{"description":{"urls":[]}},"followers_count":2,"profile_sidebar_border_color":"C0DEED","id_str":"2893611147","profile_background_color":"C0DEED","listed_count":1,"is_translation_enabled":false,"utc_offset":null,"statuses_count":120,"description":"","friends_count":44,"location":"","profile_link_color":"0084B4","profile_image_url":"http://abs.twimg.com/sticky/default_profile_images/default_profile_0_normal.png","following":false,"geo_enabled":false,"profile_background_image_url":"http://abs.twimg.com/images/themes/theme1/bg.png","name":"Serkan M","lang":"en-gb","profile_background_tile":false,"favourites_count":112,"screen_name":"Serkyboy1","notifications":false,"url":null,"created_at":"Wed Nov 26 18:29:57 +0000 2014","contributors_enabled":false,"time_zone":null,"protected":false,"default_profile":true,"is_translator":false},"geo":null,"in_reply_to_user_id_str":"486165114","lang":"en","created_at":"Mon Dec 15 00:59:56 +0000 2014","in_reply_to_status_id_str":"544293612691787776","place":null},
{"contributors":null,"truncated":false,"text":"@Serkyboy1 lol I Dno what to say to You, but sure blame islam for 2 nut cases when there's 2 billion Of us sat at home like every2 else 😌","in_reply_to_status_id":544295760582684672,"id":544302761328644096,"favorite_count":0,"source":"<a href=\"http://twitter.com/download/iphone\" rel=\"nofollow\">Twitter for iPhone</a>","retweeted":false,"coordinates":null,"entities":{"symbols":[],"user_mentions":[{"id":2893611147,"indices":[0,10],"id_str":"2893611147","screen_name":"Serkyboy1","name":"Serkan M"}],"hashtags":[],"urls":[]},"in_reply_to_screen_name":"Serkyboy1","id_str":"544302761328644096","retweet_count":0,"in_reply_to_user_id":2893611147,"favorited":false,"user":{"follow_request_sent":false,"profile_use_background_image":true,"profile_text_color":"333333","default_profile_image":false,"id":486165114,"profile_background_image_url_https":"https://pbs.twimg.com/profile_background_images/621676634/xf8xnnecboigoimgiza3.gif","verified":false,"profile_location":null,"profile_image_url_https":"https://pbs.twimg.com/profile_images/589000167317049344/A48wRZ-B_normal.jpg","profile_sidebar_fill_color":"DDEEF6","entities":{"description":{"urls":[]}},"followers_count":2166,"profile_sidebar_border_color":"C0DEED","id_str":"486165114","profile_background_color":"C0DEED","listed_count":0,"is_translation_enabled":false,"utc_offset":null,"statuses_count":3710,"description":"Mohamad Al-timimi //// Inspire Change","friends_count":200,"location":"London/Dubai","profile_link_color":"2B8765","profile_image_url":"http://pbs.twimg.com/profile_images/589000167317049344/A48wRZ-B_normal.jpg","following":false,"geo_enabled":false,"profile_banner_url":"https://pbs.twimg.com/profile_banners/486165114/1397064938","profile_background_image_url":"http://pbs.twimg.com/profile_background_images/621676634/xf8xnnecboigoimgiza3.gif","name":"Prince ♕","lang":"en","profile_background_tile":true,"favourites_count":928,"screen_name":"Motimimi","notifications":false,"url":null,"created_at":"Wed Feb 08 00:28:50 +0000 2012","contributors_enabled":false,"time_zone":null,"protected":false,"default_profile":false,"is_translator":false},"geo":null,"in_reply_to_user_id_str":"2893611147","lang":"en","created_at":"Mon Dec 15 01:27:45 +0000 2014","in_reply_to_status_id_str":"544295760582684672","place":null}
]