{"contributors":null,"truncated":false,"text":"Flag in window of Sydney Lindt cafe not an ISIS flag. Reads: \u2018There is no God but Allah and Muhammad is the messenger of God\u2019 (@liztilley84)","in_reply_to_status_id":null,"id":544277117039837184,"favorite_count":48,"source":"<a href=\"http:\/\/www.GroupTweet.com\" rel=\"nofollow\">GroupTweet<\/a>","retweeted":false,"coordinates":null,"entities":{"symbols":[],"user_mentions":[{"id":1269181292,"indices":[127,139],"id_str":"1269181292","screen_name":"liztilley84","name":"Elizabeth Tilley"}],"hashtags":[],"urls":[]},"in_reply_to_screen_name":null,"id_str":"544277117039837184","retweet_count":390,"in_reply_to_user_id":null,"favorited":false,"user":{"follow_request_sent":false,"profile_use_background_image":true,"profile_text_color":"000000","default_profile_image":false,"id":16834659,"profile_background_image_url_https":"https:\/\/pbs.twimg.com\/profile_background_images\/378800000071734124\/dea3bd17ec32d1d204db6b0cee54df17.jpeg","verified":true,"profile_location":null,"profile_image_url_https":"https:\/\/pbs.twimg.com\/profile_images\/378800000441802573\/7d7dfe8dd3ef5cb743d617dc62f0aa92_normal.jpeg","profile_sidebar_fill_color":"D10020","entities":{"url":{"urls":[{"url":"http:\/\/t.co\/fdZdyojAgW","indices":[0,22],"expanded_url":"http:\/\/www.skynews.com.au","display_url":"skynews.com.au"}]},"description":{"urls":[{"url":"http:\/\/t.co\/nIE2DAOMCx","indices":[96,118],"expanded_url":"http:\/\/goo.gl\/b9lnU","display_url":"goo.gl\/b9lnU"}]}},"followers_count":150995,"profile_sidebar_border_color":"FFFFFF","id_str":"16834659","profile_background_color":"000000","listed_count":2735,"is_translation_enabled":false,"utc_offset":39600,"statuses_count":114484,"description":"Sky News is Australia's 24\/7 news channel, bringing you the latest news as it happens. Facebook http:\/\/t.co\/nIE2DAOMCx | Ch 601 on Foxtel","friends_count":85683,"location":"Sydney, Australia","profile_link_color":"FF0000","profile_image_url":"http:\/\/pbs.twimg.com\/profile_images\/378800000441802573\/7d7dfe8dd3ef5cb743d617dc62f0aa92_normal.jpeg","following":false,"geo_enabled":false,"profile_banner_url":"https:\/\/pbs.twimg.com\/profile_banners\/16834659\/1414972178","profile_background_image_url":"http:\/\/pbs.twimg.com\/profile_background_images\/378800000071734124\/dea3bd17ec32d1d204db6b0cee54df17.jpeg","name":"Sky News Australia","lang":"en","profile_background_tile":false,"favourites_count":1670,"screen_name":"SkyNewsAust","notifications":false,"url":"http:\/\/t.co\/fdZdyojAgW","created_at":"Sat Oct 18 02:39:23 +0000 2008","contributors_enabled":false,"time_zone":"Sydney","protected":false,"default_profile":false,"is_translator":false},"geo":null,"in_reply_to_user_id_str":null,"lang":"en","created_at":"Sun Dec 14 23:45:51 +0000 2014","in_reply_to_status_id_str":null,"place":null}