{"contributors":null,"truncated":false,"text":"@NSWAmbulance Praying for the safety of all emergency services involved in the @nswpolice operation in Sydney CBD &amp; those inside the cafe","in_reply_to_status_id":null,"id":544293739221368832,"favorite_count":108,"source":"<a href=\"http:\/\/twitter.com\" rel=\"nofollow\">Twitter Web Client<\/a>","retweeted":false,"coordinates":null,"entities":{"symbols":[],"user_mentions":[{"id":83687045,"indices":[0,13],"id_str":"83687045","screen_name":"NSWAmbulance","name":"NSW Ambulance"},{"id":23041630,"indices":[79,89],"id_str":"23041630","screen_name":"nswpolice","name":"NSW Police"}],"hashtags":[],"urls":[]},"in_reply_to_screen_name":"NSWAmbulance","id_str":"544293739221368832","retweet_count":118,"in_reply_to_user_id":83687045,"favorited":false,"user":{"follow_request_sent":false,"profile_use_background_image":false,"profile_text_color":"F70505","default_profile_image":false,"id":83687045,"profile_background_image_url_https":"https:\/\/pbs.twimg.com\/profile_background_images\/453874008\/roundel.gif","verified":false,"profile_location":null,"profile_image_url_https":"https:\/\/pbs.twimg.com\/profile_images\/540357471202578432\/zFw-EoXb_normal.png","profile_sidebar_fill_color":"171463","entities":{"url":{"urls":[{"url":"http:\/\/t.co\/ka8T7mrjlg","indices":[0,22],"expanded_url":"http:\/\/www.ambulance.nsw.gov.au","display_url":"ambulance.nsw.gov.au"}]},"description":{"urls":[]}},"followers_count":13693,"profile_sidebar_border_color":"DB0D0D","id_str":"83687045","profile_background_color":"002654","listed_count":278,"is_translation_enabled":false,"utc_offset":39600,"statuses_count":1569,"description":"We've changed our username from @ASNSW to @NSWAmbulance so you know exactly who we are! Please direct your @replies and messages to this new username. Thanks!","friends_count":547,"location":"NSW, Australia ","profile_link_color":"FF0000","profile_image_url":"http:\/\/pbs.twimg.com\/profile_images\/540357471202578432\/zFw-EoXb_normal.png","following":false,"geo_enabled":false,"profile_banner_url":"https:\/\/pbs.twimg.com\/profile_banners\/83687045\/1415325755","profile_background_image_url":"http:\/\/pbs.twimg.com\/profile_background_images\/453874008\/roundel.gif","name":"NSW Ambulance","lang":"en","profile_background_tile":false,"favourites_count":54,"screen_name":"NSWAmbulance","notifications":false,"url":"http:\/\/t.co\/ka8T7mrjlg","created_at":"Mon Oct 19 20:56:41 +0000 2009","contributors_enabled":false,"time_zone":"Sydney","protected":false,"default_profile":false,"is_translator":false},"geo":null,"in_reply_to_user_id_str":"83687045","lang":"en","created_at":"Mon Dec 15 00:51:54 +0000 2014","in_reply_to_status_id_str":null,"place":null}