[{"contributors":null,"truncated":false,"text":"@Sandra_Sully If only someone could tell this to the media #sydneysiege","in_reply_to_status_id":544296373466562560,"id":544296897360322562,"favorite_count":0,"source":"<a href=\"http://twitter.com\" rel=\"nofollow\">Twitter Web Client</a>","retweeted":false,"coordinates":null,"entities":{"symbols":[],"user_mentions":[{"id":142957691,"indices":[0,13],"id_str":"142957691","screen_name":"Sandra_Sully","name":"Sandra Sully"}],"hashtags":[{"indices":[59,71],"text":"sydneysiege"}],"urls":[]},"in_reply_to_screen_name":"Sandra_Sully","id_str":"544296897360322562","retweet_count":0,"in_reply_to_user_id":142957691,"favorited":false,"user":{"follow_request_sent":false,"profile_use_background_image":true,"profile_text_color":"333333","default_profile_image":false,"id":163436145,"profile_background_image_url_https":"https://pbs.twimg.com/profile_background_images/506402996553396224/cQc7S1s6.jpeg","verified":false,"profile_location":null,"profile_image_url_https":"https://pbs.twimg.com/profile_images/1088535328/image_normal.jpg","profile_sidebar_fill_color":"DDEEF6","entities":{"description":{"urls":[]}},"followers_count":229,"profile_sidebar_border_color":"FFFFFF","id_str":"163436145","profile_background_color":"C0DEED","listed_count":4,"is_translation_enabled":false,"utc_offset":39600,"statuses_count":1298,"description":"Part time Marketing, Media and Communications aficionado, Full time Batman impersonator, Essendon loving, Liverpool following, bass playing Melbournian... #ynwa","friends_count":1086,"location":"Melbourne, Australia","profile_link_color":"0084B4","profile_image_url":"http://pbs.twimg.com/profile_images/1088535328/image_normal.jpg","following":false,"geo_enabled":true,"profile_banner_url":"https://pbs.twimg.com/profile_banners/163436145/1409570911","profile_background_image_url":"http://pbs.twimg.com/profile_background_images/506402996553396224/cQc7S1s6.jpeg","name":"MezrickD","lang":"en","profile_background_tile":true,"favourites_count":463,"screen_name":"mezricksays","notifications":false,"url":null,"created_at":"Tue Jul 06 12:17:09 +0000 2010","contributors_enabled":false,"time_zone":"Melbourne","protected":false,"default_profile":false,"is_translator":false},"geo":null,"in_reply_to_user_id_str":"142957691","lang":"en","created_at":"Mon Dec 15 01:04:27 +0000 2014","in_reply_to_status_id_str":"544296373466562560","place":null},
{"contributors":null,"truncated":false,"text":"@Sandra_Sully This is terrible!!....Hoping for a good outcome :)","in_reply_to_status_id":544296373466562560,"id":544297156656394240,"favorite_count":1,"source":"<a href=\"http://twitter.com\" rel=\"nofollow\">Twitter Web Client</a>","retweeted":false,"coordinates":null,"entities":{"symbols":[],"user_mentions":[{"id":142957691,"indices":[0,13],"id_str":"142957691","screen_name":"Sandra_Sully","name":"Sandra Sully"}],"hashtags":[],"urls":[]},"in_reply_to_screen_name":"Sandra_Sully","id_str":"544297156656394240","retweet_count":0,"in_reply_to_user_id":142957691,"favorited":false,"user":{"follow_request_sent":false,"profile_use_background_image":true,"profile_text_color":"634047","default_profile_image":false,"id":47913170,"profile_background_image_url_https":"https://pbs.twimg.com/profile_background_images/482401658865860608/3FHVqydR.jpeg","verified":false,"profile_location":null,"profile_image_url_https":"https://pbs.twimg.com/profile_images/589401478873239553/sFew-_ZH_normal.jpg","profile_sidebar_fill_color":"E3E2DE","entities":{"description":{"urls":[]}},"followers_count":383,"profile_sidebar_border_color":"FFFFFF","id_str":"47913170","profile_background_color":"E8EBEA","listed_count":9,"is_translation_enabled":false,"utc_offset":39600,"statuses_count":9568,"description":"Love Supernatural,Jensen Ackles,H5O,Alex O'Loughlin.Love Kylie Minogue,Madonna,NKOTB fan esp Jon Knight :) Richie Sambora, Bon Jovi :)","friends_count":743,"location":"Australia","profile_link_color":"E412E8","profile_image_url":"http://pbs.twimg.com/profile_images/589401478873239553/sFew-_ZH_normal.jpg","following":false,"geo_enabled":true,"profile_banner_url":"https://pbs.twimg.com/profile_banners/47913170/1418465476","profile_background_image_url":"http://pbs.twimg.com/profile_background_images/482401658865860608/3FHVqydR.jpeg","name":"Melissa Piazza :)","lang":"en","profile_background_tile":false,"favourites_count":60,"screen_name":"AussieMel_76","notifications":false,"url":null,"created_at":"Wed Jun 17 09:56:45 +0000 2009","contributors_enabled":false,"time_zone":"Melbourne","protected":false,"default_profile":false,"is_translator":false},"geo":null,"in_reply_to_user_id_str":"142957691","lang":"en","created_at":"Mon Dec 15 01:05:29 +0000 2014","in_reply_to_status_id_str":"544296373466562560","place":null},
{"contributors":null,"truncated":false,"text":"@Sandra_Sully Some of the media need to stop showing Emer. Serv. actions in the area, just feeding the terrorist/s Intel.","in_reply_to_status_id":544296373466562560,"id":544297394595053568,"favorite_count":0,"source":"<a href=\"http://twitter.com/download/iphone\" rel=\"nofollow\">Twitter for iPhone</a>","retweeted":false,"coordinates":null,"entities":{"symbols":[],"user_mentions":[{"id":142957691,"indices":[0,13],"id_str":"142957691","screen_name":"Sandra_Sully","name":"Sandra Sully"}],"hashtags":[],"urls":[]},"in_reply_to_screen_name":"Sandra_Sully","id_str":"544297394595053568","retweet_count":2,"in_reply_to_user_id":142957691,"favorited":false,"user":{"follow_request_sent":false,"profile_use_background_image":false,"profile_text_color":"333333","default_profile_image":false,"id":152990891,"profile_background_image_url_https":"https://abs.twimg.com/images/themes/theme15/bg.png","verified":false,"profile_location":null,"profile_image_url_https":"https://pbs.twimg.com/profile_images/455671304926924800/lCQp_V9I_normal.png","profile_sidebar_fill_color":"C0DFEC","entities":{"description":{"urls":[]}},"followers_count":59,"profile_sidebar_border_color":"FFFFFF","id_str":"152990891","profile_background_color":"000405","listed_count":0,"is_translation_enabled":false,"utc_offset":39600,"statuses_count":3662,"description":"Fan of: #SurvivorAU - #theamazingrace - #gameofthrones - #thewalkingdead. Runner. Tennis fan. Nostalgist. Lumbering Giant.","friends_count":323,"location":"Straya","profile_link_color":"F58B0A","profile_image_url":"http://pbs.twimg.com/profile_images/455671304926924800/lCQp_V9I_normal.png","following":false,"geo_enabled":true,"profile_banner_url":"https://pbs.twimg.com/profile_banners/152990891/1399724376","profile_background_image_url":"http://abs.twimg.com/images/themes/theme15/bg.png","name":"auscolossus","lang":"en","profile_background_tile":false,"favourites_count":261,"screen_name":"auscolossus","notifications":false,"url":null,"created_at":"Mon Jun 07 11:53:24 +0000 2010","contributors_enabled":false,"time_zone":"Sydney","protected":false,"default_profile":false,"is_translator":false},"geo":null,"in_reply_to_user_id_str":"142957691","lang":"en","created_at":"Mon Dec 15 01:06:26 +0000 2014","in_reply_to_status_id_str":"544296373466562560","place":null},
{"contributors":null,"truncated":false,"text":"“@Sandra_Sully: NSW Police: \"Police urge the media to be responsible in their reporting.\" #SydneySiege” Remember media lessons from Mumbai.","in_reply_to_status_id":544296373466562560,"id":544297624686182401,"favorite_count":0,"source":"<a href=\"http://twitter.com/download/iphone\" rel=\"nofollow\">Twitter for iPhone</a>","retweeted":false,"coordinates":null,"entities":{"symbols":[],"user_mentions":[{"id":142957691,"indices":[1,14],"id_str":"142957691","screen_name":"Sandra_Sully","name":"Sandra Sully"}],"hashtags":[{"indices":[90,102],"text":"SydneySiege"}],"urls":[]},"in_reply_to_screen_name":"Sandra_Sully","id_str":"544297624686182401","retweet_count":1,"in_reply_to_user_id":142957691,"favorited":false,"user":{"follow_request_sent":false,"profile_use_background_image":true,"profile_text_color":"634047","default_profile_image":false,"id":54210125,"profile_background_image_url_https":"https://pbs.twimg.com/profile_background_images/378800000035191299/c30b103efc04fb945beafaf40cc3d288.png","verified":false,"profile_location":null,"profile_image_url_https":"https://pbs.twimg.com/profile_images/556222550334648322/BJGui33k_normal.jpeg","profile_sidebar_fill_color":"E3E2DE","entities":{"url":{"urls":[{"url":"http://t.co/hC5bL15heJ","indices":[0,22],"expanded_url":"http://bronwynlea.com","display_url":"bronwynlea.com"}]},"description":{"urls":[]}},"followers_count":2228,"profile_sidebar_border_color":"000000","id_str":"54210125","profile_background_color":"EDECE9","listed_count":49,"is_translation_enabled":false,"utc_offset":36000,"statuses_count":6029,"description":"Writer | Poetry Editor and Critic | Recent book: The Deep North (George Braziller, 2013) | Extreme sports | #auspol #binder","friends_count":1114,"location":"Australia","profile_link_color":"1ABABA","profile_image_url":"http://pbs.twimg.com/profile_images/556222550334648322/BJGui33k_normal.jpeg","following":false,"geo_enabled":true,"profile_banner_url":"https://pbs.twimg.com/profile_banners/54210125/1374919162","profile_background_image_url":"http://pbs.twimg.com/profile_background_images/378800000035191299/c30b103efc04fb945beafaf40cc3d288.png","name":"Bronwyn Lea","lang":"en","profile_background_tile":true,"favourites_count":3352,"screen_name":"bronwynlea","notifications":false,"url":"http://t.co/hC5bL15heJ","created_at":"Mon Jul 06 13:55:58 +0000 2009","contributors_enabled":false,"time_zone":"Brisbane","protected":false,"default_profile":false,"is_translator":false},"geo":null,"in_reply_to_user_id_str":"142957691","lang":"en","created_at":"Mon Dec 15 01:07:20 +0000 2014","in_reply_to_status_id_str":"544296373466562560","place":null},
{"contributors":null,"truncated":false,"text":"@Sandra_Sully praying for a peaceful resolution #pray #hostages","in_reply_to_status_id":544296373466562560,"id":544297710862364672,"favorite_count":0,"source":"<a href=\"http://twitter.com/download/iphone\" rel=\"nofollow\">Twitter for iPhone</a>","retweeted":false,"coordinates":null,"entities":{"symbols":[],"user_mentions":[{"id":142957691,"indices":[0,13],"id_str":"142957691","screen_name":"Sandra_Sully","name":"Sandra Sully"}],"hashtags":[{"indices":[48,53],"text":"pray"},{"indices":[54,63],"text":"hostages"}],"urls":[]},"in_reply_to_screen_name":"Sandra_Sully","id_str":"544297710862364672","retweet_count":0,"in_reply_to_user_id":142957691,"favorited":false,"user":{"follow_request_sent":false,"profile_use_background_image":true,"profile_text_color":"333333","default_profile_image":false,"id":300271336,"profile_background_image_url_https":"https://abs.twimg.com/images/themes/theme1/bg.png","verified":false,"profile_location":null,"profile_image_url_https":"https://pbs.twimg.com/profile_images/2017761804/IMG_4666-2_normal.jpg","profile_sidebar_fill_color":"DDEEF6","entities":{"url":{"urls":[{"url":"http://t.co/6vNhUx9mH5","indices":[0,22],"expanded_url":"http://mayrick.net","display_url":"mayrick.net"}]},"description":{"urls":[]}},"followers_count":238,"profile_sidebar_border_color":"C0DEED","id_str":"300271336","profile_background_color":"C0DEED","listed_count":5,"is_translation_enabled":false,"utc_offset":39600,"statuses_count":1599,"description":"Leadership, General Manager, Marketing, Sales, Healthcare, Father, Christian, Public Speaking, Lover of Rugby","friends_count":325,"location":"sydney","profile_link_color":"0084B4","profile_image_url":"http://pbs.twimg.com/profile_images/2017761804/IMG_4666-2_normal.jpg","following":false,"geo_enabled":false,"profile_banner_url":"https://pbs.twimg.com/profile_banners/300271336/1360239448","profile_background_image_url":"http://abs.twimg.com/images/themes/theme1/bg.png","name":"Peter Mayrick","lang":"en","profile_background_tile":false,"favourites_count":4,"screen_name":"pmayrick1000","notifications":false,"url":"http://t.co/6vNhUx9mH5","created_at":"Tue May 17 13:53:40 +0000 2011","contributors_enabled":false,"time_zone":"Sydney","protected":false,"default_profile":true,"is_translator":false},"geo":null,"in_reply_to_user_id_str":"142957691","lang":"en","created_at":"Mon Dec 15 01:07:41 +0000 2014","in_reply_to_status_id_str":"544296373466562560","place":null},
{"contributors":null,"truncated":false,"text":"@Sandra_Sully @PhillipCoorey \n\nWhat bummer for MSM!\n\nBiggest picnic ever and it's invite only!","in_reply_to_status_id":544296373466562560,"id":544297874024968193,"favorite_count":0,"source":"<a href=\"http://twitter.com/download/iphone\" rel=\"nofollow\">Twitter for iPhone</a>","retweeted":false,"coordinates":null,"entities":{"symbols":[],"user_mentions":[{"id":142957691,"indices":[0,13],"id_str":"142957691","screen_name":"Sandra_Sully","name":"Sandra Sully"},{"id":52320140,"indices":[14,28],"id_str":"52320140","screen_name":"PhillipCoorey","name":"Phillip Coorey"}],"hashtags":[],"urls":[]},"in_reply_to_screen_name":"Sandra_Sully","id_str":"544297874024968193","retweet_count":0,"in_reply_to_user_id":142957691,"favorited":false,"user":{"follow_request_sent":false,"profile_use_background_image":true,"profile_text_color":"333333","default_profile_image":false,"id":2284630575,"profile_background_image_url_https":"https://abs.twimg.com/images/themes/theme1/bg.png","verified":false,"profile_location":null,"profile_image_url_https":"https://pbs.twimg.com/profile_images/538808936774631424/GyW7Nq2z_normal.jpeg","profile_sidebar_fill_color":"DDEEF6","entities":{"description":{"urls":[]}},"followers_count":677,"profile_sidebar_border_color":"C0DEED","id_str":"2284630575","profile_background_color":"C0DEED","listed_count":11,"is_translation_enabled":false,"utc_offset":null,"statuses_count":19102,"description":"Hey, what's the big idea? A 56yr old, sick of (nil b4 us) GenY philosophers & ALL of the media, beaten into shape by Media Barons & Right Wing politicians!","friends_count":1068,"location":"Straya","profile_link_color":"00B315","profile_image_url":"http://pbs.twimg.com/profile_images/538808936774631424/GyW7Nq2z_normal.jpeg","following":false,"geo_enabled":false,"profile_banner_url":"https://pbs.twimg.com/profile_banners/2284630575/1402746469","profile_background_image_url":"http://abs.twimg.com/images/themes/theme1/bg.png","name":"Lord Robert","lang":"en","profile_background_tile":false,"favourites_count":564,"screen_name":"17thCard","notifications":false,"url":null,"created_at":"Wed Jan 15 22:32:01 +0000 2014","contributors_enabled":false,"time_zone":null,"protected":false,"default_profile":false,"is_translator":false},"geo":null,"in_reply_to_user_id_str":"142957691","lang":"en","created_at":"Mon Dec 15 01:08:20 +0000 2014","in_reply_to_status_id_str":"544296373466562560","place":null},
{"contributors":null,"truncated":false,"text":"@Sandra_Sully love you Sandra","in_reply_to_status_id":544296373466562560,"id":544298487035076608,"favorite_count":0,"source":"<a href=\"http://twitter.com/download/iphone\" rel=\"nofollow\">Twitter for iPhone</a>","retweeted":false,"coordinates":null,"entities":{"symbols":[],"user_mentions":[{"id":142957691,"indices":[0,13],"id_str":"142957691","screen_name":"Sandra_Sully","name":"Sandra Sully"}],"hashtags":[],"urls":[]},"in_reply_to_screen_name":"Sandra_Sully","id_str":"544298487035076608","retweet_count":0,"in_reply_to_user_id":142957691,"favorited":false,"user":{"follow_request_sent":false,"profile_use_background_image":true,"profile_text_color":"333333","default_profile_image":false,"id":82835362,"profile_background_image_url_https":"https://pbs.twimg.com/profile_background_images/72372019/prom_group.jpg","verified":false,"profile_location":null,"profile_image_url_https":"https://pbs.twimg.com/profile_images/552959245344178176/qaEW4dcu_normal.jpeg","profile_sidebar_fill_color":"DDEEF6","entities":{"description":{"urls":[{"url":"http://t.co/cTwrhdEuBq","indices":[35,57],"expanded_url":"http://www.soundcloud.com/stu-and-toms-podcast","display_url":"soundcloud.com/stu-and-toms-p…"}]}},"followers_count":448,"profile_sidebar_border_color":"C0DEED","id_str":"82835362","profile_background_color":"C0DEED","listed_count":1,"is_translation_enabled":false,"utc_offset":39600,"statuses_count":13455,"description":"Vegan straightedge. I do a podcast http://t.co/cTwrhdEuBq","friends_count":148,"location":"Melbourne, Australia","profile_link_color":"0084B4","profile_image_url":"http://pbs.twimg.com/profile_images/552959245344178176/qaEW4dcu_normal.jpeg","following":false,"geo_enabled":false,"profile_banner_url":"https://pbs.twimg.com/profile_banners/82835362/1417234087","profile_background_image_url":"http://pbs.twimg.com/profile_background_images/72372019/prom_group.jpg","name":"XSTUX","lang":"en","profile_background_tile":true,"favourites_count":940,"screen_name":"xstux618","notifications":false,"url":null,"created_at":"Fri Oct 16 08:58:36 +0000 2009","contributors_enabled":false,"time_zone":"Melbourne","protected":false,"default_profile":false,"is_translator":false},"geo":null,"in_reply_to_user_id_str":"142957691","lang":"en","created_at":"Mon Dec 15 01:10:46 +0000 2014","in_reply_to_status_id_str":"544296373466562560","place":null},
{"contributors":null,"truncated":false,"text":"@Sandra_Sully @oshergunsberg maybe the media outlets should take heed as well.","in_reply_to_status_id":544296373466562560,"id":544298621387026432,"favorite_count":0,"source":"<a href=\"http://twitter.com/download/iphone\" rel=\"nofollow\">Twitter for iPhone</a>","retweeted":false,"coordinates":null,"entities":{"symbols":[],"user_mentions":[{"id":142957691,"indices":[0,13],"id_str":"142957691","screen_name":"Sandra_Sully","name":"Sandra Sully"},{"id":19866374,"indices":[14,28],"id_str":"19866374","screen_name":"oshergunsberg","name":"Osher Günsberg"}],"hashtags":[],"urls":[]},"in_reply_to_screen_name":"Sandra_Sully","id_str":"544298621387026432","retweet_count":0,"in_reply_to_user_id":142957691,"favorited":false,"user":{"follow_request_sent":false,"profile_use_background_image":true,"profile_text_color":"333333","default_profile_image":false,"id":21385973,"profile_background_image_url_https":"https://abs.twimg.com/images/themes/theme18/bg.gif","verified":false,"profile_location":null,"profile_image_url_https":"https://pbs.twimg.com/profile_images/500614812783489024/WRjh1kBk_normal.jpeg","profile_sidebar_fill_color":"F6F6F6","entities":{"description":{"urls":[]}},"followers_count":74,"profile_sidebar_border_color":"EEEEEE","id_str":"21385973","profile_background_color":"ACDED6","listed_count":0,"is_translation_enabled":false,"utc_offset":39600,"statuses_count":1311,"description":"Nanny, loud mouth, laugher, awesome. \r\nExtremely modest. Prone to fits of sarcasm.","friends_count":179,"location":"Sydney","profile_link_color":"038543","profile_image_url":"http://pbs.twimg.com/profile_images/500614812783489024/WRjh1kBk_normal.jpeg","following":false,"geo_enabled":false,"profile_banner_url":"https://pbs.twimg.com/profile_banners/21385973/1408190845","profile_background_image_url":"http://abs.twimg.com/images/themes/theme18/bg.gif","name":"Mish Mac","lang":"en","profile_background_tile":false,"favourites_count":361,"screen_name":"mishela","notifications":false,"url":null,"created_at":"Fri Feb 20 09:35:36 +0000 2009","contributors_enabled":false,"time_zone":"Sydney","protected":false,"default_profile":false,"is_translator":false},"geo":null,"in_reply_to_user_id_str":"142957691","lang":"en","created_at":"Mon Dec 15 01:11:18 +0000 2014","in_reply_to_status_id_str":"544296373466562560","place":null},
{"contributors":null,"truncated":false,"text":"@Sandra_Sully @margokingston1 If in doubt, imagine that a member of your family is being held hostage and report appropriately.","in_reply_to_status_id":544296373466562560,"id":544299491168223233,"favorite_count":0,"source":"<a href=\"http://twitter.com/#!/download/ipad\" rel=\"nofollow\">Twitter for iPad</a>","retweeted":false,"coordinates":null,"entities":{"symbols":[],"user_mentions":[{"id":142957691,"indices":[0,13],"id_str":"142957691","screen_name":"Sandra_Sully","name":"Sandra Sully"},{"id":571488084,"indices":[14,29],"id_str":"571488084","screen_name":"margokingston1","name":"Margo Kingston"}],"hashtags":[],"urls":[]},"in_reply_to_screen_name":"Sandra_Sully","id_str":"544299491168223233","retweet_count":0,"in_reply_to_user_id":142957691,"favorited":false,"user":{"follow_request_sent":false,"profile_use_background_image":true,"profile_text_color":"333333","default_profile_image":false,"id":2418567655,"profile_background_image_url_https":"https://abs.twimg.com/images/themes/theme1/bg.png","verified":false,"profile_location":null,"profile_image_url_https":"https://pbs.twimg.com/profile_images/450156462468124672/j-JWDzCJ_normal.jpeg","profile_sidebar_fill_color":"DDEEF6","entities":{"url":{"urls":[{"url":"http://t.co/jtyQmZ44Z9","indices":[0,22],"expanded_url":"http://outonthesideline.wordpress.com","display_url":"outonthesideline.wordpress.com"}]},"description":{"urls":[]}},"followers_count":163,"profile_sidebar_border_color":"C0DEED","id_str":"2418567655","profile_background_color":"C0DEED","listed_count":2,"is_translation_enabled":false,"utc_offset":39600,"statuses_count":3179,"description":"⚽️ Writer of Out On the Sideline ⚽️","friends_count":241,"location":"","profile_link_color":"0084B4","profile_image_url":"http://pbs.twimg.com/profile_images/450156462468124672/j-JWDzCJ_normal.jpeg","following":false,"geo_enabled":false,"profile_background_image_url":"http://abs.twimg.com/images/themes/theme1/bg.png","name":"Janet Morris","lang":"en","profile_background_tile":false,"favourites_count":1539,"screen_name":"Janet_Morris_","notifications":false,"url":"http://t.co/jtyQmZ44Z9","created_at":"Sun Mar 30 06:09:44 +0000 2014","contributors_enabled":false,"time_zone":"Melbourne","protected":false,"default_profile":true,"is_translator":false},"geo":null,"in_reply_to_user_id_str":"142957691","lang":"en","created_at":"Mon Dec 15 01:14:45 +0000 2014","in_reply_to_status_id_str":"544296373466562560","place":null},
{"contributors":null,"truncated":false,"text":"#rayhadley\n\n“@Sandra_Sully :\"Police urge media to be responsible in their reporting. Speculation can cause unnecessary alarm.\" #SydneySiege”","in_reply_to_status_id":544296373466562560,"id":544299558340026368,"favorite_count":0,"source":"<a href=\"http://twitter.com/download/iphone\" rel=\"nofollow\">Twitter for iPhone</a>","retweeted":false,"coordinates":null,"entities":{"symbols":[],"user_mentions":[{"id":142957691,"indices":[13,26],"id_str":"142957691","screen_name":"Sandra_Sully","name":"Sandra Sully"}],"hashtags":[{"indices":[0,10],"text":"rayhadley"},{"indices":[127,139],"text":"SydneySiege"}],"urls":[]},"in_reply_to_screen_name":"Sandra_Sully","id_str":"544299558340026368","retweet_count":1,"in_reply_to_user_id":142957691,"favorited":false,"user":{"follow_request_sent":false,"profile_use_background_image":true,"profile_text_color":"333333","default_profile_image":false,"id":590686051,"profile_background_image_url_https":"https://abs.twimg.com/images/themes/theme1/bg.png","verified":false,"profile_location":null,"profile_image_url_https":"https://pbs.twimg.com/profile_images/576621989718151169/mWCoN1H1_normal.jpeg","profile_sidebar_fill_color":"DDEEF6","entities":{"description":{"urls":[]}},"followers_count":381,"profile_sidebar_border_color":"C0DEED","id_str":"590686051","profile_background_color":"C0DEED","listed_count":4,"is_translation_enabled":false,"utc_offset":36000,"statuses_count":1806,"description":"Just jokes","friends_count":1061,"location":"Utopia","profile_link_color":"0084B4","profile_image_url":"http://pbs.twimg.com/profile_images/576621989718151169/mWCoN1H1_normal.jpeg","following":false,"geo_enabled":false,"profile_background_image_url":"http://abs.twimg.com/images/themes/theme1/bg.png","name":"Disstopia","lang":"en","profile_background_tile":false,"favourites_count":491,"screen_name":"NotKingCoal","notifications":false,"url":null,"created_at":"Sat May 26 07:07:47 +0000 2012","contributors_enabled":false,"time_zone":"Yakutsk","protected":false,"default_profile":true,"is_translator":false},"geo":null,"in_reply_to_user_id_str":"142957691","lang":"en","created_at":"Mon Dec 15 01:15:01 +0000 2014","in_reply_to_status_id_str":"544296373466562560","place":null},
{"contributors":null,"truncated":false,"text":"@Sandra_Sully Media reports are 99% bias!","in_reply_to_status_id":544296373466562560,"id":544299746018734080,"favorite_count":0,"source":"<a href=\"http://twitter.com/download/iphone\" rel=\"nofollow\">Twitter for iPhone</a>","retweeted":false,"coordinates":null,"entities":{"symbols":[],"user_mentions":[{"id":142957691,"indices":[0,13],"id_str":"142957691","screen_name":"Sandra_Sully","name":"Sandra Sully"}],"hashtags":[],"urls":[]},"in_reply_to_screen_name":"Sandra_Sully","id_str":"544299746018734080","retweet_count":0,"in_reply_to_user_id":142957691,"favorited":false,"user":{"follow_request_sent":false,"profile_use_background_image":true,"profile_text_color":"333333","default_profile_image":false,"id":2748656645,"profile_background_image_url_https":"https://abs.twimg.com/images/themes/theme1/bg.png","verified":false,"profile_location":null,"profile_image_url_https":"https://pbs.twimg.com/profile_images/544471261456662529/qFOWd7HQ_normal.jpeg","profile_sidebar_fill_color":"DDEEF6","entities":{"description":{"urls":[]}},"followers_count":351,"profile_sidebar_border_color":"C0DEED","id_str":"2748656645","profile_background_color":"C0DEED","listed_count":5,"is_translation_enabled":false,"utc_offset":null,"statuses_count":5712,"description":"Duniya is nothing more then a deception You fall into it too hard and You are done for the hereafter #Sunni #muslim #coyi","friends_count":279,"location":"Whufc","profile_link_color":"0084B4","profile_image_url":"http://pbs.twimg.com/profile_images/544471261456662529/qFOWd7HQ_normal.jpeg","following":false,"geo_enabled":false,"profile_banner_url":"https://pbs.twimg.com/profile_banners/2748656645/1411693126","profile_background_image_url":"http://abs.twimg.com/images/themes/theme1/bg.png","name":"Irons","lang":"en","profile_background_tile":false,"favourites_count":1034,"screen_name":"MaghrebiTaher","notifications":false,"url":null,"created_at":"Thu Aug 21 02:13:01 +0000 2014","contributors_enabled":false,"time_zone":null,"protected":false,"default_profile":true,"is_translator":false},"geo":null,"in_reply_to_user_id_str":"142957691","lang":"es","created_at":"Mon Dec 15 01:15:46 +0000 2014","in_reply_to_status_id_str":"544296373466562560","place":null},
{"contributors":null,"truncated":false,"text":"@Sandra_Sully yessss!!","in_reply_to_status_id":544296373466562560,"id":544299966374895616,"favorite_count":0,"source":"<a href=\"http://twitter.com\" rel=\"nofollow\">Twitter Web Client</a>","retweeted":false,"coordinates":null,"entities":{"symbols":[],"user_mentions":[{"id":142957691,"indices":[0,13],"id_str":"142957691","screen_name":"Sandra_Sully","name":"Sandra Sully"}],"hashtags":[],"urls":[]},"in_reply_to_screen_name":"Sandra_Sully","id_str":"544299966374895616","retweet_count":0,"in_reply_to_user_id":142957691,"favorited":false,"user":{"follow_request_sent":false,"profile_use_background_image":true,"profile_text_color":"333333","default_profile_image":false,"id":2728348725,"profile_background_image_url_https":"https://abs.twimg.com/images/themes/theme1/bg.png","verified":false,"profile_location":null,"profile_image_url_https":"https://pbs.twimg.com/profile_images/494185370683072512/4SQ3Q7Ef_normal.jpeg","profile_sidebar_fill_color":"DDEEF6","entities":{"description":{"urls":[]}},"followers_count":669,"profile_sidebar_border_color":"C0DEED","id_str":"2728348725","profile_background_color":"C0DEED","listed_count":0,"is_translation_enabled":false,"utc_offset":null,"statuses_count":2416,"description":"Zombie trailblazer. Alcohol fan. Student. Typical organizer. Lifelong thinker.","friends_count":813,"location":"Pelican","profile_link_color":"0084B4","profile_image_url":"http://pbs.twimg.com/profile_images/494185370683072512/4SQ3Q7Ef_normal.jpeg","following":false,"geo_enabled":false,"profile_banner_url":"https://pbs.twimg.com/profile_banners/2728348725/1406658237","profile_background_image_url":"http://abs.twimg.com/images/themes/theme1/bg.png","name":"Pei Donato","lang":"en","profile_background_tile":false,"favourites_count":1,"screen_name":"DonatoPei","notifications":false,"url":null,"created_at":"Tue Jul 29 18:06:42 +0000 2014","contributors_enabled":false,"time_zone":null,"protected":false,"default_profile":true,"is_translator":false},"geo":null,"in_reply_to_user_id_str":"142957691","lang":"und","created_at":"Mon Dec 15 01:16:39 +0000 2014","in_reply_to_status_id_str":"544296373466562560","place":null},
{"contributors":null,"truncated":false,"text":"@Sandra_Sully The contact that Nine News had in Brisbane had such severe speculation it is horrendous that they would employee such an idiot","in_reply_to_status_id":544296373466562560,"id":544300604516868096,"favorite_count":0,"source":"<a href=\"http://twitter.com\" rel=\"nofollow\">Twitter Web Client</a>","retweeted":false,"coordinates":null,"entities":{"symbols":[],"user_mentions":[{"id":142957691,"indices":[0,13],"id_str":"142957691","screen_name":"Sandra_Sully","name":"Sandra Sully"}],"hashtags":[],"urls":[]},"in_reply_to_screen_name":"Sandra_Sully","id_str":"544300604516868096","retweet_count":0,"in_reply_to_user_id":142957691,"favorited":false,"user":{"follow_request_sent":false,"profile_use_background_image":true,"profile_text_color":"3C3940","default_profile_image":false,"id":89120900,"profile_background_image_url_https":"https://pbs.twimg.com/profile_background_images/822826657/be5f4d260848e4e55ab0ad9ff39c4934.jpeg","verified":false,"profile_location":null,"profile_image_url_https":"https://pbs.twimg.com/profile_images/3422118074/affd43cbe6a40dfa514e88ff3422f637_normal.jpeg","profile_sidebar_fill_color":"95E8EC","entities":{"description":{"urls":[]}},"followers_count":34,"profile_sidebar_border_color":"FFFFFF","id_str":"89120900","profile_background_color":"0099B9","listed_count":0,"is_translation_enabled":false,"utc_offset":39600,"statuses_count":465,"description":"Making life interesting by being an embarrassment to society . :)","friends_count":113,"location":"","profile_link_color":"B82EAF","profile_image_url":"http://pbs.twimg.com/profile_images/3422118074/affd43cbe6a40dfa514e88ff3422f637_normal.jpeg","following":false,"geo_enabled":false,"profile_banner_url":"https://pbs.twimg.com/profile_banners/89120900/1352808089","profile_background_image_url":"http://pbs.twimg.com/profile_background_images/822826657/be5f4d260848e4e55ab0ad9ff39c4934.jpeg","name":"Emily Finocchiaro","lang":"en","profile_background_tile":true,"favourites_count":676,"screen_name":"eemmiilllyyy","notifications":false,"url":null,"created_at":"Wed Nov 11 06:03:27 +0000 2009","contributors_enabled":false,"time_zone":"Sydney","protected":false,"default_profile":false,"is_translator":false},"geo":null,"in_reply_to_user_id_str":"142957691","lang":"en","created_at":"Mon Dec 15 01:19:11 +0000 2014","in_reply_to_status_id_str":"544296373466562560","place":null},
{"contributors":null,"truncated":false,"text":"@Sandra_Sully @TheAnonMovement  urging MSM to be responsible is a bit unclear - and possibly counter culturally - aim of media wise","in_reply_to_status_id":544296373466562560,"id":544304852239921153,"favorite_count":0,"source":"<a href=\"http://www.twitter.com\" rel=\"nofollow\">Twitter for BlackBerry</a>","retweeted":false,"coordinates":null,"entities":{"symbols":[],"user_mentions":[{"id":142957691,"indices":[0,13],"id_str":"142957691","screen_name":"Sandra_Sully","name":"Sandra Sully"},{"id":2897135260,"indices":[14,30],"id_str":"2897135260","screen_name":"TheAnonMovement","name":"Anonymous "}],"hashtags":[],"urls":[]},"in_reply_to_screen_name":"Sandra_Sully","id_str":"544304852239921153","retweet_count":0,"in_reply_to_user_id":142957691,"favorited":false,"user":{"follow_request_sent":false,"profile_use_background_image":true,"profile_text_color":"333333","default_profile_image":false,"id":200098480,"profile_background_image_url_https":"https://abs.twimg.com/images/themes/theme1/bg.png","verified":false,"profile_location":null,"profile_image_url_https":"https://pbs.twimg.com/profile_images/540916833193181184/Y5B916YA_normal.jpeg","profile_sidebar_fill_color":"DDEEF6","entities":{"description":{"urls":[]}},"followers_count":58,"profile_sidebar_border_color":"C0DEED","id_str":"200098480","profile_background_color":"C0DEED","listed_count":0,"is_translation_enabled":false,"utc_offset":-18000,"statuses_count":1125,"description":"satire with a mix of cynicism and old fart humour in a container of weariness ... or is that wariness ... hope rests in the arms of babes ...","friends_count":129,"location":"Canada","profile_link_color":"0084B4","profile_image_url":"http://pbs.twimg.com/profile_images/540916833193181184/Y5B916YA_normal.jpeg","following":false,"geo_enabled":false,"profile_background_image_url":"http://abs.twimg.com/images/themes/theme1/bg.png","name":"Colliman","lang":"en","profile_background_tile":false,"favourites_count":1048,"screen_name":"colirock","notifications":false,"url":null,"created_at":"Fri Oct 08 13:00:31 +0000 2010","contributors_enabled":false,"time_zone":"Eastern Time (US & Canada)","protected":false,"default_profile":true,"is_translator":false},"geo":null,"in_reply_to_user_id_str":"142957691","lang":"en","created_at":"Mon Dec 15 01:36:04 +0000 2014","in_reply_to_status_id_str":"544296373466562560","place":null},
{"contributors":null,"truncated":false,"text":"@Sandra_Sully We also ask that cats stop chasing mice and that gravity reverse its direction. Please. #goodluckwiththat #impossibletasks","in_reply_to_status_id":544296373466562560,"id":544317577195835393,"favorite_count":0,"source":"<a href=\"http://twitter.com\" rel=\"nofollow\">Twitter Web Client</a>","retweeted":false,"coordinates":null,"entities":{"symbols":[],"user_mentions":[{"id":142957691,"indices":[0,13],"id_str":"142957691","screen_name":"Sandra_Sully","name":"Sandra Sully"}],"hashtags":[{"indices":[102,119],"text":"goodluckwiththat"},{"indices":[120,136],"text":"impossibletasks"}],"urls":[]},"in_reply_to_screen_name":"Sandra_Sully","id_str":"544317577195835393","retweet_count":0,"in_reply_to_user_id":142957691,"favorited":false,"user":{"follow_request_sent":false,"profile_use_background_image":true,"profile_text_color":"F3E5B8","default_profile_image":false,"id":76895000,"profile_background_image_url_https":"https://pbs.twimg.com/profile_background_images/851646549/0a3b1d2eafa8f28b37787a47b34027d9.jpeg","verified":false,"profile_location":null,"profile_image_url_https":"https://pbs.twimg.com/profile_images/537610338804330496/pnIqlb9m_normal.jpeg","profile_sidebar_fill_color":"53AB8D","entities":{"description":{"urls":[]}},"followers_count":136,"profile_sidebar_border_color":"291C0D","id_str":"76895000","profile_background_color":"F3E5B8","listed_count":6,"is_translation_enabled":false,"utc_offset":28800,"statuses_count":1314,"description":"Wife, stepmum, #PerthAirport retail project manager, writer. Loves kittens & men!","friends_count":420,"location":"Perth, WA","profile_link_color":"53AB8E","profile_image_url":"http://pbs.twimg.com/profile_images/537610338804330496/pnIqlb9m_normal.jpeg","following":false,"geo_enabled":false,"profile_banner_url":"https://pbs.twimg.com/profile_banners/76895000/1415596344","profile_background_image_url":"http://pbs.twimg.com/profile_background_images/851646549/0a3b1d2eafa8f28b37787a47b34027d9.jpeg","name":"Mel Bridges","lang":"en","profile_background_tile":false,"favourites_count":1052,"screen_name":"mrsbridgz","notifications":false,"url":null,"created_at":"Thu Sep 24 08:55:59 +0000 2009","contributors_enabled":false,"time_zone":"Perth","protected":false,"default_profile":false,"is_translator":false},"geo":null,"in_reply_to_user_id_str":"142957691","lang":"en","created_at":"Mon Dec 15 02:26:37 +0000 2014","in_reply_to_status_id_str":"544296373466562560","place":null},
{"contributors":null,"truncated":false,"text":"@Sandra_Sully And yet Channel 10 broadcast the 'demands' - very responsible!!","in_reply_to_status_id":544296373466562560,"id":544472892310712320,"favorite_count":0,"source":"<a href=\"http://twitter.com\" rel=\"nofollow\">Twitter Web Client</a>","retweeted":false,"coordinates":null,"entities":{"symbols":[],"user_mentions":[{"id":142957691,"indices":[0,13],"id_str":"142957691","screen_name":"Sandra_Sully","name":"Sandra Sully"}],"hashtags":[],"urls":[]},"in_reply_to_screen_name":"Sandra_Sully","id_str":"544472892310712320","retweet_count":0,"in_reply_to_user_id":142957691,"favorited":false,"user":{"follow_request_sent":false,"profile_use_background_image":true,"profile_text_color":"333333","default_profile_image":true,"id":495777894,"profile_background_image_url_https":"https://abs.twimg.com/images/themes/theme1/bg.png","verified":false,"profile_location":null,"profile_image_url_https":"https://abs.twimg.com/sticky/default_profile_images/default_profile_3_normal.png","profile_sidebar_fill_color":"DDEEF6","entities":{"description":{"urls":[]}},"followers_count":6,"profile_sidebar_border_color":"C0DEED","id_str":"495777894","profile_background_color":"C0DEED","listed_count":0,"is_translation_enabled":false,"utc_offset":39600,"statuses_count":489,"description":"","friends_count":41,"location":"","profile_link_color":"0084B4","profile_image_url":"http://abs.twimg.com/sticky/default_profile_images/default_profile_3_normal.png","following":false,"geo_enabled":false,"profile_background_image_url":"http://abs.twimg.com/images/themes/theme1/bg.png","name":"Trevor Tonkin","lang":"en","profile_background_tile":false,"favourites_count":0,"screen_name":"TrevorTonkin","notifications":false,"url":null,"created_at":"Sat Feb 18 09:23:10 +0000 2012","contributors_enabled":false,"time_zone":"Melbourne","protected":false,"default_profile":true,"is_translator":false},"geo":null,"in_reply_to_user_id_str":"142957691","lang":"en","created_at":"Mon Dec 15 12:43:48 +0000 2014","in_reply_to_status_id_str":"544296373466562560","place":null}
]