{"contributors":null,"truncated":false,"text":"Do not forget that the overwhelming majority of Muslims are as disgusted by the actions of these few fanatics as you or I are #sydneysiege","in_reply_to_status_id":null,"id":544282015487787008,"favorite_count":133,"source":"<a href=\"https:\/\/about.twitter.com\/products\/tweetdeck\" rel=\"nofollow\">TweetDeck<\/a>","retweeted":false,"coordinates":null,"entities":{"symbols":[],"user_mentions":[],"hashtags":[{"indices":[126,138],"text":"sydneysiege"}],"urls":[]},"in_reply_to_screen_name":null,"id_str":"544282015487787008","retweet_count":146,"in_reply_to_user_id":null,"favorited":false,"user":{"follow_request_sent":false,"profile_use_background_image":true,"profile_text_color":"333333","default_profile_image":false,"id":87087057,"profile_background_image_url_https":"https:\/\/abs.twimg.com\/images\/themes\/theme14\/bg.gif","verified":false,"profile_location":null,"profile_image_url_https":"https:\/\/pbs.twimg.com\/profile_images\/477445056064811009\/ewCRsRQN_normal.jpeg","profile_sidebar_fill_color":"EFEFEF","entities":{"url":{"urls":[{"url":"http:\/\/t.co\/azhtfr27JZ","indices":[0,22],"expanded_url":"http:\/\/gourmetguy.wordpress.com\/","display_url":"gourmetguy.wordpress.com"}]},"description":{"urls":[]}},"followers_count":3392,"profile_sidebar_border_color":"EEEEEE","id_str":"87087057","profile_background_color":"131516","listed_count":102,"is_translation_enabled":false,"utc_offset":0,"statuses_count":27614,"description":"Chef who lives to challenge himself. Keith Floyd said Food is life & life is food. James Dean said Only the gentle are ever really strong  I believe them both","friends_count":495,"location":"London","profile_link_color":"009999","profile_image_url":"http:\/\/pbs.twimg.com\/profile_images\/477445056064811009\/ewCRsRQN_normal.jpeg","following":false,"geo_enabled":false,"profile_banner_url":"https:\/\/pbs.twimg.com\/profile_banners\/87087057\/1385672751","profile_background_image_url":"http:\/\/abs.twimg.com\/images\/themes\/theme14\/bg.gif","name":"Dave Ahern","lang":"en","profile_background_tile":true,"favourites_count":12,"screen_name":"CorkGourmetGuy","notifications":false,"url":"http:\/\/t.co\/azhtfr27JZ","created_at":"Tue Nov 03 02:12:21 +0000 2009","contributors_enabled":false,"time_zone":"Dublin","protected":false,"default_profile":false,"is_translator":false},"geo":null,"in_reply_to_user_id_str":null,"lang":"en","created_at":"Mon Dec 15 00:05:19 +0000 2014","in_reply_to_status_id_str":null,"place":null}