{"contributors": null, "truncated": false, "text": "According to Seven, this is a picture of the gunman http://t.co/3Zor3gSOSO", "in_reply_to_status_id": null, "id": 544291965513134080, "favorite_count": 20, "source": "<a href=\"http://twitter.com/download/iphone\" rel=\"nofollow\">Twitter for iPhone</a>", "retweeted": false, "coordinates": null, "entities": {"symbols": [], "user_mentions": [], "hashtags": [], "urls": [], "media": [{"expanded_url": "http://twitter.com/SharriMarkson/status/544291965513134080/photo/1", "display_url": "pic.twitter.com/3Zor3gSOSO", "url": "http://t.co/3Zor3gSOSO", "media_url_https": "https://pbs.twimg.com/media/B422qFZCcAA4EJE.jpg", "id_str": "544291964099653632", "sizes": {"large": {"h": 327, "resize": "fit", "w": 440}, "small": {"h": 252, "resize": "fit", "w": 340}, "medium": {"h": 327, "resize": "fit", "w": 440}, "thumb": {"h": 150, "resize": "crop", "w": 150}}, "indices": [52, 74], "type": "photo", "id": 544291964099653632, "media_url": "http://pbs.twimg.com/media/B422qFZCcAA4EJE.jpg"}]}, "in_reply_to_screen_name": null, "id_str": "544291965513134080", "retweet_count": 116, "in_reply_to_user_id": null, "favorited": false, "user": {"follow_request_sent": false, "profile_use_background_image": true, "profile_text_color": "333333", "default_profile_image": false, "id": 52327900, "profile_background_image_url_https": "https://abs.twimg.com/images/themes/theme1/bg.png", "verified": true, "profile_location": null, "profile_image_url_https": "https://pbs.twimg.com/profile_images/378800000473414133/6b5d01233d42c3b17f21cb85afbe25b6_normal.jpeg", "profile_sidebar_fill_color": "DDEEF6", "entities": {"description": {"urls": []}}, "followers_count": 10813, "profile_sidebar_border_color": "C0DEED", "id_str": "52327900", "profile_background_color": "C0DEED", "listed_count": 166, "is_translation_enabled": false, "utc_offset": 39600, "statuses_count": 4963, "description": "Media Editor\nThe Australian\nsharri.markson@news.com.au", "friends_count": 1661, "location": "Sydney, Australia", "profile_link_color": "0084B4", "profile_image_url": "http://pbs.twimg.com/profile_images/378800000473414133/6b5d01233d42c3b17f21cb85afbe25b6_normal.jpeg", "following": false, "geo_enabled": false, "profile_banner_url": "https://pbs.twimg.com/profile_banners/52327900/1379505056", "profile_background_image_url": "http://abs.twimg.com/images/themes/theme1/bg.png", "name": "Sharri Markson", "lang": "en", "profile_background_tile": false, "favourites_count": 1000, "screen_name": "SharriMarkson", "notifications": false, "url": null, "created_at": "Tue Jun 30 06:46:07 +0000 2009", "contributors_enabled": false, "time_zone": "Sydney", "protected": false, "default_profile": true, "is_translator": false}, "geo": null, "in_reply_to_user_id_str": null, "possibly_sensitive": false, "lang": "en", "created_at": "Mon Dec 15 00:44:51 +0000 2014", "in_reply_to_status_id_str": null, "place": null, "extended_entities": {"media": [{"expanded_url": "http://twitter.com/SharriMarkson/status/544291965513134080/photo/1", "display_url": "pic.twitter.com/3Zor3gSOSO", "url": "http://t.co/3Zor3gSOSO", "media_url_https": "https://pbs.twimg.com/media/B422qFZCcAA4EJE.jpg", "id_str": "544291964099653632", "sizes": {"large": {"h": 327, "resize": "fit", "w": 440}, "small": {"h": 252, "resize": "fit", "w": 340}, "medium": {"h": 327, "resize": "fit", "w": 440}, "thumb": {"h": 150, "resize": "crop", "w": 150}}, "indices": [52, 74], "type": "photo", "id": 544291964099653632, "media_url": "http://pbs.twimg.com/media/B422qFZCcAA4EJE.jpg"}]}}