{"contributors":null,"truncated":false,"text":"BREAKING PHOTO Appears To Show #SydneySiege Suspect --MORE HERE: http:\/\/t.co\/wTO5RzOWe0 http:\/\/t.co\/2vvAXlVLzb","in_reply_to_status_id":null,"id":544293694166536192,"favorite_count":24,"source":"<a href=\"http:\/\/twitter.com\/download\/iphone\" rel=\"nofollow\">Twitter for iPhone<\/a>","retweeted":false,"coordinates":null,"entities":{"symbols":[],"user_mentions":[],"hashtags":[{"indices":[31,43],"text":"SydneySiege"}],"urls":[{"url":"http:\/\/t.co\/wTO5RzOWe0","indices":[65,87],"expanded_url":"http:\/\/bit.ly\/1qOP2hl","display_url":"bit.ly\/1qOP2hl"}],"media":[{"expanded_url":"http:\/\/twitter.com\/Breaking911\/status\/544293694166536192\/photo\/1","display_url":"pic.twitter.com\/2vvAXlVLzb","url":"http:\/\/t.co\/2vvAXlVLzb","media_url_https":"https:\/\/pbs.twimg.com\/media\/B424OfiIMAAdM0l.jpg","id_str":"544293689104019456","sizes":{"large":{"h":1024,"resize":"fit","w":577},"small":{"h":603,"resize":"fit","w":340},"medium":{"h":1024,"resize":"fit","w":577},"thumb":{"h":150,"resize":"crop","w":150}},"indices":[88,110],"type":"photo","id":544293689104019456,"media_url":"http:\/\/pbs.twimg.com\/media\/B424OfiIMAAdM0l.jpg"}]},"in_reply_to_screen_name":null,"id_str":"544293694166536192","retweet_count":253,"in_reply_to_user_id":null,"favorited":false,"user":{"follow_request_sent":false,"profile_use_background_image":true,"profile_text_color":"333333","default_profile_image":false,"id":375721095,"profile_background_image_url_https":"https:\/\/pbs.twimg.com\/profile_background_images\/378800000156568660\/kBuOAnnE.jpeg","verified":false,"profile_location":null,"profile_image_url_https":"https:\/\/pbs.twimg.com\/profile_images\/575733505948168192\/LCNZoIux_normal.jpeg","profile_sidebar_fill_color":"DDEEF6","entities":{"url":{"urls":[{"url":"http:\/\/t.co\/RWBI1fT41I","indices":[0,22],"expanded_url":"http:\/\/Breaking911.com","display_url":"Breaking911.com"}]},"description":{"urls":[]}},"followers_count":110899,"profile_sidebar_border_color":"FFFFFF","id_str":"375721095","profile_background_color":"C0DEED","listed_count":868,"is_translation_enabled":false,"utc_offset":-18000,"statuses_count":18348,"description":"Break\u2022ing 9\u20221\u20221 (noun): Newly Received Information About an Event That Is Currently Occurring or Developing. Email us: Breaking911@gmail.com","friends_count":3,"location":"Visit Us At ","profile_link_color":"0084B4","profile_image_url":"http:\/\/pbs.twimg.com\/profile_images\/575733505948168192\/LCNZoIux_normal.jpeg","following":false,"geo_enabled":true,"profile_banner_url":"https:\/\/pbs.twimg.com\/profile_banners\/375721095\/1406741798","profile_background_image_url":"http:\/\/pbs.twimg.com\/profile_background_images\/378800000156568660\/kBuOAnnE.jpeg","name":"Breaking911","lang":"en","profile_background_tile":false,"favourites_count":2,"screen_name":"Breaking911","notifications":false,"url":"http:\/\/t.co\/RWBI1fT41I","created_at":"Sun Sep 18 16:36:06 +0000 2011","contributors_enabled":false,"time_zone":"Eastern Time (US & Canada)","protected":false,"default_profile":false,"is_translator":false},"geo":null,"in_reply_to_user_id_str":null,"possibly_sensitive":false,"lang":"en","created_at":"Mon Dec 15 00:51:43 +0000 2014","in_reply_to_status_id_str":null,"place":null,"extended_entities":{"media":[{"expanded_url":"http:\/\/twitter.com\/Breaking911\/status\/544293694166536192\/photo\/1","display_url":"pic.twitter.com\/2vvAXlVLzb","url":"http:\/\/t.co\/2vvAXlVLzb","media_url_https":"https:\/\/pbs.twimg.com\/media\/B424OfiIMAAdM0l.jpg","id_str":"544293689104019456","sizes":{"large":{"h":1024,"resize":"fit","w":577},"small":{"h":603,"resize":"fit","w":340},"medium":{"h":1024,"resize":"fit","w":577},"thumb":{"h":150,"resize":"crop","w":150}},"indices":[88,110],"type":"photo","id":544293689104019456,"media_url":"http:\/\/pbs.twimg.com\/media\/B424OfiIMAAdM0l.jpg"}]}}