[{"contributors":null,"truncated":false,"text":"@redsteeze @espn cc: @cartoonnetwork, so Biden will see it.","in_reply_to_status_id":544286537299787777,"id":544286832025141248,"favorite_count":5,"source":"<a href=\"http://twitter.com\" rel=\"nofollow\">Twitter Web Client</a>","retweeted":false,"coordinates":null,"entities":{"symbols":[],"user_mentions":[{"id":393469195,"indices":[0,10],"id_str":"393469195","screen_name":"redsteeze","name":"S.M"},{"id":2557521,"indices":[11,16],"id_str":"2557521","screen_name":"espn","name":"ESPN"},{"id":21308602,"indices":[21,36],"id_str":"21308602","screen_name":"cartoonnetwork","name":"Cartoon Network"}],"hashtags":[],"urls":[]},"in_reply_to_screen_name":"redsteeze","id_str":"544286832025141248","retweet_count":5,"in_reply_to_user_id":393469195,"favorited":false,"user":{"follow_request_sent":false,"profile_use_background_image":true,"profile_text_color":"333333","default_profile_image":false,"id":371920444,"profile_background_image_url_https":"https://abs.twimg.com/images/themes/theme1/bg.png","verified":false,"profile_location":null,"profile_image_url_https":"https://pbs.twimg.com/profile_images/1598551515/lumbergh_cat_normal.jpg","profile_sidebar_fill_color":"DDEEF6","entities":{"description":{"urls":[]}},"followers_count":108,"profile_sidebar_border_color":"C0DEED","id_str":"371920444","profile_background_color":"C0DEED","listed_count":4,"is_translation_enabled":false,"utc_offset":null,"statuses_count":3851,"description":"Christian, Southerner, engineer, Atlanta Braves fan since early 80's","friends_count":98,"location":"Huntsville AL","profile_link_color":"0084B4","profile_image_url":"http://pbs.twimg.com/profile_images/1598551515/lumbergh_cat_normal.jpg","following":false,"geo_enabled":false,"profile_background_image_url":"http://abs.twimg.com/images/themes/theme1/bg.png","name":"Jason","lang":"en","profile_background_tile":false,"favourites_count":2408,"screen_name":"jasonhsv","notifications":false,"url":null,"created_at":"Sun Sep 11 19:31:12 +0000 2011","contributors_enabled":false,"time_zone":null,"protected":false,"default_profile":true,"is_translator":false},"geo":null,"in_reply_to_user_id_str":"393469195","lang":"en","created_at":"Mon Dec 15 00:24:27 +0000 2014","in_reply_to_status_id_str":"544286537299787777","place":null},
{"contributors":null,"truncated":false,"text":"@redsteeze @espn any link?","in_reply_to_status_id":544286537299787777,"id":544286920105545728,"favorite_count":0,"source":"<a href=\"http://twitter.com\" rel=\"nofollow\">Twitter Web Client</a>","retweeted":false,"coordinates":null,"entities":{"symbols":[],"user_mentions":[{"id":393469195,"indices":[0,10],"id_str":"393469195","screen_name":"redsteeze","name":"S.M"},{"id":2557521,"indices":[11,16],"id_str":"2557521","screen_name":"espn","name":"ESPN"}],"hashtags":[],"urls":[]},"in_reply_to_screen_name":"redsteeze","id_str":"544286920105545728","retweet_count":0,"in_reply_to_user_id":393469195,"favorited":false,"user":{"follow_request_sent":false,"profile_use_background_image":true,"profile_text_color":"333333","default_profile_image":false,"id":400360169,"profile_background_image_url_https":"https://abs.twimg.com/images/themes/theme1/bg.png","verified":false,"profile_location":null,"profile_image_url_https":"https://pbs.twimg.com/profile_images/378800000829040990/3f3097282e5ec68cee28b6cf56401557_normal.png","profile_sidebar_fill_color":"DDEEF6","entities":{"url":{"urls":[{"url":"http://t.co/E9frgAHhfO","indices":[0,22],"expanded_url":"http://weaselzippers.us","display_url":"weaselzippers.us"}]},"description":{"urls":[]}},"followers_count":1580,"profile_sidebar_border_color":"C0DEED","id_str":"400360169","profile_background_color":"C0DEED","listed_count":71,"is_translation_enabled":false,"utc_offset":null,"statuses_count":51978,"description":"RTs not endorsements or indication of agreement w/sentiments expressed.\r\nRighting wrongs and fighting the good fight for truth, justice and the American way.","friends_count":654,"location":"Editor","profile_link_color":"0084B4","profile_image_url":"http://pbs.twimg.com/profile_images/378800000829040990/3f3097282e5ec68cee28b6cf56401557_normal.png","following":false,"geo_enabled":false,"profile_banner_url":"https://pbs.twimg.com/profile_banners/400360169/1362350934","profile_background_image_url":"http://abs.twimg.com/images/themes/theme1/bg.png","name":"Wolverine","lang":"en","profile_background_tile":false,"favourites_count":115,"screen_name":"Nickarama1","notifications":false,"url":"http://t.co/E9frgAHhfO","created_at":"Fri Oct 28 22:26:22 +0000 2011","contributors_enabled":false,"time_zone":null,"protected":false,"default_profile":true,"is_translator":false},"geo":null,"in_reply_to_user_id_str":"393469195","lang":"en","created_at":"Mon Dec 15 00:24:48 +0000 2014","in_reply_to_status_id_str":"544286537299787777","place":null},
{"contributors":null,"truncated":false,"text":"@redsteeze @espn in the morning. No rush.","in_reply_to_status_id":544286537299787777,"id":544287091753222145,"favorite_count":0,"source":"<a href=\"http://tapbots.com/tweetbot\" rel=\"nofollow\">Tweetbot for iΟS</a>","retweeted":false,"coordinates":null,"entities":{"symbols":[],"user_mentions":[{"id":393469195,"indices":[0,10],"id_str":"393469195","screen_name":"redsteeze","name":"S.M"},{"id":2557521,"indices":[11,16],"id_str":"2557521","screen_name":"espn","name":"ESPN"}],"hashtags":[],"urls":[]},"in_reply_to_screen_name":"redsteeze","id_str":"544287091753222145","retweet_count":0,"in_reply_to_user_id":393469195,"favorited":false,"user":{"follow_request_sent":false,"profile_use_background_image":true,"profile_text_color":"663B12","default_profile_image":false,"id":89876954,"profile_background_image_url_https":"https://abs.twimg.com/images/themes/theme2/bg.gif","verified":false,"profile_location":null,"profile_image_url_https":"https://pbs.twimg.com/profile_images/378800000197280464/c0d026e6c1f36e440f0b4963e7c90108_normal.jpeg","profile_sidebar_fill_color":"DAECF4","entities":{"url":{"urls":[{"url":"http://t.co/Okv0sGOO9T","indices":[0,22],"expanded_url":"http://www.sofrep.com","display_url":"sofrep.com"}]},"description":{"urls":[]}},"followers_count":261,"profile_sidebar_border_color":"C6E2EE","id_str":"89876954","profile_background_color":"C6E2EE","listed_count":7,"is_translation_enabled":false,"utc_offset":null,"statuses_count":16158,"description":"God, guns and hot rods. Father of 8, Homeschool,Mt. Bikes, tech..BBQ... #SOFREP Mafia Original Member. DMZ...Hewitt Follower","friends_count":261,"location":"Nowhere near you","profile_link_color":"1F98C7","profile_image_url":"http://pbs.twimg.com/profile_images/378800000197280464/c0d026e6c1f36e440f0b4963e7c90108_normal.jpeg","following":false,"geo_enabled":false,"profile_background_image_url":"http://abs.twimg.com/images/themes/theme2/bg.gif","name":"TheSmokingYeti ","lang":"en","profile_background_tile":false,"favourites_count":747,"screen_name":"Rowdyyates1","notifications":false,"url":"http://t.co/Okv0sGOO9T","created_at":"Sat Nov 14 05:16:28 +0000 2009","contributors_enabled":false,"time_zone":null,"protected":false,"default_profile":false,"is_translator":false},"geo":null,"in_reply_to_user_id_str":"393469195","lang":"en","created_at":"Mon Dec 15 00:25:29 +0000 2014","in_reply_to_status_id_str":"544286537299787777","place":null},
{"contributors":null,"truncated":false,"text":"@redsteeze @BiasedGirl @espn Obama is so effin' stupid, he thinks they speak German in Australia.","in_reply_to_status_id":544286537299787777,"id":544287486298816512,"favorite_count":0,"source":"<a href=\"http://twitter.com/download/iphone\" rel=\"nofollow\">Twitter for iPhone</a>","retweeted":false,"coordinates":null,"entities":{"symbols":[],"user_mentions":[{"id":393469195,"indices":[0,10],"id_str":"393469195","screen_name":"redsteeze","name":"S.M"},{"id":18205761,"indices":[11,22],"id_str":"18205761","screen_name":"BiasedGirl","name":"BiasedGirl"},{"id":2557521,"indices":[23,28],"id_str":"2557521","screen_name":"espn","name":"ESPN"}],"hashtags":[],"urls":[]},"in_reply_to_screen_name":"redsteeze","id_str":"544287486298816512","retweet_count":0,"in_reply_to_user_id":393469195,"favorited":false,"user":{"follow_request_sent":false,"profile_use_background_image":true,"profile_text_color":"333333","default_profile_image":false,"id":29887789,"profile_background_image_url_https":"https://abs.twimg.com/images/themes/theme14/bg.gif","verified":false,"profile_location":null,"profile_image_url_https":"https://pbs.twimg.com/profile_images/378800000339243522/b52e8046bec165cea745167f5516bc54_normal.jpeg","profile_sidebar_fill_color":"EFEFEF","entities":{"description":{"urls":[]}},"followers_count":421,"profile_sidebar_border_color":"EEEEEE","id_str":"29887789","profile_background_color":"131516","listed_count":14,"is_translation_enabled":false,"utc_offset":-18000,"statuses_count":9832,"description":"Your science fiction is my history lesson.","friends_count":154,"location":"Downstream.","profile_link_color":"009999","profile_image_url":"http://pbs.twimg.com/profile_images/378800000339243522/b52e8046bec165cea745167f5516bc54_normal.jpeg","following":false,"geo_enabled":true,"profile_banner_url":"https://pbs.twimg.com/profile_banners/29887789/1397084131","profile_background_image_url":"http://abs.twimg.com/images/themes/theme14/bg.gif","name":"Clay Johanson","lang":"en","profile_background_tile":true,"favourites_count":1367,"screen_name":"clayjohanson","notifications":false,"url":null,"created_at":"Thu Apr 09 01:49:07 +0000 2009","contributors_enabled":false,"time_zone":"Eastern Time (US & Canada)","protected":false,"default_profile":false,"is_translator":false},"geo":null,"in_reply_to_user_id_str":"393469195","lang":"en","created_at":"Mon Dec 15 00:27:03 +0000 2014","in_reply_to_status_id_str":"544286537299787777","place":null},
{"contributors":null,"truncated":false,"text":"@redsteeze @espn Nothing to do with Islam™","in_reply_to_status_id":544286537299787777,"id":544287574064259072,"favorite_count":0,"source":"<a href=\"http://twitter.com\" rel=\"nofollow\">Twitter Web Client</a>","retweeted":false,"coordinates":null,"entities":{"symbols":[],"user_mentions":[{"id":393469195,"indices":[0,10],"id_str":"393469195","screen_name":"redsteeze","name":"S.M"},{"id":2557521,"indices":[11,16],"id_str":"2557521","screen_name":"espn","name":"ESPN"}],"hashtags":[],"urls":[]},"in_reply_to_screen_name":"redsteeze","id_str":"544287574064259072","retweet_count":0,"in_reply_to_user_id":393469195,"favorited":false,"user":{"follow_request_sent":false,"profile_use_background_image":true,"profile_text_color":"333333","default_profile_image":false,"id":2270138875,"profile_background_image_url_https":"https://abs.twimg.com/images/themes/theme1/bg.png","verified":false,"profile_location":null,"profile_image_url_https":"https://pbs.twimg.com/profile_images/417950171083710465/1DyAYxI7_normal.jpeg","profile_sidebar_fill_color":"DDEEF6","entities":{"description":{"urls":[]}},"followers_count":19,"profile_sidebar_border_color":"C0DEED","id_str":"2270138875","profile_background_color":"C0DEED","listed_count":0,"is_translation_enabled":false,"utc_offset":null,"statuses_count":429,"description":"Friends don't always hate me, but when they do it's because of something I said.","friends_count":114,"location":"","profile_link_color":"4B8242","profile_image_url":"http://pbs.twimg.com/profile_images/417950171083710465/1DyAYxI7_normal.jpeg","following":false,"geo_enabled":false,"profile_banner_url":"https://pbs.twimg.com/profile_banners/2270138875/1399717385","profile_background_image_url":"http://abs.twimg.com/images/themes/theme1/bg.png","name":"friendshatehim","lang":"en","profile_background_tile":false,"favourites_count":5,"screen_name":"friendshatehim","notifications":false,"url":null,"created_at":"Tue Dec 31 09:19:52 +0000 2013","contributors_enabled":false,"time_zone":null,"protected":false,"default_profile":false,"is_translator":false},"geo":null,"in_reply_to_user_id_str":"393469195","lang":"en","created_at":"Mon Dec 15 00:27:24 +0000 2014","in_reply_to_status_id_str":"544286537299787777","place":null},
{"contributors":null,"truncated":false,"text":"@redsteeze @espn The hostage takers are merely trying to draw attention to global warming and . . . no, wait! That was Obama in Australia.","in_reply_to_status_id":544286537299787777,"id":544288329504542720,"favorite_count":0,"source":"<a href=\"http://twitter.com\" rel=\"nofollow\">Twitter Web Client</a>","retweeted":false,"coordinates":null,"entities":{"symbols":[],"user_mentions":[{"id":393469195,"indices":[0,10],"id_str":"393469195","screen_name":"redsteeze","name":"S.M"},{"id":2557521,"indices":[11,16],"id_str":"2557521","screen_name":"espn","name":"ESPN"}],"hashtags":[],"urls":[]},"in_reply_to_screen_name":"redsteeze","id_str":"544288329504542720","retweet_count":0,"in_reply_to_user_id":393469195,"favorited":false,"user":{"follow_request_sent":false,"profile_use_background_image":true,"profile_text_color":"333333","default_profile_image":false,"id":2432859764,"profile_background_image_url_https":"https://abs.twimg.com/images/themes/theme1/bg.png","verified":false,"profile_location":null,"profile_image_url_https":"https://pbs.twimg.com/profile_images/453352363688873985/tzXZ0Sq8_normal.jpeg","profile_sidebar_fill_color":"DDEEF6","entities":{"description":{"urls":[]}},"followers_count":30,"profile_sidebar_border_color":"C0DEED","id_str":"2432859764","profile_background_color":"C0DEED","listed_count":1,"is_translation_enabled":false,"utc_offset":-18000,"statuses_count":548,"description":"Polemicist with a heart","friends_count":131,"location":"Crossroads of America","profile_link_color":"0084B4","profile_image_url":"http://pbs.twimg.com/profile_images/453352363688873985/tzXZ0Sq8_normal.jpeg","following":false,"geo_enabled":false,"profile_banner_url":"https://pbs.twimg.com/profile_banners/2432859764/1396924540","profile_background_image_url":"http://abs.twimg.com/images/themes/theme1/bg.png","name":"Colin B Lane","lang":"en","profile_background_tile":false,"favourites_count":98,"screen_name":"LogicalLane","notifications":false,"url":null,"created_at":"Tue Apr 08 01:43:43 +0000 2014","contributors_enabled":false,"time_zone":"Eastern Time (US & Canada)","protected":false,"default_profile":true,"is_translator":false},"geo":null,"in_reply_to_user_id_str":"393469195","lang":"en","created_at":"Mon Dec 15 00:30:24 +0000 2014","in_reply_to_status_id_str":"544286537299787777","place":null},
{"contributors":null,"truncated":false,"text":"@redsteeze @espn That the best laugh I've had today, thanks!","in_reply_to_status_id":544286537299787777,"id":544288493971996673,"favorite_count":0,"source":"<a href=\"http://twitter.com/#!/download/ipad\" rel=\"nofollow\">Twitter for iPad</a>","retweeted":false,"coordinates":null,"entities":{"symbols":[],"user_mentions":[{"id":393469195,"indices":[0,10],"id_str":"393469195","screen_name":"redsteeze","name":"S.M"},{"id":2557521,"indices":[11,16],"id_str":"2557521","screen_name":"espn","name":"ESPN"}],"hashtags":[],"urls":[]},"in_reply_to_screen_name":"redsteeze","id_str":"544288493971996673","retweet_count":0,"in_reply_to_user_id":393469195,"favorited":false,"user":{"follow_request_sent":false,"profile_use_background_image":true,"profile_text_color":"333333","default_profile_image":false,"id":1287297769,"profile_background_image_url_https":"https://abs.twimg.com/images/themes/theme1/bg.png","verified":false,"profile_location":null,"profile_image_url_https":"https://pbs.twimg.com/profile_images/563042367033585664/ID5PJ7uD_normal.jpeg","profile_sidebar_fill_color":"DDEEF6","entities":{"url":{"urls":[{"url":"http://t.co/nczKGcHMvp","indices":[0,22],"expanded_url":"http://www.usmarshals.gov","display_url":"usmarshals.gov"}]},"description":{"urls":[]}},"followers_count":434,"profile_sidebar_border_color":"C0DEED","id_str":"1287297769","profile_background_color":"C0DEED","listed_count":6,"is_translation_enabled":false,"utc_offset":-14400,"statuses_count":2585,"description":"Christian, Conservative, Husband, Dad, University of Montana, Atlanta Braves batboy, U.S. Marine, Deputy U.S. Marshal (Retired) and Scottish Drum Major.","friends_count":723,"location":"USA","profile_link_color":"0084B4","profile_image_url":"http://pbs.twimg.com/profile_images/563042367033585664/ID5PJ7uD_normal.jpeg","following":false,"geo_enabled":false,"profile_banner_url":"https://pbs.twimg.com/profile_banners/1287297769/1406850085","profile_background_image_url":"http://abs.twimg.com/images/themes/theme1/bg.png","name":"Kilted Star","lang":"en","profile_background_tile":false,"favourites_count":1004,"screen_name":"Idaho1886","notifications":false,"url":"http://t.co/nczKGcHMvp","created_at":"Fri Mar 22 00:05:48 +0000 2013","contributors_enabled":false,"time_zone":"Atlantic Time (Canada)","protected":false,"default_profile":true,"is_translator":false},"geo":null,"in_reply_to_user_id_str":"393469195","lang":"en","created_at":"Mon Dec 15 00:31:04 +0000 2014","in_reply_to_status_id_str":"544286537299787777","place":null},
{"contributors":null,"truncated":false,"text":"@redsteeze @espn \nGet Lebron to tug on a new t-shirt with the news.","in_reply_to_status_id":544286537299787777,"id":544288613362839552,"favorite_count":1,"source":"<a href=\"http://twitter.com/download/iphone\" rel=\"nofollow\">Twitter for iPhone</a>","retweeted":false,"coordinates":null,"entities":{"symbols":[],"user_mentions":[{"id":393469195,"indices":[0,10],"id_str":"393469195","screen_name":"redsteeze","name":"S.M"},{"id":2557521,"indices":[11,16],"id_str":"2557521","screen_name":"espn","name":"ESPN"}],"hashtags":[],"urls":[]},"in_reply_to_screen_name":"redsteeze","id_str":"544288613362839552","retweet_count":1,"in_reply_to_user_id":393469195,"favorited":false,"user":{"follow_request_sent":false,"profile_use_background_image":true,"profile_text_color":"000000","default_profile_image":false,"id":14592739,"profile_background_image_url_https":"https://pbs.twimg.com/profile_background_images/51294418/shark_2.jpg","verified":false,"profile_location":null,"profile_image_url_https":"https://pbs.twimg.com/profile_images/1598875989/MelRamos_velveeta_normal.jpg","profile_sidebar_fill_color":"E0FF92","entities":{"description":{"urls":[]}},"followers_count":955,"profile_sidebar_border_color":"87BC44","id_str":"14592739","profile_background_color":"9AE4E8","listed_count":32,"is_translation_enabled":false,"utc_offset":-18000,"statuses_count":11395,"description":"Writer, Columnist, bad movie aficionado, and occasional caucasian. The only thing worse than the films I watch are the hockey teams I follow.","friends_count":211,"location":"Sub-Disney","profile_link_color":"0000FF","profile_image_url":"http://pbs.twimg.com/profile_images/1598875989/MelRamos_velveeta_normal.jpg","following":false,"geo_enabled":false,"profile_banner_url":"https://pbs.twimg.com/profile_banners/14592739/1398195446","profile_background_image_url":"http://pbs.twimg.com/profile_background_images/51294418/shark_2.jpg","name":"Martini Shark","lang":"en","profile_background_tile":true,"favourites_count":354,"screen_name":"MartiniShark","notifications":false,"url":null,"created_at":"Tue Apr 29 23:27:51 +0000 2008","contributors_enabled":false,"time_zone":"Eastern Time (US & Canada)","protected":false,"default_profile":false,"is_translator":false},"geo":null,"in_reply_to_user_id_str":"393469195","lang":"en","created_at":"Mon Dec 15 00:31:32 +0000 2014","in_reply_to_status_id_str":"544286537299787777","place":null},
{"contributors":null,"truncated":false,"text":"@redsteeze @espn will the Rams still take a stand since they are already statistically out of the post season? That's the big Q!","in_reply_to_status_id":544286537299787777,"id":544289982522068995,"favorite_count":0,"source":"<a href=\"http://twitter.com/download/iphone\" rel=\"nofollow\">Twitter for iPhone</a>","retweeted":false,"coordinates":null,"entities":{"symbols":[],"user_mentions":[{"id":393469195,"indices":[0,10],"id_str":"393469195","screen_name":"redsteeze","name":"S.M"},{"id":2557521,"indices":[11,16],"id_str":"2557521","screen_name":"espn","name":"ESPN"}],"hashtags":[],"urls":[]},"in_reply_to_screen_name":"redsteeze","id_str":"544289982522068995","retweet_count":0,"in_reply_to_user_id":393469195,"favorited":false,"user":{"follow_request_sent":false,"profile_use_background_image":true,"profile_text_color":"333333","default_profile_image":false,"id":134033909,"profile_background_image_url_https":"https://abs.twimg.com/images/themes/theme1/bg.png","verified":false,"profile_location":null,"profile_image_url_https":"https://pbs.twimg.com/profile_images/554240994284421120/dfFaCQ0g_normal.jpeg","profile_sidebar_fill_color":"DDEEF6","entities":{"description":{"urls":[]}},"followers_count":43,"profile_sidebar_border_color":"C0DEED","id_str":"134033909","profile_background_color":"C0DEED","listed_count":3,"is_translation_enabled":false,"utc_offset":null,"statuses_count":856,"description":"","friends_count":130,"location":"","profile_link_color":"0084B4","profile_image_url":"http://pbs.twimg.com/profile_images/554240994284421120/dfFaCQ0g_normal.jpeg","following":false,"geo_enabled":false,"profile_banner_url":"https://pbs.twimg.com/profile_banners/134033909/1418079606","profile_background_image_url":"http://abs.twimg.com/images/themes/theme1/bg.png","name":"D Skrizzle","lang":"en","profile_background_tile":false,"favourites_count":881,"screen_name":"djskrizzle","notifications":false,"url":null,"created_at":"Sat Apr 17 08:11:00 +0000 2010","contributors_enabled":false,"time_zone":null,"protected":false,"default_profile":true,"is_translator":false},"geo":null,"in_reply_to_user_id_str":"393469195","lang":"en","created_at":"Mon Dec 15 00:36:58 +0000 2014","in_reply_to_status_id_str":"544286537299787777","place":null},
{"contributors":null,"truncated":false,"text":"“@redsteeze: Heya @espn can you put \"Hostage crisis in Sydney. Islamist flag held in window\" on your crawl so Obama sees it? Thanks @nytimes","in_reply_to_status_id":544286537299787777,"id":544300242729181185,"favorite_count":0,"source":"<a href=\"http://twitter.com/download/iphone\" rel=\"nofollow\">Twitter for iPhone</a>","retweeted":false,"coordinates":null,"entities":{"symbols":[],"user_mentions":[{"id":393469195,"indices":[1,11],"id_str":"393469195","screen_name":"redsteeze","name":"S.M"},{"id":2557521,"indices":[18,23],"id_str":"2557521","screen_name":"espn","name":"ESPN"},{"id":807095,"indices":[132,140],"id_str":"807095","screen_name":"nytimes","name":"The New York Times"}],"hashtags":[],"urls":[]},"in_reply_to_screen_name":"redsteeze","id_str":"544300242729181185","retweet_count":0,"in_reply_to_user_id":393469195,"favorited":false,"user":{"follow_request_sent":false,"profile_use_background_image":true,"profile_text_color":"333333","default_profile_image":false,"id":2762288549,"profile_background_image_url_https":"https://abs.twimg.com/images/themes/theme1/bg.png","verified":false,"profile_location":null,"profile_image_url_https":"https://pbs.twimg.com/profile_images/519196527475310593/_hY6UDtX_normal.jpeg","profile_sidebar_fill_color":"DDEEF6","entities":{"description":{"urls":[]}},"followers_count":185,"profile_sidebar_border_color":"C0DEED","id_str":"2762288549","profile_background_color":"C0DEED","listed_count":1,"is_translation_enabled":false,"utc_offset":null,"statuses_count":6362,"description":"","friends_count":109,"location":"","profile_link_color":"0084B4","profile_image_url":"http://pbs.twimg.com/profile_images/519196527475310593/_hY6UDtX_normal.jpeg","following":false,"geo_enabled":false,"profile_banner_url":"https://pbs.twimg.com/profile_banners/2762288549/1414692024","profile_background_image_url":"http://abs.twimg.com/images/themes/theme1/bg.png","name":"Americanist","lang":"en","profile_background_tile":false,"favourites_count":5637,"screen_name":"LAGraham64","notifications":false,"url":null,"created_at":"Fri Sep 05 21:18:25 +0000 2014","contributors_enabled":false,"time_zone":null,"protected":false,"default_profile":true,"is_translator":false},"geo":null,"in_reply_to_user_id_str":"393469195","lang":"en","created_at":"Mon Dec 15 01:17:45 +0000 2014","in_reply_to_status_id_str":"544286537299787777","place":null},
{"contributors":null,"truncated":false,"text":"@redsteeze @espn @libertyjibbet especially with Colin cowherd having him on his radio show with his head so far up his ass","in_reply_to_status_id":544286537299787777,"id":544301173541715969,"favorite_count":0,"source":"<a href=\"http://tapbots.com/tweetbot\" rel=\"nofollow\">Tweetbot for iΟS</a>","retweeted":false,"coordinates":null,"entities":{"symbols":[],"user_mentions":[{"id":393469195,"indices":[0,10],"id_str":"393469195","screen_name":"redsteeze","name":"S.M"},{"id":2557521,"indices":[11,16],"id_str":"2557521","screen_name":"espn","name":"ESPN"},{"id":552732182,"indices":[17,31],"id_str":"552732182","screen_name":"libertyjibbet","name":"Alicia Turner"}],"hashtags":[],"urls":[]},"in_reply_to_screen_name":"redsteeze","id_str":"544301173541715969","retweet_count":0,"in_reply_to_user_id":393469195,"favorited":false,"user":{"follow_request_sent":false,"profile_use_background_image":true,"profile_text_color":"333333","default_profile_image":false,"id":93308808,"profile_background_image_url_https":"https://abs.twimg.com/images/themes/theme1/bg.png","verified":false,"profile_location":null,"profile_image_url_https":"https://pbs.twimg.com/profile_images/579277037761732608/4K2_NeN-_normal.jpg","profile_sidebar_fill_color":"DDEEF6","entities":{"description":{"urls":[]}},"followers_count":1322,"profile_sidebar_border_color":"C0DEED","id_str":"93308808","profile_background_color":"C0DEED","listed_count":17,"is_translation_enabled":false,"utc_offset":-21600,"statuses_count":43531,"description":"#NFB Sarcastic smart ass , #tcot supports 2amendment mocks wi union","friends_count":2002,"location":"Wisconsin ","profile_link_color":"0084B4","profile_image_url":"http://pbs.twimg.com/profile_images/579277037761732608/4K2_NeN-_normal.jpg","following":false,"geo_enabled":true,"profile_banner_url":"https://pbs.twimg.com/profile_banners/93308808/1402953439","profile_background_image_url":"http://abs.twimg.com/images/themes/theme1/bg.png","name":"Aaron Pellowski","lang":"en","profile_background_tile":false,"favourites_count":3381,"screen_name":"aaronpellowski","notifications":false,"url":null,"created_at":"Sun Nov 29 02:37:59 +0000 2009","contributors_enabled":false,"time_zone":"Central Time (US & Canada)","protected":false,"default_profile":true,"is_translator":false},"geo":null,"in_reply_to_user_id_str":"393469195","lang":"en","created_at":"Mon Dec 15 01:21:27 +0000 2014","in_reply_to_status_id_str":"544286537299787777","place":null},
{"contributors":null,"truncated":false,"text":"@redsteeze @anthropocon @espn ...can the terrorists breathe???","in_reply_to_status_id":544286537299787777,"id":544344107322441730,"favorite_count":0,"source":"<a href=\"http://twitter.com/download/android\" rel=\"nofollow\">Twitter for Android</a>","retweeted":false,"coordinates":null,"entities":{"symbols":[],"user_mentions":[{"id":393469195,"indices":[0,10],"id_str":"393469195","screen_name":"redsteeze","name":"S.M"},{"id":37248934,"indices":[11,23],"id_str":"37248934","screen_name":"anthropocon","name":"Electable Republican"},{"id":2557521,"indices":[24,29],"id_str":"2557521","screen_name":"espn","name":"ESPN"}],"hashtags":[],"urls":[]},"in_reply_to_screen_name":"redsteeze","id_str":"544344107322441730","retweet_count":0,"in_reply_to_user_id":393469195,"favorited":false,"user":{"follow_request_sent":false,"profile_use_background_image":true,"profile_text_color":"5E412F","default_profile_image":false,"id":458608730,"profile_background_image_url_https":"https://pbs.twimg.com/profile_background_images/378800000153722651/5fSO37v1.png","verified":false,"profile_location":null,"profile_image_url_https":"https://pbs.twimg.com/profile_images/586965279764307968/LtVsd3jd_normal.png","profile_sidebar_fill_color":"78C0A8","entities":{"description":{"urls":[]}},"followers_count":167,"profile_sidebar_border_color":"F0A830","id_str":"458608730","profile_background_color":"FCEBB6","listed_count":2,"is_translation_enabled":false,"utc_offset":-18000,"statuses_count":10730,"description":"...God, freedom, and whiskey....","friends_count":400,"location":"","profile_link_color":"FA743E","profile_image_url":"http://pbs.twimg.com/profile_images/586965279764307968/LtVsd3jd_normal.png","following":false,"geo_enabled":false,"profile_banner_url":"https://pbs.twimg.com/profile_banners/458608730/1398284838","profile_background_image_url":"http://pbs.twimg.com/profile_background_images/378800000153722651/5fSO37v1.png","name":"bsudah","lang":"en","profile_background_tile":true,"favourites_count":2171,"screen_name":"bsudah","notifications":false,"url":null,"created_at":"Sun Jan 08 19:12:39 +0000 2012","contributors_enabled":false,"time_zone":"Eastern Time (US & Canada)","protected":false,"default_profile":false,"is_translator":false},"geo":null,"in_reply_to_user_id_str":"393469195","lang":"en","created_at":"Mon Dec 15 04:12:03 +0000 2014","in_reply_to_status_id_str":"544286537299787777","place":null},
{"contributors":null,"truncated":false,"text":"@redsteeze @hale_razor @espn local crime story","in_reply_to_status_id":544286537299787777,"id":544345589471666177,"favorite_count":0,"source":"<a href=\"http://twitter.com/download/iphone\" rel=\"nofollow\">Twitter for iPhone</a>","retweeted":false,"coordinates":null,"entities":{"symbols":[],"user_mentions":[{"id":393469195,"indices":[0,10],"id_str":"393469195","screen_name":"redsteeze","name":"S.M"},{"id":21888595,"indices":[11,22],"id_str":"21888595","screen_name":"hale_razor","name":"Razor"},{"id":2557521,"indices":[23,28],"id_str":"2557521","screen_name":"espn","name":"ESPN"}],"hashtags":[],"urls":[]},"in_reply_to_screen_name":"redsteeze","id_str":"544345589471666177","retweet_count":1,"in_reply_to_user_id":393469195,"favorited":false,"user":{"follow_request_sent":false,"profile_use_background_image":true,"profile_text_color":"333333","default_profile_image":false,"id":1074309715,"profile_background_image_url_https":"https://abs.twimg.com/images/themes/theme1/bg.png","verified":false,"profile_location":null,"profile_image_url_https":"https://pbs.twimg.com/profile_images/586971074023333888/LwwG8CzF_normal.jpg","profile_sidebar_fill_color":"DDEEF6","entities":{"description":{"urls":[]}},"followers_count":95,"profile_sidebar_border_color":"C0DEED","id_str":"1074309715","profile_background_color":"C0DEED","listed_count":2,"is_translation_enabled":false,"utc_offset":null,"statuses_count":3969,"description":"★★★★★▄▄▄▄▄▄▄▄▄▄ ★★★★★▄▄▄▄▄▄▄▄▄▄ ★★★★★▄▄▄▄▄▄▄▄▄▄ ▄▄▄▄▄▄▄▄▄▄▄▄▄▄▄ ▄▄▄▄▄▄▄▄▄▄▄▄▄▄▄ ▄▄▄▄▄▄▄▄▄▄▄▄▄▄▄","friends_count":163,"location":"","profile_link_color":"0084B4","profile_image_url":"http://pbs.twimg.com/profile_images/586971074023333888/LwwG8CzF_normal.jpg","following":false,"geo_enabled":false,"profile_banner_url":"https://pbs.twimg.com/profile_banners/1074309715/1363233867","profile_background_image_url":"http://abs.twimg.com/images/themes/theme1/bg.png","name":"Dick Beninya","lang":"en","profile_background_tile":false,"favourites_count":2296,"screen_name":"Dick_Beninya","notifications":false,"url":null,"created_at":"Wed Jan 09 16:53:38 +0000 2013","contributors_enabled":false,"time_zone":null,"protected":false,"default_profile":true,"is_translator":false},"geo":null,"in_reply_to_user_id_str":"393469195","lang":"en","created_at":"Mon Dec 15 04:17:56 +0000 2014","in_reply_to_status_id_str":"544286537299787777","place":null},
{"contributors":null,"truncated":false,"text":"@redsteeze @MPeper @espn Have the Sydney police found and jailed whomever put a video on YouTube that would have created the hostage sitch?","in_reply_to_status_id":544286537299787777,"id":544346508829528064,"favorite_count":0,"source":"<a href=\"http://twitter.com/download/iphone\" rel=\"nofollow\">Twitter for iPhone</a>","retweeted":false,"coordinates":null,"entities":{"symbols":[],"user_mentions":[{"id":393469195,"indices":[0,10],"id_str":"393469195","screen_name":"redsteeze","name":"S.M"},{"id":527065922,"indices":[11,18],"id_str":"527065922","screen_name":"MPeper","name":" Michelle Peper"},{"id":2557521,"indices":[19,24],"id_str":"2557521","screen_name":"espn","name":"ESPN"}],"hashtags":[],"urls":[]},"in_reply_to_screen_name":"redsteeze","id_str":"544346508829528064","retweet_count":1,"in_reply_to_user_id":393469195,"favorited":false,"user":{"follow_request_sent":false,"profile_use_background_image":true,"profile_text_color":"333333","default_profile_image":false,"id":2213038500,"profile_background_image_url_https":"https://abs.twimg.com/images/themes/theme1/bg.png","verified":false,"profile_location":null,"profile_image_url_https":"https://pbs.twimg.com/profile_images/378800000793699826/cc31ff2d56e7e9fa939ee9913ca5c18d_normal.jpeg","profile_sidebar_fill_color":"DDEEF6","entities":{"description":{"urls":[]}},"followers_count":318,"profile_sidebar_border_color":"C0DEED","id_str":"2213038500","profile_background_color":"C0DEED","listed_count":1,"is_translation_enabled":false,"utc_offset":null,"statuses_count":7419,"description":"Retweets are absolutely endorsements.... Keep your laws off my body (except for unconstitutional corn syrup laws).","friends_count":2001,"location":"","profile_link_color":"0084B4","profile_image_url":"http://pbs.twimg.com/profile_images/378800000793699826/cc31ff2d56e7e9fa939ee9913ca5c18d_normal.jpeg","following":false,"geo_enabled":false,"profile_background_image_url":"http://abs.twimg.com/images/themes/theme1/bg.png","name":"Absurd Conspiracies","lang":"en","profile_background_tile":false,"favourites_count":96,"screen_name":"ConspiracyMaker","notifications":false,"url":null,"created_at":"Sun Nov 24 20:30:01 +0000 2013","contributors_enabled":false,"time_zone":null,"protected":false,"default_profile":true,"is_translator":false},"geo":null,"in_reply_to_user_id_str":"393469195","lang":"en","created_at":"Mon Dec 15 04:21:35 +0000 2014","in_reply_to_status_id_str":"544286537299787777","place":null},
{"contributors":null,"truncated":false,"text":"But they're NOT Islamic! @redsteeze @espn","in_reply_to_status_id":544286537299787777,"id":544347298512519169,"favorite_count":0,"source":"<a href=\"http://www.echofon.com\" rel=\"nofollow\">Echofon for Android PRO</a>","retweeted":false,"coordinates":null,"entities":{"symbols":[],"user_mentions":[{"id":393469195,"indices":[25,35],"id_str":"393469195","screen_name":"redsteeze","name":"S.M"},{"id":2557521,"indices":[36,41],"id_str":"2557521","screen_name":"espn","name":"ESPN"}],"hashtags":[],"urls":[]},"in_reply_to_screen_name":"redsteeze","id_str":"544347298512519169","retweet_count":1,"in_reply_to_user_id":393469195,"favorited":false,"user":{"follow_request_sent":false,"profile_use_background_image":true,"profile_text_color":"333333","default_profile_image":false,"id":49834861,"profile_background_image_url_https":"https://abs.twimg.com/images/themes/theme14/bg.gif","verified":false,"profile_location":null,"profile_image_url_https":"https://pbs.twimg.com/profile_images/551952914097246208/x-RsR_m9_normal.jpeg","profile_sidebar_fill_color":"EFEFEF","entities":{"description":{"urls":[]}},"followers_count":2962,"profile_sidebar_border_color":"EEEEEE","id_str":"49834861","profile_background_color":"131516","listed_count":97,"is_translation_enabled":false,"utc_offset":-21600,"statuses_count":66851,"description":"Attorney by day. Crazy cat lady by night. And new MOMMY! Snark-aholic. #UTLAW #Longhorns #Seminole E Pluribus Feta #fsu (*s)--denotes sarcasm","friends_count":3027,"location":"TEXAS","profile_link_color":"009999","profile_image_url":"http://pbs.twimg.com/profile_images/551952914097246208/x-RsR_m9_normal.jpeg","following":false,"geo_enabled":false,"profile_banner_url":"https://pbs.twimg.com/profile_banners/49834861/1417564066","profile_background_image_url":"http://abs.twimg.com/images/themes/theme14/bg.gif","name":"Anna of Santa-wich","lang":"en","profile_background_tile":true,"favourites_count":7090,"screen_name":"AnnaDsays","notifications":false,"url":null,"created_at":"Tue Jun 23 01:05:02 +0000 2009","contributors_enabled":false,"time_zone":"Central Time (US & Canada)","protected":false,"default_profile":false,"is_translator":false},"geo":null,"in_reply_to_user_id_str":"393469195","lang":"en","created_at":"Mon Dec 15 04:24:44 +0000 2014","in_reply_to_status_id_str":"544286537299787777","place":null},
{"contributors":null,"truncated":false,"text":"@redsteeze @hale_razor @espn top kek","in_reply_to_status_id":544286537299787777,"id":544347477151711232,"favorite_count":0,"source":"<a href=\"http://twitter.com/download/iphone\" rel=\"nofollow\">Twitter for iPhone</a>","retweeted":false,"coordinates":null,"entities":{"symbols":[],"user_mentions":[{"id":393469195,"indices":[0,10],"id_str":"393469195","screen_name":"redsteeze","name":"S.M"},{"id":21888595,"indices":[11,22],"id_str":"21888595","screen_name":"hale_razor","name":"Razor"},{"id":2557521,"indices":[23,28],"id_str":"2557521","screen_name":"espn","name":"ESPN"}],"hashtags":[],"urls":[]},"in_reply_to_screen_name":"redsteeze","id_str":"544347477151711232","retweet_count":0,"in_reply_to_user_id":393469195,"favorited":false,"user":{"follow_request_sent":false,"profile_use_background_image":true,"profile_text_color":"333333","default_profile_image":false,"id":2308739186,"profile_background_image_url_https":"https://abs.twimg.com/images/themes/theme1/bg.png","verified":false,"profile_location":null,"profile_image_url_https":"https://pbs.twimg.com/profile_images/426775902463082496/fGdsNwlt_normal.jpeg","profile_sidebar_fill_color":"DDEEF6","entities":{"description":{"urls":[]}},"followers_count":62,"profile_sidebar_border_color":"C0DEED","id_str":"2308739186","profile_background_color":"C0DEED","listed_count":0,"is_translation_enabled":false,"utc_offset":null,"statuses_count":354,"description":"","friends_count":162,"location":"","profile_link_color":"0084B4","profile_image_url":"http://pbs.twimg.com/profile_images/426775902463082496/fGdsNwlt_normal.jpeg","following":false,"geo_enabled":false,"profile_background_image_url":"http://abs.twimg.com/images/themes/theme1/bg.png","name":"Jeff Caslen","lang":"en","profile_background_tile":false,"favourites_count":164,"screen_name":"JCaslen","notifications":false,"url":null,"created_at":"Fri Jan 24 17:56:06 +0000 2014","contributors_enabled":false,"time_zone":null,"protected":false,"default_profile":true,"is_translator":false},"geo":null,"in_reply_to_user_id_str":"393469195","lang":"in","created_at":"Mon Dec 15 04:25:26 +0000 2014","in_reply_to_status_id_str":"544286537299787777","place":null},
{"contributors":null,"truncated":false,"text":"@redsteeze @rjames1928 @espn Maybe put in the crawl that white cops in Australia are shooting unarmed black teens in the streets....","in_reply_to_status_id":544286537299787777,"id":544403519500189696,"favorite_count":0,"source":"<a href=\"http://twitter.com/download/iphone\" rel=\"nofollow\">Twitter for iPhone</a>","retweeted":false,"coordinates":null,"entities":{"symbols":[],"user_mentions":[{"id":393469195,"indices":[0,10],"id_str":"393469195","screen_name":"redsteeze","name":"S.M"},{"id":892355978,"indices":[11,22],"id_str":"892355978","screen_name":"rjames1928","name":"RJ"},{"id":2557521,"indices":[23,28],"id_str":"2557521","screen_name":"espn","name":"ESPN"}],"hashtags":[],"urls":[]},"in_reply_to_screen_name":"redsteeze","id_str":"544403519500189696","retweet_count":0,"in_reply_to_user_id":393469195,"favorited":false,"user":{"follow_request_sent":false,"profile_use_background_image":true,"profile_text_color":"777777","default_profile_image":false,"id":25407310,"profile_background_image_url_https":"https://pbs.twimg.com/profile_background_images/91974202/ahamericanflag72.br.jpg","verified":false,"profile_location":null,"profile_image_url_https":"https://pbs.twimg.com/profile_images/587251696541175808/Ae3_TA9E_normal.jpg","profile_sidebar_fill_color":"1C1939","entities":{"url":{"urls":[{"url":"http://t.co/OT0wOujsA3","indices":[0,22],"expanded_url":"http://armymedicswife.wordpress.com/","display_url":"armymedicswife.wordpress.com"}]},"description":{"urls":[]}},"followers_count":5009,"profile_sidebar_border_color":"000000","id_str":"25407310","profile_background_color":"000000","listed_count":183,"is_translation_enabled":false,"utc_offset":-18000,"statuses_count":57732,"description":"IndepenConservative. Wiccan. Husband medic w/4-7 Cav, 1ABCT, 2nd ID (ROK). Tweets are not views of DoD, DA, 3rd ID or 2nd ID command groups.","friends_count":5440,"location":"Fort Stewart, GA","profile_link_color":"D60000","profile_image_url":"http://pbs.twimg.com/profile_images/587251696541175808/Ae3_TA9E_normal.jpg","following":false,"geo_enabled":true,"profile_banner_url":"https://pbs.twimg.com/profile_banners/25407310/1410657192","profile_background_image_url":"http://pbs.twimg.com/profile_background_images/91974202/ahamericanflag72.br.jpg","name":"Goodwin6 Actual","lang":"en","profile_background_tile":false,"favourites_count":2109,"screen_name":"GoodwinHH6","notifications":false,"url":"http://t.co/OT0wOujsA3","created_at":"Thu Mar 19 23:18:08 +0000 2009","contributors_enabled":false,"time_zone":"Eastern Time (US & Canada)","protected":false,"default_profile":false,"is_translator":false},"geo":null,"in_reply_to_user_id_str":"393469195","lang":"en","created_at":"Mon Dec 15 08:08:08 +0000 2014","in_reply_to_status_id_str":"544286537299787777","place":null},
{"contributors":null,"truncated":false,"text":"@redsteeze @CrunkFly @espn Might want to put it on a couple gay porn channels too.","in_reply_to_status_id":544286537299787777,"id":544538826556051456,"favorite_count":1,"source":"<a href=\"http://twitter.com\" rel=\"nofollow\">Twitter Web Client</a>","retweeted":false,"coordinates":null,"entities":{"symbols":[],"user_mentions":[{"id":393469195,"indices":[0,10],"id_str":"393469195","screen_name":"redsteeze","name":"S.M"},{"id":1177013136,"indices":[11,20],"id_str":"1177013136","screen_name":"CrunkFly","name":"Crunk"},{"id":2557521,"indices":[21,26],"id_str":"2557521","screen_name":"espn","name":"ESPN"}],"hashtags":[],"urls":[]},"in_reply_to_screen_name":"redsteeze","id_str":"544538826556051456","retweet_count":1,"in_reply_to_user_id":393469195,"favorited":false,"user":{"follow_request_sent":false,"profile_use_background_image":true,"profile_text_color":"663B12","default_profile_image":false,"id":49793399,"profile_background_image_url_https":"https://pbs.twimg.com/profile_background_images/378800000105556922/6c4caae0ab9e81670334a0e575e06c2c.jpeg","verified":false,"profile_location":null,"profile_image_url_https":"https://pbs.twimg.com/profile_images/575493422955372544/MqVoD3mH_normal.jpeg","profile_sidebar_fill_color":"DAECF4","entities":{"description":{"urls":[]}},"followers_count":839,"profile_sidebar_border_color":"FFFFFF","id_str":"49793399","profile_background_color":"C6E2EE","listed_count":10,"is_translation_enabled":false,"utc_offset":-18000,"statuses_count":13132,"description":"I DO NOT PLAY WELL WITH OBAMA-LOVING IDIOTS - TROLLS REPORTED AND PLEASE NO SELF-ABSORBED BIMBOS BECAUSE  I DON'T CARE ABOUT YOUR BREASTS  #TGDN","friends_count":895,"location":"","profile_link_color":"1F98C7","profile_image_url":"http://pbs.twimg.com/profile_images/575493422955372544/MqVoD3mH_normal.jpeg","following":false,"geo_enabled":false,"profile_background_image_url":"http://pbs.twimg.com/profile_background_images/378800000105556922/6c4caae0ab9e81670334a0e575e06c2c.jpeg","name":"Blondie203235","lang":"en","profile_background_tile":false,"favourites_count":1046,"screen_name":"Blondie203235","notifications":false,"url":null,"created_at":"Mon Jun 22 22:39:32 +0000 2009","contributors_enabled":false,"time_zone":"Eastern Time (US & Canada)","protected":false,"default_profile":false,"is_translator":false},"geo":null,"in_reply_to_user_id_str":"393469195","lang":"en","created_at":"Mon Dec 15 17:05:47 +0000 2014","in_reply_to_status_id_str":"544286537299787777","place":null}
]