[{"contributors":null,"truncated":false,"text":"@TwitchyTeam it is the Al Nusra flag, you know, those \"moderate\" rebels from Syria. McCain's friends.","in_reply_to_status_id":544287083343671296,"id":544287615688912896,"favorite_count":1,"source":"<a href=\"http://twitter.com/download/android\" rel=\"nofollow\">Twitter for Android</a>","retweeted":false,"coordinates":{"type":"Point","coordinates":[-75.6216666,39.7479506]},"entities":{"symbols":[],"user_mentions":[{"id":469194846,"indices":[0,12],"id_str":"469194846","screen_name":"TwitchyTeam","name":"TwitchyTeam"}],"hashtags":[],"urls":[]},"in_reply_to_screen_name":"TwitchyTeam","id_str":"544287615688912896","retweet_count":1,"in_reply_to_user_id":469194846,"favorited":false,"user":{"follow_request_sent":false,"profile_use_background_image":true,"profile_text_color":"333333","default_profile_image":false,"id":872786449,"profile_background_image_url_https":"https://abs.twimg.com/images/themes/theme1/bg.png","verified":false,"profile_location":null,"profile_image_url_https":"https://pbs.twimg.com/profile_images/566235651079536641/1x4hphVR_normal.png","profile_sidebar_fill_color":"DDEEF6","entities":{"description":{"urls":[]}},"followers_count":831,"profile_sidebar_border_color":"C0DEED","id_str":"872786449","profile_background_color":"C0DEED","listed_count":5,"is_translation_enabled":false,"utc_offset":null,"statuses_count":7119,"description":"Single, Irish/Cath. Adore JDSouther, MelaLee, NelsonDeMille, rescue animals;vintage clothing; writing, FriendofBill, Gettysburg, llamas, romance, ghosthunting","friends_count":1020,"location":"Dela-where?","profile_link_color":"0084B4","profile_image_url":"http://pbs.twimg.com/profile_images/566235651079536641/1x4hphVR_normal.png","following":false,"geo_enabled":true,"profile_banner_url":"https://pbs.twimg.com/profile_banners/872786449/1355239431","profile_background_image_url":"http://abs.twimg.com/images/themes/theme1/bg.png","name":"Annie Mountain","lang":"en","profile_background_tile":false,"favourites_count":4797,"screen_name":"annie_amountain","notifications":false,"url":null,"created_at":"Thu Oct 11 01:18:27 +0000 2012","contributors_enabled":false,"time_zone":null,"protected":false,"default_profile":true,"is_translator":false},"geo":{"type":"Point","coordinates":[39.7479506,-75.6216666]},"in_reply_to_user_id_str":"469194846","lang":"en","created_at":"Mon Dec 15 00:27:34 +0000 2014","in_reply_to_status_id_str":"544287083343671296","place":{"full_name":"Delaware, US","url":"https://api.twitter.com/1.1/geo/id/3f5897b87d2bf56c.json","country":"United States","place_type":"admin","bounding_box":{"type":"Polygon","coordinates":[[[-75.788758,38.451038],[-74.984165,38.451038],[-74.984165,39.839007],[-75.788758,39.839007]]]},"contained_within":[],"country_code":"US","attributes":{},"id":"3f5897b87d2bf56c","name":"Delaware"}},
{"contributors":null,"truncated":false,"text":"@TwitchyTeam Crazy","in_reply_to_status_id":544287083343671296,"id":544310936324935680,"favorite_count":0,"source":"<a href=\"http://twitter.com/download/android\" rel=\"nofollow\">Twitter for Android</a>","retweeted":false,"coordinates":null,"entities":{"symbols":[],"user_mentions":[{"id":469194846,"indices":[0,12],"id_str":"469194846","screen_name":"TwitchyTeam","name":"TwitchyTeam"}],"hashtags":[],"urls":[]},"in_reply_to_screen_name":"TwitchyTeam","id_str":"544310936324935680","retweet_count":0,"in_reply_to_user_id":469194846,"favorited":false,"user":{"follow_request_sent":false,"profile_use_background_image":true,"profile_text_color":"333333","default_profile_image":false,"id":316566075,"profile_background_image_url_https":"https://abs.twimg.com/images/themes/theme19/bg.gif","verified":false,"profile_location":null,"profile_image_url_https":"https://pbs.twimg.com/profile_images/2976246910/5e725dad325ae63afa22969a399e818e_normal.png","profile_sidebar_fill_color":"F6FFD1","entities":{"description":{"urls":[]}},"followers_count":1747,"profile_sidebar_border_color":"FFFFFF","id_str":"316566075","profile_background_color":"FFF04D","listed_count":39,"is_translation_enabled":false,"utc_offset":-28800,"statuses_count":5778,"description":"God, family & the US of A; Jesus freak, happily married 24yrs, homeschooling mom, Navy vet, conservative to the core, Raider fan...#TDGN #RedNationRising #2A","friends_count":1969,"location":"United States of America","profile_link_color":"0099CC","profile_image_url":"http://pbs.twimg.com/profile_images/2976246910/5e725dad325ae63afa22969a399e818e_normal.png","following":false,"geo_enabled":false,"profile_banner_url":"https://pbs.twimg.com/profile_banners/316566075/1355643792","profile_background_image_url":"http://abs.twimg.com/images/themes/theme19/bg.gif","name":"Staci Tapia","lang":"en","profile_background_tile":true,"favourites_count":507,"screen_name":"ChefCrys23","notifications":false,"url":null,"created_at":"Mon Jun 13 16:55:39 +0000 2011","contributors_enabled":false,"time_zone":"Pacific Time (US & Canada)","protected":false,"default_profile":false,"is_translator":false},"geo":null,"in_reply_to_user_id_str":"469194846","lang":"en","created_at":"Mon Dec 15 02:00:14 +0000 2014","in_reply_to_status_id_str":"544287083343671296","place":null},
{"contributors":null,"truncated":false,"text":"@TwitchyTeam @KazeSkyz Strange that the followers of the great allah,are the most inbred,stupid,backward and genocidal people on this planet","in_reply_to_status_id":544287083343671296,"id":544339185390587904,"favorite_count":0,"source":"<a href=\"http://twitter.com\" rel=\"nofollow\">Twitter Web Client</a>","retweeted":false,"coordinates":null,"entities":{"symbols":[],"user_mentions":[{"id":469194846,"indices":[0,12],"id_str":"469194846","screen_name":"TwitchyTeam","name":"TwitchyTeam"},{"id":2730969312,"indices":[13,22],"id_str":"2730969312","screen_name":"KazeSkyz","name":"Tim K."}],"hashtags":[],"urls":[]},"in_reply_to_screen_name":"TwitchyTeam","id_str":"544339185390587904","retweet_count":1,"in_reply_to_user_id":469194846,"favorited":false,"user":{"follow_request_sent":false,"profile_use_background_image":true,"profile_text_color":"333333","default_profile_image":false,"id":1297207694,"profile_background_image_url_https":"https://abs.twimg.com/images/themes/theme1/bg.png","verified":false,"profile_location":null,"profile_image_url_https":"https://pbs.twimg.com/profile_images/411687659191287808/ofqxYmkQ_normal.jpeg","profile_sidebar_fill_color":"DDEEF6","entities":{"description":{"urls":[]}},"followers_count":1785,"profile_sidebar_border_color":"C0DEED","id_str":"1297207694","profile_background_color":"C0DEED","listed_count":26,"is_translation_enabled":false,"utc_offset":null,"statuses_count":13920,"description":"Retired Engineer, with enough time at hand, to become a political dilettante, promoting the Conservative Cause, in order to save the Republic.","friends_count":1759,"location":"","profile_link_color":"0084B4","profile_image_url":"http://pbs.twimg.com/profile_images/411687659191287808/ofqxYmkQ_normal.jpeg","following":false,"geo_enabled":false,"profile_background_image_url":"http://abs.twimg.com/images/themes/theme1/bg.png","name":"Francisco Fuentes","lang":"en","profile_background_tile":false,"favourites_count":31,"screen_name":"Francis50441920","notifications":false,"url":null,"created_at":"Mon Mar 25 01:08:07 +0000 2013","contributors_enabled":false,"time_zone":null,"protected":false,"default_profile":true,"is_translator":false},"geo":null,"in_reply_to_user_id_str":"469194846","lang":"en","created_at":"Mon Dec 15 03:52:29 +0000 2014","in_reply_to_status_id_str":"544287083343671296","place":null},
{"contributors":null,"truncated":false,"text":"@TwitchyTeam @michellemalkin  The fact that the café` has \"merry Christmas\" painted in the window had nothing to do with targeting.  NOT.","in_reply_to_status_id":544287083343671296,"id":544408864637333506,"favorite_count":0,"source":"<a href=\"http://twitter.com\" rel=\"nofollow\">Twitter Web Client</a>","retweeted":false,"coordinates":null,"entities":{"symbols":[],"user_mentions":[{"id":469194846,"indices":[0,12],"id_str":"469194846","screen_name":"TwitchyTeam","name":"TwitchyTeam"},{"id":15976697,"indices":[13,28],"id_str":"15976697","screen_name":"michellemalkin","name":"Michelle Malkin"}],"hashtags":[],"urls":[]},"in_reply_to_screen_name":"TwitchyTeam","id_str":"544408864637333506","retweet_count":0,"in_reply_to_user_id":469194846,"favorited":false,"user":{"follow_request_sent":false,"profile_use_background_image":true,"profile_text_color":"333333","default_profile_image":false,"id":1421356142,"profile_background_image_url_https":"https://abs.twimg.com/images/themes/theme1/bg.png","verified":false,"profile_location":null,"profile_image_url_https":"https://pbs.twimg.com/profile_images/484982823783133184/Gl8VHYUF_normal.jpeg","profile_sidebar_fill_color":"DDEEF6","entities":{"url":{"urls":[{"url":"http://t.co/oacPWRBkTP","indices":[0,22],"expanded_url":"http://www.Facebook.com/TKactor","display_url":"Facebook.com/TKactor"}]},"description":{"urls":[]}},"followers_count":237,"profile_sidebar_border_color":"C0DEED","id_str":"1421356142","profile_background_color":"C0DEED","listed_count":8,"is_translation_enabled":false,"utc_offset":-18000,"statuses_count":7361,"description":"ICXC NIKA, ex-SSgt USAF (LE/SP), inventor, actor, script writer, paralegal, bon vivant.  Look for me on ABC-TV #Nashville (Kovach rhymes with watch.)","friends_count":137,"location":"Mount Juliet, Tennessee, USA ","profile_link_color":"0084B4","profile_image_url":"http://pbs.twimg.com/profile_images/484982823783133184/Gl8VHYUF_normal.jpeg","following":false,"geo_enabled":true,"profile_banner_url":"https://pbs.twimg.com/profile_banners/1421356142/1413966680","profile_background_image_url":"http://abs.twimg.com/images/themes/theme1/bg.png","name":"Tom Kovach","lang":"en","profile_background_tile":false,"favourites_count":5735,"screen_name":"TKovachNashvil","notifications":false,"url":"http://t.co/oacPWRBkTP","created_at":"Sat May 11 18:55:39 +0000 2013","contributors_enabled":false,"time_zone":"Eastern Time (US & Canada)","protected":false,"default_profile":true,"is_translator":false},"geo":null,"in_reply_to_user_id_str":"469194846","lang":"en","created_at":"Mon Dec 15 08:29:22 +0000 2014","in_reply_to_status_id_str":"544287083343671296","place":null}
]