{"contributors": null, "truncated": false, "text": "Police are requesting that no photos of the Lindt cafe siege are shared on social media #MartinPlaceSiege #SydneySiege #MartinPlace", "in_reply_to_status_id": null, "id": 544294274674593792, "favorite_count": 58, "source": "<a href=\"http://twitter.com/download/iphone\" rel=\"nofollow\">Twitter for iPhone</a>", "retweeted": false, "coordinates": null, "entities": {"symbols": [], "user_mentions": [], "hashtags": [{"indices": [88, 105], "text": "MartinPlaceSiege"}, {"indices": [106, 118], "text": "SydneySiege"}, {"indices": [119, 131], "text": "MartinPlace"}], "urls": []}, "in_reply_to_screen_name": null, "id_str": "544294274674593792", "retweet_count": 252, "in_reply_to_user_id": null, "favorited": false, "user": {"follow_request_sent": false, "profile_use_background_image": true, "profile_text_color": "333333", "default_profile_image": false, "id": 497534338, "profile_background_image_url_https": "https://abs.twimg.com/images/themes/theme1/bg.png", "verified": false, "profile_location": null, "profile_image_url_https": "https://pbs.twimg.com/profile_images/1839933039/CybermumA.MertonMcCannlowres.jpg_normal.jpg", "profile_sidebar_fill_color": "DDEEF6", "entities": {"url": {"urls": [{"url": "http://t.co/j3E8WGWtIi", "indices": [0, 22], "expanded_url": "http://blogs.mcafee.com/author/cyber-mum-australia", "display_url": "blogs.mcafee.com/author/cyber-m\u2026"}]}, "description": {"urls": []}}, "followers_count": 11272, "profile_sidebar_border_color": "C0DEED", "id_str": "497534338", "profile_background_color": "C0DEED", "listed_count": 95, "is_translation_enabled": false, "utc_offset": 39600, "statuses_count": 3460, "description": "McAfee\u2019s Cybermum in Australia. I blog about Internet safety issues and share my own experiences and insights to help keep kids and families safe online.", "friends_count": 11927, "location": "Sydney, Australia", "profile_link_color": "0084B4", "profile_image_url": "http://pbs.twimg.com/profile_images/1839933039/CybermumA.MertonMcCannlowres.jpg_normal.jpg", "following": false, "geo_enabled": true, "profile_background_image_url": "http://abs.twimg.com/images/themes/theme1/bg.png", "name": "Alex Merton-McCann", "lang": "en", "profile_background_tile": false, "favourites_count": 420, "screen_name": "Cybermum_AU", "notifications": false, "url": "http://t.co/j3E8WGWtIi", "created_at": "Mon Feb 20 03:13:58 +0000 2012", "contributors_enabled": false, "time_zone": "Sydney", "protected": false, "default_profile": true, "is_translator": false}, "geo": null, "in_reply_to_user_id_str": null, "lang": "en", "created_at": "Mon Dec 15 00:54:02 +0000 2014", "in_reply_to_status_id_str": null, "place": null}