{"contributors":null,"truncated":false,"text":"Let's keep in mind that no one associates the KKK with Christianity #SydneySiege","in_reply_to_status_id":null,"id":544299916252573698,"favorite_count":198,"source":"<a href=\"http:\/\/twitter.com\/download\/android\" rel=\"nofollow\">Twitter for Android<\/a>","retweeted":false,"coordinates":null,"entities":{"symbols":[],"user_mentions":[],"hashtags":[{"indices":[68,80],"text":"SydneySiege"}],"urls":[]},"in_reply_to_screen_name":null,"id_str":"544299916252573698","retweet_count":221,"in_reply_to_user_id":null,"favorited":false,"user":{"follow_request_sent":false,"profile_use_background_image":true,"profile_text_color":"333333","default_profile_image":false,"id":34210188,"profile_background_image_url_https":"https:\/\/abs.twimg.com\/images\/themes\/theme14\/bg.gif","verified":false,"profile_location":null,"profile_image_url_https":"https:\/\/pbs.twimg.com\/profile_images\/582339513109729283\/wS_CXANE_normal.jpg","profile_sidebar_fill_color":"EFEFEF","entities":{"description":{"urls":[]}},"followers_count":196,"profile_sidebar_border_color":"EEEEEE","id_str":"34210188","profile_background_color":"131516","listed_count":7,"is_translation_enabled":false,"utc_offset":36000,"statuses_count":1286,"description":"Aspiring Journalist, Pundit, Writer, Feminist and Human Being... Straight acting, but I'm a terrible actor. A retweet is not endorsement.","friends_count":342,"location":"Sydney, Australia ","profile_link_color":"009999","profile_image_url":"http:\/\/pbs.twimg.com\/profile_images\/582339513109729283\/wS_CXANE_normal.jpg","following":false,"geo_enabled":true,"profile_banner_url":"https:\/\/pbs.twimg.com\/profile_banners\/34210188\/1398951139","profile_background_image_url":"http:\/\/abs.twimg.com\/images\/themes\/theme14\/bg.gif","name":"Alex Bouchet","lang":"en","profile_background_tile":true,"favourites_count":521,"screen_name":"AlexBouchet","notifications":false,"url":null,"created_at":"Wed Apr 22 06:52:48 +0000 2009","contributors_enabled":false,"time_zone":"Brisbane","protected":false,"default_profile":false,"is_translator":false},"geo":null,"in_reply_to_user_id_str":null,"lang":"en","created_at":"Mon Dec 15 01:16:27 +0000 2014","in_reply_to_status_id_str":null,"place":null}