{"contributors":null,"truncated":false,"text":"Blame-game, disharmony &amp; hatred against all Muslims is what these fanatics at #MartinPlace #SydneySiege want! Don't let them win. #Prayers","in_reply_to_status_id":null,"id":544285213891629056,"favorite_count":14,"source":"<a href=\"http:\/\/twitter.com\" rel=\"nofollow\">Twitter Web Client<\/a>","retweeted":false,"coordinates":null,"entities":{"symbols":[],"user_mentions":[],"hashtags":[{"indices":[82,94],"text":"MartinPlace"},{"indices":[95,107],"text":"SydneySiege"},{"indices":[134,142],"text":"Prayers"}],"urls":[]},"in_reply_to_screen_name":null,"id_str":"544285213891629056","retweet_count":199,"in_reply_to_user_id":null,"favorited":false,"user":{"follow_request_sent":false,"profile_use_background_image":true,"profile_text_color":"333333","default_profile_image":false,"id":27457454,"profile_background_image_url_https":"https:\/\/pbs.twimg.com\/profile_background_images\/378800000104321598\/513684a4579609abe8e0560609261fb2.jpeg","verified":false,"profile_location":null,"profile_image_url_https":"https:\/\/pbs.twimg.com\/profile_images\/582345507827154944\/ndeTj2zw_normal.jpg","profile_sidebar_fill_color":"EFEFEF","entities":{"url":{"urls":[{"url":"http:\/\/t.co\/6Ak1Z3DubD","indices":[0,22],"expanded_url":"http:\/\/www.sukh.co","display_url":"sukh.co"}]},"description":{"urls":[]}},"followers_count":687060,"profile_sidebar_border_color":"FFFFFF","id_str":"27457454","profile_background_color":"386BEB","listed_count":277,"is_translation_enabled":false,"utc_offset":19800,"statuses_count":30273,"description":"Official Account #ISO 9001 Auditor, Designer\/Developer #Lecturer #Migration Agent, Top 500 #Blogger #Writer #Poet #Consultant #National #Compliance #Manager","friends_count":121013,"location":"Global Citizen","profile_link_color":"050733","profile_image_url":"http:\/\/pbs.twimg.com\/profile_images\/582345507827154944\/ndeTj2zw_normal.jpg","following":false,"geo_enabled":true,"profile_banner_url":"https:\/\/pbs.twimg.com\/profile_banners\/27457454\/1397627536","profile_background_image_url":"http:\/\/pbs.twimg.com\/profile_background_images\/378800000104321598\/513684a4579609abe8e0560609261fb2.jpeg","name":"Sukh Sandhu","lang":"en","profile_background_tile":true,"favourites_count":15193,"screen_name":"SukhSandhu","notifications":false,"url":"http:\/\/t.co\/6Ak1Z3DubD","created_at":"Sun Mar 29 16:53:41 +0000 2009","contributors_enabled":false,"time_zone":"Mumbai","protected":false,"default_profile":false,"is_translator":false},"geo":null,"in_reply_to_user_id_str":null,"lang":"en","created_at":"Mon Dec 15 00:18:01 +0000 2014","in_reply_to_status_id_str":null,"place":{"full_name":"Sydney, New South Wales","url":"https:\/\/api.twitter.com\/1.1\/geo\/id\/0073b76548e5984f.json","country":"Australia","place_type":"city","bounding_box":{"type":"Polygon","coordinates":[[[150.520928608,-34.1183470085],[151.343020992,-34.1183470085],[151.343020992,-33.578140996],[150.520928608,-33.578140996]]]},"contained_within":[],"country_code":"AU","attributes":{},"id":"0073b76548e5984f","name":"Sydney"}}