{"contributors":null,"truncated":false,"text":"#BREAKING: @dan_murphy &amp; @chriskkenny have the latest on the hostages inside the Lindt Cafe #SydneySiege. Ch 601 http:\/\/t.co\/rVeawjhLgf","in_reply_to_status_id":null,"id":544271185903484929,"favorite_count":13,"source":"<a href=\"https:\/\/about.twitter.com\/products\/tweetdeck\" rel=\"nofollow\">TweetDeck<\/a>","retweeted":false,"coordinates":null,"entities":{"symbols":[],"user_mentions":[{"id":27547277,"indices":[11,22],"id_str":"27547277","screen_name":"dan_murphy","name":"Dan Murphy"},{"id":207932870,"indices":[29,41],"id_str":"207932870","screen_name":"chriskkenny","name":"Chris Kenny"}],"hashtags":[{"indices":[0,9],"text":"BREAKING"},{"indices":[96,108],"text":"SydneySiege"}],"urls":[],"media":[{"expanded_url":"http:\/\/twitter.com\/SkyNewsAust\/status\/544271185903484929\/photo\/1","display_url":"pic.twitter.com\/rVeawjhLgf","url":"http:\/\/t.co\/rVeawjhLgf","media_url_https":"https:\/\/pbs.twimg.com\/media\/B42iyH0CEAEzfi9.png","id_str":"544270111956144129","sizes":{"large":{"h":296,"resize":"fit","w":589},"small":{"h":170,"resize":"fit","w":340},"medium":{"h":296,"resize":"fit","w":589},"thumb":{"h":150,"resize":"crop","w":150}},"indices":[117,139],"type":"photo","id":544270111956144129,"media_url":"http:\/\/pbs.twimg.com\/media\/B42iyH0CEAEzfi9.png"}]},"in_reply_to_screen_name":null,"id_str":"544271185903484929","retweet_count":141,"in_reply_to_user_id":null,"favorited":false,"user":{"follow_request_sent":false,"profile_use_background_image":true,"profile_text_color":"000000","default_profile_image":false,"id":16834659,"profile_background_image_url_https":"https:\/\/pbs.twimg.com\/profile_background_images\/378800000071734124\/dea3bd17ec32d1d204db6b0cee54df17.jpeg","verified":true,"profile_location":null,"profile_image_url_https":"https:\/\/pbs.twimg.com\/profile_images\/378800000441802573\/7d7dfe8dd3ef5cb743d617dc62f0aa92_normal.jpeg","profile_sidebar_fill_color":"D10020","entities":{"url":{"urls":[{"url":"http:\/\/t.co\/fdZdyojAgW","indices":[0,22],"expanded_url":"http:\/\/www.skynews.com.au","display_url":"skynews.com.au"}]},"description":{"urls":[{"url":"http:\/\/t.co\/nIE2DAOMCx","indices":[96,118],"expanded_url":"http:\/\/goo.gl\/b9lnU","display_url":"goo.gl\/b9lnU"}]}},"followers_count":150992,"profile_sidebar_border_color":"FFFFFF","id_str":"16834659","profile_background_color":"000000","listed_count":2735,"is_translation_enabled":false,"utc_offset":39600,"statuses_count":114484,"description":"Sky News is Australia's 24\/7 news channel, bringing you the latest news as it happens. Facebook http:\/\/t.co\/nIE2DAOMCx | Ch 601 on Foxtel","friends_count":85683,"location":"Sydney, Australia","profile_link_color":"FF0000","profile_image_url":"http:\/\/pbs.twimg.com\/profile_images\/378800000441802573\/7d7dfe8dd3ef5cb743d617dc62f0aa92_normal.jpeg","following":false,"geo_enabled":false,"profile_banner_url":"https:\/\/pbs.twimg.com\/profile_banners\/16834659\/1414972178","profile_background_image_url":"http:\/\/pbs.twimg.com\/profile_background_images\/378800000071734124\/dea3bd17ec32d1d204db6b0cee54df17.jpeg","name":"Sky News Australia","lang":"en","profile_background_tile":false,"favourites_count":1670,"screen_name":"SkyNewsAust","notifications":false,"url":"http:\/\/t.co\/fdZdyojAgW","created_at":"Sat Oct 18 02:39:23 +0000 2008","contributors_enabled":false,"time_zone":"Sydney","protected":false,"default_profile":false,"is_translator":false},"geo":null,"in_reply_to_user_id_str":null,"possibly_sensitive":false,"lang":"en","created_at":"Sun Dec 14 23:22:17 +0000 2014","in_reply_to_status_id_str":null,"place":null,"extended_entities":{"media":[{"expanded_url":"http:\/\/twitter.com\/SkyNewsAust\/status\/544271185903484929\/photo\/1","display_url":"pic.twitter.com\/rVeawjhLgf","url":"http:\/\/t.co\/rVeawjhLgf","media_url_https":"https:\/\/pbs.twimg.com\/media\/B42iyH0CEAEzfi9.png","id_str":"544270111956144129","sizes":{"large":{"h":296,"resize":"fit","w":589},"small":{"h":170,"resize":"fit","w":340},"medium":{"h":296,"resize":"fit","w":589},"thumb":{"h":150,"resize":"crop","w":150}},"indices":[117,139],"type":"photo","id":544270111956144129,"media_url":"http:\/\/pbs.twimg.com\/media\/B42iyH0CEAEzfi9.png"}]}}