[{"contributors":null,"truncated":false,"text":"@ABC This is the bullshit that happens when you take peoples guns away..they are left defenseless","in_reply_to_status_id":544296007589433344,"id":544297409522585601,"favorite_count":1,"source":"<a href=\"http://twitter.com/download/android\" rel=\"nofollow\">Twitter for Android</a>","retweeted":false,"coordinates":null,"entities":{"symbols":[],"user_mentions":[{"id":28785486,"indices":[0,4],"id_str":"28785486","screen_name":"ABC","name":"ABC News"}],"hashtags":[],"urls":[]},"in_reply_to_screen_name":"ABC","id_str":"544297409522585601","retweet_count":0,"in_reply_to_user_id":28785486,"favorited":false,"user":{"follow_request_sent":false,"profile_use_background_image":false,"profile_text_color":"000000","default_profile_image":false,"id":1206161593,"profile_background_image_url_https":"https://abs.twimg.com/images/themes/theme1/bg.png","verified":false,"profile_location":null,"profile_image_url_https":"https://pbs.twimg.com/profile_images/577504117263888384/2Rs1oLzO_normal.jpeg","profile_sidebar_fill_color":"000000","entities":{"description":{"urls":[]}},"followers_count":1150,"profile_sidebar_border_color":"000000","id_str":"1206161593","profile_background_color":"000000","listed_count":22,"is_translation_enabled":false,"utc_offset":null,"statuses_count":13187,"description":"Proud Texan,Liberty,Chaotic Neutral,Potential Candidate for Houston mayor 2015","friends_count":1980,"location":"Texas","profile_link_color":"09B300","profile_image_url":"http://pbs.twimg.com/profile_images/577504117263888384/2Rs1oLzO_normal.jpeg","following":false,"geo_enabled":true,"profile_background_image_url":"http://abs.twimg.com/images/themes/theme1/bg.png","name":"marty bingham","lang":"en","profile_background_tile":false,"favourites_count":5608,"screen_name":"TexasLiberty15","notifications":false,"url":null,"created_at":"Thu Feb 21 22:22:30 +0000 2013","contributors_enabled":false,"time_zone":null,"protected":false,"default_profile":false,"is_translator":false},"geo":null,"in_reply_to_user_id_str":"28785486","lang":"en","created_at":"Mon Dec 15 01:06:29 +0000 2014","in_reply_to_status_id_str":"544296007589433344","place":null},
{"contributors":null,"truncated":false,"text":"@TexasLiberty15 @ABC yessir! I'll give you an amen to that one I was fixing to tweet the same thing l.","in_reply_to_status_id":544297409522585601,"id":544301772387676160,"favorite_count":1,"source":"<a href=\"http://twitter.com/download/android\" rel=\"nofollow\">Twitter for Android</a>","retweeted":false,"coordinates":null,"entities":{"symbols":[],"user_mentions":[{"id":1206161593,"indices":[0,15],"id_str":"1206161593","screen_name":"TexasLiberty15","name":"marty bingham"},{"id":28785486,"indices":[16,20],"id_str":"28785486","screen_name":"ABC","name":"ABC News"}],"hashtags":[],"urls":[]},"in_reply_to_screen_name":"TexasLiberty15","id_str":"544301772387676160","retweet_count":1,"in_reply_to_user_id":1206161593,"favorited":false,"user":{"follow_request_sent":false,"profile_use_background_image":true,"profile_text_color":"333333","default_profile_image":false,"id":38990352,"profile_background_image_url_https":"https://abs.twimg.com/images/themes/theme1/bg.png","verified":false,"profile_location":null,"profile_image_url_https":"https://pbs.twimg.com/profile_images/542725887834468353/bjAmgwYf_normal.jpeg","profile_sidebar_fill_color":"DDEEF6","entities":{"description":{"urls":[]}},"followers_count":235,"profile_sidebar_border_color":"C0DEED","id_str":"38990352","profile_background_color":"C0DEED","listed_count":0,"is_translation_enabled":false,"utc_offset":null,"statuses_count":1147,"description":"Zach Jones U.S. soldier combat engineer, married to Jamie Jones","friends_count":273,"location":"Morristown Tennessee","profile_link_color":"0084B4","profile_image_url":"http://pbs.twimg.com/profile_images/542725887834468353/bjAmgwYf_normal.jpeg","following":false,"geo_enabled":false,"profile_background_image_url":"http://abs.twimg.com/images/themes/theme1/bg.png","name":"Zach Jones","lang":"en","profile_background_tile":false,"favourites_count":648,"screen_name":"Jonsee221","notifications":false,"url":null,"created_at":"Sun May 10 03:49:01 +0000 2009","contributors_enabled":false,"time_zone":null,"protected":false,"default_profile":true,"is_translator":false},"geo":null,"in_reply_to_user_id_str":"1206161593","lang":"en","created_at":"Mon Dec 15 01:23:49 +0000 2014","in_reply_to_status_id_str":"544297409522585601","place":null},
{"contributors":null,"truncated":false,"text":"@ABC Sydney police - Kill them all!!!","in_reply_to_status_id":544296007589433344,"id":544302030970712064,"favorite_count":0,"source":"<a href=\"http://twitter.com/download/android\" rel=\"nofollow\">Twitter for Android</a>","retweeted":false,"coordinates":null,"entities":{"symbols":[],"user_mentions":[{"id":28785486,"indices":[0,4],"id_str":"28785486","screen_name":"ABC","name":"ABC News"}],"hashtags":[],"urls":[]},"in_reply_to_screen_name":"ABC","id_str":"544302030970712064","retweet_count":0,"in_reply_to_user_id":28785486,"favorited":false,"user":{"follow_request_sent":false,"profile_use_background_image":true,"profile_text_color":"333333","default_profile_image":false,"id":344816505,"profile_background_image_url_https":"https://abs.twimg.com/images/themes/theme1/bg.png","verified":false,"profile_location":null,"profile_image_url_https":"https://pbs.twimg.com/profile_images/1720689191/sl34Iajz_normal","profile_sidebar_fill_color":"DDEEF6","entities":{"description":{"urls":[]}},"followers_count":35,"profile_sidebar_border_color":"C0DEED","id_str":"344816505","profile_background_color":"C0DEED","listed_count":0,"is_translation_enabled":false,"utc_offset":-18000,"statuses_count":6196,"description":"No time your feeling its real out here. - #Killyoself","friends_count":213,"location":"Sumwhereyouain't, USA","profile_link_color":"0084B4","profile_image_url":"http://pbs.twimg.com/profile_images/1720689191/sl34Iajz_normal","following":false,"geo_enabled":false,"profile_banner_url":"https://pbs.twimg.com/profile_banners/344816505/1388173597","profile_background_image_url":"http://abs.twimg.com/images/themes/theme1/bg.png","name":"Unitary Grunt","lang":"en","profile_background_tile":false,"favourites_count":392,"screen_name":"UnitaryGrunt","notifications":false,"url":null,"created_at":"Fri Jul 29 16:46:10 +0000 2011","contributors_enabled":false,"time_zone":"Eastern Time (US & Canada)","protected":false,"default_profile":true,"is_translator":false},"geo":null,"in_reply_to_user_id_str":"28785486","lang":"en","created_at":"Mon Dec 15 01:24:51 +0000 2014","in_reply_to_status_id_str":"544296007589433344","place":null},
{"contributors":null,"truncated":false,"text":"@ABC @GStephanopoulos #WorldTerror and #Mayhem. Let's keep calm about this. Who is good at it? #ISIL, #AlQuaeda, @Putin? #LookIntoIt","in_reply_to_status_id":544296007589433344,"id":544309585386156032,"favorite_count":0,"source":"<a href=\"http://twitter.com\" rel=\"nofollow\">Twitter Web Client</a>","retweeted":false,"coordinates":null,"entities":{"symbols":[],"user_mentions":[{"id":28785486,"indices":[0,4],"id_str":"28785486","screen_name":"ABC","name":"ABC News"},{"id":17074440,"indices":[5,21],"id_str":"17074440","screen_name":"GStephanopoulos","name":"GeorgeStephanopoulos"},{"id":13669222,"indices":[113,119],"id_str":"13669222","screen_name":"Putin","name":"Vladimir Putin"}],"hashtags":[{"indices":[22,34],"text":"WorldTerror"},{"indices":[39,46],"text":"Mayhem"},{"indices":[95,100],"text":"ISIL"},{"indices":[102,111],"text":"AlQuaeda"},{"indices":[121,132],"text":"LookIntoIt"}],"urls":[]},"in_reply_to_screen_name":"ABC","id_str":"544309585386156032","retweet_count":0,"in_reply_to_user_id":28785486,"favorited":false,"user":{"follow_request_sent":false,"profile_use_background_image":true,"profile_text_color":"333333","default_profile_image":false,"id":42565336,"profile_background_image_url_https":"https://pbs.twimg.com/profile_background_images/19251341/walltile.jpg","verified":false,"profile_location":null,"profile_image_url_https":"https://pbs.twimg.com/profile_images/414194688/Buoy_6_floats_up_on_Oregon_Beach_at_Warrenton_Sat_Mar_29_08_dislodged_in_Dec_storm_normal.jpg","profile_sidebar_fill_color":"A0C5C7","entities":{"description":{"urls":[]}},"followers_count":154,"profile_sidebar_border_color":"86A4A6","id_str":"42565336","profile_background_color":"709397","listed_count":12,"is_translation_enabled":false,"utc_offset":-28800,"statuses_count":6627,"description":"Consulting Geologist and avid golfer, frisbee golfer and hiker","friends_count":404,"location":"Salem, Oregon","profile_link_color":"FF3300","profile_image_url":"http://pbs.twimg.com/profile_images/414194688/Buoy_6_floats_up_on_Oregon_Beach_at_Warrenton_Sat_Mar_29_08_dislodged_in_Dec_storm_normal.jpg","following":false,"geo_enabled":true,"profile_banner_url":"https://pbs.twimg.com/profile_banners/42565336/1400567435","profile_background_image_url":"http://pbs.twimg.com/profile_background_images/19251341/walltile.jpg","name":"John Rehm","lang":"en","profile_background_tile":false,"favourites_count":466,"screen_name":"StoutHammer","notifications":false,"url":null,"created_at":"Tue May 26 04:35:15 +0000 2009","contributors_enabled":false,"time_zone":"Pacific Time (US & Canada)","protected":false,"default_profile":false,"is_translator":false},"geo":null,"in_reply_to_user_id_str":"28785486","lang":"en","created_at":"Mon Dec 15 01:54:52 +0000 2014","in_reply_to_status_id_str":"544296007589433344","place":{"full_name":"Salem, OR","url":"https://api.twitter.com/1.1/geo/id/c8022ca5114d7ea9.json","country":"United States","place_type":"city","bounding_box":{"type":"Polygon","coordinates":[[[-123.122916,44.853813],[-122.935114,44.853813],[-122.935114,45.016355],[-123.122916,45.016355]]]},"contained_within":[],"country_code":"US","attributes":{},"id":"c8022ca5114d7ea9","name":"Salem"}}
]