[{"contributors":null,"truncated":false,"text":"“@cnnbrk: A major police operation is under way in Sydney, Australia\" absolutely terrible. Praying for all https://t.co/wANYEKLILf","in_reply_to_status_id":544288856263360512,"id":544289423769501696,"favorite_count":0,"source":"<a href=\"http://twitter.com/download/iphone\" rel=\"nofollow\">Twitter for iPhone</a>","retweeted":false,"coordinates":null,"entities":{"symbols":[],"user_mentions":[{"id":428333,"indices":[1,8],"id_str":"428333","screen_name":"cnnbrk","name":"CNN Breaking News"}],"hashtags":[],"urls":[{"url":"https://t.co/wANYEKLILf","indices":[107,130],"expanded_url":"https://au.news.yahoo.com/nsw/a/25772503/siege-situation-in-martin-place/","display_url":"au.news.yahoo.com/nsw/a/25772503…"}]},"in_reply_to_screen_name":"cnnbrk","id_str":"544289423769501696","retweet_count":0,"in_reply_to_user_id":428333,"favorited":false,"user":{"follow_request_sent":false,"profile_use_background_image":true,"profile_text_color":"666666","default_profile_image":false,"id":15561173,"profile_background_image_url_https":"https://abs.twimg.com/images/themes/theme9/bg.gif","verified":false,"profile_location":null,"profile_image_url_https":"https://pbs.twimg.com/profile_images/442709810610319361/RWeCedYr_normal.jpeg","profile_sidebar_fill_color":"252429","entities":{"description":{"urls":[]}},"followers_count":498,"profile_sidebar_border_color":"181A1E","id_str":"15561173","profile_background_color":"1A1B1F","listed_count":10,"is_translation_enabled":false,"utc_offset":-18000,"statuses_count":6480,"description":"Equal parts Ferris wheels, wine, politics, fashion,sarcasm & pimento cheese sammies. Professionally social but these groundbreaking tweets are mine alone.","friends_count":2001,"location":"Brooklyn","profile_link_color":"2FC2EF","profile_image_url":"http://pbs.twimg.com/profile_images/442709810610319361/RWeCedYr_normal.jpeg","following":false,"geo_enabled":true,"profile_banner_url":"https://pbs.twimg.com/profile_banners/15561173/1348005964","profile_background_image_url":"http://abs.twimg.com/images/themes/theme9/bg.gif","name":"hillaryziegenhagen","lang":"en","profile_background_tile":false,"favourites_count":167,"screen_name":"townsendhagen","notifications":false,"url":null,"created_at":"Wed Jul 23 12:54:22 +0000 2008","contributors_enabled":false,"time_zone":"Eastern Time (US & Canada)","protected":false,"default_profile":false,"is_translator":false},"geo":null,"in_reply_to_user_id_str":"428333","possibly_sensitive":false,"lang":"en","created_at":"Mon Dec 15 00:34:45 +0000 2014","in_reply_to_status_id_str":"544288856263360512","place":null},
{"contributors":null,"truncated":false,"text":"@cnnbrk you're a tad late CNN. Just 3 hours late.","in_reply_to_status_id":544288856263360512,"id":544289479242952704,"favorite_count":8,"source":"<a href=\"http://twitter.com/download/iphone\" rel=\"nofollow\">Twitter for iPhone</a>","retweeted":false,"coordinates":null,"entities":{"symbols":[],"user_mentions":[{"id":428333,"indices":[0,7],"id_str":"428333","screen_name":"cnnbrk","name":"CNN Breaking News"}],"hashtags":[],"urls":[]},"in_reply_to_screen_name":"cnnbrk","id_str":"544289479242952704","retweet_count":1,"in_reply_to_user_id":428333,"favorited":false,"user":{"follow_request_sent":false,"profile_use_background_image":true,"profile_text_color":"333333","default_profile_image":false,"id":811987292,"profile_background_image_url_https":"https://abs.twimg.com/images/themes/theme1/bg.png","verified":false,"profile_location":null,"profile_image_url_https":"https://pbs.twimg.com/profile_images/580534457934958592/eUqccOTQ_normal.jpg","profile_sidebar_fill_color":"DDEEF6","entities":{"description":{"urls":[]}},"followers_count":46,"profile_sidebar_border_color":"C0DEED","id_str":"811987292","profile_background_color":"C0DEED","listed_count":0,"is_translation_enabled":false,"utc_offset":null,"statuses_count":81,"description":"","friends_count":24,"location":"","profile_link_color":"0084B4","profile_image_url":"http://pbs.twimg.com/profile_images/580534457934958592/eUqccOTQ_normal.jpg","following":false,"geo_enabled":false,"profile_background_image_url":"http://abs.twimg.com/images/themes/theme1/bg.png","name":"Andrew Row","lang":"en","profile_background_tile":false,"favourites_count":13,"screen_name":"AndrewRow3","notifications":false,"url":null,"created_at":"Sun Sep 09 00:37:08 +0000 2012","contributors_enabled":false,"time_zone":null,"protected":false,"default_profile":true,"is_translator":false},"geo":null,"in_reply_to_user_id_str":"428333","lang":"en","created_at":"Mon Dec 15 00:34:58 +0000 2014","in_reply_to_status_id_str":"544288856263360512","place":null},
{"contributors":null,"truncated":false,"text":"@cnnbrk great reporting there!","in_reply_to_status_id":544288856263360512,"id":544291596213043200,"favorite_count":0,"source":"<a href=\"http://twitter.com/download/iphone\" rel=\"nofollow\">Twitter for iPhone</a>","retweeted":false,"coordinates":{"type":"Point","coordinates":[-122.41714868,37.78971056]},"entities":{"symbols":[],"user_mentions":[{"id":428333,"indices":[0,7],"id_str":"428333","screen_name":"cnnbrk","name":"CNN Breaking News"}],"hashtags":[],"urls":[]},"in_reply_to_screen_name":"cnnbrk","id_str":"544291596213043200","retweet_count":0,"in_reply_to_user_id":428333,"favorited":false,"user":{"follow_request_sent":false,"profile_use_background_image":true,"profile_text_color":"0C3E53","default_profile_image":false,"id":8529412,"profile_background_image_url_https":"https://abs.twimg.com/images/themes/theme12/bg.gif","verified":false,"profile_location":null,"profile_image_url_https":"https://pbs.twimg.com/profile_images/585901645017571328/Sc_NTJEY_normal.jpg","profile_sidebar_fill_color":"FFF7CC","entities":{"url":{"urls":[{"url":"http://t.co/nthsJRNbOA","indices":[0,22],"expanded_url":"http://www.baylax.com","display_url":"baylax.com"}]},"description":{"urls":[]}},"followers_count":479,"profile_sidebar_border_color":"F2E195","id_str":"8529412","profile_background_color":"BADFCD","listed_count":20,"is_translation_enabled":false,"utc_offset":-28800,"statuses_count":3972,"description":"SF Wharf Native. LAX Goalie. Scooter Rider. Designer. Proud  Indian. Gin Drinker. Virgin America CRM Extraordinaire. BayLax Prez. #SFGiants.  Views my own.","friends_count":836,"location":"San Francisco, CA, USA","profile_link_color":"FF0000","profile_image_url":"http://pbs.twimg.com/profile_images/585901645017571328/Sc_NTJEY_normal.jpg","following":false,"geo_enabled":true,"profile_banner_url":"https://pbs.twimg.com/profile_banners/8529412/1401838034","profile_background_image_url":"http://abs.twimg.com/images/themes/theme12/bg.gif","name":"Chandini D.","lang":"en","profile_background_tile":false,"favourites_count":343,"screen_name":"ChandiniSF","notifications":false,"url":"http://t.co/nthsJRNbOA","created_at":"Thu Aug 30 07:52:47 +0000 2007","contributors_enabled":false,"time_zone":"Pacific Time (US & Canada)","protected":false,"default_profile":false,"is_translator":false},"geo":{"type":"Point","coordinates":[37.78971056,-122.41714868]},"in_reply_to_user_id_str":"428333","lang":"en","created_at":"Mon Dec 15 00:43:23 +0000 2014","in_reply_to_status_id_str":"544288856263360512","place":{"full_name":"San Francisco, CA","url":"https://api.twitter.com/1.1/geo/id/5a110d312052166f.json","country":"United States","place_type":"city","bounding_box":{"type":"Polygon","coordinates":[[[-122.514926,37.708075],[-122.357031,37.708075],[-122.357031,37.833238],[-122.514926,37.833238]]]},"contained_within":[],"country_code":"US","attributes":{},"id":"5a110d312052166f","name":"San Francisco"}},
{"contributors":null,"truncated":false,"text":"@cnnbrk @BuenaVista28 police operation? sounds like military. strange choice of words.","in_reply_to_status_id":544288856263360512,"id":544291670494564352,"favorite_count":2,"source":"<a href=\"https://about.twitter.com/products/tweetdeck\" rel=\"nofollow\">TweetDeck</a>","retweeted":false,"coordinates":null,"entities":{"symbols":[],"user_mentions":[{"id":428333,"indices":[0,7],"id_str":"428333","screen_name":"cnnbrk","name":"CNN Breaking News"},{"id":267004350,"indices":[8,21],"id_str":"267004350","screen_name":"BuenaVista28","name":"Christopher"}],"hashtags":[],"urls":[]},"in_reply_to_screen_name":"cnnbrk","id_str":"544291670494564352","retweet_count":1,"in_reply_to_user_id":428333,"favorited":false,"user":{"follow_request_sent":false,"profile_use_background_image":true,"profile_text_color":"000000","default_profile_image":false,"id":16790082,"profile_background_image_url_https":"https://pbs.twimg.com/profile_background_images/378800000089203635/53c44be6a3c69ce7d26e80e1ba092e57.jpeg","verified":false,"profile_location":null,"profile_image_url_https":"https://pbs.twimg.com/profile_images/1853773849/green_tie_normal.jpg","profile_sidebar_fill_color":"EBEBEB","entities":{"url":{"urls":[{"url":"http://t.co/Yfri5b7TbK","indices":[0,22],"expanded_url":"http://www.youtube.com/user/shakaama","display_url":"youtube.com/user/shakaama"}]},"description":{"urls":[{"url":"http://t.co/Q7uvaw6PCr","indices":[0,22],"expanded_url":"http://www.lasvegasnevadadui.com/","display_url":"lasvegasnevadadui.com"}]}},"followers_count":1607,"profile_sidebar_border_color":"000000","id_str":"16790082","profile_background_color":"919191","listed_count":15,"is_translation_enabled":false,"utc_offset":-28800,"statuses_count":15042,"description":"http://t.co/Q7uvaw6PCr a website for reference of DUI info in Las Vegas, Nevada","friends_count":1997,"location":"Shakaama","profile_link_color":"616161","profile_image_url":"http://pbs.twimg.com/profile_images/1853773849/green_tie_normal.jpg","following":false,"geo_enabled":false,"profile_background_image_url":"http://pbs.twimg.com/profile_background_images/378800000089203635/53c44be6a3c69ce7d26e80e1ba092e57.jpeg","name":"Kevin_Cardinale","lang":"en","profile_background_tile":false,"favourites_count":837,"screen_name":"Kevin_Cardinale","notifications":false,"url":"http://t.co/Yfri5b7TbK","created_at":"Wed Oct 15 19:47:11 +0000 2008","contributors_enabled":false,"time_zone":"Pacific Time (US & Canada)","protected":false,"default_profile":false,"is_translator":false},"geo":null,"in_reply_to_user_id_str":"428333","lang":"en","created_at":"Mon Dec 15 00:43:41 +0000 2014","in_reply_to_status_id_str":"544288856263360512","place":null},
{"contributors":null,"truncated":false,"text":"@cnnbrk islamist holding hostages in lindt cafe. How do i know this &amp; not you?","in_reply_to_status_id":544288856263360512,"id":544292277204430848,"favorite_count":1,"source":"<a href=\"http://twitter.com/download/android\" rel=\"nofollow\">Twitter for Android</a>","retweeted":false,"coordinates":null,"entities":{"symbols":[],"user_mentions":[{"id":428333,"indices":[0,7],"id_str":"428333","screen_name":"cnnbrk","name":"CNN Breaking News"}],"hashtags":[],"urls":[]},"in_reply_to_screen_name":"cnnbrk","id_str":"544292277204430848","retweet_count":0,"in_reply_to_user_id":428333,"favorited":false,"user":{"follow_request_sent":false,"profile_use_background_image":true,"profile_text_color":"DB1C3C","default_profile_image":false,"id":162505514,"profile_background_image_url_https":"https://pbs.twimg.com/profile_background_images/125266318/DiveMaster_02x4.JPG","verified":false,"profile_location":null,"profile_image_url_https":"https://pbs.twimg.com/profile_images/1366658138/resized_top_gun_normal.jpg","profile_sidebar_fill_color":"2892B8","entities":{"url":{"urls":[{"url":"http://t.co/bc0jSLz4um","indices":[0,22],"expanded_url":"http://facebook.com","display_url":"facebook.com"}]},"description":{"urls":[]}},"followers_count":112,"profile_sidebar_border_color":"191C1F","id_str":"162505514","profile_background_color":"BFAD91","listed_count":8,"is_translation_enabled":false,"utc_offset":-28800,"statuses_count":3535,"description":"Dive service owner and Dive Master, U.S. Army Veteran.I spend more time underwater than above.","friends_count":252,"location":"San Diego","profile_link_color":"29E3E0","profile_image_url":"http://pbs.twimg.com/profile_images/1366658138/resized_top_gun_normal.jpg","following":false,"geo_enabled":false,"profile_banner_url":"https://pbs.twimg.com/profile_banners/162505514/1357940831","profile_background_image_url":"http://pbs.twimg.com/profile_background_images/125266318/DiveMaster_02x4.JPG","name":"stephen almy","lang":"en","profile_background_tile":true,"favourites_count":513,"screen_name":"viperpilot08","notifications":false,"url":"http://t.co/bc0jSLz4um","created_at":"Sat Jul 03 21:54:04 +0000 2010","contributors_enabled":false,"time_zone":"Pacific Time (US & Canada)","protected":false,"default_profile":false,"is_translator":false},"geo":null,"in_reply_to_user_id_str":"428333","lang":"en","created_at":"Mon Dec 15 00:46:06 +0000 2014","in_reply_to_status_id_str":"544288856263360512","place":null},
{"contributors":null,"truncated":false,"text":"@cnnbrk thinking about you @AprilVokey and everyone in Sydney and their families.","in_reply_to_status_id":544288856263360512,"id":544297603525918720,"favorite_count":3,"source":"<a href=\"http://twitter.com/download/iphone\" rel=\"nofollow\">Twitter for iPhone</a>","retweeted":false,"coordinates":null,"entities":{"symbols":[],"user_mentions":[{"id":428333,"indices":[0,7],"id_str":"428333","screen_name":"cnnbrk","name":"CNN Breaking News"},{"id":94620112,"indices":[27,38],"id_str":"94620112","screen_name":"AprilVokey","name":"April Vokey- Fly Gal"}],"hashtags":[],"urls":[]},"in_reply_to_screen_name":"cnnbrk","id_str":"544297603525918720","retweet_count":1,"in_reply_to_user_id":428333,"favorited":false,"user":{"follow_request_sent":false,"profile_use_background_image":true,"profile_text_color":"666666","default_profile_image":false,"id":894883957,"profile_background_image_url_https":"https://pbs.twimg.com/profile_background_images/851902943/32c538341c04c6589bf96d5cb45d7056.jpeg","verified":false,"profile_location":null,"profile_image_url_https":"https://pbs.twimg.com/profile_images/590052225403129857/HBPQ_2NW_normal.jpg","profile_sidebar_fill_color":"252429","entities":{"url":{"urls":[{"url":"http://t.co/3zgPNsurmD","indices":[0,22],"expanded_url":"http://www.write2flyfish.com/","display_url":"write2flyfish.com"}]},"description":{"urls":[]}},"followers_count":1058,"profile_sidebar_border_color":"FFFFFF","id_str":"894883957","profile_background_color":"DBE9ED","listed_count":15,"is_translation_enabled":false,"utc_offset":-25200,"statuses_count":3295,"description":"Freelance writer addicted to fly-fishing","friends_count":562,"location":"","profile_link_color":"CC3366","profile_image_url":"http://pbs.twimg.com/profile_images/590052225403129857/HBPQ_2NW_normal.jpg","following":false,"geo_enabled":true,"profile_banner_url":"https://pbs.twimg.com/profile_banners/894883957/1381555263","profile_background_image_url":"http://pbs.twimg.com/profile_background_images/851902943/32c538341c04c6589bf96d5cb45d7056.jpeg","name":"Lisa Rice","lang":"en","profile_background_tile":true,"favourites_count":569,"screen_name":"LMRice20","notifications":false,"url":"http://t.co/3zgPNsurmD","created_at":"Sun Oct 21 08:04:27 +0000 2012","contributors_enabled":false,"time_zone":"Arizona","protected":false,"default_profile":false,"is_translator":false},"geo":null,"in_reply_to_user_id_str":"428333","lang":"en","created_at":"Mon Dec 15 01:07:15 +0000 2014","in_reply_to_status_id_str":"544288856263360512","place":null},
{"contributors":null,"truncated":false,"text":"@cnnbrk I doubt these Islamic terrorists are of Pakistani origin","in_reply_to_status_id":544288856263360512,"id":544308376599949312,"favorite_count":0,"source":"<a href=\"http://twitter.com\" rel=\"nofollow\">Twitter Web Client</a>","retweeted":false,"coordinates":null,"entities":{"symbols":[],"user_mentions":[{"id":428333,"indices":[0,7],"id_str":"428333","screen_name":"cnnbrk","name":"CNN Breaking News"}],"hashtags":[],"urls":[]},"in_reply_to_screen_name":"cnnbrk","id_str":"544308376599949312","retweet_count":0,"in_reply_to_user_id":428333,"favorited":false,"user":{"follow_request_sent":false,"profile_use_background_image":true,"profile_text_color":"333333","default_profile_image":false,"id":79802631,"profile_background_image_url_https":"https://pbs.twimg.com/profile_background_images/689967490/57dc57b653a14dfde02a84cc7b50d11e.jpeg","verified":false,"profile_location":null,"profile_image_url_https":"https://pbs.twimg.com/profile_images/502776032911310849/IJEu5Yw-_normal.jpeg","profile_sidebar_fill_color":"EFEFEF","entities":{"url":{"urls":[{"url":"http://t.co/g0jxdxKy38","indices":[0,22],"expanded_url":"http://www.youtube.com/user/threefortyfive?feature=mhee","display_url":"youtube.com/user/threefort…"}]},"description":{"urls":[]}},"followers_count":1144,"profile_sidebar_border_color":"FFFFFF","id_str":"79802631","profile_background_color":"131516","listed_count":14,"is_translation_enabled":false,"utc_offset":19800,"statuses_count":128289,"description":"|| श्रीमान एक्स परिस्थितियों में ||\r\n|| सत्यम शिवम् सुन्दरम ||\r\n|| जो व्याख्या से परे हैं वह ही राम हैं ||\r\nहिन्दू धरम के सामान उच्च कोई धरम नहीं है","friends_count":1999,"location":"India","profile_link_color":"009999","profile_image_url":"http://pbs.twimg.com/profile_images/502776032911310849/IJEu5Yw-_normal.jpeg","following":false,"geo_enabled":false,"profile_banner_url":"https://pbs.twimg.com/profile_banners/79802631/1412945322","profile_background_image_url":"http://pbs.twimg.com/profile_background_images/689967490/57dc57b653a14dfde02a84cc7b50d11e.jpeg","name":"Mr. X in Situations ","lang":"en","profile_background_tile":false,"favourites_count":127032,"screen_name":"peeyushmalhotra","notifications":false,"url":"http://t.co/g0jxdxKy38","created_at":"Sun Oct 04 18:55:01 +0000 2009","contributors_enabled":false,"time_zone":"Chennai","protected":false,"default_profile":false,"is_translator":false},"geo":null,"in_reply_to_user_id_str":"428333","lang":"en","created_at":"Mon Dec 15 01:50:04 +0000 2014","in_reply_to_status_id_str":"544288856263360512","place":null},
{"contributors":null,"truncated":false,"text":"@cnnbrk Sydney SWAT needs a good sniper.........taking care of that THUG by ensuring.martyrdom for him then using his banner to mop up.","in_reply_to_status_id":544288856263360512,"id":544333288652161024,"favorite_count":1,"source":"<a href=\"http://twitter.com\" rel=\"nofollow\">Twitter Web Client</a>","retweeted":false,"coordinates":null,"entities":{"symbols":[],"user_mentions":[{"id":428333,"indices":[0,7],"id_str":"428333","screen_name":"cnnbrk","name":"CNN Breaking News"}],"hashtags":[],"urls":[]},"in_reply_to_screen_name":"cnnbrk","id_str":"544333288652161024","retweet_count":0,"in_reply_to_user_id":428333,"favorited":false,"user":{"follow_request_sent":false,"profile_use_background_image":true,"profile_text_color":"333333","default_profile_image":false,"id":465790247,"profile_background_image_url_https":"https://abs.twimg.com/images/themes/theme1/bg.png","verified":false,"profile_location":null,"profile_image_url_https":"https://pbs.twimg.com/profile_images/554457287444533248/ajMhMUb__normal.png","profile_sidebar_fill_color":"DDEEF6","entities":{"description":{"urls":[]}},"followers_count":2051,"profile_sidebar_border_color":"C0DEED","id_str":"465790247","profile_background_color":"C0DEED","listed_count":19,"is_translation_enabled":false,"utc_offset":null,"statuses_count":19237,"description":"Constitutional conservative -\nNavy brat - former Navy line officer. Pro-Life - Pro-Israel - NRA Member -  Saved by the Blood of the Lamb","friends_count":1835,"location":"","profile_link_color":"0084B4","profile_image_url":"http://pbs.twimg.com/profile_images/554457287444533248/ajMhMUb__normal.png","following":false,"geo_enabled":false,"profile_banner_url":"https://pbs.twimg.com/profile_banners/465790247/1408242576","profile_background_image_url":"http://abs.twimg.com/images/themes/theme1/bg.png","name":"Black_Raven135","lang":"en","profile_background_tile":false,"favourites_count":2192,"screen_name":"RosaleeAdams","notifications":false,"url":null,"created_at":"Mon Jan 16 18:54:51 +0000 2012","contributors_enabled":false,"time_zone":null,"protected":false,"default_profile":true,"is_translator":false},"geo":null,"in_reply_to_user_id_str":"428333","lang":"en","created_at":"Mon Dec 15 03:29:03 +0000 2014","in_reply_to_status_id_str":"544288856263360512","place":null},
{"contributors":null,"truncated":false,"text":"@LMRice20 @cnnbrk just devastating...","in_reply_to_status_id":544297603525918720,"id":544584142956920832,"favorite_count":3,"source":"<a href=\"http://twitter.com/download/iphone\" rel=\"nofollow\">Twitter for iPhone</a>","retweeted":false,"coordinates":null,"entities":{"symbols":[],"user_mentions":[{"id":894883957,"indices":[0,9],"id_str":"894883957","screen_name":"LMRice20","name":"Lisa Rice"},{"id":428333,"indices":[10,17],"id_str":"428333","screen_name":"cnnbrk","name":"CNN Breaking News"}],"hashtags":[],"urls":[]},"in_reply_to_screen_name":"LMRice20","id_str":"544584142956920832","retweet_count":1,"in_reply_to_user_id":894883957,"favorited":false,"user":{"follow_request_sent":false,"profile_use_background_image":true,"profile_text_color":"333333","default_profile_image":false,"id":94620112,"profile_background_image_url_https":"https://pbs.twimg.com/profile_background_images/706461863/023d4f68f6c3e3f2da88b579939beb65.jpeg","verified":false,"profile_location":null,"profile_image_url_https":"https://pbs.twimg.com/profile_images/523740083850334208/7AjhYSsO_normal.jpeg","profile_sidebar_fill_color":"FFFFFF","entities":{"url":{"urls":[{"url":"http://t.co/TK0HLimSt6","indices":[0,22],"expanded_url":"http://www.aprilvokey.com","display_url":"aprilvokey.com"}]},"description":{"urls":[]}},"followers_count":9144,"profile_sidebar_border_color":"000000","id_str":"94620112","profile_background_color":"3F6363","listed_count":116,"is_translation_enabled":false,"utc_offset":-28800,"statuses_count":1803,"description":"Fly fishing writer, television host, instructor, guide, traveler, conservationist, positive thinker & smartass. Life's too short to be small. flygal.ca","friends_count":805,"location":"British Columbia","profile_link_color":"40CCD6","profile_image_url":"http://pbs.twimg.com/profile_images/523740083850334208/7AjhYSsO_normal.jpeg","following":false,"geo_enabled":false,"profile_banner_url":"https://pbs.twimg.com/profile_banners/94620112/1413704342","profile_background_image_url":"http://pbs.twimg.com/profile_background_images/706461863/023d4f68f6c3e3f2da88b579939beb65.jpeg","name":"April Vokey- Fly Gal","lang":"en","profile_background_tile":false,"favourites_count":738,"screen_name":"AprilVokey","notifications":false,"url":"http://t.co/TK0HLimSt6","created_at":"Fri Dec 04 19:17:19 +0000 2009","contributors_enabled":false,"time_zone":"Pacific Time (US & Canada)","protected":false,"default_profile":false,"is_translator":false},"geo":null,"in_reply_to_user_id_str":"894883957","lang":"en","created_at":"Mon Dec 15 20:05:52 +0000 2014","in_reply_to_status_id_str":"544297603525918720","place":null}
]