{"contributors": null, "truncated": false, "text": "RT @tomsteinfort: Terrifying photo of hostages in Martin Place in Sydney, being held by men waving an ISIS flag http://t.co/nJYpN3eTKu", "in_reply_to_status_id": null, "id": 544293291785596928, "favorite_count": 0, "source": "<a href=\"http://twitter.com\" rel=\"nofollow\">Twitter Web Client</a>", "retweeted": false, "coordinates": null, "entities": {"symbols": [], "user_mentions": [{"id": 25777812, "indices": [3, 16], "id_str": "25777812", "screen_name": "tomsteinfort", "name": "Tom Steinfort"}], "hashtags": [], "urls": [], "media": [{"source_user_id": 25777812, "source_status_id_str": "544269997745242112", "expanded_url": "http://twitter.com/tomsteinfort/status/544269997745242112/photo/1", "display_url": "pic.twitter.com/nJYpN3eTKu", "url": "http://t.co/nJYpN3eTKu", "media_url_https": "https://pbs.twimg.com/media/B42iqh-CMAISWd1.jpg", "source_user_id_str": "25777812", "source_status_id": 544269997745242112, "id_str": "544269981538463746", "sizes": {"large": {"h": 480, "resize": "fit", "w": 640}, "small": {"h": 255, "resize": "fit", "w": 340}, "medium": {"h": 450, "resize": "fit", "w": 600}, "thumb": {"h": 150, "resize": "crop", "w": 150}}, "indices": [112, 134], "type": "photo", "id": 544269981538463746, "media_url": "http://pbs.twimg.com/media/B42iqh-CMAISWd1.jpg"}]}, "in_reply_to_screen_name": null, "id_str": "544293291785596928", "retweet_count": 191, "in_reply_to_user_id": null, "favorited": false, "user": {"follow_request_sent": false, "profile_use_background_image": false, "profile_text_color": "000000", "default_profile_image": false, "id": 2883736417, "profile_background_image_url_https": "https://abs.twimg.com/images/themes/theme1/bg.png", "verified": false, "profile_location": null, "profile_image_url_https": "https://pbs.twimg.com/profile_images/527964586847137792/aAVEUBj7_normal.jpeg", "profile_sidebar_fill_color": "000000", "entities": {"description": {"urls": []}}, "followers_count": 24, "profile_sidebar_border_color": "000000", "id_str": "2883736417", "profile_background_color": "000000", "listed_count": 0, "is_translation_enabled": false, "utc_offset": null, "statuses_count": 570, "description": "IOT trap -- core dumped", "friends_count": 19, "location": "", "profile_link_color": "A5D4D8", "profile_image_url": "http://pbs.twimg.com/profile_images/527964586847137792/aAVEUBj7_normal.jpeg", "following": false, "geo_enabled": false, "profile_background_image_url": "http://abs.twimg.com/images/themes/theme1/bg.png", "name": "Citat", "lang": "en", "profile_background_tile": false, "favourites_count": 0, "screen_name": "citat1110", "notifications": false, "url": null, "created_at": "Thu Oct 30 18:38:27 +0000 2014", "contributors_enabled": false, "time_zone": null, "protected": false, "default_profile": false, "is_translator": false}, "geo": null, "in_reply_to_user_id_str": null, "possibly_sensitive": false, "lang": "en", "created_at": "Mon Dec 15 00:50:07 +0000 2014", "in_reply_to_status_id_str": null, "place": null, "extended_entities": {"media": [{"source_user_id": 25777812, "source_status_id_str": "544269997745242112", "expanded_url": "http://twitter.com/tomsteinfort/status/544269997745242112/photo/1", "display_url": "pic.twitter.com/nJYpN3eTKu", "url": "http://t.co/nJYpN3eTKu", "media_url_https": "https://pbs.twimg.com/media/B42iqh-CMAISWd1.jpg", "source_user_id_str": "25777812", "source_status_id": 544269997745242112, "id_str": "544269981538463746", "sizes": {"large": {"h": 480, "resize": "fit", "w": 640}, "small": {"h": 255, "resize": "fit", "w": 340}, "medium": {"h": 450, "resize": "fit", "w": 600}, "thumb": {"h": 150, "resize": "crop", "w": 150}}, "indices": [112, 134], "type": "photo", "id": 544269981538463746, "media_url": "http://pbs.twimg.com/media/B42iqh-CMAISWd1.jpg"}]}}