{"contributors":null,"truncated":false,"text":"Police: Operation dealing with \"armed incident\" in Sydney's Martin Place; people nearby urged to shelter in place - http:\/\/t.co\/iqgdmiCDNh","in_reply_to_status_id":null,"id":544296007589433344,"favorite_count":34,"source":"<a href=\"https:\/\/about.twitter.com\/products\/tweetdeck\" rel=\"nofollow\">TweetDeck<\/a>","retweeted":false,"coordinates":null,"entities":{"symbols":[],"user_mentions":[],"hashtags":[],"urls":[{"url":"http:\/\/t.co\/iqgdmiCDNh","indices":[116,138],"expanded_url":"http:\/\/abcn.ws\/16mTA5y","display_url":"abcn.ws\/16mTA5y"}]},"in_reply_to_screen_name":null,"id_str":"544296007589433344","retweet_count":127,"in_reply_to_user_id":null,"favorited":false,"user":{"follow_request_sent":false,"profile_use_background_image":true,"profile_text_color":"333333","default_profile_image":false,"id":28785486,"profile_background_image_url_https":"https:\/\/pbs.twimg.com\/profile_background_images\/441965491024719872\/pAv-lzCZ.jpeg","verified":true,"profile_location":null,"profile_image_url_https":"https:\/\/pbs.twimg.com\/profile_images\/528328276414971904\/6UHQeTXS_normal.png","profile_sidebar_fill_color":"DDEEF6","entities":{"url":{"urls":[{"url":"http:\/\/t.co\/v7GWW7yYST","indices":[0,22],"expanded_url":"http:\/\/ABCNews.com","display_url":"ABCNews.com"}]},"description":{"urls":[]}},"followers_count":3775844,"profile_sidebar_border_color":"FFFFFF","id_str":"28785486","profile_background_color":"6E8EB5","listed_count":36869,"is_translation_enabled":true,"utc_offset":-18000,"statuses_count":99535,"description":"See the whole picture with @ABC News. Tweets from the Social Desk: @Springer & @MicahGrimes","friends_count":860,"location":"New York, NY","profile_link_color":"336699","profile_image_url":"http:\/\/pbs.twimg.com\/profile_images\/528328276414971904\/6UHQeTXS_normal.png","following":false,"geo_enabled":false,"profile_banner_url":"https:\/\/pbs.twimg.com\/profile_banners\/28785486\/1416512734","profile_background_image_url":"http:\/\/pbs.twimg.com\/profile_background_images\/441965491024719872\/pAv-lzCZ.jpeg","name":"ABC News","lang":"en","profile_background_tile":false,"favourites_count":560,"screen_name":"ABC","notifications":false,"url":"http:\/\/t.co\/v7GWW7yYST","created_at":"Sat Apr 04 12:40:32 +0000 2009","contributors_enabled":false,"time_zone":"Eastern Time (US & Canada)","protected":false,"default_profile":false,"is_translator":false},"geo":null,"in_reply_to_user_id_str":null,"possibly_sensitive":false,"lang":"en","created_at":"Mon Dec 15 01:00:55 +0000 2014","in_reply_to_status_id_str":null,"place":null}