[{"contributors":null,"truncated":false,"text":"@newscomauHQ and it starts, this will be the first of many.","in_reply_to_status_id":544277852968210432,"id":544278163149168640,"favorite_count":0,"source":"<a href=\"http://twitter.com\" rel=\"nofollow\">Twitter Web Client</a>","retweeted":false,"coordinates":null,"entities":{"symbols":[],"user_mentions":[{"id":15250661,"indices":[0,12],"id_str":"15250661","screen_name":"newscomauHQ","name":"news.com.au"}],"hashtags":[],"urls":[]},"in_reply_to_screen_name":"newscomauHQ","id_str":"544278163149168640","retweet_count":0,"in_reply_to_user_id":15250661,"favorited":false,"user":{"follow_request_sent":false,"profile_use_background_image":true,"profile_text_color":"333333","default_profile_image":false,"id":2778186092,"profile_background_image_url_https":"https://abs.twimg.com/images/themes/theme1/bg.png","verified":false,"profile_location":null,"profile_image_url_https":"https://pbs.twimg.com/profile_images/523821823830421508/pOlesXDI_normal.jpeg","profile_sidebar_fill_color":"DDEEF6","entities":{"description":{"urls":[]}},"followers_count":90,"profile_sidebar_border_color":"C0DEED","id_str":"2778186092","profile_background_color":"C0DEED","listed_count":1,"is_translation_enabled":false,"utc_offset":null,"statuses_count":1584,"description":"Are things getting better? I thought I was a reasonably nice person, how did I end up at neoreaction?","friends_count":311,"location":"","profile_link_color":"0084B4","profile_image_url":"http://pbs.twimg.com/profile_images/523821823830421508/pOlesXDI_normal.jpeg","following":false,"geo_enabled":false,"profile_background_image_url":"http://abs.twimg.com/images/themes/theme1/bg.png","name":"Theory meets Reality","lang":"en","profile_background_tile":false,"favourites_count":172,"screen_name":"lowlux969","notifications":false,"url":null,"created_at":"Fri Aug 29 10:03:07 +0000 2014","contributors_enabled":false,"time_zone":null,"protected":false,"default_profile":true,"is_translator":false},"geo":null,"in_reply_to_user_id_str":"15250661","lang":"en","created_at":"Sun Dec 14 23:50:00 +0000 2014","in_reply_to_status_id_str":"544277852968210432","place":null},
{"contributors":null,"truncated":false,"text":"RT “@newscomauHQ: #BREAKING We have now heard that all airspace in the #Sydney city has been shut down. #martinplace http://t.co/5hBOvEa9c9”","in_reply_to_status_id":544277852968210432,"id":544278265850904576,"favorite_count":0,"source":"<a href=\"http://twitter.com/download/iphone\" rel=\"nofollow\">Twitter for iPhone</a>","retweeted":false,"coordinates":null,"entities":{"symbols":[],"user_mentions":[{"id":15250661,"indices":[4,16],"id_str":"15250661","screen_name":"newscomauHQ","name":"news.com.au"}],"hashtags":[{"indices":[18,27],"text":"BREAKING"},{"indices":[71,78],"text":"Sydney"},{"indices":[104,116],"text":"martinplace"}],"urls":[{"url":"http://t.co/5hBOvEa9c9","indices":[117,139],"expanded_url":"http://bit.ly/1yRy6tg","display_url":"bit.ly/1yRy6tg"}]},"in_reply_to_screen_name":"newscomauHQ","id_str":"544278265850904576","retweet_count":0,"in_reply_to_user_id":15250661,"favorited":false,"user":{"follow_request_sent":false,"profile_use_background_image":true,"profile_text_color":"3A2412","default_profile_image":false,"id":25247831,"profile_background_image_url_https":"https://pbs.twimg.com/profile_background_images/10544052/Vintage.png","verified":true,"profile_location":null,"profile_image_url_https":"https://pbs.twimg.com/profile_images/589644498319245312/jTFSwZ0w_normal.jpg","profile_sidebar_fill_color":"777C7E","entities":{"url":{"urls":[{"url":"http://t.co/SOLyNl1pef","indices":[0,22],"expanded_url":"http://www.newscorpaustralia.com/","display_url":"newscorpaustralia.com"}]},"description":{"urls":[]}},"followers_count":637,"profile_sidebar_border_color":"000000","id_str":"25247831","profile_background_color":"787F82","listed_count":19,"is_translation_enabled":false,"utc_offset":36000,"statuses_count":5781,"description":"Video Journalist at News Corp Australia. Bianca.Britton@news.com.au","friends_count":539,"location":"Brisbane, Australia","profile_link_color":"1E1E25","profile_image_url":"http://pbs.twimg.com/profile_images/589644498319245312/jTFSwZ0w_normal.jpg","following":false,"geo_enabled":true,"profile_banner_url":"https://pbs.twimg.com/profile_banners/25247831/1402621137","profile_background_image_url":"http://pbs.twimg.com/profile_background_images/10544052/Vintage.png","name":"Bianca Britton","lang":"en","profile_background_tile":true,"favourites_count":1017,"screen_name":"biancabritton","notifications":false,"url":"http://t.co/SOLyNl1pef","created_at":"Thu Mar 19 06:03:34 +0000 2009","contributors_enabled":false,"time_zone":"Brisbane","protected":false,"default_profile":false,"is_translator":false},"geo":null,"in_reply_to_user_id_str":"15250661","possibly_sensitive":false,"lang":"en","created_at":"Sun Dec 14 23:50:25 +0000 2014","in_reply_to_status_id_str":"544277852968210432","place":null},
{"contributors":null,"truncated":false,"text":"@newscomauHQ the beginning of the end.","in_reply_to_status_id":544277852968210432,"id":544278807872421888,"favorite_count":0,"source":"<a href=\"http://twitter.com/#!/download/ipad\" rel=\"nofollow\">Twitter for iPad</a>","retweeted":false,"coordinates":null,"entities":{"symbols":[],"user_mentions":[{"id":15250661,"indices":[0,12],"id_str":"15250661","screen_name":"newscomauHQ","name":"news.com.au"}],"hashtags":[],"urls":[]},"in_reply_to_screen_name":"newscomauHQ","id_str":"544278807872421888","retweet_count":0,"in_reply_to_user_id":15250661,"favorited":false,"user":{"follow_request_sent":false,"profile_use_background_image":true,"profile_text_color":"333333","default_profile_image":false,"id":2904086348,"profile_background_image_url_https":"https://abs.twimg.com/images/themes/theme1/bg.png","verified":false,"profile_location":null,"profile_image_url_https":"https://pbs.twimg.com/profile_images/588923937725161472/r5h1fPDo_normal.jpg","profile_sidebar_fill_color":"DDEEF6","entities":{"description":{"urls":[{"url":"https://t.co/6arYaPZJyO","indices":[117,140],"expanded_url":"https://www.linkedin.com/profile/alancrofts","display_url":"linkedin.com/profile/alancr…"}]}},"followers_count":898,"profile_sidebar_border_color":"C0DEED","id_str":"2904086348","profile_background_color":"C0DEED","listed_count":1,"is_translation_enabled":false,"utc_offset":null,"statuses_count":493,"description":"Motorsports and AFL fan.Love rock/pop music.INXS my favourite band.Residing with my Oz wife in Sukawati Batuan Bali. https://t.co/6arYaPZJyO","friends_count":1569,"location":"Bali,Indonesia","profile_link_color":"0084B4","profile_image_url":"http://pbs.twimg.com/profile_images/588923937725161472/r5h1fPDo_normal.jpg","following":false,"geo_enabled":true,"profile_banner_url":"https://pbs.twimg.com/profile_banners/2904086348/1417601261","profile_background_image_url":"http://abs.twimg.com/images/themes/theme1/bg.png","name":"Alan Crofts","lang":"en-gb","profile_background_tile":false,"favourites_count":711,"screen_name":"alancroftsy","notifications":false,"url":null,"created_at":"Wed Nov 19 03:03:32 +0000 2014","contributors_enabled":false,"time_zone":null,"protected":false,"default_profile":true,"is_translator":false},"geo":null,"in_reply_to_user_id_str":"15250661","lang":"en","created_at":"Sun Dec 14 23:52:34 +0000 2014","in_reply_to_status_id_str":"544277852968210432","place":null},
{"contributors":null,"truncated":false,"text":"@newscomauHQ @snowleopardess this sounds terrible...","in_reply_to_status_id":544277852968210432,"id":544279888723968000,"favorite_count":0,"source":"<a href=\"http://twitter.com/#!/download/ipad\" rel=\"nofollow\">Twitter for iPad</a>","retweeted":false,"coordinates":null,"entities":{"symbols":[],"user_mentions":[{"id":15250661,"indices":[0,12],"id_str":"15250661","screen_name":"newscomauHQ","name":"news.com.au"},{"id":21891765,"indices":[13,28],"id_str":"21891765","screen_name":"snowleopardess","name":"Anne Greensmith"}],"hashtags":[],"urls":[]},"in_reply_to_screen_name":"newscomauHQ","id_str":"544279888723968000","retweet_count":0,"in_reply_to_user_id":15250661,"favorited":false,"user":{"follow_request_sent":false,"profile_use_background_image":false,"profile_text_color":"333333","default_profile_image":false,"id":633425176,"profile_background_image_url_https":"https://abs.twimg.com/images/themes/theme1/bg.png","verified":false,"profile_location":null,"profile_image_url_https":"https://pbs.twimg.com/profile_images/2756974637/a6d3b4c53a6705f2c8980fe5a1465979_normal.jpeg","profile_sidebar_fill_color":"DDEEF6","entities":{"description":{"urls":[]}},"followers_count":2659,"profile_sidebar_border_color":"FFFFFF","id_str":"633425176","profile_background_color":"C0DEED","listed_count":40,"is_translation_enabled":false,"utc_offset":3600,"statuses_count":7952,"description":"I have a teenager with ASD.I am interested in hearing from parents !","friends_count":2880,"location":"Baltonsborough  Somerset UK","profile_link_color":"0084B4","profile_image_url":"http://pbs.twimg.com/profile_images/2756974637/a6d3b4c53a6705f2c8980fe5a1465979_normal.jpeg","following":false,"geo_enabled":false,"profile_banner_url":"https://pbs.twimg.com/profile_banners/633425176/1351089687","profile_background_image_url":"http://abs.twimg.com/images/themes/theme1/bg.png","name":"Autism Mother","lang":"en","profile_background_tile":false,"favourites_count":4421,"screen_name":"ScarlettBeavis","notifications":false,"url":null,"created_at":"Thu Jul 12 03:23:50 +0000 2012","contributors_enabled":false,"time_zone":"Amsterdam","protected":false,"default_profile":false,"is_translator":false},"geo":null,"in_reply_to_user_id_str":"15250661","lang":"en","created_at":"Sun Dec 14 23:56:52 +0000 2014","in_reply_to_status_id_str":"544277852968210432","place":null},
{"contributors":null,"truncated":false,"text":"@ScarlettBeavis @newscomauHQ It certainly does :-(","in_reply_to_status_id":544279888723968000,"id":544280035335880704,"favorite_count":0,"source":"<a href=\"https://about.twitter.com/products/tweetdeck\" rel=\"nofollow\">TweetDeck</a>","retweeted":false,"coordinates":null,"entities":{"symbols":[],"user_mentions":[{"id":633425176,"indices":[0,15],"id_str":"633425176","screen_name":"ScarlettBeavis","name":"Autism Mother"},{"id":15250661,"indices":[16,28],"id_str":"15250661","screen_name":"newscomauHQ","name":"news.com.au"}],"hashtags":[],"urls":[]},"in_reply_to_screen_name":"ScarlettBeavis","id_str":"544280035335880704","retweet_count":0,"in_reply_to_user_id":633425176,"favorited":false,"user":{"follow_request_sent":false,"profile_use_background_image":true,"profile_text_color":"333333","default_profile_image":false,"id":21891765,"profile_background_image_url_https":"https://pbs.twimg.com/profile_background_images/444297713/snowlep4.jpg","verified":false,"profile_location":null,"profile_image_url_https":"https://pbs.twimg.com/profile_images/472156343810277376/F9IoQeBn_normal.jpeg","profile_sidebar_fill_color":"DDFFCC","entities":{"description":{"urls":[]}},"followers_count":2313,"profile_sidebar_border_color":"BDDCAD","id_str":"21891765","profile_background_color":"FFFFFF","listed_count":88,"is_translation_enabled":false,"utc_offset":0,"statuses_count":44475,"description":"Have 5 amazing sons. Love dogs and have 2 GSDs and a corgi. Make no apology for left wing views and hate injustice of all kinds. Know a lot about Asperger's!","friends_count":2547,"location":"South East London, UK","profile_link_color":"0084B4","profile_image_url":"http://pbs.twimg.com/profile_images/472156343810277376/F9IoQeBn_normal.jpeg","following":false,"geo_enabled":false,"profile_banner_url":"https://pbs.twimg.com/profile_banners/21891765/1401405467","profile_background_image_url":"http://pbs.twimg.com/profile_background_images/444297713/snowlep4.jpg","name":"Anne Greensmith","lang":"en","profile_background_tile":false,"favourites_count":1269,"screen_name":"snowleopardess","notifications":false,"url":null,"created_at":"Wed Feb 25 17:36:18 +0000 2009","contributors_enabled":false,"time_zone":"London","protected":false,"default_profile":false,"is_translator":false},"geo":null,"in_reply_to_user_id_str":"633425176","lang":"en","created_at":"Sun Dec 14 23:57:27 +0000 2014","in_reply_to_status_id_str":"544279888723968000","place":null},
{"contributors":null,"truncated":false,"text":"@newscomauHQ @ljayes good reporting this morning Laura","in_reply_to_status_id":544277852968210432,"id":544280151110852609,"favorite_count":0,"source":"<a href=\"http://twitter.com/#!/download/ipad\" rel=\"nofollow\">Twitter for iPad</a>","retweeted":false,"coordinates":null,"entities":{"symbols":[],"user_mentions":[{"id":15250661,"indices":[0,12],"id_str":"15250661","screen_name":"newscomauHQ","name":"news.com.au"},{"id":17831767,"indices":[13,20],"id_str":"17831767","screen_name":"ljayes","name":"Laura Jayes"}],"hashtags":[],"urls":[]},"in_reply_to_screen_name":"newscomauHQ","id_str":"544280151110852609","retweet_count":0,"in_reply_to_user_id":15250661,"favorited":false,"user":{"follow_request_sent":false,"profile_use_background_image":true,"profile_text_color":"333333","default_profile_image":true,"id":713901146,"profile_background_image_url_https":"https://abs.twimg.com/images/themes/theme1/bg.png","verified":false,"profile_location":null,"profile_image_url_https":"https://abs.twimg.com/sticky/default_profile_images/default_profile_0_normal.png","profile_sidebar_fill_color":"DDEEF6","entities":{"description":{"urls":[]}},"followers_count":31,"profile_sidebar_border_color":"C0DEED","id_str":"713901146","profile_background_color":"C0DEED","listed_count":0,"is_translation_enabled":false,"utc_offset":null,"statuses_count":2623,"description":"","friends_count":223,"location":"","profile_link_color":"0084B4","profile_image_url":"http://abs.twimg.com/sticky/default_profile_images/default_profile_0_normal.png","following":false,"geo_enabled":true,"profile_background_image_url":"http://abs.twimg.com/images/themes/theme1/bg.png","name":"Paul","lang":"en","profile_background_tile":false,"favourites_count":67,"screen_name":"ardmorelad","notifications":false,"url":null,"created_at":"Tue Jul 24 07:55:06 +0000 2012","contributors_enabled":false,"time_zone":null,"protected":false,"default_profile":true,"is_translator":false},"geo":null,"in_reply_to_user_id_str":"15250661","lang":"en","created_at":"Sun Dec 14 23:57:54 +0000 2014","in_reply_to_status_id_str":"544277852968210432","place":null},
{"contributors":null,"truncated":false,"text":"@newscomauHQ FACTS  The flag says 'no god worthy of worship except Allah and Muhammad is his messenger\" not an Isis flag but Islamic.","in_reply_to_status_id":544277852968210432,"id":544280713227276288,"favorite_count":1,"source":"<a href=\"http://twitter.com\" rel=\"nofollow\">Twitter Web Client</a>","retweeted":false,"coordinates":null,"entities":{"symbols":[],"user_mentions":[{"id":15250661,"indices":[0,12],"id_str":"15250661","screen_name":"newscomauHQ","name":"news.com.au"}],"hashtags":[],"urls":[]},"in_reply_to_screen_name":"newscomauHQ","id_str":"544280713227276288","retweet_count":2,"in_reply_to_user_id":15250661,"favorited":false,"user":{"follow_request_sent":false,"profile_use_background_image":true,"profile_text_color":"333333","default_profile_image":false,"id":22876462,"profile_background_image_url_https":"https://abs.twimg.com/images/themes/theme1/bg.png","verified":false,"profile_location":null,"profile_image_url_https":"https://pbs.twimg.com/profile_images/1807822204/220px-Homo_floresiensis_normal.jpg","profile_sidebar_fill_color":"DDEEF6","entities":{"url":{"urls":[{"url":"http://t.co/81eCfRioMo","indices":[0,22],"expanded_url":"http://tonymagrathea.blogspot.com.au/2014/09/i-love-racist-free-country-plan-for.html","display_url":"tonymagrathea.blogspot.com.au/2014/09/i-love…"}]},"description":{"urls":[]}},"followers_count":427,"profile_sidebar_border_color":"C0DEED","id_str":"22876462","profile_background_color":"C0DEED","listed_count":8,"is_translation_enabled":false,"utc_offset":36000,"statuses_count":12439,"description":"Ideas man.Thinker, occasional farter and creator of a good drop of home brew. I would haver for her.","friends_count":491,"location":"Dicky Beach","profile_link_color":"0084B4","profile_image_url":"http://pbs.twimg.com/profile_images/1807822204/220px-Homo_floresiensis_normal.jpg","following":false,"geo_enabled":true,"profile_background_image_url":"http://abs.twimg.com/images/themes/theme1/bg.png","name":"Tony Magrathea","lang":"en","profile_background_tile":false,"favourites_count":4610,"screen_name":"dickybeacholdie","notifications":false,"url":"http://t.co/81eCfRioMo","created_at":"Thu Mar 05 03:55:50 +0000 2009","contributors_enabled":false,"time_zone":"Brisbane","protected":false,"default_profile":true,"is_translator":false},"geo":null,"in_reply_to_user_id_str":"15250661","lang":"en","created_at":"Mon Dec 15 00:00:08 +0000 2014","in_reply_to_status_id_str":"544277852968210432","place":null},
{"contributors":null,"truncated":false,"text":"@newscomauHQ and the bogan in charge will be loving it.up the fear and hatred before DD election","in_reply_to_status_id":544277852968210432,"id":544280910112124928,"favorite_count":1,"source":"<a href=\"http://twitter.com\" rel=\"nofollow\">Twitter Web Client</a>","retweeted":false,"coordinates":null,"entities":{"symbols":[],"user_mentions":[{"id":15250661,"indices":[0,12],"id_str":"15250661","screen_name":"newscomauHQ","name":"news.com.au"}],"hashtags":[],"urls":[]},"in_reply_to_screen_name":"newscomauHQ","id_str":"544280910112124928","retweet_count":0,"in_reply_to_user_id":15250661,"favorited":false,"user":{"follow_request_sent":false,"profile_use_background_image":true,"profile_text_color":"333333","default_profile_image":false,"id":22876462,"profile_background_image_url_https":"https://abs.twimg.com/images/themes/theme1/bg.png","verified":false,"profile_location":null,"profile_image_url_https":"https://pbs.twimg.com/profile_images/1807822204/220px-Homo_floresiensis_normal.jpg","profile_sidebar_fill_color":"DDEEF6","entities":{"url":{"urls":[{"url":"http://t.co/81eCfRioMo","indices":[0,22],"expanded_url":"http://tonymagrathea.blogspot.com.au/2014/09/i-love-racist-free-country-plan-for.html","display_url":"tonymagrathea.blogspot.com.au/2014/09/i-love…"}]},"description":{"urls":[]}},"followers_count":427,"profile_sidebar_border_color":"C0DEED","id_str":"22876462","profile_background_color":"C0DEED","listed_count":8,"is_translation_enabled":false,"utc_offset":36000,"statuses_count":12439,"description":"Ideas man.Thinker, occasional farter and creator of a good drop of home brew. I would haver for her.","friends_count":491,"location":"Dicky Beach","profile_link_color":"0084B4","profile_image_url":"http://pbs.twimg.com/profile_images/1807822204/220px-Homo_floresiensis_normal.jpg","following":false,"geo_enabled":true,"profile_background_image_url":"http://abs.twimg.com/images/themes/theme1/bg.png","name":"Tony Magrathea","lang":"en","profile_background_tile":false,"favourites_count":4610,"screen_name":"dickybeacholdie","notifications":false,"url":"http://t.co/81eCfRioMo","created_at":"Thu Mar 05 03:55:50 +0000 2009","contributors_enabled":false,"time_zone":"Brisbane","protected":false,"default_profile":true,"is_translator":false},"geo":null,"in_reply_to_user_id_str":"15250661","lang":"en","created_at":"Mon Dec 15 00:00:55 +0000 2014","in_reply_to_status_id_str":"544277852968210432","place":null},
{"contributors":null,"truncated":false,"text":"Say what? Nuts! “@newscomauHQ: We have now heard that all airspace in the #Sydney city has been shut down. #martinplace #Lindt cafe\"","in_reply_to_status_id":544277852968210432,"id":544281551425372160,"favorite_count":0,"source":"<a href=\"http://twitter.com/download/iphone\" rel=\"nofollow\">Twitter for iPhone</a>","retweeted":false,"coordinates":null,"entities":{"symbols":[],"user_mentions":[{"id":15250661,"indices":[17,29],"id_str":"15250661","screen_name":"newscomauHQ","name":"news.com.au"}],"hashtags":[{"indices":[74,81],"text":"Sydney"},{"indices":[107,119],"text":"martinplace"},{"indices":[120,126],"text":"Lindt"}],"urls":[]},"in_reply_to_screen_name":"newscomauHQ","id_str":"544281551425372160","retweet_count":0,"in_reply_to_user_id":15250661,"favorited":false,"user":{"follow_request_sent":false,"profile_use_background_image":true,"profile_text_color":"333333","default_profile_image":false,"id":1952831192,"profile_background_image_url_https":"https://abs.twimg.com/images/themes/theme14/bg.gif","verified":false,"profile_location":null,"profile_image_url_https":"https://pbs.twimg.com/profile_images/587603161306640384/PgfMU7Rg_normal.jpg","profile_sidebar_fill_color":"EFEFEF","entities":{"url":{"urls":[{"url":"http://t.co/CJq2iXsRYC","indices":[0,22],"expanded_url":"http://wanderstylelust.com","display_url":"wanderstylelust.com"}]},"description":{"urls":[]}},"followers_count":340,"profile_sidebar_border_color":"EEEEEE","id_str":"1952831192","profile_background_color":"131516","listed_count":8,"is_translation_enabled":false,"utc_offset":39600,"statuses_count":550,"description":"Marketing & PR @IEAgency. Fashion Lover. Enjoy a good book, flawless film and life-changing tune. It's all about digital, baby.","friends_count":633,"location":"Melbourne, Australia","profile_link_color":"009999","profile_image_url":"http://pbs.twimg.com/profile_images/587603161306640384/PgfMU7Rg_normal.jpg","following":false,"geo_enabled":false,"profile_banner_url":"https://pbs.twimg.com/profile_banners/1952831192/1381448935","profile_background_image_url":"http://abs.twimg.com/images/themes/theme14/bg.gif","name":"Jessica Box","lang":"en","profile_background_tile":true,"favourites_count":993,"screen_name":"jessicabox","notifications":false,"url":"http://t.co/CJq2iXsRYC","created_at":"Thu Oct 10 23:10:45 +0000 2013","contributors_enabled":false,"time_zone":"Solomon Is.","protected":false,"default_profile":false,"is_translator":false},"geo":null,"in_reply_to_user_id_str":"15250661","lang":"en","created_at":"Mon Dec 15 00:03:28 +0000 2014","in_reply_to_status_id_str":"544277852968210432","place":null},
{"contributors":null,"truncated":false,"text":"@newscomauHQ @dooley_dooley BBC reporting airspace not shut down.","in_reply_to_status_id":544277852968210432,"id":544289483378946049,"favorite_count":0,"source":"<a href=\"http://twitter.com/download/android\" rel=\"nofollow\">Twitter for Android</a>","retweeted":false,"coordinates":null,"entities":{"symbols":[],"user_mentions":[{"id":15250661,"indices":[0,12],"id_str":"15250661","screen_name":"newscomauHQ","name":"news.com.au"},{"id":322772286,"indices":[13,27],"id_str":"322772286","screen_name":"dooley_dooley","name":"Brian Dooley"}],"hashtags":[],"urls":[]},"in_reply_to_screen_name":"newscomauHQ","id_str":"544289483378946049","retweet_count":2,"in_reply_to_user_id":15250661,"favorited":false,"user":{"follow_request_sent":false,"profile_use_background_image":true,"profile_text_color":"52555C","default_profile_image":false,"id":175176750,"profile_background_image_url_https":"https://pbs.twimg.com/profile_background_images/603824027/6frs29i90okshn62ynai.jpeg","verified":false,"profile_location":null,"profile_image_url_https":"https://pbs.twimg.com/profile_images/583748084603027456/K8tsld0H_normal.png","profile_sidebar_fill_color":"061127","entities":{"url":{"urls":[{"url":"http://t.co/Bo6bsIX4I8","indices":[0,22],"expanded_url":"http://petchary.wordpress.com","display_url":"petchary.wordpress.com"}]},"description":{"urls":[]}},"followers_count":4558,"profile_sidebar_border_color":"000515","id_str":"175176750","profile_background_color":"59472F","listed_count":116,"is_translation_enabled":false,"utc_offset":-21600,"statuses_count":146842,"description":"London-born Oxford graduate, in Jamaica for 26 years. Blogger. Argumentative Gooner.  I write. Advocate for human rights, justice, family, truth, love.","friends_count":4342,"location":"Kingston, Jamaica","profile_link_color":"827972","profile_image_url":"http://pbs.twimg.com/profile_images/583748084603027456/K8tsld0H_normal.png","following":false,"geo_enabled":true,"profile_banner_url":"https://pbs.twimg.com/profile_banners/175176750/1418297665","profile_background_image_url":"http://pbs.twimg.com/profile_background_images/603824027/6frs29i90okshn62ynai.jpeg","name":"Emma Lewis","lang":"en","profile_background_tile":false,"favourites_count":8420,"screen_name":"Petchary","notifications":false,"url":"http://t.co/Bo6bsIX4I8","created_at":"Thu Aug 05 20:57:37 +0000 2010","contributors_enabled":false,"time_zone":"Central Time (US & Canada)","protected":false,"default_profile":false,"is_translator":false},"geo":null,"in_reply_to_user_id_str":"15250661","lang":"en","created_at":"Mon Dec 15 00:34:59 +0000 2014","in_reply_to_status_id_str":"544277852968210432","place":null},
{"contributors":null,"truncated":false,"text":"@snowleopardess X","in_reply_to_status_id":544280035335880704,"id":544411811031023616,"favorite_count":0,"source":"<a href=\"http://twitter.com/#!/download/ipad\" rel=\"nofollow\">Twitter for iPad</a>","retweeted":false,"coordinates":null,"entities":{"symbols":[],"user_mentions":[{"id":21891765,"indices":[0,15],"id_str":"21891765","screen_name":"snowleopardess","name":"Anne Greensmith"}],"hashtags":[],"urls":[]},"in_reply_to_screen_name":"snowleopardess","id_str":"544411811031023616","retweet_count":0,"in_reply_to_user_id":21891765,"favorited":false,"user":{"follow_request_sent":false,"profile_use_background_image":false,"profile_text_color":"333333","default_profile_image":false,"id":633425176,"profile_background_image_url_https":"https://abs.twimg.com/images/themes/theme1/bg.png","verified":false,"profile_location":null,"profile_image_url_https":"https://pbs.twimg.com/profile_images/2756974637/a6d3b4c53a6705f2c8980fe5a1465979_normal.jpeg","profile_sidebar_fill_color":"DDEEF6","entities":{"description":{"urls":[]}},"followers_count":2659,"profile_sidebar_border_color":"FFFFFF","id_str":"633425176","profile_background_color":"C0DEED","listed_count":40,"is_translation_enabled":false,"utc_offset":3600,"statuses_count":7952,"description":"I have a teenager with ASD.I am interested in hearing from parents !","friends_count":2880,"location":"Baltonsborough  Somerset UK","profile_link_color":"0084B4","profile_image_url":"http://pbs.twimg.com/profile_images/2756974637/a6d3b4c53a6705f2c8980fe5a1465979_normal.jpeg","following":false,"geo_enabled":false,"profile_banner_url":"https://pbs.twimg.com/profile_banners/633425176/1351089687","profile_background_image_url":"http://abs.twimg.com/images/themes/theme1/bg.png","name":"Autism Mother","lang":"en","profile_background_tile":false,"favourites_count":4421,"screen_name":"ScarlettBeavis","notifications":false,"url":null,"created_at":"Thu Jul 12 03:23:50 +0000 2012","contributors_enabled":false,"time_zone":"Amsterdam","protected":false,"default_profile":false,"is_translator":false},"geo":null,"in_reply_to_user_id_str":"21891765","lang":"und","created_at":"Mon Dec 15 08:41:05 +0000 2014","in_reply_to_status_id_str":"544280035335880704","place":null}
]