{"contributors":null,"truncated":false,"text":"Can someone pls cite Qur'anic verse about taking hostages at a chocolate shop to spread Islam? I'm having trouble finding it. #sydneysiege","in_reply_to_status_id":null,"id":544296463027961856,"favorite_count":184,"source":"<a href=\"http:\/\/twitter.com\/#!\/download\/ipad\" rel=\"nofollow\">Twitter for iPad<\/a>","retweeted":false,"coordinates":null,"entities":{"symbols":[],"user_mentions":[],"hashtags":[{"indices":[126,138],"text":"sydneysiege"}],"urls":[]},"in_reply_to_screen_name":null,"id_str":"544296463027961856","retweet_count":180,"in_reply_to_user_id":null,"favorited":false,"user":{"follow_request_sent":false,"profile_use_background_image":true,"profile_text_color":"333333","default_profile_image":false,"id":611346290,"profile_background_image_url_https":"https:\/\/abs.twimg.com\/images\/themes\/theme1\/bg.png","verified":false,"profile_location":null,"profile_image_url_https":"https:\/\/pbs.twimg.com\/profile_images\/561050058099941377\/viAtnRX1_normal.jpeg","profile_sidebar_fill_color":"DDEEF6","entities":{"description":{"urls":[]}},"followers_count":10621,"profile_sidebar_border_color":"C0DEED","id_str":"611346290","profile_background_color":"C0DEED","listed_count":52,"is_translation_enabled":false,"utc_offset":-18000,"statuses_count":2087,"description":"Researcher at a D.C. think tank. Focus primarily on Middle East and terrorism. Muslim convert.","friends_count":533,"location":"Washington, D.C.","profile_link_color":"0084B4","profile_image_url":"http:\/\/pbs.twimg.com\/profile_images\/561050058099941377\/viAtnRX1_normal.jpeg","following":false,"geo_enabled":false,"profile_banner_url":"https:\/\/pbs.twimg.com\/profile_banners\/611346290\/1404510822","profile_background_image_url":"http:\/\/abs.twimg.com\/images\/themes\/theme1\/bg.png","name":"Jennifer Williams","lang":"en","profile_background_tile":false,"favourites_count":1758,"screen_name":"jenn_ruth","notifications":false,"url":null,"created_at":"Mon Jun 18 03:26:06 +0000 2012","contributors_enabled":false,"time_zone":"Eastern Time (US & Canada)","protected":false,"default_profile":true,"is_translator":false},"geo":null,"in_reply_to_user_id_str":null,"lang":"en","created_at":"Mon Dec 15 01:02:43 +0000 2014","in_reply_to_status_id_str":null,"place":null}