{"contributors":null,"truncated":false,"text":"Police asking for blackout of social media reporting around delicate terror 'event' in Sydney CBD that can impact tacticals @techau RT plz","in_reply_to_status_id":null,"id":544288302254137345,"favorite_count":143,"source":"<a href=\"http:\/\/twitter.com\" rel=\"nofollow\">Twitter Web Client<\/a>","retweeted":false,"coordinates":null,"entities":{"symbols":[],"user_mentions":[{"id":13083622,"indices":[124,131],"id_str":"13083622","screen_name":"techAU","name":"Jason Cartwright"}],"hashtags":[],"urls":[]},"in_reply_to_screen_name":null,"id_str":"544288302254137345","retweet_count":1061,"in_reply_to_user_id":null,"favorited":false,"user":{"follow_request_sent":false,"profile_use_background_image":true,"profile_text_color":"333333","default_profile_image":false,"id":14200367,"profile_background_image_url_https":"https:\/\/pbs.twimg.com\/profile_background_images\/437106584968122368\/6k73UBgL.jpeg","verified":false,"profile_location":null,"profile_image_url_https":"https:\/\/pbs.twimg.com\/profile_images\/2959638462\/ae4a679cc76817e5a073ab980b44d22b_normal.png","profile_sidebar_fill_color":"DDFFCC","entities":{"url":{"urls":[{"url":"http:\/\/t.co\/Imr04xCjIm","indices":[0,22],"expanded_url":"http:\/\/tech-news.tv","display_url":"tech-news.tv"}]},"description":{"urls":[]}},"followers_count":218941,"profile_sidebar_border_color":"FFFFFF","id_str":"14200367","profile_background_color":"9AE4E8","listed_count":87,"is_translation_enabled":false,"utc_offset":39600,"statuses_count":5523,"description":"Funny Internet | Cloud | Social Media Guy | Tech Evangelist Geek | Introduced Business Broadband in 1995 | Blogger | Foodie | Martial Arts","friends_count":2210,"location":"Melbourne via Texas, Cali & UK","profile_link_color":"0084B4","profile_image_url":"http:\/\/pbs.twimg.com\/profile_images\/2959638462\/ae4a679cc76817e5a073ab980b44d22b_normal.png","following":false,"geo_enabled":true,"profile_banner_url":"https:\/\/pbs.twimg.com\/profile_banners\/14200367\/1393048801","profile_background_image_url":"http:\/\/pbs.twimg.com\/profile_background_images\/437106584968122368\/6k73UBgL.jpeg","name":"tech-news.tv","lang":"en","profile_background_tile":false,"favourites_count":40,"screen_name":"mr_internet","notifications":false,"url":"http:\/\/t.co\/Imr04xCjIm","created_at":"Sun Mar 23 02:57:55 +0000 2008","contributors_enabled":false,"time_zone":"Melbourne","protected":false,"default_profile":false,"is_translator":false},"geo":null,"in_reply_to_user_id_str":null,"lang":"en","created_at":"Mon Dec 15 00:30:18 +0000 2014","in_reply_to_status_id_str":null,"place":null}