{"contributors": null, "truncated": false, "text": "Hostages in Sydney cafe made to hold up Islamic flags http://t.co/I1PsUPekkB", "in_reply_to_status_id": null, "id": 544282005941530624, "favorite_count": 51, "source": "<a href=\"http://www.socialflow.com\" rel=\"nofollow\">SocialFlow</a>", "retweeted": false, "coordinates": null, "entities": {"symbols": [], "user_mentions": [], "hashtags": [], "urls": [{"url": "http://t.co/I1PsUPekkB", "indices": [54, 76], "expanded_url": "http://nyp.st/16mRnXH", "display_url": "nyp.st/16mRnXH"}]}, "in_reply_to_screen_name": null, "id_str": "544282005941530624", "retweet_count": 103, "in_reply_to_user_id": null, "favorited": false, "user": {"follow_request_sent": false, "profile_use_background_image": true, "profile_text_color": "333333", "default_profile_image": false, "id": 17469289, "profile_background_image_url_https": "https://pbs.twimg.com/profile_background_images/788232388/ab5bd5e9a11b082f117b46d5b5c0199a.png", "verified": true, "profile_location": null, "profile_image_url_https": "https://pbs.twimg.com/profile_images/525710590900047873/734Kx0zX_normal.jpeg", "profile_sidebar_fill_color": "DDFFCC", "entities": {"url": {"urls": [{"url": "http://t.co/hKwnInDOKi", "indices": [0, 22], "expanded_url": "http://www.nypost.com", "display_url": "nypost.com"}]}, "description": {"urls": []}}, "followers_count": 702080, "profile_sidebar_border_color": "FFFFFF", "id_str": "17469289", "profile_background_color": "000000", "listed_count": 14574, "is_translation_enabled": false, "utc_offset": -18000, "statuses_count": 59595, "description": "Breaking news & features from The New York Post, powered 24/7 by our Web team. Follow your favorite celebs at @PageSix & favorite teams at @nypostsports.", "friends_count": 41323, "location": "New York, NY", "profile_link_color": "CC3333", "profile_image_url": "http://pbs.twimg.com/profile_images/525710590900047873/734Kx0zX_normal.jpeg", "following": false, "geo_enabled": false, "profile_banner_url": "https://pbs.twimg.com/profile_banners/17469289/1414174127", "profile_background_image_url": "http://pbs.twimg.com/profile_background_images/788232388/ab5bd5e9a11b082f117b46d5b5c0199a.png", "name": "New York Post", "lang": "en", "profile_background_tile": true, "favourites_count": 1743, "screen_name": "nypost", "notifications": false, "url": "http://t.co/hKwnInDOKi", "created_at": "Tue Nov 18 19:46:36 +0000 2008", "contributors_enabled": false, "time_zone": "Eastern Time (US & Canada)", "protected": false, "default_profile": false, "is_translator": false}, "geo": null, "in_reply_to_user_id_str": null, "possibly_sensitive": false, "lang": "en", "created_at": "Mon Dec 15 00:05:17 +0000 2014", "in_reply_to_status_id_str": null, "place": null}