{"contributors": null, "truncated": false, "text": "Police are requesting that no photos are shared on social media #MartinPlaceSiege #SydneySiege #MartinPlace", "in_reply_to_status_id": null, "id": 544293770926120960, "favorite_count": 66, "source": "<a href=\"https://about.twitter.com/products/tweetdeck\" rel=\"nofollow\">TweetDeck</a>", "retweeted": false, "coordinates": null, "entities": {"symbols": [], "user_mentions": [], "hashtags": [{"indices": [64, 81], "text": "MartinPlaceSiege"}, {"indices": [82, 94], "text": "SydneySiege"}, {"indices": [95, 107], "text": "MartinPlace"}], "urls": []}, "in_reply_to_screen_name": null, "id_str": "544293770926120960", "retweet_count": 215, "in_reply_to_user_id": null, "favorited": false, "user": {"follow_request_sent": false, "profile_use_background_image": true, "profile_text_color": "000000", "default_profile_image": false, "id": 22837285, "profile_background_image_url_https": "https://pbs.twimg.com/profile_background_images/886199413/9e1cc3b871ed0e6feb39190b3167833a.png", "verified": true, "profile_location": null, "profile_image_url_https": "https://pbs.twimg.com/profile_images/486008115767148546/o22xwarb_normal.png", "profile_sidebar_fill_color": "CF0906", "entities": {"url": {"urls": [{"url": "http://t.co/1cS1FVYr8o", "indices": [0, 22], "expanded_url": "http://www.novafm.com.au/station/nova969", "display_url": "novafm.com.au/station/nova969"}]}, "description": {"urls": []}}, "followers_count": 58470, "profile_sidebar_border_color": "FFFFFF", "id_str": "22837285", "profile_background_color": "FFFFFF", "listed_count": 340, "is_translation_enabled": false, "utc_offset": 39600, "statuses_count": 43051, "description": "Sydney's Hit Music Station! The home of @FitzyandWippa, @KateTimMarty and @Smallzy. \nWe love Sydney and we #livelifenova!", "friends_count": 1455, "location": "Sydney, Australia", "profile_link_color": "EC1C24", "profile_image_url": "http://pbs.twimg.com/profile_images/486008115767148546/o22xwarb_normal.png", "following": false, "geo_enabled": false, "profile_banner_url": "https://pbs.twimg.com/profile_banners/22837285/1404708891", "profile_background_image_url": "http://pbs.twimg.com/profile_background_images/886199413/9e1cc3b871ed0e6feb39190b3167833a.png", "name": "Nova 96.9", "lang": "en", "profile_background_tile": false, "favourites_count": 2035, "screen_name": "nova969", "notifications": false, "url": "http://t.co/1cS1FVYr8o", "created_at": "Wed Mar 04 21:27:19 +0000 2009", "contributors_enabled": false, "time_zone": "Sydney", "protected": false, "default_profile": false, "is_translator": false}, "geo": null, "in_reply_to_user_id_str": null, "lang": "en", "created_at": "Mon Dec 15 00:52:02 +0000 2014", "in_reply_to_status_id_str": null, "place": null}