{"contributors":null,"truncated":false,"text":"ISIS FLAG VISIBLE AS GUNMAN SEIZES SYDNEY CAFE, HOLDS HOSTAGES","in_reply_to_status_id":null,"id":544273220128739329,"favorite_count":110,"source":"<a href=\"https:\/\/about.twitter.com\/products\/tweetdeck\" rel=\"nofollow\">TweetDeck<\/a>","retweeted":false,"coordinates":null,"entities":{"symbols":[],"user_mentions":[],"hashtags":[],"urls":[]},"in_reply_to_screen_name":null,"id_str":"544273220128739329","retweet_count":353,"in_reply_to_user_id":null,"favorited":false,"user":{"follow_request_sent":false,"profile_use_background_image":true,"profile_text_color":"333333","default_profile_image":false,"id":292777349,"profile_background_image_url_https":"https:\/\/abs.twimg.com\/images\/themes\/theme8\/bg.gif","verified":false,"profile_location":null,"profile_image_url_https":"https:\/\/pbs.twimg.com\/profile_images\/527514489919262721\/QKC5oMPD_normal.jpeg","profile_sidebar_fill_color":"EADEAA","entities":{"url":{"urls":[{"url":"http:\/\/t.co\/Q8HIb8qQbq","indices":[0,22],"expanded_url":"http:\/\/PzFeed.com","display_url":"PzFeed.com"}]},"description":{"urls":[]}},"followers_count":201998,"profile_sidebar_border_color":"FFFFFF","id_str":"292777349","profile_background_color":"8B542B","listed_count":2228,"is_translation_enabled":false,"utc_offset":-18000,"statuses_count":21817,"description":"A global news channel bringing you breaking news as it happens and the most talked about stories, pictures and videos from around the world.","friends_count":3457,"location":"tips@PzFeed.com","profile_link_color":"9D582E","profile_image_url":"http:\/\/pbs.twimg.com\/profile_images\/527514489919262721\/QKC5oMPD_normal.jpeg","following":false,"geo_enabled":true,"profile_banner_url":"https:\/\/pbs.twimg.com\/profile_banners\/292777349\/1410983400","profile_background_image_url":"http:\/\/abs.twimg.com\/images\/themes\/theme8\/bg.gif","name":"PzFeed Top News","lang":"en","profile_background_tile":false,"favourites_count":299,"screen_name":"PzFeed","notifications":false,"url":"http:\/\/t.co\/Q8HIb8qQbq","created_at":"Wed May 04 06:32:13 +0000 2011","contributors_enabled":false,"time_zone":"Eastern Time (US & Canada)","protected":false,"default_profile":false,"is_translator":false},"geo":null,"in_reply_to_user_id_str":null,"lang":"en","created_at":"Sun Dec 14 23:30:22 +0000 2014","in_reply_to_status_id_str":null,"place":null}