[{"contributors":null,"truncated":false,"text":"RT @SkyNewsAust:  @dan_murphy @chriskkenny have the latest on the hostages inside the Lindt Cafe #SydneySiege.  http://t.co/bDrQqrFzZs","in_reply_to_status_id":544271185903484929,"id":544271673684672513,"favorite_count":0,"source":"<a href=\"http://www.hootsuite.com\" rel=\"nofollow\">Hootsuite</a>","retweeted":false,"coordinates":null,"entities":{"symbols":[],"user_mentions":[{"id":16834659,"indices":[3,15],"id_str":"16834659","screen_name":"SkyNewsAust","name":"Sky News Australia"},{"id":27547277,"indices":[18,29],"id_str":"27547277","screen_name":"dan_murphy","name":"Dan Murphy"},{"id":207932870,"indices":[30,42],"id_str":"207932870","screen_name":"chriskkenny","name":"Chris Kenny"}],"hashtags":[{"indices":[97,109],"text":"SydneySiege"}],"urls":[],"media":[{"source_user_id":16834659,"source_status_id_str":"544271185903484929","expanded_url":"http://twitter.com/SkyNewsAust/status/544271185903484929/photo/1","display_url":"pic.twitter.com/bDrQqrFzZs","url":"http://t.co/bDrQqrFzZs","media_url_https":"https://pbs.twimg.com/media/B42iyH0CEAEzfi9.png","source_user_id_str":"16834659","source_status_id":544271185903484929,"id_str":"544270111956144129","sizes":{"large":{"h":296,"resize":"fit","w":589},"small":{"h":170,"resize":"fit","w":340},"medium":{"h":296,"resize":"fit","w":589},"thumb":{"h":150,"resize":"crop","w":150}},"indices":[112,134],"type":"photo","id":544270111956144129,"media_url":"http://pbs.twimg.com/media/B42iyH0CEAEzfi9.png"}]},"in_reply_to_screen_name":"SkyNewsAust","id_str":"544271673684672513","retweet_count":0,"in_reply_to_user_id":16834659,"favorited":false,"user":{"follow_request_sent":false,"profile_use_background_image":true,"profile_text_color":"52555C","default_profile_image":false,"id":43493268,"profile_background_image_url_https":"https://pbs.twimg.com/profile_background_images/194109525/xb9f1d518387e66ee531ecf075ae9804.jpg","verified":false,"profile_location":null,"profile_image_url_https":"https://pbs.twimg.com/profile_images/1218809331/Gordon_normal.jpg","profile_sidebar_fill_color":"061127","entities":{"url":{"urls":[{"url":"http://t.co/0Mi9EJ3Vdz","indices":[0,22],"expanded_url":"http://www.gordongallachersphotography.com","display_url":"gordongallachersphotography.com"}]},"description":{"urls":[]}},"followers_count":452,"profile_sidebar_border_color":"000515","id_str":"43493268","profile_background_color":"59472F","listed_count":13,"is_translation_enabled":false,"utc_offset":39600,"statuses_count":2053,"description":"30 y/o Sydney Based Freelance News Photographer","friends_count":1546,"location":"Sydney - Australia","profile_link_color":"827972","profile_image_url":"http://pbs.twimg.com/profile_images/1218809331/Gordon_normal.jpg","following":false,"geo_enabled":true,"profile_banner_url":"https://pbs.twimg.com/profile_banners/43493268/1375690754","profile_background_image_url":"http://pbs.twimg.com/profile_background_images/194109525/xb9f1d518387e66ee531ecf075ae9804.jpg","name":"Gordon Gallacher","lang":"en","profile_background_tile":false,"favourites_count":0,"screen_name":"Gordon_25M","notifications":false,"url":"http://t.co/0Mi9EJ3Vdz","created_at":"Sat May 30 06:28:20 +0000 2009","contributors_enabled":false,"time_zone":"Sydney","protected":false,"default_profile":false,"is_translator":false},"geo":null,"in_reply_to_user_id_str":"16834659","possibly_sensitive":false,"lang":"en","created_at":"Sun Dec 14 23:24:13 +0000 2014","in_reply_to_status_id_str":"544271185903484929","place":null,"extended_entities":{"media":[{"source_user_id":16834659,"source_status_id_str":"544271185903484929","expanded_url":"http://twitter.com/SkyNewsAust/status/544271185903484929/photo/1","display_url":"pic.twitter.com/bDrQqrFzZs","url":"http://t.co/bDrQqrFzZs","media_url_https":"https://pbs.twimg.com/media/B42iyH0CEAEzfi9.png","source_user_id_str":"16834659","source_status_id":544271185903484929,"id_str":"544270111956144129","sizes":{"large":{"h":296,"resize":"fit","w":589},"small":{"h":170,"resize":"fit","w":340},"medium":{"h":296,"resize":"fit","w":589},"thumb":{"h":150,"resize":"crop","w":150}},"indices":[112,134],"type":"photo","id":544270111956144129,"media_url":"http://pbs.twimg.com/media/B42iyH0CEAEzfi9.png"}]}},
{"contributors":null,"truncated":false,"text":"@SkyNewsAust @State_Control @dan_murphy @chriskkenny \nUsual suspects ?","in_reply_to_status_id":544271185903484929,"id":544273599868436480,"favorite_count":0,"source":"<a href=\"http://twitter.com/download/iphone\" rel=\"nofollow\">Twitter for iPhone</a>","retweeted":false,"coordinates":null,"entities":{"symbols":[],"user_mentions":[{"id":16834659,"indices":[0,12],"id_str":"16834659","screen_name":"SkyNewsAust","name":"Sky News Australia"},{"id":826046582,"indices":[13,27],"id_str":"826046582","screen_name":"State_Control","name":"State Control"},{"id":27547277,"indices":[28,39],"id_str":"27547277","screen_name":"dan_murphy","name":"Dan Murphy"},{"id":207932870,"indices":[40,52],"id_str":"207932870","screen_name":"chriskkenny","name":"Chris Kenny"}],"hashtags":[],"urls":[]},"in_reply_to_screen_name":"SkyNewsAust","id_str":"544273599868436480","retweet_count":0,"in_reply_to_user_id":16834659,"favorited":false,"user":{"follow_request_sent":false,"profile_use_background_image":true,"profile_text_color":"333333","default_profile_image":false,"id":473048213,"profile_background_image_url_https":"https://abs.twimg.com/images/themes/theme14/bg.gif","verified":false,"profile_location":null,"profile_image_url_https":"https://pbs.twimg.com/profile_images/563793595476746241/G1AmpwTX_normal.jpeg","profile_sidebar_fill_color":"EFEFEF","entities":{"description":{"urls":[]}},"followers_count":340,"profile_sidebar_border_color":"EEEEEE","id_str":"473048213","profile_background_color":"131516","listed_count":7,"is_translation_enabled":false,"utc_offset":0,"statuses_count":15152,"description":"The mountain moves for no man.","friends_count":706,"location":"Watford England","profile_link_color":"009999","profile_image_url":"http://pbs.twimg.com/profile_images/563793595476746241/G1AmpwTX_normal.jpeg","following":false,"geo_enabled":true,"profile_banner_url":"https://pbs.twimg.com/profile_banners/473048213/1367870304","profile_background_image_url":"http://abs.twimg.com/images/themes/theme14/bg.gif","name":"♛ Baxter ♛","lang":"en","profile_background_tile":true,"favourites_count":2874,"screen_name":"ejecter4579","notifications":false,"url":null,"created_at":"Tue Jan 24 15:52:34 +0000 2012","contributors_enabled":false,"time_zone":"London","protected":false,"default_profile":false,"is_translator":false},"geo":null,"in_reply_to_user_id_str":"16834659","lang":"en","created_at":"Sun Dec 14 23:31:52 +0000 2014","in_reply_to_status_id_str":"544271185903484929","place":null},
{"contributors":null,"truncated":false,"text":"@SkyNewsAust @dan_murphy @chriskkenny My heart &amp;prayers to all hostages&amp;that God sends Guardian angels to be with them till matters solved.","in_reply_to_status_id":544271185903484929,"id":544336957770182657,"favorite_count":0,"source":"<a href=\"http://twitter.com/download/android\" rel=\"nofollow\">Twitter for Android</a>","retweeted":false,"coordinates":null,"entities":{"symbols":[],"user_mentions":[{"id":16834659,"indices":[0,12],"id_str":"16834659","screen_name":"SkyNewsAust","name":"Sky News Australia"},{"id":27547277,"indices":[13,24],"id_str":"27547277","screen_name":"dan_murphy","name":"Dan Murphy"},{"id":207932870,"indices":[25,37],"id_str":"207932870","screen_name":"chriskkenny","name":"Chris Kenny"}],"hashtags":[],"urls":[]},"in_reply_to_screen_name":"SkyNewsAust","id_str":"544336957770182657","retweet_count":0,"in_reply_to_user_id":16834659,"favorited":false,"user":{"follow_request_sent":false,"profile_use_background_image":true,"profile_text_color":"333333","default_profile_image":false,"id":562486448,"profile_background_image_url_https":"https://abs.twimg.com/images/themes/theme1/bg.png","verified":false,"profile_location":null,"profile_image_url_https":"https://pbs.twimg.com/profile_images/582569166978215936/bh_TB--G_normal.jpg","profile_sidebar_fill_color":"DDEEF6","entities":{"description":{"urls":[]}},"followers_count":211,"profile_sidebar_border_color":"C0DEED","id_str":"562486448","profile_background_color":"C0DEED","listed_count":2,"is_translation_enabled":false,"utc_offset":28800,"statuses_count":3998,"description":"Squash and Tennis  Enthusiast","friends_count":1305,"location":"","profile_link_color":"0084B4","profile_image_url":"http://pbs.twimg.com/profile_images/582569166978215936/bh_TB--G_normal.jpg","following":false,"geo_enabled":true,"profile_background_image_url":"http://abs.twimg.com/images/themes/theme1/bg.png","name":"Kimhuam","lang":"en","profile_background_tile":false,"favourites_count":5549,"screen_name":"kimhuam","notifications":false,"url":null,"created_at":"Wed Apr 25 01:25:15 +0000 2012","contributors_enabled":false,"time_zone":"Beijing","protected":false,"default_profile":true,"is_translator":false},"geo":null,"in_reply_to_user_id_str":"16834659","lang":"en","created_at":"Mon Dec 15 03:43:38 +0000 2014","in_reply_to_status_id_str":"544271185903484929","place":null},
{"contributors":null,"truncated":false,"text":"@SkyNewsAust @dan_murphy  With countless extreme terror caused by it, i begin to wonder if followers of Islam are peaceful..seriously.","in_reply_to_status_id":544271185903484929,"id":544347721037914112,"favorite_count":0,"source":"<a href=\"http://twitter.com/download/android\" rel=\"nofollow\">Twitter for Android</a>","retweeted":false,"coordinates":null,"entities":{"symbols":[],"user_mentions":[{"id":16834659,"indices":[0,12],"id_str":"16834659","screen_name":"SkyNewsAust","name":"Sky News Australia"},{"id":27547277,"indices":[13,24],"id_str":"27547277","screen_name":"dan_murphy","name":"Dan Murphy"}],"hashtags":[],"urls":[]},"in_reply_to_screen_name":"SkyNewsAust","id_str":"544347721037914112","retweet_count":0,"in_reply_to_user_id":16834659,"favorited":false,"user":{"follow_request_sent":false,"profile_use_background_image":true,"profile_text_color":"333333","default_profile_image":false,"id":562486448,"profile_background_image_url_https":"https://abs.twimg.com/images/themes/theme1/bg.png","verified":false,"profile_location":null,"profile_image_url_https":"https://pbs.twimg.com/profile_images/582569166978215936/bh_TB--G_normal.jpg","profile_sidebar_fill_color":"DDEEF6","entities":{"description":{"urls":[]}},"followers_count":211,"profile_sidebar_border_color":"C0DEED","id_str":"562486448","profile_background_color":"C0DEED","listed_count":2,"is_translation_enabled":false,"utc_offset":28800,"statuses_count":3998,"description":"Squash and Tennis  Enthusiast","friends_count":1305,"location":"","profile_link_color":"0084B4","profile_image_url":"http://pbs.twimg.com/profile_images/582569166978215936/bh_TB--G_normal.jpg","following":false,"geo_enabled":true,"profile_background_image_url":"http://abs.twimg.com/images/themes/theme1/bg.png","name":"Kimhuam","lang":"en","profile_background_tile":false,"favourites_count":5549,"screen_name":"kimhuam","notifications":false,"url":null,"created_at":"Wed Apr 25 01:25:15 +0000 2012","contributors_enabled":false,"time_zone":"Beijing","protected":false,"default_profile":true,"is_translator":false},"geo":null,"in_reply_to_user_id_str":"16834659","lang":"en","created_at":"Mon Dec 15 04:26:24 +0000 2014","in_reply_to_status_id_str":"544271185903484929","place":null}
]