{"contributors":null,"truncated":false,"text":"A terrorist attack in Sydney.\nA major police operation is under way in Sydney, Australia.\nhttp:\/\/t.co\/XpJSqGJzn8 http:\/\/t.co\/rdMiU10SNI","in_reply_to_status_id":null,"id":544297331906973696,"favorite_count":3,"source":"<a href=\"http:\/\/www.facebook.com\/twitter\" rel=\"nofollow\">Facebook<\/a>","retweeted":false,"coordinates":null,"entities":{"symbols":[],"user_mentions":[],"hashtags":[],"urls":[{"url":"http:\/\/t.co\/XpJSqGJzn8","indices":[90,112],"expanded_url":"http:\/\/cnn.it\/1wxhCTG","display_url":"cnn.it\/1wxhCTG"},{"url":"http:\/\/t.co\/rdMiU10SNI","indices":[113,135],"expanded_url":"http:\/\/fb.me\/76RGa1NPN","display_url":"fb.me\/76RGa1NPN"}]},"in_reply_to_screen_name":null,"id_str":"544297331906973696","retweet_count":367,"in_reply_to_user_id":null,"favorited":false,"user":{"follow_request_sent":false,"profile_use_background_image":false,"profile_text_color":"000000","default_profile_image":false,"id":63604619,"profile_background_image_url_https":"https:\/\/abs.twimg.com\/images\/themes\/theme8\/bg.gif","verified":false,"profile_location":null,"profile_image_url_https":"https:\/\/pbs.twimg.com\/profile_images\/586001362720202753\/c_z_DKdi_normal.jpg","profile_sidebar_fill_color":"000000","entities":{"description":{"urls":[]}},"followers_count":7352,"profile_sidebar_border_color":"000000","id_str":"63604619","profile_background_color":"000000","listed_count":45,"is_translation_enabled":false,"utc_offset":19800,"statuses_count":38102,"description":"IT Expert.","friends_count":322,"location":"Surat. Gujarat. Bharat.","profile_link_color":"EB6517","profile_image_url":"http:\/\/pbs.twimg.com\/profile_images\/586001362720202753\/c_z_DKdi_normal.jpg","following":false,"geo_enabled":false,"profile_banner_url":"https:\/\/pbs.twimg.com\/profile_banners\/63604619\/1409030471","profile_background_image_url":"http:\/\/abs.twimg.com\/images\/themes\/theme8\/bg.gif","name":"Nilessh Desai","lang":"en","profile_background_tile":false,"favourites_count":648,"screen_name":"nilessh_desai","notifications":false,"url":null,"created_at":"Fri Aug 07 01:47:14 +0000 2009","contributors_enabled":false,"time_zone":"Mumbai","protected":false,"default_profile":false,"is_translator":false},"geo":null,"in_reply_to_user_id_str":null,"possibly_sensitive":false,"lang":"en","created_at":"Mon Dec 15 01:06:11 +0000 2014","in_reply_to_status_id_str":null,"place":null}