[{"contributors":null,"truncated":false,"text":"@PzFeed &gt;ausis","in_reply_to_status_id":544282355989753857,"id":544282524893970432,"favorite_count":0,"source":"<a href=\"http://twitter.com\" rel=\"nofollow\">Twitter Web Client</a>","retweeted":false,"coordinates":null,"entities":{"symbols":[],"user_mentions":[{"id":292777349,"indices":[0,7],"id_str":"292777349","screen_name":"PzFeed","name":"PzFeed Top News"}],"hashtags":[],"urls":[]},"in_reply_to_screen_name":"PzFeed","id_str":"544282524893970432","retweet_count":0,"in_reply_to_user_id":292777349,"favorited":false,"user":{"follow_request_sent":false,"profile_use_background_image":true,"profile_text_color":"333333","default_profile_image":false,"id":392434009,"profile_background_image_url_https":"https://abs.twimg.com/images/themes/theme14/bg.gif","verified":false,"profile_location":null,"profile_image_url_https":"https://pbs.twimg.com/profile_images/590016540335939585/tbpI18BN_normal.jpg","profile_sidebar_fill_color":"EFEFEF","entities":{"description":{"urls":[]}},"followers_count":369,"profile_sidebar_border_color":"EEEEEE","id_str":"392434009","profile_background_color":"131516","listed_count":6,"is_translation_enabled":false,"utc_offset":-28800,"statuses_count":23442,"description":"I'm sorry, but did I already lose?","friends_count":465,"location":"/sp/ - California","profile_link_color":"009999","profile_image_url":"http://pbs.twimg.com/profile_images/590016540335939585/tbpI18BN_normal.jpg","following":false,"geo_enabled":false,"profile_banner_url":"https://pbs.twimg.com/profile_banners/392434009/1375656375","profile_background_image_url":"http://abs.twimg.com/images/themes/theme14/bg.gif","name":"Tony Kornheiser","lang":"en","profile_background_tile":true,"favourites_count":3050,"screen_name":"SpuhBruh","notifications":false,"url":null,"created_at":"Mon Oct 17 01:27:39 +0000 2011","contributors_enabled":false,"time_zone":"Pacific Time (US & Canada)","protected":false,"default_profile":false,"is_translator":false},"geo":null,"in_reply_to_user_id_str":"292777349","lang":"lt","created_at":"Mon Dec 15 00:07:20 +0000 2014","in_reply_to_status_id_str":"544282355989753857","place":null},
{"contributors":null,"truncated":false,"text":"@PzFeed so insensitive to tweet such close ups.","in_reply_to_status_id":544282355989753857,"id":544282525678321664,"favorite_count":0,"source":"<a href=\"https://about.twitter.com/products/tweetdeck\" rel=\"nofollow\">TweetDeck</a>","retweeted":false,"coordinates":null,"entities":{"symbols":[],"user_mentions":[{"id":292777349,"indices":[0,7],"id_str":"292777349","screen_name":"PzFeed","name":"PzFeed Top News"}],"hashtags":[],"urls":[]},"in_reply_to_screen_name":"PzFeed","id_str":"544282525678321664","retweet_count":0,"in_reply_to_user_id":292777349,"favorited":false,"user":{"follow_request_sent":false,"profile_use_background_image":true,"profile_text_color":"333333","default_profile_image":false,"id":1040962352,"profile_background_image_url_https":"https://abs.twimg.com/images/themes/theme15/bg.png","verified":false,"profile_location":null,"profile_image_url_https":"https://pbs.twimg.com/profile_images/585691422147346433/nB287ZWu_normal.jpg","profile_sidebar_fill_color":"C0DFEC","entities":{"url":{"urls":[{"url":"http://t.co/kwDIwDspGj","indices":[0,22],"expanded_url":"http://anthonysegaert.wordpress.com","display_url":"anthonysegaert.wordpress.com"}]},"description":{"urls":[]}},"followers_count":824,"profile_sidebar_border_color":"A8C7F7","id_str":"1040962352","profile_background_color":"022330","listed_count":42,"is_translation_enabled":false,"utc_offset":39600,"statuses_count":22557,"description":"Oceania Correspondent, Social Media Manager @TGlobalPanorama. Former Oceania Editor. 15. Wannabe TV journo. Tweets breaking news, social media, and journalism.","friends_count":1999,"location":"Sydney, Australia","profile_link_color":"1E2629","profile_image_url":"http://pbs.twimg.com/profile_images/585691422147346433/nB287ZWu_normal.jpg","following":false,"geo_enabled":true,"profile_banner_url":"https://pbs.twimg.com/profile_banners/1040962352/1403586847","profile_background_image_url":"http://abs.twimg.com/images/themes/theme15/bg.png","name":"Anthony Segaert","lang":"en","profile_background_tile":false,"favourites_count":14199,"screen_name":"anthonysegaert7","notifications":false,"url":"http://t.co/kwDIwDspGj","created_at":"Fri Dec 28 00:37:41 +0000 2012","contributors_enabled":false,"time_zone":"Sydney","protected":false,"default_profile":false,"is_translator":false},"geo":null,"in_reply_to_user_id_str":"292777349","lang":"en","created_at":"Mon Dec 15 00:07:21 +0000 2014","in_reply_to_status_id_str":"544282355989753857","place":null},
{"contributors":null,"truncated":false,"text":"@PzFeed what could these worthless pieces of shit want in exchange for the hostages?","in_reply_to_status_id":544282355989753857,"id":544282555630235649,"favorite_count":0,"source":"<a href=\"http://twitter.com/download/iphone\" rel=\"nofollow\">Twitter for iPhone</a>","retweeted":false,"coordinates":null,"entities":{"symbols":[],"user_mentions":[{"id":292777349,"indices":[0,7],"id_str":"292777349","screen_name":"PzFeed","name":"PzFeed Top News"}],"hashtags":[],"urls":[]},"in_reply_to_screen_name":"PzFeed","id_str":"544282555630235649","retweet_count":0,"in_reply_to_user_id":292777349,"favorited":false,"user":{"follow_request_sent":false,"profile_use_background_image":true,"profile_text_color":"666666","default_profile_image":false,"id":16583554,"profile_background_image_url_https":"https://pbs.twimg.com/profile_background_images/446343062/77283.jpg","verified":false,"profile_location":null,"profile_image_url_https":"https://pbs.twimg.com/profile_images/589334224907317248/SciRTqp__normal.jpg","profile_sidebar_fill_color":"252429","entities":{"description":{"urls":[]}},"followers_count":1317,"profile_sidebar_border_color":"FFFFFF","id_str":"16583554","profile_background_color":"FCFCFC","listed_count":21,"is_translation_enabled":false,"utc_offset":-28800,"statuses_count":21205,"description":"I like comics and video games more than I like people. Deadpool is my spirit animal.","friends_count":218,"location":"","profile_link_color":"DD2E44","profile_image_url":"http://pbs.twimg.com/profile_images/589334224907317248/SciRTqp__normal.jpg","following":false,"geo_enabled":false,"profile_banner_url":"https://pbs.twimg.com/profile_banners/16583554/1358541897","profile_background_image_url":"http://pbs.twimg.com/profile_background_images/446343062/77283.jpg","name":"Harley Quinn","lang":"en","profile_background_tile":true,"favourites_count":12189,"screen_name":"HayleeQuinnn","notifications":false,"url":null,"created_at":"Fri Oct 03 20:23:31 +0000 2008","contributors_enabled":false,"time_zone":"Pacific Time (US & Canada)","protected":false,"default_profile":false,"is_translator":false},"geo":null,"in_reply_to_user_id_str":"292777349","lang":"en","created_at":"Mon Dec 15 00:07:28 +0000 2014","in_reply_to_status_id_str":"544282355989753857","place":null},
{"contributors":null,"truncated":false,"text":"@PzFeed Al nursa flag...","in_reply_to_status_id":544282355989753857,"id":544282614077460480,"favorite_count":0,"source":"<a href=\"http://twitter.com/#!/download/ipad\" rel=\"nofollow\">Twitter for iPad</a>","retweeted":false,"coordinates":null,"entities":{"symbols":[],"user_mentions":[{"id":292777349,"indices":[0,7],"id_str":"292777349","screen_name":"PzFeed","name":"PzFeed Top News"}],"hashtags":[],"urls":[]},"in_reply_to_screen_name":"PzFeed","id_str":"544282614077460480","retweet_count":0,"in_reply_to_user_id":292777349,"favorited":false,"user":{"follow_request_sent":false,"profile_use_background_image":true,"profile_text_color":"666666","default_profile_image":false,"id":185472553,"profile_background_image_url_https":"https://abs.twimg.com/images/themes/theme9/bg.gif","verified":false,"profile_location":null,"profile_image_url_https":"https://pbs.twimg.com/profile_images/587750620943089664/lJvgTgCk_normal.jpg","profile_sidebar_fill_color":"252429","entities":{"url":{"urls":[{"url":"http://t.co/QrPsTOopdR","indices":[0,22],"expanded_url":"http://bit.ly/Sweatlodge","display_url":"bit.ly/Sweatlodge"}]},"description":{"urls":[]}},"followers_count":2440,"profile_sidebar_border_color":"FFFFFF","id_str":"185472553","profile_background_color":"1A1B1F","listed_count":67,"is_translation_enabled":false,"utc_offset":-21600,"statuses_count":126168,"description":"A coyote adopted by wolves. Expect High ⚡️Voltage Politics and humour. #indigneousdemocracy #rockthevote #vote16","friends_count":1121,"location":" ▇ུ","profile_link_color":"2FC2EF","profile_image_url":"http://pbs.twimg.com/profile_images/587750620943089664/lJvgTgCk_normal.jpg","following":false,"geo_enabled":false,"profile_banner_url":"https://pbs.twimg.com/profile_banners/185472553/1417841851","profile_background_image_url":"http://abs.twimg.com/images/themes/theme9/bg.gif","name":"Agent 301","lang":"en","profile_background_tile":false,"favourites_count":44836,"screen_name":"KAL301","notifications":false,"url":"http://t.co/QrPsTOopdR","created_at":"Wed Sep 01 01:57:47 +0000 2010","contributors_enabled":false,"time_zone":"Central Time (US & Canada)","protected":false,"default_profile":false,"is_translator":false},"geo":null,"in_reply_to_user_id_str":"292777349","lang":"de","created_at":"Mon Dec 15 00:07:42 +0000 2014","in_reply_to_status_id_str":"544282355989753857","place":null},
{"contributors":null,"truncated":false,"text":"“@PzFeed: BREAKING NEWS: Gunmen take hostages at Sydney cafe, wave Islamic flag http://t.co/unajCOI5No http://t.co/vLBL3hoCbT” :(","in_reply_to_status_id":544282355989753857,"id":544282617026068480,"favorite_count":0,"source":"<a href=\"http://twitter.com/download/iphone\" rel=\"nofollow\">Twitter for iPhone</a>","retweeted":false,"coordinates":null,"entities":{"symbols":[],"user_mentions":[{"id":292777349,"indices":[1,8],"id_str":"292777349","screen_name":"PzFeed","name":"PzFeed Top News"}],"hashtags":[],"urls":[{"url":"http://t.co/unajCOI5No","indices":[80,102],"expanded_url":"http://tinyurl.com/qgkakkm","display_url":"tinyurl.com/qgkakkm"},{"url":"http://t.co/vLBL3hoCbT","indices":[103,125],"expanded_url":"http://twitter.com/7NewsSydney/status/544281991554662401/photo/1","display_url":"pic.twitter.com/vLBL3hoCbT"}]},"in_reply_to_screen_name":"PzFeed","id_str":"544282617026068480","retweet_count":2,"in_reply_to_user_id":292777349,"favorited":false,"user":{"follow_request_sent":false,"profile_use_background_image":true,"profile_text_color":"000000","default_profile_image":false,"id":26896708,"profile_background_image_url_https":"https://pbs.twimg.com/profile_background_images/312440769/tumblr_lpj6rqqF1X1qja064o1_500.jpg","verified":false,"profile_location":null,"profile_image_url_https":"https://pbs.twimg.com/profile_images/586657341723947008/lP3OG7Se_normal.jpg","profile_sidebar_fill_color":"FFFFFF","entities":{"description":{"urls":[]}},"followers_count":8383,"profile_sidebar_border_color":"ED0000","id_str":"26896708","profile_background_color":"877F87","listed_count":73,"is_translation_enabled":false,"utc_offset":-21600,"statuses_count":300845,"description":"I was feeling my look.","friends_count":743,"location":" St. Louistan, MO.","profile_link_color":"EB0000","profile_image_url":"http://pbs.twimg.com/profile_images/586657341723947008/lP3OG7Se_normal.jpg","following":false,"geo_enabled":true,"profile_banner_url":"https://pbs.twimg.com/profile_banners/26896708/1418500341","profile_background_image_url":"http://pbs.twimg.com/profile_background_images/312440769/tumblr_lpj6rqqF1X1qja064o1_500.jpg","name":"igloo brizalea.","lang":"en","profile_background_tile":true,"favourites_count":2229,"screen_name":"bigshitxtalker","notifications":false,"url":null,"created_at":"Fri Mar 27 00:08:24 +0000 2009","contributors_enabled":false,"time_zone":"Central Time (US & Canada)","protected":false,"default_profile":false,"is_translator":false},"geo":null,"in_reply_to_user_id_str":"292777349","possibly_sensitive":false,"lang":"en","created_at":"Mon Dec 15 00:07:42 +0000 2014","in_reply_to_status_id_str":"544282355989753857","place":null},
{"contributors":null,"truncated":false,"text":"I hope Daniel is safe from Mahmood RT @PzFeed: Gunmen take hostages at Sydney cafe, wave Islamic flag http://t.co/Y14Lbtnb9Z","in_reply_to_status_id":544282355989753857,"id":544282654548316160,"favorite_count":2,"source":"<a href=\"http://twitter.com/download/android\" rel=\"nofollow\">Twitter for Android</a>","retweeted":false,"coordinates":null,"entities":{"symbols":[],"user_mentions":[{"id":292777349,"indices":[38,45],"id_str":"292777349","screen_name":"PzFeed","name":"PzFeed Top News"}],"hashtags":[],"urls":[{"url":"http://t.co/Y14Lbtnb9Z","indices":[102,124],"expanded_url":"http://tinyurl.com/qgkakkm","display_url":"tinyurl.com/qgkakkm"}]},"in_reply_to_screen_name":"PzFeed","id_str":"544282654548316160","retweet_count":1,"in_reply_to_user_id":292777349,"favorited":false,"user":{"follow_request_sent":false,"profile_use_background_image":false,"profile_text_color":"333333","default_profile_image":false,"id":1939752139,"profile_background_image_url_https":"https://pbs.twimg.com/profile_background_images/378800000154573275/bI5T2r5C.jpeg","verified":false,"profile_location":null,"profile_image_url_https":"https://pbs.twimg.com/profile_images/582431266106019840/3VlsLYvu_normal.jpg","profile_sidebar_fill_color":"DDEEF6","entities":{"url":{"urls":[{"url":"http://t.co/bPrhOv3MFk","indices":[0,22],"expanded_url":"http://hyperurl.co/ThePinkprint","display_url":"hyperurl.co/ThePinkprint"}]},"description":{"urls":[]}},"followers_count":5503,"profile_sidebar_border_color":"FFFFFF","id_str":"1939752139","profile_background_color":"FCFCFC","listed_count":9,"is_translation_enabled":false,"utc_offset":-28800,"statuses_count":30889,"description":"12/15/14 the audio bible came out . BUY it on iTunes","friends_count":177,"location":"los angeles ⛅","profile_link_color":"F5ABB5","profile_image_url":"http://pbs.twimg.com/profile_images/582431266106019840/3VlsLYvu_normal.jpg","following":false,"geo_enabled":true,"profile_banner_url":"https://pbs.twimg.com/profile_banners/1939752139/1418867249","profile_background_image_url":"http://pbs.twimg.com/profile_background_images/378800000154573275/bI5T2r5C.jpeg","name":"benny","lang":"en","profile_background_tile":false,"favourites_count":7017,"screen_name":"pinkfrislay","notifications":false,"url":"http://t.co/bPrhOv3MFk","created_at":"Sun Oct 06 04:06:29 +0000 2013","contributors_enabled":false,"time_zone":"Tijuana","protected":false,"default_profile":false,"is_translator":false},"geo":null,"in_reply_to_user_id_str":"292777349","possibly_sensitive":false,"lang":"en","created_at":"Mon Dec 15 00:07:51 +0000 2014","in_reply_to_status_id_str":"544282355989753857","place":null},
{"contributors":null,"truncated":false,"text":"@PzFeed plz do not show the faces of the hostages.","in_reply_to_status_id":544282355989753857,"id":544282746932043776,"favorite_count":0,"source":"<a href=\"http://twitter.com\" rel=\"nofollow\">Twitter Web Client</a>","retweeted":false,"coordinates":null,"entities":{"symbols":[],"user_mentions":[{"id":292777349,"indices":[0,7],"id_str":"292777349","screen_name":"PzFeed","name":"PzFeed Top News"}],"hashtags":[],"urls":[]},"in_reply_to_screen_name":"PzFeed","id_str":"544282746932043776","retweet_count":0,"in_reply_to_user_id":292777349,"favorited":false,"user":{"follow_request_sent":false,"profile_use_background_image":true,"profile_text_color":"666666","default_profile_image":false,"id":56509416,"profile_background_image_url_https":"https://abs.twimg.com/images/themes/theme9/bg.gif","verified":false,"profile_location":null,"profile_image_url_https":"https://pbs.twimg.com/profile_images/2960161517/d2f2021a224376a10966b0fd997c7ef1_normal.png","profile_sidebar_fill_color":"252429","entities":{"url":{"urls":[{"url":"http://t.co/ULPIeMdim1","indices":[0,22],"expanded_url":"http://Elgoog.com","display_url":"Elgoog.com"}]},"description":{"urls":[]}},"followers_count":44,"profile_sidebar_border_color":"181A1E","id_str":"56509416","profile_background_color":"1A1B1F","listed_count":0,"is_translation_enabled":false,"utc_offset":-28800,"statuses_count":853,"description":"How can you kill what does not exist? An Idea never dies.","friends_count":129,"location":"Earth","profile_link_color":"2FC2EF","profile_image_url":"http://pbs.twimg.com/profile_images/2960161517/d2f2021a224376a10966b0fd997c7ef1_normal.png","following":false,"geo_enabled":false,"profile_background_image_url":"http://abs.twimg.com/images/themes/theme9/bg.gif","name":"AceXprt","lang":"en","profile_background_tile":false,"favourites_count":46,"screen_name":"AceXprt","notifications":false,"url":"http://t.co/ULPIeMdim1","created_at":"Mon Jul 13 22:08:22 +0000 2009","contributors_enabled":false,"time_zone":"Pacific Time (US & Canada)","protected":false,"default_profile":false,"is_translator":false},"geo":null,"in_reply_to_user_id_str":"292777349","lang":"en","created_at":"Mon Dec 15 00:08:13 +0000 2014","in_reply_to_status_id_str":"544282355989753857","place":null},
{"contributors":null,"truncated":false,"text":"@pinkfrislay @PzFeed AhnkHBDONJNDKKD","in_reply_to_status_id":544282654548316160,"id":544282826388955136,"favorite_count":0,"source":"<a href=\"http://twitter.com/download/iphone\" rel=\"nofollow\">Twitter for iPhone</a>","retweeted":false,"coordinates":null,"entities":{"symbols":[],"user_mentions":[{"id":1939752139,"indices":[0,12],"id_str":"1939752139","screen_name":"pinkfrislay","name":"benny"},{"id":292777349,"indices":[13,20],"id_str":"292777349","screen_name":"PzFeed","name":"PzFeed Top News"}],"hashtags":[],"urls":[]},"in_reply_to_screen_name":"pinkfrislay","id_str":"544282826388955136","retweet_count":0,"in_reply_to_user_id":1939752139,"favorited":false,"user":{"follow_request_sent":false,"profile_use_background_image":true,"profile_text_color":"000000","default_profile_image":false,"id":93075948,"profile_background_image_url_https":"https://pbs.twimg.com/profile_background_images/456072438485229569/KVHSe4mp.jpeg","verified":false,"profile_location":null,"profile_image_url_https":"https://pbs.twimg.com/profile_images/544136868950859777/8deapMjq_normal.jpeg","profile_sidebar_fill_color":"000000","entities":{"description":{"urls":[]}},"followers_count":8202,"profile_sidebar_border_color":"000000","id_str":"93075948","profile_background_color":"131516","listed_count":53,"is_translation_enabled":false,"utc_offset":10800,"statuses_count":47562,"description":"... thats when demi started speaking whale to me","friends_count":605,"location":"","profile_link_color":"CFB53B","profile_image_url":"http://pbs.twimg.com/profile_images/544136868950859777/8deapMjq_normal.jpeg","following":false,"geo_enabled":false,"profile_banner_url":"https://pbs.twimg.com/profile_banners/93075948/1418567471","profile_background_image_url":"http://pbs.twimg.com/profile_background_images/456072438485229569/KVHSe4mp.jpeg","name":"Nicki Minaj ✨","lang":"en","profile_background_tile":true,"favourites_count":80789,"screen_name":"onika420","notifications":false,"url":null,"created_at":"Fri Nov 27 23:50:36 +0000 2009","contributors_enabled":false,"time_zone":"Kuwait","protected":false,"default_profile":false,"is_translator":false},"geo":null,"in_reply_to_user_id_str":"1939752139","lang":"in","created_at":"Mon Dec 15 00:08:32 +0000 2014","in_reply_to_status_id_str":"544282654548316160","place":null},
{"contributors":null,"truncated":false,"text":"“@bigshitxtalker: “@PzFeed BREAKING Gunmen take hostages at Sydney cafe wave Islamic flag http://t.co/QcvpebjxDt http://t.co/Pw33IpAQnA” :(”","in_reply_to_status_id":544282617026068480,"id":544282838854422528,"favorite_count":0,"source":"<a href=\"http://twitter.com/download/iphone\" rel=\"nofollow\">Twitter for iPhone</a>","retweeted":false,"coordinates":null,"entities":{"symbols":[],"user_mentions":[{"id":26896708,"indices":[1,16],"id_str":"26896708","screen_name":"bigshitxtalker","name":"igloo brizalea."},{"id":292777349,"indices":[19,26],"id_str":"292777349","screen_name":"PzFeed","name":"PzFeed Top News"}],"hashtags":[],"urls":[{"url":"http://t.co/QcvpebjxDt","indices":[90,112],"expanded_url":"http://tinyurl.com/qgkakkm","display_url":"tinyurl.com/qgkakkm"},{"url":"http://t.co/Pw33IpAQnA","indices":[113,135],"expanded_url":"http://twitter.com/7NewsSydney/status/544281991554662401/photo/1","display_url":"pic.twitter.com/Pw33IpAQnA"}]},"in_reply_to_screen_name":"bigshitxtalker","id_str":"544282838854422528","retweet_count":0,"in_reply_to_user_id":26896708,"favorited":false,"user":{"follow_request_sent":false,"profile_use_background_image":true,"profile_text_color":"9805FA","default_profile_image":false,"id":22589258,"profile_background_image_url_https":"https://pbs.twimg.com/profile_background_images/378800000107914840/eba4dab52518ad132bc8664ca8667405.jpeg","verified":false,"profile_location":null,"profile_image_url_https":"https://pbs.twimg.com/profile_images/555711922805305345/HM0Vix-o_normal.jpeg","profile_sidebar_fill_color":"FFFFFF","entities":{"description":{"urls":[]}},"followers_count":3945,"profile_sidebar_border_color":"FFFFFF","id_str":"22589258","profile_background_color":"F5F0F0","listed_count":52,"is_translation_enabled":false,"utc_offset":-28800,"statuses_count":158266,"description":"'It is better to live your own destiny imperfectly than to live an imitation of somebody else's life with perfection.'","friends_count":1189,"location":"Cali.","profile_link_color":"FF0ACE","profile_image_url":"http://pbs.twimg.com/profile_images/555711922805305345/HM0Vix-o_normal.jpeg","following":false,"geo_enabled":false,"profile_banner_url":"https://pbs.twimg.com/profile_banners/22589258/1408245259","profile_background_image_url":"http://pbs.twimg.com/profile_background_images/378800000107914840/eba4dab52518ad132bc8664ca8667405.jpeg","name":"Samantha","lang":"en","profile_background_tile":true,"favourites_count":811,"screen_name":"Sam_Bam_xo","notifications":false,"url":null,"created_at":"Tue Mar 03 05:12:46 +0000 2009","contributors_enabled":false,"time_zone":"Pacific Time (US & Canada)","protected":false,"default_profile":false,"is_translator":false},"geo":null,"in_reply_to_user_id_str":"26896708","possibly_sensitive":false,"lang":"en","created_at":"Mon Dec 15 00:08:35 +0000 2014","in_reply_to_status_id_str":"544282617026068480","place":null},
{"contributors":null,"truncated":false,"text":"OMG “@PzFeed: BREAKING NEWS: Gunmen take hostages at Sydney cafe, wave Islamic flag http://t.co/bcccaN0CY5 http://t.co/iLAyJTXAlG”","in_reply_to_status_id":544282355989753857,"id":544282851869720576,"favorite_count":0,"source":"<a href=\"http://twitter.com/download/iphone\" rel=\"nofollow\">Twitter for iPhone</a>","retweeted":false,"coordinates":null,"entities":{"symbols":[],"user_mentions":[{"id":292777349,"indices":[5,12],"id_str":"292777349","screen_name":"PzFeed","name":"PzFeed Top News"}],"hashtags":[],"urls":[{"url":"http://t.co/bcccaN0CY5","indices":[84,106],"expanded_url":"http://tinyurl.com/qgkakkm","display_url":"tinyurl.com/qgkakkm"},{"url":"http://t.co/iLAyJTXAlG","indices":[107,129],"expanded_url":"http://twitter.com/7NewsSydney/status/544281991554662401/photo/1","display_url":"pic.twitter.com/iLAyJTXAlG"}]},"in_reply_to_screen_name":"PzFeed","id_str":"544282851869720576","retweet_count":4,"in_reply_to_user_id":292777349,"favorited":false,"user":{"follow_request_sent":false,"profile_use_background_image":true,"profile_text_color":"000000","default_profile_image":false,"id":37896521,"profile_background_image_url_https":"https://pbs.twimg.com/profile_background_images/342264381/BB.gif","verified":false,"profile_location":null,"profile_image_url_https":"https://pbs.twimg.com/profile_images/587125803982397440/xpEyrMmf_normal.jpg","profile_sidebar_fill_color":"FCFBF9","entities":{"url":{"urls":[{"url":"http://t.co/SutzAXyQZF","indices":[0,22],"expanded_url":"http://globalgrind.com/author/hausofjazzy","display_url":"globalgrind.com/author/hausofj…"}]},"description":{"urls":[]}},"followers_count":5065,"profile_sidebar_border_color":"FCFBF9","id_str":"37896521","profile_background_color":"EDECE9","listed_count":45,"is_translation_enabled":false,"utc_offset":-18000,"statuses_count":232042,"description":"PopCulture addict. Beyoncé. King James. Retired Music Journalist. Wall Streetwalker. St. John's University Alum. Instagram: hausofJazzy |","friends_count":615,"location":"Brooklyn til I die. ","profile_link_color":"EB0E71","profile_image_url":"http://pbs.twimg.com/profile_images/587125803982397440/xpEyrMmf_normal.jpg","following":false,"geo_enabled":true,"profile_banner_url":"https://pbs.twimg.com/profile_banners/37896521/1411182955","profile_background_image_url":"http://pbs.twimg.com/profile_background_images/342264381/BB.gif","name":"Jazzyoncé","lang":"en","profile_background_tile":true,"favourites_count":4024,"screen_name":"hausofJazzy","notifications":false,"url":"http://t.co/SutzAXyQZF","created_at":"Tue May 05 10:20:43 +0000 2009","contributors_enabled":false,"time_zone":"Eastern Time (US & Canada)","protected":false,"default_profile":false,"is_translator":false},"geo":null,"in_reply_to_user_id_str":"292777349","possibly_sensitive":false,"lang":"en","created_at":"Mon Dec 15 00:08:38 +0000 2014","in_reply_to_status_id_str":"544282355989753857","place":null},
{"contributors":null,"truncated":false,"text":"@PzFeed call Mad Max","in_reply_to_status_id":544282355989753857,"id":544283014495485952,"favorite_count":0,"source":"<a href=\"http://twitter.com\" rel=\"nofollow\">Twitter Web Client</a>","retweeted":false,"coordinates":null,"entities":{"symbols":[],"user_mentions":[{"id":292777349,"indices":[0,7],"id_str":"292777349","screen_name":"PzFeed","name":"PzFeed Top News"}],"hashtags":[],"urls":[]},"in_reply_to_screen_name":"PzFeed","id_str":"544283014495485952","retweet_count":0,"in_reply_to_user_id":292777349,"favorited":false,"user":{"follow_request_sent":false,"profile_use_background_image":true,"profile_text_color":"333333","default_profile_image":false,"id":175062171,"profile_background_image_url_https":"https://abs.twimg.com/images/themes/theme1/bg.png","verified":false,"profile_location":null,"profile_image_url_https":"https://pbs.twimg.com/profile_images/485586553977053184/ZfjHKZUn_normal.jpeg","profile_sidebar_fill_color":"DDEEF6","entities":{"url":{"urls":[{"url":"http://t.co/MW33nCOHs2","indices":[0,22],"expanded_url":"http://leviathanpridecast.podbean.com/","display_url":"leviathanpridecast.podbean.com"}]},"description":{"urls":[]}},"followers_count":2833,"profile_sidebar_border_color":"C0DEED","id_str":"175062171","profile_background_color":"C0DEED","listed_count":220,"is_translation_enabled":false,"utc_offset":-18000,"statuses_count":27504,"description":"I don't believe in any god, racism is comedic, and we're all assholes...fuck you, Google it.","friends_count":263,"location":"","profile_link_color":"0084B4","profile_image_url":"http://pbs.twimg.com/profile_images/485586553977053184/ZfjHKZUn_normal.jpeg","following":false,"geo_enabled":true,"profile_banner_url":"https://pbs.twimg.com/profile_banners/175062171/1406749128","profile_background_image_url":"http://abs.twimg.com/images/themes/theme1/bg.png","name":"Jimmy Russo","lang":"en","profile_background_tile":false,"favourites_count":62185,"screen_name":"livingnBoston","notifications":false,"url":"http://t.co/MW33nCOHs2","created_at":"Thu Aug 05 14:50:19 +0000 2010","contributors_enabled":false,"time_zone":"Eastern Time (US & Canada)","protected":false,"default_profile":true,"is_translator":false},"geo":null,"in_reply_to_user_id_str":"292777349","lang":"en","created_at":"Mon Dec 15 00:09:17 +0000 2014","in_reply_to_status_id_str":"544282355989753857","place":null},
{"contributors":null,"truncated":false,"text":"@pinkfrislay @PzFeed JSDHFHSDFJFDJS","in_reply_to_status_id":544282654548316160,"id":544283084431319042,"favorite_count":0,"source":"<a href=\"http://twitter.com\" rel=\"nofollow\">Twitter Web Client</a>","retweeted":false,"coordinates":null,"entities":{"symbols":[],"user_mentions":[{"id":1939752139,"indices":[0,12],"id_str":"1939752139","screen_name":"pinkfrislay","name":"benny"},{"id":292777349,"indices":[13,20],"id_str":"292777349","screen_name":"PzFeed","name":"PzFeed Top News"}],"hashtags":[],"urls":[]},"in_reply_to_screen_name":"pinkfrislay","id_str":"544283084431319042","retweet_count":0,"in_reply_to_user_id":1939752139,"favorited":false,"user":{"follow_request_sent":false,"profile_use_background_image":false,"profile_text_color":"333333","default_profile_image":false,"id":539324725,"profile_background_image_url_https":"https://pbs.twimg.com/profile_background_images/432215444108218368/gCkmqOUg.png","verified":false,"profile_location":null,"profile_image_url_https":"https://pbs.twimg.com/profile_images/586282581315948545/-bYknMLu_normal.png","profile_sidebar_fill_color":"DDEEF6","entities":{"url":{"urls":[{"url":"http://t.co/F1SNyCT3tk","indices":[0,22],"expanded_url":"http://last.fm/user/jordylewinsky","display_url":"last.fm/user/jordylewi…"}]},"description":{"urls":[]}},"followers_count":2529,"profile_sidebar_border_color":"000000","id_str":"539324725","profile_background_color":"000000","listed_count":13,"is_translation_enabled":false,"utc_offset":3600,"statuses_count":69658,"description":"welcome to the crying game where you lose your soul, where it ain’t no easy cash, you got to use the toll.","friends_count":361,"location":"nicki minaj","profile_link_color":"000000","profile_image_url":"http://pbs.twimg.com/profile_images/586282581315948545/-bYknMLu_normal.png","following":false,"geo_enabled":true,"profile_banner_url":"https://pbs.twimg.com/profile_banners/539324725/1418907225","profile_background_image_url":"http://pbs.twimg.com/profile_background_images/432215444108218368/gCkmqOUg.png","name":"jordy","lang":"nl","profile_background_tile":true,"favourites_count":7824,"screen_name":"onikallah","notifications":false,"url":"http://t.co/F1SNyCT3tk","created_at":"Wed Mar 28 19:39:53 +0000 2012","contributors_enabled":false,"time_zone":"Amsterdam","protected":false,"default_profile":false,"is_translator":false},"geo":null,"in_reply_to_user_id_str":"1939752139","lang":"tr","created_at":"Mon Dec 15 00:09:34 +0000 2014","in_reply_to_status_id_str":"544282654548316160","place":{"full_name":"Tilburg, North Brabant","url":"https://api.twitter.com/1.1/geo/id/de4a6927f1d07eca.json","country":"Nederland","place_type":"city","bounding_box":{"type":"Polygon","coordinates":[[[4.9479152,51.5294374],[5.1793323,51.5294374],[5.1793323,51.640588],[4.9479152,51.640588]]]},"contained_within":[],"country_code":"NL","attributes":{},"id":"de4a6927f1d07eca","name":"Tilburg"}},
{"contributors":null,"truncated":false,"text":"Not good RT “@PzFeed: BREAKING NEWS: Gunmen take hostages at Sydney cafe, wave Islamic flag http://t.co/Kd4P14ocFT http://t.co/hoCq1c5wzd”","in_reply_to_status_id":544282355989753857,"id":544283101997068288,"favorite_count":0,"source":"<a href=\"http://twitter.com/download/iphone\" rel=\"nofollow\">Twitter for iPhone</a>","retweeted":false,"coordinates":null,"entities":{"symbols":[],"user_mentions":[{"id":292777349,"indices":[13,20],"id_str":"292777349","screen_name":"PzFeed","name":"PzFeed Top News"}],"hashtags":[],"urls":[{"url":"http://t.co/Kd4P14ocFT","indices":[92,114],"expanded_url":"http://tinyurl.com/qgkakkm","display_url":"tinyurl.com/qgkakkm"},{"url":"http://t.co/hoCq1c5wzd","indices":[115,137],"expanded_url":"http://twitter.com/7NewsSydney/status/544281991554662401/photo/1","display_url":"pic.twitter.com/hoCq1c5wzd"}]},"in_reply_to_screen_name":"PzFeed","id_str":"544283101997068288","retweet_count":0,"in_reply_to_user_id":292777349,"favorited":false,"user":{"follow_request_sent":false,"profile_use_background_image":true,"profile_text_color":"333333","default_profile_image":false,"id":161248822,"profile_background_image_url_https":"https://abs.twimg.com/images/themes/theme1/bg.png","verified":false,"profile_location":null,"profile_image_url_https":"https://pbs.twimg.com/profile_images/589539497890701313/HWvQb0px_normal.jpg","profile_sidebar_fill_color":"DDEEF6","entities":{"description":{"urls":[]}},"followers_count":1117,"profile_sidebar_border_color":"C0DEED","id_str":"161248822","profile_background_color":"C0DEED","listed_count":27,"is_translation_enabled":false,"utc_offset":-18000,"statuses_count":67074,"description":"Mets, ND, Dal, NYJ, NYR, NYK, Duke, NYCFC - Dad - Athlete - Microbrews - #The7LineArmy","friends_count":699,"location":"The Ridge","profile_link_color":"0084B4","profile_image_url":"http://pbs.twimg.com/profile_images/589539497890701313/HWvQb0px_normal.jpg","following":false,"geo_enabled":false,"profile_banner_url":"https://pbs.twimg.com/profile_banners/161248822/1417060194","profile_background_image_url":"http://abs.twimg.com/images/themes/theme1/bg.png","name":"Tom","lang":"en","profile_background_tile":false,"favourites_count":559,"screen_name":"GetsThruBuckner","notifications":false,"url":null,"created_at":"Wed Jun 30 10:47:04 +0000 2010","contributors_enabled":false,"time_zone":"Eastern Time (US & Canada)","protected":false,"default_profile":true,"is_translator":false},"geo":null,"in_reply_to_user_id_str":"292777349","possibly_sensitive":false,"lang":"en","created_at":"Mon Dec 15 00:09:38 +0000 2014","in_reply_to_status_id_str":"544282355989753857","place":null},
{"contributors":null,"truncated":false,"text":"#BREAKING NEWS: Gunmen take hostages at Sydney cafe, wave Islamic flag http://t.co/9E0Vc7tPjO http://t.co/7CMPwbhuTM via @PzFeed","in_reply_to_status_id":544282355989753857,"id":544283115200319489,"favorite_count":0,"source":"<a href=\"http://twitter.com/download/iphone\" rel=\"nofollow\">Twitter for iPhone</a>","retweeted":false,"coordinates":null,"entities":{"symbols":[],"user_mentions":[{"id":292777349,"indices":[121,128],"id_str":"292777349","screen_name":"PzFeed","name":"PzFeed Top News"}],"hashtags":[{"indices":[0,9],"text":"BREAKING"}],"urls":[{"url":"http://t.co/9E0Vc7tPjO","indices":[71,93],"expanded_url":"http://tinyurl.com/qgkakkm","display_url":"tinyurl.com/qgkakkm"},{"url":"http://t.co/7CMPwbhuTM","indices":[94,116],"expanded_url":"http://twitter.com/7NewsSydney/status/544281991554662401/photo/1","display_url":"pic.twitter.com/7CMPwbhuTM"}]},"in_reply_to_screen_name":"PzFeed","id_str":"544283115200319489","retweet_count":0,"in_reply_to_user_id":292777349,"favorited":false,"user":{"follow_request_sent":false,"profile_use_background_image":true,"profile_text_color":"3E4415","default_profile_image":false,"id":37595323,"profile_background_image_url_https":"https://abs.twimg.com/images/themes/theme5/bg.gif","verified":false,"profile_location":null,"profile_image_url_https":"https://pbs.twimg.com/profile_images/378800000337627482/37cfe42c48a78d3d7a1ece653689d2e8_normal.jpeg","profile_sidebar_fill_color":"99CC33","entities":{"description":{"urls":[]}},"followers_count":2888,"profile_sidebar_border_color":"829D5E","id_str":"37595323","profile_background_color":"352726","listed_count":63,"is_translation_enabled":false,"utc_offset":28800,"statuses_count":75774,"description":"Consultant, Music, Travelling, Football, SABM, LoyarBurok","friends_count":1124,"location":"","profile_link_color":"D02B55","profile_image_url":"http://pbs.twimg.com/profile_images/378800000337627482/37cfe42c48a78d3d7a1ece653689d2e8_normal.jpeg","following":false,"geo_enabled":true,"profile_banner_url":"https://pbs.twimg.com/profile_banners/37595323/1364521738","profile_background_image_url":"http://abs.twimg.com/images/themes/theme5/bg.gif","name":"Adrian Ng","lang":"en","profile_background_tile":false,"favourites_count":280,"screen_name":"AdrianNCF","notifications":false,"url":null,"created_at":"Mon May 04 04:36:03 +0000 2009","contributors_enabled":false,"time_zone":"Kuala Lumpur","protected":false,"default_profile":false,"is_translator":false},"geo":null,"in_reply_to_user_id_str":"292777349","possibly_sensitive":false,"lang":"en","created_at":"Mon Dec 15 00:09:41 +0000 2014","in_reply_to_status_id_str":"544282355989753857","place":null},
{"contributors":null,"truncated":false,"text":"Wow RT @PzFeed: BREAKING NEWS: Gunmen take hostages at Sydney cafe, wave Islamic flag http://t.co/JIQLES77hJ http://t.co/oJG1GIOOf7","in_reply_to_status_id":544282355989753857,"id":544283290996600832,"favorite_count":0,"source":"<a href=\"http://twitter.com/#!/download/ipad\" rel=\"nofollow\">Twitter for iPad</a>","retweeted":false,"coordinates":null,"entities":{"symbols":[],"user_mentions":[{"id":292777349,"indices":[7,14],"id_str":"292777349","screen_name":"PzFeed","name":"PzFeed Top News"}],"hashtags":[],"urls":[{"url":"http://t.co/JIQLES77hJ","indices":[86,108],"expanded_url":"http://tinyurl.com/qgkakkm","display_url":"tinyurl.com/qgkakkm"},{"url":"http://t.co/oJG1GIOOf7","indices":[109,131],"expanded_url":"http://twitter.com/7NewsSydney/status/544281991554662401/photo/1","display_url":"pic.twitter.com/oJG1GIOOf7"}]},"in_reply_to_screen_name":"PzFeed","id_str":"544283290996600832","retweet_count":1,"in_reply_to_user_id":292777349,"favorited":false,"user":{"follow_request_sent":false,"profile_use_background_image":true,"profile_text_color":"C1C70A","default_profile_image":false,"id":200556557,"profile_background_image_url_https":"https://pbs.twimg.com/profile_background_images/887734001/62f097653e71acb3ad5fbf825d797cc3.jpeg","verified":false,"profile_location":null,"profile_image_url_https":"https://pbs.twimg.com/profile_images/588511859612889088/BPM9CX8i_normal.jpg","profile_sidebar_fill_color":"050405","entities":{"description":{"urls":[]}},"followers_count":1369,"profile_sidebar_border_color":"000000","id_str":"200556557","profile_background_color":"BDB598","listed_count":30,"is_translation_enabled":false,"utc_offset":-28800,"statuses_count":95504,"description":"Bridging the gap between poverty and education; spreading hope to the hopeless ⚓️ UW Husky Alum #GoDawgs #Seahawks #Rockets Proverbs 31:8-9","friends_count":700,"location":"PNW","profile_link_color":"474646","profile_image_url":"http://pbs.twimg.com/profile_images/588511859612889088/BPM9CX8i_normal.jpg","following":false,"geo_enabled":false,"profile_banner_url":"https://pbs.twimg.com/profile_banners/200556557/1418004751","profile_background_image_url":"http://pbs.twimg.com/profile_background_images/887734001/62f097653e71acb3ad5fbf825d797cc3.jpeg","name":"Randi","lang":"en","profile_background_tile":true,"favourites_count":1754,"screen_name":"_MissRandi","notifications":false,"url":null,"created_at":"Sat Oct 09 16:17:35 +0000 2010","contributors_enabled":false,"time_zone":"Pacific Time (US & Canada)","protected":false,"default_profile":false,"is_translator":false},"geo":null,"in_reply_to_user_id_str":"292777349","possibly_sensitive":false,"lang":"en","created_at":"Mon Dec 15 00:10:23 +0000 2014","in_reply_to_status_id_str":"544282355989753857","place":null},
{"contributors":null,"truncated":false,"text":"Christ. RT @PzFeed: BREAKING NEWS: Gunmen take hostages at Sydney cafe, wave Islamic flag http://t.co/A032XzEa3W http://t.co/VrI8f3M9rN","in_reply_to_status_id":544282355989753857,"id":544283461368807424,"favorite_count":0,"source":"<a href=\"http://twitter.com/download/iphone\" rel=\"nofollow\">Twitter for iPhone</a>","retweeted":false,"coordinates":null,"entities":{"symbols":[],"user_mentions":[{"id":292777349,"indices":[11,18],"id_str":"292777349","screen_name":"PzFeed","name":"PzFeed Top News"}],"hashtags":[],"urls":[{"url":"http://t.co/A032XzEa3W","indices":[90,112],"expanded_url":"http://tinyurl.com/qgkakkm","display_url":"tinyurl.com/qgkakkm"},{"url":"http://t.co/VrI8f3M9rN","indices":[113,135],"expanded_url":"http://twitter.com/7NewsSydney/status/544281991554662401/photo/1","display_url":"pic.twitter.com/VrI8f3M9rN"}]},"in_reply_to_screen_name":"PzFeed","id_str":"544283461368807424","retweet_count":0,"in_reply_to_user_id":292777349,"favorited":false,"user":{"follow_request_sent":false,"profile_use_background_image":true,"profile_text_color":"666666","default_profile_image":false,"id":28025132,"profile_background_image_url_https":"https://pbs.twimg.com/profile_background_images/526167701194944512/oWnAmvid.jpeg","verified":false,"profile_location":null,"profile_image_url_https":"https://pbs.twimg.com/profile_images/586572615151656960/-bs8wP2H_normal.jpg","profile_sidebar_fill_color":"121212","entities":{"url":{"urls":[{"url":"https://t.co/yafPUR8Rx7","indices":[0,23],"expanded_url":"https://www.youtube.com/watch?v=PkWMpDdLe6s#t=138","display_url":"youtube.com/watch?v=PkWMpD…"}]},"description":{"urls":[]}},"followers_count":521,"profile_sidebar_border_color":"000000","id_str":"28025132","profile_background_color":"000000","listed_count":15,"is_translation_enabled":false,"utc_offset":-18000,"statuses_count":107654,"description":"Aficionado of  DOOM, Jordin Sparks, and Tennis. My main homie is a dog named Yar. My tweets are sponsored by Colt 45. Get at me.","friends_count":219,"location":"In The 336.","profile_link_color":"000000","profile_image_url":"http://pbs.twimg.com/profile_images/586572615151656960/-bs8wP2H_normal.jpg","following":false,"geo_enabled":false,"profile_banner_url":"https://pbs.twimg.com/profile_banners/28025132/1398361225","profile_background_image_url":"http://pbs.twimg.com/profile_background_images/526167701194944512/oWnAmvid.jpeg","name":"Marty.","lang":"en","profile_background_tile":true,"favourites_count":6426,"screen_name":"Atwitisborn","notifications":false,"url":"https://t.co/yafPUR8Rx7","created_at":"Wed Apr 01 02:05:37 +0000 2009","contributors_enabled":false,"time_zone":"Eastern Time (US & Canada)","protected":false,"default_profile":false,"is_translator":false},"geo":null,"in_reply_to_user_id_str":"292777349","possibly_sensitive":false,"lang":"en","created_at":"Mon Dec 15 00:11:04 +0000 2014","in_reply_to_status_id_str":"544282355989753857","place":null},
{"contributors":null,"truncated":false,"text":"@hausofJazzy this is just too scary!","in_reply_to_status_id":544282851869720576,"id":544283530600394752,"favorite_count":0,"source":"<a href=\"http://twitter.com/download/iphone\" rel=\"nofollow\">Twitter for iPhone</a>","retweeted":false,"coordinates":null,"entities":{"symbols":[],"user_mentions":[{"id":37896521,"indices":[0,12],"id_str":"37896521","screen_name":"hausofJazzy","name":"Jazzyoncé"}],"hashtags":[],"urls":[]},"in_reply_to_screen_name":"hausofJazzy","id_str":"544283530600394752","retweet_count":0,"in_reply_to_user_id":37896521,"favorited":false,"user":{"follow_request_sent":false,"profile_use_background_image":true,"profile_text_color":"000000","default_profile_image":false,"id":198200324,"profile_background_image_url_https":"https://pbs.twimg.com/profile_background_images/518630691165065216/JpOf-7vQ.png","verified":false,"profile_location":null,"profile_image_url_https":"https://pbs.twimg.com/profile_images/577466310277361664/lL03nJ2j_normal.jpeg","profile_sidebar_fill_color":"FFFFFF","entities":{"url":{"urls":[{"url":"http://t.co/nLM9XvjiRo","indices":[0,22],"expanded_url":"http://jasmineshaniece.com","display_url":"jasmineshaniece.com"}]},"description":{"urls":[]}},"followers_count":262,"profile_sidebar_border_color":"000000","id_str":"198200324","profile_background_color":"000000","listed_count":8,"is_translation_enabled":false,"utc_offset":-18000,"statuses_count":25159,"description":"Writer. Web Editor. Beauty Obsessor. Cocktail Connoisseur.","friends_count":668,"location":"LI To BK","profile_link_color":"79003E","profile_image_url":"http://pbs.twimg.com/profile_images/577466310277361664/lL03nJ2j_normal.jpeg","following":false,"geo_enabled":false,"profile_banner_url":"https://pbs.twimg.com/profile_banners/198200324/1412803513","profile_background_image_url":"http://pbs.twimg.com/profile_background_images/518630691165065216/JpOf-7vQ.png","name":"Jasmine Washington","lang":"en","profile_background_tile":true,"favourites_count":29,"screen_name":"Its_just_jas","notifications":false,"url":"http://t.co/nLM9XvjiRo","created_at":"Sun Oct 03 16:50:53 +0000 2010","contributors_enabled":false,"time_zone":"Eastern Time (US & Canada)","protected":false,"default_profile":false,"is_translator":false},"geo":null,"in_reply_to_user_id_str":"37896521","lang":"en","created_at":"Mon Dec 15 00:11:20 +0000 2014","in_reply_to_status_id_str":"544282851869720576","place":null},
{"contributors":null,"truncated":false,"text":"@PzFeed Every country playing this diversity game needs 2 wake the hell up &amp; kick Muslims out! Tired of hearing there are good and bad. OUT!","in_reply_to_status_id":544282355989753857,"id":544283747647258624,"favorite_count":0,"source":"<a href=\"http://twitter.com/#!/download/ipad\" rel=\"nofollow\">Twitter for iPad</a>","retweeted":false,"coordinates":null,"entities":{"symbols":[],"user_mentions":[{"id":292777349,"indices":[0,7],"id_str":"292777349","screen_name":"PzFeed","name":"PzFeed Top News"}],"hashtags":[],"urls":[]},"in_reply_to_screen_name":"PzFeed","id_str":"544283747647258624","retweet_count":0,"in_reply_to_user_id":292777349,"favorited":false,"user":{"follow_request_sent":false,"profile_use_background_image":true,"profile_text_color":"333333","default_profile_image":false,"id":2477028826,"profile_background_image_url_https":"https://abs.twimg.com/images/themes/theme1/bg.png","verified":false,"profile_location":null,"profile_image_url_https":"https://pbs.twimg.com/profile_images/509515547151568896/QU1B30pt_normal.jpeg","profile_sidebar_fill_color":"DDEEF6","entities":{"description":{"urls":[]}},"followers_count":1164,"profile_sidebar_border_color":"C0DEED","id_str":"2477028826","profile_background_color":"C0DEED","listed_count":12,"is_translation_enabled":false,"utc_offset":-18000,"statuses_count":4247,"description":"Tea Party, Reagan conservative","friends_count":1481,"location":"USA","profile_link_color":"0084B4","profile_image_url":"http://pbs.twimg.com/profile_images/509515547151568896/QU1B30pt_normal.jpeg","following":false,"geo_enabled":false,"profile_background_image_url":"http://abs.twimg.com/images/themes/theme1/bg.png","name":"Kathy","lang":"en","profile_background_tile":false,"favourites_count":14,"screen_name":"krom1781","notifications":false,"url":null,"created_at":"Fri Apr 11 20:03:28 +0000 2014","contributors_enabled":false,"time_zone":"Eastern Time (US & Canada)","protected":false,"default_profile":true,"is_translator":false},"geo":null,"in_reply_to_user_id_str":"292777349","lang":"en","created_at":"Mon Dec 15 00:12:12 +0000 2014","in_reply_to_status_id_str":"544282355989753857","place":null},
{"contributors":null,"truncated":false,"text":"@Its_just_jas seriously ! Those poor people omg","in_reply_to_status_id":544283530600394752,"id":544283776143360000,"favorite_count":0,"source":"<a href=\"http://twitter.com/download/iphone\" rel=\"nofollow\">Twitter for iPhone</a>","retweeted":false,"coordinates":null,"entities":{"symbols":[],"user_mentions":[{"id":198200324,"indices":[0,13],"id_str":"198200324","screen_name":"Its_just_jas","name":"Jasmine Washington"}],"hashtags":[],"urls":[]},"in_reply_to_screen_name":"Its_just_jas","id_str":"544283776143360000","retweet_count":0,"in_reply_to_user_id":198200324,"favorited":false,"user":{"follow_request_sent":false,"profile_use_background_image":true,"profile_text_color":"000000","default_profile_image":false,"id":37896521,"profile_background_image_url_https":"https://pbs.twimg.com/profile_background_images/342264381/BB.gif","verified":false,"profile_location":null,"profile_image_url_https":"https://pbs.twimg.com/profile_images/587125803982397440/xpEyrMmf_normal.jpg","profile_sidebar_fill_color":"FCFBF9","entities":{"url":{"urls":[{"url":"http://t.co/SutzAXyQZF","indices":[0,22],"expanded_url":"http://globalgrind.com/author/hausofjazzy","display_url":"globalgrind.com/author/hausofj…"}]},"description":{"urls":[]}},"followers_count":5065,"profile_sidebar_border_color":"FCFBF9","id_str":"37896521","profile_background_color":"EDECE9","listed_count":45,"is_translation_enabled":false,"utc_offset":-18000,"statuses_count":232042,"description":"PopCulture addict. Beyoncé. King James. Retired Music Journalist. Wall Streetwalker. St. John's University Alum. Instagram: hausofJazzy |","friends_count":615,"location":"Brooklyn til I die. ","profile_link_color":"EB0E71","profile_image_url":"http://pbs.twimg.com/profile_images/587125803982397440/xpEyrMmf_normal.jpg","following":false,"geo_enabled":true,"profile_banner_url":"https://pbs.twimg.com/profile_banners/37896521/1411182955","profile_background_image_url":"http://pbs.twimg.com/profile_background_images/342264381/BB.gif","name":"Jazzyoncé","lang":"en","profile_background_tile":true,"favourites_count":4024,"screen_name":"hausofJazzy","notifications":false,"url":"http://t.co/SutzAXyQZF","created_at":"Tue May 05 10:20:43 +0000 2009","contributors_enabled":false,"time_zone":"Eastern Time (US & Canada)","protected":false,"default_profile":false,"is_translator":false},"geo":null,"in_reply_to_user_id_str":"198200324","lang":"en","created_at":"Mon Dec 15 00:12:19 +0000 2014","in_reply_to_status_id_str":"544283530600394752","place":null},
{"contributors":null,"truncated":false,"text":"@krom1781 How do you propose we kick them all out?","in_reply_to_status_id":544283747647258624,"id":544283975607648256,"favorite_count":0,"source":"<a href=\"http://twitter.com\" rel=\"nofollow\">Twitter Web Client</a>","retweeted":false,"coordinates":null,"entities":{"symbols":[],"user_mentions":[{"id":2477028826,"indices":[0,9],"id_str":"2477028826","screen_name":"krom1781","name":"Kathy"}],"hashtags":[],"urls":[]},"in_reply_to_screen_name":"krom1781","id_str":"544283975607648256","retweet_count":0,"in_reply_to_user_id":2477028826,"favorited":false,"user":{"follow_request_sent":false,"profile_use_background_image":true,"profile_text_color":"333333","default_profile_image":false,"id":636989614,"profile_background_image_url_https":"https://pbs.twimg.com/profile_background_images/378800000092315091/28534173efef8e5c176d7838d885679d.jpeg","verified":false,"profile_location":null,"profile_image_url_https":"https://pbs.twimg.com/profile_images/546091513491767296/y8EZWO0r_normal.jpeg","profile_sidebar_fill_color":"DDEEF6","entities":{"description":{"urls":[]}},"followers_count":421,"profile_sidebar_border_color":"000000","id_str":"636989614","profile_background_color":"C0DEED","listed_count":4,"is_translation_enabled":false,"utc_offset":0,"statuses_count":13224,"description":"And then what happened?....","friends_count":1062,"location":"Manchester.","profile_link_color":"0084B4","profile_image_url":"http://pbs.twimg.com/profile_images/546091513491767296/y8EZWO0r_normal.jpeg","following":false,"geo_enabled":true,"profile_banner_url":"https://pbs.twimg.com/profile_banners/636989614/1356607560","profile_background_image_url":"http://pbs.twimg.com/profile_background_images/378800000092315091/28534173efef8e5c176d7838d885679d.jpeg","name":"King Wizard","lang":"en","profile_background_tile":true,"favourites_count":2702,"screen_name":"Lord_Infamous","notifications":false,"url":null,"created_at":"Mon Jul 16 13:48:50 +0000 2012","contributors_enabled":false,"time_zone":"Casablanca","protected":false,"default_profile":false,"is_translator":false},"geo":null,"in_reply_to_user_id_str":"2477028826","lang":"en","created_at":"Mon Dec 15 00:13:06 +0000 2014","in_reply_to_status_id_str":"544283747647258624","place":null},
{"contributors":null,"truncated":false,"text":"@hausofJazzy Sydney is one of the last places I would ever think to be on the look out for","in_reply_to_status_id":544283776143360000,"id":544283986668036096,"favorite_count":0,"source":"<a href=\"http://twitter.com/download/iphone\" rel=\"nofollow\">Twitter for iPhone</a>","retweeted":false,"coordinates":null,"entities":{"symbols":[],"user_mentions":[{"id":37896521,"indices":[0,12],"id_str":"37896521","screen_name":"hausofJazzy","name":"Jazzyoncé"}],"hashtags":[],"urls":[]},"in_reply_to_screen_name":"hausofJazzy","id_str":"544283986668036096","retweet_count":0,"in_reply_to_user_id":37896521,"favorited":false,"user":{"follow_request_sent":false,"profile_use_background_image":true,"profile_text_color":"000000","default_profile_image":false,"id":198200324,"profile_background_image_url_https":"https://pbs.twimg.com/profile_background_images/518630691165065216/JpOf-7vQ.png","verified":false,"profile_location":null,"profile_image_url_https":"https://pbs.twimg.com/profile_images/577466310277361664/lL03nJ2j_normal.jpeg","profile_sidebar_fill_color":"FFFFFF","entities":{"url":{"urls":[{"url":"http://t.co/nLM9XvjiRo","indices":[0,22],"expanded_url":"http://jasmineshaniece.com","display_url":"jasmineshaniece.com"}]},"description":{"urls":[]}},"followers_count":262,"profile_sidebar_border_color":"000000","id_str":"198200324","profile_background_color":"000000","listed_count":8,"is_translation_enabled":false,"utc_offset":-18000,"statuses_count":25160,"description":"Writer. Web Editor. Beauty Obsessor. Cocktail Connoisseur.","friends_count":668,"location":"LI To BK","profile_link_color":"79003E","profile_image_url":"http://pbs.twimg.com/profile_images/577466310277361664/lL03nJ2j_normal.jpeg","following":false,"geo_enabled":false,"profile_banner_url":"https://pbs.twimg.com/profile_banners/198200324/1412803513","profile_background_image_url":"http://pbs.twimg.com/profile_background_images/518630691165065216/JpOf-7vQ.png","name":"Jasmine Washington","lang":"en","profile_background_tile":true,"favourites_count":29,"screen_name":"Its_just_jas","notifications":false,"url":"http://t.co/nLM9XvjiRo","created_at":"Sun Oct 03 16:50:53 +0000 2010","contributors_enabled":false,"time_zone":"Eastern Time (US & Canada)","protected":false,"default_profile":false,"is_translator":false},"geo":null,"in_reply_to_user_id_str":"37896521","lang":"en","created_at":"Mon Dec 15 00:13:09 +0000 2014","in_reply_to_status_id_str":"544283776143360000","place":null}
]