{"contributors":null,"truncated":false,"text":"MORE: Alleged ISIS Militants Take Hostages In Busy Sydney Cafe -Developing - http:\/\/t.co\/gDkig15YuN http:\/\/t.co\/tYe1QbavWl","in_reply_to_status_id":null,"id":544273563872538624,"favorite_count":21,"source":"<a href=\"http:\/\/www.ipraxalab.com\/wordpress\/breaking\/\" rel=\"nofollow\">BREAKING NEWS Testing new<\/a>","retweeted":false,"coordinates":null,"entities":{"symbols":[],"user_mentions":[],"hashtags":[],"urls":[{"url":"http:\/\/t.co\/gDkig15YuN","indices":[77,99],"expanded_url":"http:\/\/bit.ly\/1qOKG9P","display_url":"bit.ly\/1qOKG9P"}],"media":[{"expanded_url":"http:\/\/twitter.com\/Breaking911\/status\/544273563872538624\/photo\/1","display_url":"pic.twitter.com\/tYe1QbavWl","url":"http:\/\/t.co\/tYe1QbavWl","media_url_https":"https:\/\/pbs.twimg.com\/media\/B42l7DDCAAA2Su0.jpg","id_str":"544273563830583296","sizes":{"large":{"h":337,"resize":"fit","w":600},"small":{"h":190,"resize":"fit","w":340},"medium":{"h":337,"resize":"fit","w":600},"thumb":{"h":150,"resize":"crop","w":150}},"indices":[100,122],"type":"photo","id":544273563830583296,"media_url":"http:\/\/pbs.twimg.com\/media\/B42l7DDCAAA2Su0.jpg"}]},"in_reply_to_screen_name":null,"id_str":"544273563872538624","retweet_count":107,"in_reply_to_user_id":null,"favorited":false,"user":{"follow_request_sent":false,"profile_use_background_image":true,"profile_text_color":"333333","default_profile_image":false,"id":375721095,"profile_background_image_url_https":"https:\/\/pbs.twimg.com\/profile_background_images\/378800000156568660\/kBuOAnnE.jpeg","verified":false,"profile_location":null,"profile_image_url_https":"https:\/\/pbs.twimg.com\/profile_images\/575733505948168192\/LCNZoIux_normal.jpeg","profile_sidebar_fill_color":"DDEEF6","entities":{"url":{"urls":[{"url":"http:\/\/t.co\/RWBI1fT41I","indices":[0,22],"expanded_url":"http:\/\/Breaking911.com","display_url":"Breaking911.com"}]},"description":{"urls":[]}},"followers_count":110901,"profile_sidebar_border_color":"FFFFFF","id_str":"375721095","profile_background_color":"C0DEED","listed_count":868,"is_translation_enabled":false,"utc_offset":-18000,"statuses_count":18356,"description":"Break\u2022ing 9\u20221\u20221 (noun): Newly Received Information About an Event That Is Currently Occurring or Developing. Email us: Breaking911@gmail.com","friends_count":3,"location":"Visit Us At ","profile_link_color":"0084B4","profile_image_url":"http:\/\/pbs.twimg.com\/profile_images\/575733505948168192\/LCNZoIux_normal.jpeg","following":false,"geo_enabled":true,"profile_banner_url":"https:\/\/pbs.twimg.com\/profile_banners\/375721095\/1406741798","profile_background_image_url":"http:\/\/pbs.twimg.com\/profile_background_images\/378800000156568660\/kBuOAnnE.jpeg","name":"Breaking911","lang":"en","profile_background_tile":false,"favourites_count":2,"screen_name":"Breaking911","notifications":false,"url":"http:\/\/t.co\/RWBI1fT41I","created_at":"Sun Sep 18 16:36:06 +0000 2011","contributors_enabled":false,"time_zone":"Eastern Time (US & Canada)","protected":false,"default_profile":false,"is_translator":false},"geo":null,"in_reply_to_user_id_str":null,"possibly_sensitive":false,"lang":"en","created_at":"Sun Dec 14 23:31:44 +0000 2014","in_reply_to_status_id_str":null,"place":null,"extended_entities":{"media":[{"expanded_url":"http:\/\/twitter.com\/Breaking911\/status\/544273563872538624\/photo\/1","display_url":"pic.twitter.com\/tYe1QbavWl","url":"http:\/\/t.co\/tYe1QbavWl","media_url_https":"https:\/\/pbs.twimg.com\/media\/B42l7DDCAAA2Su0.jpg","id_str":"544273563830583296","sizes":{"large":{"h":337,"resize":"fit","w":600},"small":{"h":190,"resize":"fit","w":340},"medium":{"h":337,"resize":"fit","w":600},"thumb":{"h":150,"resize":"crop","w":150}},"indices":[100,122],"type":"photo","id":544273563830583296,"media_url":"http:\/\/pbs.twimg.com\/media\/B42l7DDCAAA2Su0.jpg"}]}}