{"contributors":null,"truncated":false,"text":"Developing: Hostage situation in Sydney, Australia. \n\nUpdates: http:\/\/t.co\/komxnGl3We\n\nVideo: http:\/\/t.co\/6067SdLgHT http:\/\/t.co\/LKSWfStPV1","in_reply_to_status_id":null,"id":544287425380360193,"favorite_count":12,"source":"<a href=\"https:\/\/about.twitter.com\/products\/tweetdeck\" rel=\"nofollow\">TweetDeck<\/a>","retweeted":false,"coordinates":null,"entities":{"symbols":[],"user_mentions":[],"hashtags":[],"urls":[{"url":"http:\/\/t.co\/komxnGl3We","indices":[63,85],"expanded_url":"http:\/\/cir.ca\/news\/sydney-hostage-situation","display_url":"cir.ca\/news\/sydney-ho\u2026"},{"url":"http:\/\/t.co\/6067SdLgHT","indices":[94,116],"expanded_url":"http:\/\/news.sky.com\/interactive\/1345361\/watch-sky-news-live","display_url":"news.sky.com\/interactive\/13\u2026"}],"media":[{"expanded_url":"http:\/\/twitter.com\/AntDeRosa\/status\/544287425380360193\/photo\/1","display_url":"pic.twitter.com\/LKSWfStPV1","url":"http:\/\/t.co\/LKSWfStPV1","media_url_https":"https:\/\/pbs.twimg.com\/media\/B42yh2nCcAAz9Jp.png","id_str":"544287424646377472","sizes":{"small":{"h":186,"resize":"fit","w":340},"large":{"h":529,"resize":"fit","w":962},"medium":{"h":329,"resize":"fit","w":600},"thumb":{"h":150,"resize":"crop","w":150}},"indices":[117,139],"type":"photo","id":544287424646377472,"media_url":"http:\/\/pbs.twimg.com\/media\/B42yh2nCcAAz9Jp.png"}]},"in_reply_to_screen_name":null,"id_str":"544287425380360193","retweet_count":110,"in_reply_to_user_id":null,"favorited":false,"user":{"follow_request_sent":false,"profile_use_background_image":true,"profile_text_color":"000000","default_profile_image":false,"id":1140451,"profile_background_image_url_https":"https:\/\/pbs.twimg.com\/profile_background_images\/378800000034906022\/c88a8ce48d4f1fa1ce55588368c0326d.jpeg","verified":true,"profile_location":null,"profile_image_url_https":"https:\/\/pbs.twimg.com\/profile_images\/549067377300627456\/A5KupXjG_normal.png","profile_sidebar_fill_color":"F0F0F0","entities":{"url":{"urls":[{"url":"http:\/\/t.co\/QmWyqm1n2P","indices":[0,22],"expanded_url":"http:\/\/cir.ca","display_url":"cir.ca"}]},"description":{"urls":[]}},"followers_count":80624,"profile_sidebar_border_color":"FFFFFF","id_str":"1140451","profile_background_color":"FFFFFF","listed_count":4545,"is_translation_enabled":false,"utc_offset":-18000,"statuses_count":135945,"description":"Editor-In-Chief @Circa \/ anthony@cir.ca","friends_count":4973,"location":"Jersey City, NJ","profile_link_color":"2A70A6","profile_image_url":"http:\/\/pbs.twimg.com\/profile_images\/549067377300627456\/A5KupXjG_normal.png","following":false,"geo_enabled":true,"profile_banner_url":"https:\/\/pbs.twimg.com\/profile_banners\/1140451\/1413041788","profile_background_image_url":"http:\/\/pbs.twimg.com\/profile_background_images\/378800000034906022\/c88a8ce48d4f1fa1ce55588368c0326d.jpeg","name":"Anthony De Rosa","lang":"en","profile_background_tile":true,"favourites_count":11537,"screen_name":"AntDeRosa","notifications":false,"url":"http:\/\/t.co\/QmWyqm1n2P","created_at":"Wed Mar 14 05:45:24 +0000 2007","contributors_enabled":false,"time_zone":"Eastern Time (US & Canada)","protected":false,"default_profile":false,"is_translator":false},"geo":null,"in_reply_to_user_id_str":null,"possibly_sensitive":false,"lang":"en","created_at":"Mon Dec 15 00:26:49 +0000 2014","in_reply_to_status_id_str":null,"place":null,"extended_entities":{"media":[{"expanded_url":"http:\/\/twitter.com\/AntDeRosa\/status\/544287425380360193\/photo\/1","display_url":"pic.twitter.com\/LKSWfStPV1","url":"http:\/\/t.co\/LKSWfStPV1","media_url_https":"https:\/\/pbs.twimg.com\/media\/B42yh2nCcAAz9Jp.png","id_str":"544287424646377472","sizes":{"small":{"h":186,"resize":"fit","w":340},"large":{"h":529,"resize":"fit","w":962},"medium":{"h":329,"resize":"fit","w":600},"thumb":{"h":150,"resize":"crop","w":150}},"indices":[117,139],"type":"photo","id":544287424646377472,"media_url":"http:\/\/pbs.twimg.com\/media\/B42yh2nCcAAz9Jp.png"}]}}