{"contributors": null, "truncated": false, "text": "More from Sydney: Opera House evacuated; siege continuing; local media reports 13 hostages http://t.co/cLBDtGBY4R http://t.co/Eoqk6KfEWt", "in_reply_to_status_id": null, "id": 544287796719288321, "favorite_count": 37, "source": "<a href=\"http://www.socialflow.com\" rel=\"nofollow\">SocialFlow</a>", "retweeted": false, "coordinates": null, "entities": {"symbols": [], "user_mentions": [], "hashtags": [], "urls": [{"url": "http://t.co/cLBDtGBY4R", "indices": [91, 113], "expanded_url": "http://aje.me/1zmjIHj", "display_url": "aje.me/1zmjIHj"}], "media": [{"expanded_url": "http://twitter.com/AJENews/status/544287796719288321/photo/1", "display_url": "pic.twitter.com/Eoqk6KfEWt", "url": "http://t.co/Eoqk6KfEWt", "media_url_https": "https://pbs.twimg.com/media/B42y3gdIYAAD24j.jpg", "id_str": "544287796656365568", "sizes": {"small": {"h": 225, "resize": "fit", "w": 340}, "large": {"h": 450, "resize": "fit", "w": 680}, "medium": {"h": 397, "resize": "fit", "w": 600}, "thumb": {"h": 150, "resize": "crop", "w": 150}}, "indices": [114, 136], "type": "photo", "id": 544287796656365568, "media_url": "http://pbs.twimg.com/media/B42y3gdIYAAD24j.jpg"}]}, "in_reply_to_screen_name": null, "id_str": "544287796719288321", "retweet_count": 250, "in_reply_to_user_id": null, "favorited": false, "user": {"follow_request_sent": false, "profile_use_background_image": false, "profile_text_color": "333333", "default_profile_image": false, "id": 18424289, "profile_background_image_url_https": "https://pbs.twimg.com/profile_background_images/433511991982821376/ZwClzpaF.jpeg", "verified": true, "profile_location": null, "profile_image_url_https": "https://pbs.twimg.com/profile_images/448478250503647233/xZOjTaoA_normal.jpeg", "profile_sidebar_fill_color": "E4E2E2", "entities": {"url": {"urls": [{"url": "http://t.co/YvNwxEKYfK", "indices": [0, 22], "expanded_url": "http://aljazeera.com", "display_url": "aljazeera.com"}]}, "description": {"urls": []}}, "followers_count": 689895, "profile_sidebar_border_color": "FFFFFF", "id_str": "18424289", "profile_background_color": "FFFFFF", "listed_count": 13825, "is_translation_enabled": false, "utc_offset": 0, "statuses_count": 51855, "description": "Follow @AJENews for the latest news, on-going coverage and unique perspectives from around the world. For more: @AJEnglish", "friends_count": 359, "location": "Doha, Qatar", "profile_link_color": "CB922A", "profile_image_url": "http://pbs.twimg.com/profile_images/448478250503647233/xZOjTaoA_normal.jpeg", "following": false, "geo_enabled": false, "profile_banner_url": "https://pbs.twimg.com/profile_banners/18424289/1415510590", "profile_background_image_url": "http://pbs.twimg.com/profile_background_images/433511991982821376/ZwClzpaF.jpeg", "name": "AJE News", "lang": "en", "profile_background_tile": false, "favourites_count": 24, "screen_name": "AJENews", "notifications": false, "url": "http://t.co/YvNwxEKYfK", "created_at": "Sun Dec 28 08:02:32 +0000 2008", "contributors_enabled": false, "time_zone": "London", "protected": false, "default_profile": false, "is_translator": false}, "geo": null, "in_reply_to_user_id_str": null, "possibly_sensitive": false, "lang": "en", "created_at": "Mon Dec 15 00:28:17 +0000 2014", "in_reply_to_status_id_str": null, "place": null, "extended_entities": {"media": [{"expanded_url": "http://twitter.com/AJENews/status/544287796719288321/photo/1", "display_url": "pic.twitter.com/Eoqk6KfEWt", "url": "http://t.co/Eoqk6KfEWt", "media_url_https": "https://pbs.twimg.com/media/B42y3gdIYAAD24j.jpg", "id_str": "544287796656365568", "sizes": {"small": {"h": 225, "resize": "fit", "w": 340}, "large": {"h": 450, "resize": "fit", "w": 680}, "medium": {"h": 397, "resize": "fit", "w": 600}, "thumb": {"h": 150, "resize": "crop", "w": 150}}, "indices": [114, 136], "type": "photo", "id": 544287796656365568, "media_url": "http://pbs.twimg.com/media/B42y3gdIYAAD24j.jpg"}]}}