{"contributors": null, "truncated": false, "text": "DEVELOPING: Major police operation underway at Martin Place in Sydney's central business district, police tell @ABC News.", "in_reply_to_status_id": null, "id": 544280650455728129, "favorite_count": 29, "source": "<a href=\"https://about.twitter.com/products/tweetdeck\" rel=\"nofollow\">TweetDeck</a>", "retweeted": false, "coordinates": null, "entities": {"symbols": [], "user_mentions": [{"id": 28785486, "indices": [111, 115], "id_str": "28785486", "screen_name": "ABC", "name": "ABC News"}], "hashtags": [], "urls": []}, "in_reply_to_screen_name": null, "id_str": "544280650455728129", "retweet_count": 101, "in_reply_to_user_id": null, "favorited": false, "user": {"follow_request_sent": false, "profile_use_background_image": true, "profile_text_color": "333333", "default_profile_image": false, "id": 28785486, "profile_background_image_url_https": "https://pbs.twimg.com/profile_background_images/441965491024719872/pAv-lzCZ.jpeg", "verified": true, "profile_location": null, "profile_image_url_https": "https://pbs.twimg.com/profile_images/528328276414971904/6UHQeTXS_normal.png", "profile_sidebar_fill_color": "DDEEF6", "entities": {"url": {"urls": [{"url": "http://t.co/v7GWW7yYST", "indices": [0, 22], "expanded_url": "http://ABCNews.com", "display_url": "ABCNews.com"}]}, "description": {"urls": []}}, "followers_count": 3776717, "profile_sidebar_border_color": "FFFFFF", "id_str": "28785486", "profile_background_color": "6E8EB5", "listed_count": 36877, "is_translation_enabled": true, "utc_offset": -18000, "statuses_count": 99542, "description": "See the whole picture with @ABC News. Tweets from the Social Desk: @Springer & @MicahGrimes", "friends_count": 860, "location": "New York, NY", "profile_link_color": "336699", "profile_image_url": "http://pbs.twimg.com/profile_images/528328276414971904/6UHQeTXS_normal.png", "following": false, "geo_enabled": false, "profile_banner_url": "https://pbs.twimg.com/profile_banners/28785486/1416512734", "profile_background_image_url": "http://pbs.twimg.com/profile_background_images/441965491024719872/pAv-lzCZ.jpeg", "name": "ABC News", "lang": "en", "profile_background_tile": false, "favourites_count": 560, "screen_name": "ABC", "notifications": false, "url": "http://t.co/v7GWW7yYST", "created_at": "Sat Apr 04 12:40:32 +0000 2009", "contributors_enabled": false, "time_zone": "Eastern Time (US & Canada)", "protected": false, "default_profile": false, "is_translator": false}, "geo": null, "in_reply_to_user_id_str": null, "lang": "en", "created_at": "Sun Dec 14 23:59:53 +0000 2014", "in_reply_to_status_id_str": null, "place": null}