[{"contributors":null,"truncated":false,"text":"@TheAnonMessage :'(","in_reply_to_status_id":544291619084959744,"id":544291749729144832,"favorite_count":0,"source":"<a href=\"http://twitter.com/#!/download/ipad\" rel=\"nofollow\">Twitter for iPad</a>","retweeted":false,"coordinates":null,"entities":{"symbols":[],"user_mentions":[{"id":423662810,"indices":[0,15],"id_str":"423662810","screen_name":"TheAnonMessage","name":"TheAnonMessage"}],"hashtags":[],"urls":[]},"in_reply_to_screen_name":"TheAnonMessage","id_str":"544291749729144832","retweet_count":0,"in_reply_to_user_id":423662810,"favorited":false,"user":{"follow_request_sent":false,"profile_use_background_image":true,"profile_text_color":"333333","default_profile_image":false,"id":242096041,"profile_background_image_url_https":"https://abs.twimg.com/images/themes/theme1/bg.png","verified":false,"profile_location":null,"profile_image_url_https":"https://pbs.twimg.com/profile_images/585089179182354432/2trevusI_normal.jpg","profile_sidebar_fill_color":"DDEEF6","entities":{"description":{"urls":[]}},"followers_count":200,"profile_sidebar_border_color":"C0DEED","id_str":"242096041","profile_background_color":"C0DEED","listed_count":0,"is_translation_enabled":false,"utc_offset":0,"statuses_count":2380,"description":"18 years old","friends_count":454,"location":"London, UK","profile_link_color":"0084B4","profile_image_url":"http://pbs.twimg.com/profile_images/585089179182354432/2trevusI_normal.jpg","following":false,"geo_enabled":false,"profile_banner_url":"https://pbs.twimg.com/profile_banners/242096041/1418589503","profile_background_image_url":"http://abs.twimg.com/images/themes/theme1/bg.png","name":"James","lang":"en","profile_background_tile":false,"favourites_count":675,"screen_name":"JamesBarnesy","notifications":false,"url":null,"created_at":"Sun Jan 23 23:06:59 +0000 2011","contributors_enabled":false,"time_zone":"London","protected":false,"default_profile":true,"is_translator":false},"geo":null,"in_reply_to_user_id_str":"423662810","lang":"und","created_at":"Mon Dec 15 00:44:00 +0000 2014","in_reply_to_status_id_str":"544291619084959744","place":null},
{"contributors":null,"truncated":false,"text":"@TheAnonMessage thats not true either.... you guys are not the real Anonymous clearly","in_reply_to_status_id":544291619084959744,"id":544291887176101888,"favorite_count":0,"source":"<a href=\"http://twitter.com/download/android\" rel=\"nofollow\">Twitter for Android</a>","retweeted":false,"coordinates":null,"entities":{"symbols":[],"user_mentions":[{"id":423662810,"indices":[0,15],"id_str":"423662810","screen_name":"TheAnonMessage","name":"TheAnonMessage"}],"hashtags":[],"urls":[]},"in_reply_to_screen_name":"TheAnonMessage","id_str":"544291887176101888","retweet_count":0,"in_reply_to_user_id":423662810,"favorited":false,"user":{"follow_request_sent":false,"profile_use_background_image":true,"profile_text_color":"333333","default_profile_image":false,"id":275538252,"profile_background_image_url_https":"https://abs.twimg.com/images/themes/theme1/bg.png","verified":false,"profile_location":null,"profile_image_url_https":"https://pbs.twimg.com/profile_images/2898289234/acbe4e5347b3d766983b7d44ff87f02d_normal.jpeg","profile_sidebar_fill_color":"DDEEF6","entities":{"description":{"urls":[]}},"followers_count":77,"profile_sidebar_border_color":"C0DEED","id_str":"275538252","profile_background_color":"C0DEED","listed_count":0,"is_translation_enabled":false,"utc_offset":28800,"statuses_count":194,"description":"","friends_count":543,"location":"Perth, Western Australia","profile_link_color":"0084B4","profile_image_url":"http://pbs.twimg.com/profile_images/2898289234/acbe4e5347b3d766983b7d44ff87f02d_normal.jpeg","following":false,"geo_enabled":false,"profile_banner_url":"https://pbs.twimg.com/profile_banners/275538252/1353934992","profile_background_image_url":"http://abs.twimg.com/images/themes/theme1/bg.png","name":"Jesse Daniel","lang":"en","profile_background_tile":false,"favourites_count":85,"screen_name":"jdaniel1990","notifications":false,"url":null,"created_at":"Fri Apr 01 13:44:14 +0000 2011","contributors_enabled":false,"time_zone":"Beijing","protected":false,"default_profile":true,"is_translator":false},"geo":null,"in_reply_to_user_id_str":"423662810","lang":"en","created_at":"Mon Dec 15 00:44:33 +0000 2014","in_reply_to_status_id_str":"544291619084959744","place":null},
{"contributors":null,"truncated":false,"text":"@TheAnonMessage prime minister.","in_reply_to_status_id":544291619084959744,"id":544291951973904385,"favorite_count":0,"source":"<a href=\"http://twitter.com/download/iphone\" rel=\"nofollow\">Twitter for iPhone</a>","retweeted":false,"coordinates":null,"entities":{"symbols":[],"user_mentions":[{"id":423662810,"indices":[0,15],"id_str":"423662810","screen_name":"TheAnonMessage","name":"TheAnonMessage"}],"hashtags":[],"urls":[]},"in_reply_to_screen_name":"TheAnonMessage","id_str":"544291951973904385","retweet_count":0,"in_reply_to_user_id":423662810,"favorited":false,"user":{"follow_request_sent":false,"profile_use_background_image":true,"profile_text_color":"333333","default_profile_image":false,"id":57571538,"profile_background_image_url_https":"https://abs.twimg.com/images/themes/theme14/bg.gif","verified":false,"profile_location":null,"profile_image_url_https":"https://pbs.twimg.com/profile_images/440459185566646272/zZTu0p5-_normal.jpeg","profile_sidebar_fill_color":"EFEFEF","entities":{"url":{"urls":[{"url":"http://t.co/dcxBF5CVux","indices":[0,22],"expanded_url":"http://sirrubalot.com","display_url":"sirrubalot.com"}]},"description":{"urls":[]}},"followers_count":496,"profile_sidebar_border_color":"EEEEEE","id_str":"57571538","profile_background_color":"131516","listed_count":16,"is_translation_enabled":false,"utc_offset":39600,"statuses_count":51017,"description":"Husband to @_madBOX, fan of #F1, @LFC and @Collingwood_FC, and #gym junkie. Instagram: @sirrubalot SnapChat: sirrubalot Soon to be Personal Trainer.","friends_count":368,"location":"Williamstown, Melbourne","profile_link_color":"009999","profile_image_url":"http://pbs.twimg.com/profile_images/440459185566646272/zZTu0p5-_normal.jpeg","following":false,"geo_enabled":true,"profile_banner_url":"https://pbs.twimg.com/profile_banners/57571538/1359858606","profile_background_image_url":"http://abs.twimg.com/images/themes/theme14/bg.gif","name":"Kim","lang":"en","profile_background_tile":true,"favourites_count":4776,"screen_name":"SirRubalot","notifications":false,"url":"http://t.co/dcxBF5CVux","created_at":"Fri Jul 17 06:24:23 +0000 2009","contributors_enabled":false,"time_zone":"Melbourne","protected":false,"default_profile":false,"is_translator":false},"geo":null,"in_reply_to_user_id_str":"423662810","lang":"es","created_at":"Mon Dec 15 00:44:48 +0000 2014","in_reply_to_status_id_str":"544291619084959744","place":null},
{"contributors":null,"truncated":false,"text":"@TheAnonMessage *Prime Minister","in_reply_to_status_id":544291619084959744,"id":544291986392367104,"favorite_count":0,"source":"<a href=\"http://twitter.com\" rel=\"nofollow\">Twitter Web Client</a>","retweeted":false,"coordinates":null,"entities":{"symbols":[],"user_mentions":[{"id":423662810,"indices":[0,15],"id_str":"423662810","screen_name":"TheAnonMessage","name":"TheAnonMessage"}],"hashtags":[],"urls":[]},"in_reply_to_screen_name":"TheAnonMessage","id_str":"544291986392367104","retweet_count":0,"in_reply_to_user_id":423662810,"favorited":false,"user":{"follow_request_sent":false,"profile_use_background_image":true,"profile_text_color":"380909","default_profile_image":false,"id":85935745,"profile_background_image_url_https":"https://pbs.twimg.com/profile_background_images/468672499803103232/mo_rzC_v.png","verified":false,"profile_location":null,"profile_image_url_https":"https://pbs.twimg.com/profile_images/585796112633630722/MWqpjdjX_normal.png","profile_sidebar_fill_color":"F0B248","entities":{"description":{"urls":[]}},"followers_count":110,"profile_sidebar_border_color":"FFFFFF","id_str":"85935745","profile_background_color":"0015B8","listed_count":0,"is_translation_enabled":false,"utc_offset":39600,"statuses_count":1849,"description":"More soul than a sock with a hole","friends_count":549,"location":"Melbourne","profile_link_color":"0846A3","profile_image_url":"http://pbs.twimg.com/profile_images/585796112633630722/MWqpjdjX_normal.png","following":false,"geo_enabled":false,"profile_banner_url":"https://pbs.twimg.com/profile_banners/85935745/1400572172","profile_background_image_url":"http://pbs.twimg.com/profile_background_images/468672499803103232/mo_rzC_v.png","name":"Elliot S","lang":"en","profile_background_tile":false,"favourites_count":347,"screen_name":"EsCargot23","notifications":false,"url":null,"created_at":"Wed Oct 28 22:57:42 +0000 2009","contributors_enabled":false,"time_zone":"New Caledonia","protected":false,"default_profile":false,"is_translator":false},"geo":null,"in_reply_to_user_id_str":"423662810","lang":"es","created_at":"Mon Dec 15 00:44:56 +0000 2014","in_reply_to_status_id_str":"544291619084959744","place":null},
{"contributors":null,"truncated":false,"text":"@TheAnonMessage  Where are you hearing that? that hasnt even been reported.","in_reply_to_status_id":544291619084959744,"id":544292169654079489,"favorite_count":0,"source":"<a href=\"http://twitter.com\" rel=\"nofollow\">Twitter Web Client</a>","retweeted":false,"coordinates":null,"entities":{"symbols":[],"user_mentions":[{"id":423662810,"indices":[0,15],"id_str":"423662810","screen_name":"TheAnonMessage","name":"TheAnonMessage"}],"hashtags":[],"urls":[]},"in_reply_to_screen_name":"TheAnonMessage","id_str":"544292169654079489","retweet_count":0,"in_reply_to_user_id":423662810,"favorited":false,"user":{"follow_request_sent":false,"profile_use_background_image":true,"profile_text_color":"666666","default_profile_image":false,"id":56509416,"profile_background_image_url_https":"https://abs.twimg.com/images/themes/theme9/bg.gif","verified":false,"profile_location":null,"profile_image_url_https":"https://pbs.twimg.com/profile_images/2960161517/d2f2021a224376a10966b0fd997c7ef1_normal.png","profile_sidebar_fill_color":"252429","entities":{"url":{"urls":[{"url":"http://t.co/ULPIeMdim1","indices":[0,22],"expanded_url":"http://Elgoog.com","display_url":"Elgoog.com"}]},"description":{"urls":[]}},"followers_count":44,"profile_sidebar_border_color":"181A1E","id_str":"56509416","profile_background_color":"1A1B1F","listed_count":0,"is_translation_enabled":false,"utc_offset":-28800,"statuses_count":853,"description":"How can you kill what does not exist? An Idea never dies.","friends_count":129,"location":"Earth","profile_link_color":"2FC2EF","profile_image_url":"http://pbs.twimg.com/profile_images/2960161517/d2f2021a224376a10966b0fd997c7ef1_normal.png","following":false,"geo_enabled":false,"profile_background_image_url":"http://abs.twimg.com/images/themes/theme9/bg.gif","name":"AceXprt","lang":"en","profile_background_tile":false,"favourites_count":46,"screen_name":"AceXprt","notifications":false,"url":"http://t.co/ULPIeMdim1","created_at":"Mon Jul 13 22:08:22 +0000 2009","contributors_enabled":false,"time_zone":"Pacific Time (US & Canada)","protected":false,"default_profile":false,"is_translator":false},"geo":null,"in_reply_to_user_id_str":"423662810","lang":"en","created_at":"Mon Dec 15 00:45:40 +0000 2014","in_reply_to_status_id_str":"544291619084959744","place":null},
{"contributors":null,"truncated":false,"text":"@TheAnonMessage @AkaMikko fucking go n kick their baws.","in_reply_to_status_id":544291619084959744,"id":544292254786285568,"favorite_count":0,"source":"<a href=\"http://twitter.com\" rel=\"nofollow\">Twitter Web Client</a>","retweeted":false,"coordinates":null,"entities":{"symbols":[],"user_mentions":[{"id":423662810,"indices":[0,15],"id_str":"423662810","screen_name":"TheAnonMessage","name":"TheAnonMessage"},{"id":1213924182,"indices":[16,25],"id_str":"1213924182","screen_name":"AkaMikko","name":"Michael"}],"hashtags":[],"urls":[]},"in_reply_to_screen_name":"TheAnonMessage","id_str":"544292254786285568","retweet_count":0,"in_reply_to_user_id":423662810,"favorited":false,"user":{"follow_request_sent":false,"profile_use_background_image":true,"profile_text_color":"333333","default_profile_image":false,"id":555532124,"profile_background_image_url_https":"https://abs.twimg.com/images/themes/theme1/bg.png","verified":false,"profile_location":null,"profile_image_url_https":"https://pbs.twimg.com/profile_images/486976011108900866/N8syCocF_normal.jpeg","profile_sidebar_fill_color":"DDEEF6","entities":{"description":{"urls":[]}},"followers_count":486,"profile_sidebar_border_color":"C0DEED","id_str":"555532124","profile_background_color":"C0DEED","listed_count":4,"is_translation_enabled":false,"utc_offset":3600,"statuses_count":26142,"description":"","friends_count":559,"location":"","profile_link_color":"0084B4","profile_image_url":"http://pbs.twimg.com/profile_images/486976011108900866/N8syCocF_normal.jpeg","following":false,"geo_enabled":false,"profile_banner_url":"https://pbs.twimg.com/profile_banners/555532124/1409248984","profile_background_image_url":"http://abs.twimg.com/images/themes/theme1/bg.png","name":"rab d","lang":"en","profile_background_tile":false,"favourites_count":1997,"screen_name":"rabd_1967","notifications":false,"url":null,"created_at":"Tue Apr 17 00:22:24 +0000 2012","contributors_enabled":false,"time_zone":"Amsterdam","protected":false,"default_profile":true,"is_translator":false},"geo":null,"in_reply_to_user_id_str":"423662810","lang":"en","created_at":"Mon Dec 15 00:46:00 +0000 2014","in_reply_to_status_id_str":"544291619084959744","place":null},
{"contributors":null,"truncated":false,"text":"@TheAnonMessage Source?","in_reply_to_status_id":544291619084959744,"id":544292427599978497,"favorite_count":0,"source":"<a href=\"https://about.twitter.com/products/tweetdeck\" rel=\"nofollow\">TweetDeck</a>","retweeted":false,"coordinates":null,"entities":{"symbols":[],"user_mentions":[{"id":423662810,"indices":[0,15],"id_str":"423662810","screen_name":"TheAnonMessage","name":"TheAnonMessage"}],"hashtags":[],"urls":[]},"in_reply_to_screen_name":"TheAnonMessage","id_str":"544292427599978497","retweet_count":0,"in_reply_to_user_id":423662810,"favorited":false,"user":{"follow_request_sent":false,"profile_use_background_image":false,"profile_text_color":"000000","default_profile_image":false,"id":1442580457,"profile_background_image_url_https":"https://abs.twimg.com/images/themes/theme14/bg.gif","verified":false,"profile_location":null,"profile_image_url_https":"https://pbs.twimg.com/profile_images/577091809513455617/5r4sxHvw_normal.jpeg","profile_sidebar_fill_color":"000000","entities":{"description":{"urls":[]}},"followers_count":529,"profile_sidebar_border_color":"000000","id_str":"1442580457","profile_background_color":"000000","listed_count":5,"is_translation_enabled":false,"utc_offset":-14400,"statuses_count":13257,"description":"","friends_count":587,"location":"","profile_link_color":"000000","profile_image_url":"http://pbs.twimg.com/profile_images/577091809513455617/5r4sxHvw_normal.jpeg","following":false,"geo_enabled":false,"profile_banner_url":"https://pbs.twimg.com/profile_banners/1442580457/1416188710","profile_background_image_url":"http://abs.twimg.com/images/themes/theme14/bg.gif","name":"JLuke","lang":"en","profile_background_tile":false,"favourites_count":35580,"screen_name":"YungTrillLord","notifications":false,"url":null,"created_at":"Mon May 20 01:21:17 +0000 2013","contributors_enabled":false,"time_zone":"Atlantic Time (Canada)","protected":false,"default_profile":false,"is_translator":false},"geo":null,"in_reply_to_user_id_str":"423662810","lang":"en","created_at":"Mon Dec 15 00:46:41 +0000 2014","in_reply_to_status_id_str":"544291619084959744","place":null},
{"contributors":null,"truncated":false,"text":"@TheAnonMessage \nHave trains been cancelled in Sydney as a result","in_reply_to_status_id":544291619084959744,"id":544292432582807555,"favorite_count":0,"source":"<a href=\"http://twitter.com/download/android\" rel=\"nofollow\">Twitter for Android</a>","retweeted":false,"coordinates":null,"entities":{"symbols":[],"user_mentions":[{"id":423662810,"indices":[0,15],"id_str":"423662810","screen_name":"TheAnonMessage","name":"TheAnonMessage"}],"hashtags":[],"urls":[]},"in_reply_to_screen_name":"TheAnonMessage","id_str":"544292432582807555","retweet_count":0,"in_reply_to_user_id":423662810,"favorited":false,"user":{"follow_request_sent":false,"profile_use_background_image":true,"profile_text_color":"634047","default_profile_image":false,"id":66963308,"profile_background_image_url_https":"https://pbs.twimg.com/profile_background_images/676061826/3dd4e7213ee60b9e5750a0c3b6b56407.jpeg","verified":false,"profile_location":null,"profile_image_url_https":"https://pbs.twimg.com/profile_images/1863527164/image_normal.jpg","profile_sidebar_fill_color":"E3E2DE","entities":{"description":{"urls":[]}},"followers_count":4336,"profile_sidebar_border_color":"FFFFFF","id_str":"66963308","profile_background_color":"EDECE9","listed_count":12,"is_translation_enabled":false,"utc_offset":0,"statuses_count":14173,"description":"dad of three grandad of two green and white through and through...not forgetting my wife too","friends_count":4271,"location":"","profile_link_color":"088253","profile_image_url":"http://pbs.twimg.com/profile_images/1863527164/image_normal.jpg","following":false,"geo_enabled":true,"profile_banner_url":"https://pbs.twimg.com/profile_banners/66963308/1352248458","profile_background_image_url":"http://pbs.twimg.com/profile_background_images/676061826/3dd4e7213ee60b9e5750a0c3b6b56407.jpeg","name":"OneTeam","lang":"en","profile_background_tile":false,"favourites_count":2364,"screen_name":"BG1954","notifications":false,"url":null,"created_at":"Wed Aug 19 10:10:24 +0000 2009","contributors_enabled":false,"time_zone":"Dublin","protected":false,"default_profile":false,"is_translator":false},"geo":null,"in_reply_to_user_id_str":"423662810","lang":"en","created_at":"Mon Dec 15 00:46:43 +0000 2014","in_reply_to_status_id_str":"544291619084959744","place":null},
{"contributors":null,"truncated":false,"text":"@TheAnonMessage Ummm. that would be Prime Minister Tony Abbott not President....JS","in_reply_to_status_id":544291619084959744,"id":544292673893703680,"favorite_count":0,"source":"<a href=\"http://twitter.com\" rel=\"nofollow\">Twitter Web Client</a>","retweeted":false,"coordinates":null,"entities":{"symbols":[],"user_mentions":[{"id":423662810,"indices":[0,15],"id_str":"423662810","screen_name":"TheAnonMessage","name":"TheAnonMessage"}],"hashtags":[],"urls":[]},"in_reply_to_screen_name":"TheAnonMessage","id_str":"544292673893703680","retweet_count":0,"in_reply_to_user_id":423662810,"favorited":false,"user":{"follow_request_sent":false,"profile_use_background_image":true,"profile_text_color":"666666","default_profile_image":false,"id":303328043,"profile_background_image_url_https":"https://abs.twimg.com/images/themes/theme9/bg.gif","verified":false,"profile_location":null,"profile_image_url_https":"https://pbs.twimg.com/profile_images/562453362478546944/Smyl4Sq2_normal.jpeg","profile_sidebar_fill_color":"252429","entities":{"description":{"urls":[]}},"followers_count":1220,"profile_sidebar_border_color":"FFFFFF","id_str":"303328043","profile_background_color":"1A1B1F","listed_count":28,"is_translation_enabled":false,"utc_offset":-18000,"statuses_count":12010,"description":"Thinking......Listening.....Watching.......","friends_count":995,"location":"","profile_link_color":"203C45","profile_image_url":"http://pbs.twimg.com/profile_images/562453362478546944/Smyl4Sq2_normal.jpeg","following":false,"geo_enabled":false,"profile_banner_url":"https://pbs.twimg.com/profile_banners/303328043/1366599192","profile_background_image_url":"http://abs.twimg.com/images/themes/theme9/bg.gif","name":"cαηυѕ єℓυѕινυѕ","lang":"en","profile_background_tile":false,"favourites_count":9803,"screen_name":"MaLrw3","notifications":false,"url":null,"created_at":"Sun May 22 17:44:04 +0000 2011","contributors_enabled":false,"time_zone":"Eastern Time (US & Canada)","protected":false,"default_profile":false,"is_translator":false},"geo":null,"in_reply_to_user_id_str":"423662810","lang":"en","created_at":"Mon Dec 15 00:47:40 +0000 2014","in_reply_to_status_id_str":"544291619084959744","place":null},
{"contributors":null,"truncated":false,"text":"@jdaniel1990 @TheAnonMessage Seeing you live in Australia, has any media say anything about devices being planted around Sydney?","in_reply_to_status_id":544291887176101888,"id":544292880190554112,"favorite_count":0,"source":"<a href=\"https://about.twitter.com/products/tweetdeck\" rel=\"nofollow\">TweetDeck</a>","retweeted":false,"coordinates":null,"entities":{"symbols":[],"user_mentions":[{"id":275538252,"indices":[0,12],"id_str":"275538252","screen_name":"jdaniel1990","name":"Jesse Daniel"},{"id":423662810,"indices":[13,28],"id_str":"423662810","screen_name":"TheAnonMessage","name":"TheAnonMessage"}],"hashtags":[],"urls":[]},"in_reply_to_screen_name":"jdaniel1990","id_str":"544292880190554112","retweet_count":0,"in_reply_to_user_id":275538252,"favorited":false,"user":{"follow_request_sent":false,"profile_use_background_image":false,"profile_text_color":"000000","default_profile_image":false,"id":1442580457,"profile_background_image_url_https":"https://abs.twimg.com/images/themes/theme14/bg.gif","verified":false,"profile_location":null,"profile_image_url_https":"https://pbs.twimg.com/profile_images/577091809513455617/5r4sxHvw_normal.jpeg","profile_sidebar_fill_color":"000000","entities":{"description":{"urls":[]}},"followers_count":529,"profile_sidebar_border_color":"000000","id_str":"1442580457","profile_background_color":"000000","listed_count":5,"is_translation_enabled":false,"utc_offset":-14400,"statuses_count":13257,"description":"","friends_count":587,"location":"","profile_link_color":"000000","profile_image_url":"http://pbs.twimg.com/profile_images/577091809513455617/5r4sxHvw_normal.jpeg","following":false,"geo_enabled":false,"profile_banner_url":"https://pbs.twimg.com/profile_banners/1442580457/1416188710","profile_background_image_url":"http://abs.twimg.com/images/themes/theme14/bg.gif","name":"JLuke","lang":"en","profile_background_tile":false,"favourites_count":35580,"screen_name":"YungTrillLord","notifications":false,"url":null,"created_at":"Mon May 20 01:21:17 +0000 2013","contributors_enabled":false,"time_zone":"Atlantic Time (Canada)","protected":false,"default_profile":false,"is_translator":false},"geo":null,"in_reply_to_user_id_str":"275538252","lang":"en","created_at":"Mon Dec 15 00:48:29 +0000 2014","in_reply_to_status_id_str":"544291887176101888","place":null},
{"contributors":null,"truncated":false,"text":"@YungTrillLord @TheAnonMessage typical untrue media reports who are just trying to get viewers no official reports from official sources","in_reply_to_status_id":544292880190554112,"id":544293184449155072,"favorite_count":1,"source":"<a href=\"http://twitter.com/download/android\" rel=\"nofollow\">Twitter for Android</a>","retweeted":false,"coordinates":null,"entities":{"symbols":[],"user_mentions":[{"id":1442580457,"indices":[0,14],"id_str":"1442580457","screen_name":"YungTrillLord","name":"JLuke"},{"id":423662810,"indices":[15,30],"id_str":"423662810","screen_name":"TheAnonMessage","name":"TheAnonMessage"}],"hashtags":[],"urls":[]},"in_reply_to_screen_name":"YungTrillLord","id_str":"544293184449155072","retweet_count":0,"in_reply_to_user_id":1442580457,"favorited":false,"user":{"follow_request_sent":false,"profile_use_background_image":true,"profile_text_color":"333333","default_profile_image":false,"id":275538252,"profile_background_image_url_https":"https://abs.twimg.com/images/themes/theme1/bg.png","verified":false,"profile_location":null,"profile_image_url_https":"https://pbs.twimg.com/profile_images/2898289234/acbe4e5347b3d766983b7d44ff87f02d_normal.jpeg","profile_sidebar_fill_color":"DDEEF6","entities":{"description":{"urls":[]}},"followers_count":77,"profile_sidebar_border_color":"C0DEED","id_str":"275538252","profile_background_color":"C0DEED","listed_count":0,"is_translation_enabled":false,"utc_offset":28800,"statuses_count":194,"description":"","friends_count":543,"location":"Perth, Western Australia","profile_link_color":"0084B4","profile_image_url":"http://pbs.twimg.com/profile_images/2898289234/acbe4e5347b3d766983b7d44ff87f02d_normal.jpeg","following":false,"geo_enabled":false,"profile_banner_url":"https://pbs.twimg.com/profile_banners/275538252/1353934992","profile_background_image_url":"http://abs.twimg.com/images/themes/theme1/bg.png","name":"Jesse Daniel","lang":"en","profile_background_tile":false,"favourites_count":85,"screen_name":"jdaniel1990","notifications":false,"url":null,"created_at":"Fri Apr 01 13:44:14 +0000 2011","contributors_enabled":false,"time_zone":"Beijing","protected":false,"default_profile":true,"is_translator":false},"geo":null,"in_reply_to_user_id_str":"1442580457","lang":"en","created_at":"Mon Dec 15 00:49:42 +0000 2014","in_reply_to_status_id_str":"544292880190554112","place":null},
{"contributors":null,"truncated":false,"text":"@TheAnonMessage I am listening 2 a direct news feed (internal) &amp; this is not confirmed as yet. Cafe is in Martin Place not near opera house.","in_reply_to_status_id":544291619084959744,"id":544294329976504320,"favorite_count":0,"source":"<a href=\"https://about.twitter.com/products/tweetdeck\" rel=\"nofollow\">TweetDeck</a>","retweeted":false,"coordinates":null,"entities":{"symbols":[],"user_mentions":[{"id":423662810,"indices":[0,15],"id_str":"423662810","screen_name":"TheAnonMessage","name":"TheAnonMessage"}],"hashtags":[],"urls":[]},"in_reply_to_screen_name":"TheAnonMessage","id_str":"544294329976504320","retweet_count":0,"in_reply_to_user_id":423662810,"favorited":false,"user":{"follow_request_sent":false,"profile_use_background_image":true,"profile_text_color":"333333","default_profile_image":false,"id":29891281,"profile_background_image_url_https":"https://abs.twimg.com/images/themes/theme1/bg.png","verified":false,"profile_location":null,"profile_image_url_https":"https://pbs.twimg.com/profile_images/1688353694/th_ebel_discovery_normal.jpg","profile_sidebar_fill_color":"DDEEF6","entities":{"url":{"urls":[{"url":"http://t.co/mneApFxnsa","indices":[0,22],"expanded_url":"http://replica-watch.info/","display_url":"replica-watch.info"}]},"description":{"urls":[]}},"followers_count":803,"profile_sidebar_border_color":"C0DEED","id_str":"29891281","profile_background_color":"C0DEED","listed_count":14,"is_translation_enabled":false,"utc_offset":36000,"statuses_count":5739,"description":"The biggest replica watch info source on the internet! Come on over to The Darkside.","friends_count":190,"location":"Guangzhou","profile_link_color":"0084B4","profile_image_url":"http://pbs.twimg.com/profile_images/1688353694/th_ebel_discovery_normal.jpg","following":false,"geo_enabled":false,"profile_background_image_url":"http://abs.twimg.com/images/themes/theme1/bg.png","name":" The Darkside forum.","lang":"en","profile_background_tile":false,"favourites_count":17,"screen_name":"replica_watch","notifications":false,"url":"http://t.co/mneApFxnsa","created_at":"Thu Apr 09 02:05:15 +0000 2009","contributors_enabled":false,"time_zone":"Brisbane","protected":false,"default_profile":true,"is_translator":false},"geo":null,"in_reply_to_user_id_str":"423662810","lang":"en","created_at":"Mon Dec 15 00:54:15 +0000 2014","in_reply_to_status_id_str":"544291619084959744","place":null},
{"contributors":null,"truncated":false,"text":"@TheAnonMessage The Opera House was evacuated as a normal precaution as per operational plan.","in_reply_to_status_id":544291619084959744,"id":544294593181671424,"favorite_count":0,"source":"<a href=\"https://about.twitter.com/products/tweetdeck\" rel=\"nofollow\">TweetDeck</a>","retweeted":false,"coordinates":null,"entities":{"symbols":[],"user_mentions":[{"id":423662810,"indices":[0,15],"id_str":"423662810","screen_name":"TheAnonMessage","name":"TheAnonMessage"}],"hashtags":[],"urls":[]},"in_reply_to_screen_name":"TheAnonMessage","id_str":"544294593181671424","retweet_count":0,"in_reply_to_user_id":423662810,"favorited":false,"user":{"follow_request_sent":false,"profile_use_background_image":true,"profile_text_color":"333333","default_profile_image":false,"id":29891281,"profile_background_image_url_https":"https://abs.twimg.com/images/themes/theme1/bg.png","verified":false,"profile_location":null,"profile_image_url_https":"https://pbs.twimg.com/profile_images/1688353694/th_ebel_discovery_normal.jpg","profile_sidebar_fill_color":"DDEEF6","entities":{"url":{"urls":[{"url":"http://t.co/mneApFxnsa","indices":[0,22],"expanded_url":"http://replica-watch.info/","display_url":"replica-watch.info"}]},"description":{"urls":[]}},"followers_count":803,"profile_sidebar_border_color":"C0DEED","id_str":"29891281","profile_background_color":"C0DEED","listed_count":14,"is_translation_enabled":false,"utc_offset":36000,"statuses_count":5739,"description":"The biggest replica watch info source on the internet! Come on over to The Darkside.","friends_count":190,"location":"Guangzhou","profile_link_color":"0084B4","profile_image_url":"http://pbs.twimg.com/profile_images/1688353694/th_ebel_discovery_normal.jpg","following":false,"geo_enabled":false,"profile_background_image_url":"http://abs.twimg.com/images/themes/theme1/bg.png","name":" The Darkside forum.","lang":"en","profile_background_tile":false,"favourites_count":17,"screen_name":"replica_watch","notifications":false,"url":"http://t.co/mneApFxnsa","created_at":"Thu Apr 09 02:05:15 +0000 2009","contributors_enabled":false,"time_zone":"Brisbane","protected":false,"default_profile":true,"is_translator":false},"geo":null,"in_reply_to_user_id_str":"423662810","lang":"en","created_at":"Mon Dec 15 00:55:18 +0000 2014","in_reply_to_status_id_str":"544291619084959744","place":null},
{"contributors":null,"truncated":false,"text":"@TheAnonMessage @ParableJean he isnt a bloody president! he is a Prime Minister!","in_reply_to_status_id":544291619084959744,"id":544295801271226369,"favorite_count":0,"source":"<a href=\"http://twitter.com\" rel=\"nofollow\">Twitter Web Client</a>","retweeted":false,"coordinates":null,"entities":{"symbols":[],"user_mentions":[{"id":423662810,"indices":[0,15],"id_str":"423662810","screen_name":"TheAnonMessage","name":"TheAnonMessage"},{"id":387862060,"indices":[16,28],"id_str":"387862060","screen_name":"ParableJean","name":"Gaia's Whisker"}],"hashtags":[],"urls":[]},"in_reply_to_screen_name":"TheAnonMessage","id_str":"544295801271226369","retweet_count":0,"in_reply_to_user_id":423662810,"favorited":false,"user":{"follow_request_sent":false,"profile_use_background_image":true,"profile_text_color":"333333","default_profile_image":false,"id":380058173,"profile_background_image_url_https":"https://pbs.twimg.com/profile_background_images/673184988/65e9fbfdacdf691424db6e2432645e42.jpeg","verified":false,"profile_location":null,"profile_image_url_https":"https://pbs.twimg.com/profile_images/378800000738649283/415fe9670e125be1812211d3930204e1_normal.jpeg","profile_sidebar_fill_color":"DDEEF6","entities":{"url":{"urls":[{"url":"http://t.co/odg1wsxviY","indices":[0,22],"expanded_url":"http://lydiab2.tumblr.com/","display_url":"lydiab2.tumblr.com"}]},"description":{"urls":[]}},"followers_count":1150,"profile_sidebar_border_color":"FFFFFF","id_str":"380058173","profile_background_color":"C0DEED","listed_count":22,"is_translation_enabled":false,"utc_offset":39600,"statuses_count":28367,"description":"Remember, one person CAN make a difference!\r\nLove my #MVFC and ABHOR the Drive Hunts the #TaijiFisherScum do every year!","friends_count":1272,"location":"Melbourne, Australia","profile_link_color":"0084B4","profile_image_url":"http://pbs.twimg.com/profile_images/378800000738649283/415fe9670e125be1812211d3930204e1_normal.jpeg","following":false,"geo_enabled":true,"profile_banner_url":"https://pbs.twimg.com/profile_banners/380058173/1348567067","profile_background_image_url":"http://pbs.twimg.com/profile_background_images/673184988/65e9fbfdacdf691424db6e2432645e42.jpeg","name":"Lydia Bloms","lang":"en","profile_background_tile":true,"favourites_count":3711,"screen_name":"LydiaBloms","notifications":false,"url":"http://t.co/odg1wsxviY","created_at":"Mon Sep 26 00:46:49 +0000 2011","contributors_enabled":false,"time_zone":"Melbourne","protected":false,"default_profile":false,"is_translator":false},"geo":null,"in_reply_to_user_id_str":"423662810","lang":"en","created_at":"Mon Dec 15 01:00:06 +0000 2014","in_reply_to_status_id_str":"544291619084959744","place":null},
{"contributors":null,"truncated":false,"text":"@TheAnonMessage prime minister not president.","in_reply_to_status_id":544291619084959744,"id":544295818262376448,"favorite_count":0,"source":"<a href=\"http://twitter.com/download/iphone\" rel=\"nofollow\">Twitter for iPhone</a>","retweeted":false,"coordinates":{"type":"Point","coordinates":[151.21594168,-33.87281118]},"entities":{"symbols":[],"user_mentions":[{"id":423662810,"indices":[0,15],"id_str":"423662810","screen_name":"TheAnonMessage","name":"TheAnonMessage"}],"hashtags":[],"urls":[]},"in_reply_to_screen_name":"TheAnonMessage","id_str":"544295818262376448","retweet_count":0,"in_reply_to_user_id":423662810,"favorited":false,"user":{"follow_request_sent":false,"profile_use_background_image":true,"profile_text_color":"858585","default_profile_image":false,"id":7838552,"profile_background_image_url_https":"https://pbs.twimg.com/profile_background_images/544318464106569728/56i16DIw.jpeg","verified":false,"profile_location":null,"profile_image_url_https":"https://pbs.twimg.com/profile_images/3351146839/26d3a15874c54604512aa182f04eedc3_normal.jpeg","profile_sidebar_fill_color":"252429","entities":{"url":{"urls":[{"url":"http://t.co/HC2foWtEDv","indices":[0,22],"expanded_url":"http://PBWebDev.com","display_url":"PBWebDev.com"}]},"description":{"urls":[]}},"followers_count":2828,"profile_sidebar_border_color":"181A1E","id_str":"7838552","profile_background_color":"1A1B1F","listed_count":160,"is_translation_enabled":false,"utc_offset":39600,"statuses_count":18445,"description":"Providing open source solutions @ PB Web Development, Sydney","friends_count":1730,"location":"Sydney, Australia","profile_link_color":"F23900","profile_image_url":"http://pbs.twimg.com/profile_images/3351146839/26d3a15874c54604512aa182f04eedc3_normal.jpeg","following":false,"geo_enabled":true,"profile_banner_url":"https://pbs.twimg.com/profile_banners/7838552/1411305400","profile_background_image_url":"http://pbs.twimg.com/profile_background_images/544318464106569728/56i16DIw.jpeg","name":"Joomla Sydney - Pete","lang":"en","profile_background_tile":false,"favourites_count":1876,"screen_name":"astroboysoup","notifications":false,"url":"http://t.co/HC2foWtEDv","created_at":"Tue Jul 31 04:29:51 +0000 2007","contributors_enabled":false,"time_zone":"Sydney","protected":false,"default_profile":false,"is_translator":false},"geo":{"type":"Point","coordinates":[-33.87281118,151.21594168]},"in_reply_to_user_id_str":"423662810","lang":"en","created_at":"Mon Dec 15 01:00:10 +0000 2014","in_reply_to_status_id_str":"544291619084959744","place":{"full_name":"Sydney, New South Wales","url":"https://api.twitter.com/1.1/geo/id/0073b76548e5984f.json","country":"Australia","place_type":"city","bounding_box":{"type":"Polygon","coordinates":[[[150.520928608,-34.1183470085],[151.343020992,-34.1183470085],[151.343020992,-33.578140996],[150.520928608,-33.578140996]]]},"contained_within":[],"country_code":"AU","attributes":{},"id":"0073b76548e5984f","name":"Sydney"}}
]