[{"contributors":null,"truncated":false,"text":"@azelin This is also the flag of AQAP, al-Shabab AQIM and AQ","in_reply_to_status_id":544276998017646593,"id":544277243762327552,"favorite_count":2,"source":"<a href=\"https://about.twitter.com/products/tweetdeck\" rel=\"nofollow\">TweetDeck</a>","retweeted":false,"coordinates":null,"entities":{"symbols":[],"user_mentions":[{"id":15400294,"indices":[0,7],"id_str":"15400294","screen_name":"azelin","name":"Aaron Y. Zelin"}],"hashtags":[],"urls":[]},"in_reply_to_screen_name":"azelin","id_str":"544277243762327552","retweet_count":2,"in_reply_to_user_id":15400294,"favorited":false,"user":{"follow_request_sent":false,"profile_use_background_image":false,"profile_text_color":"000000","default_profile_image":false,"id":2894163088,"profile_background_image_url_https":"https://abs.twimg.com/images/themes/theme1/bg.png","verified":false,"profile_location":null,"profile_image_url_https":"https://pbs.twimg.com/profile_images/543661481170968576/eJBxIXxI_normal.jpeg","profile_sidebar_fill_color":"000000","entities":{"description":{"urls":[]}},"followers_count":2519,"profile_sidebar_border_color":"000000","id_str":"2894163088","profile_background_color":"000000","listed_count":19,"is_translation_enabled":false,"utc_offset":3600,"statuses_count":1761,"description":"Muslim, Pro-Caliphate. Love research & Engineering and foremost the Islamic State","friends_count":925,"location":"الله مولانا ولا مولى لكم","profile_link_color":"4A913C","profile_image_url":"http://pbs.twimg.com/profile_images/543661481170968576/eJBxIXxI_normal.jpeg","following":false,"geo_enabled":false,"profile_banner_url":"https://pbs.twimg.com/profile_banners/2894163088/1418497053","profile_background_image_url":"http://abs.twimg.com/images/themes/theme1/bg.png","name":"Milk Shami","lang":"en","profile_background_tile":false,"favourites_count":553,"screen_name":"muftimilk","notifications":false,"url":null,"created_at":"Thu Nov 27 02:50:19 +0000 2014","contributors_enabled":false,"time_zone":"Ljubljana","protected":false,"default_profile":false,"is_translator":false},"geo":null,"in_reply_to_user_id_str":"15400294","lang":"en","created_at":"Sun Dec 14 23:46:21 +0000 2014","in_reply_to_status_id_str":"544276998017646593","place":null},
{"contributors":null,"truncated":false,"text":"@azelin Do you know what Sydney one says?","in_reply_to_status_id":544276998017646593,"id":544277557907316736,"favorite_count":0,"source":"<a href=\"https://about.twitter.com/products/tweetdeck\" rel=\"nofollow\">TweetDeck</a>","retweeted":false,"coordinates":null,"entities":{"symbols":[],"user_mentions":[{"id":15400294,"indices":[0,7],"id_str":"15400294","screen_name":"azelin","name":"Aaron Y. Zelin"}],"hashtags":[],"urls":[]},"in_reply_to_screen_name":"azelin","id_str":"544277557907316736","retweet_count":0,"in_reply_to_user_id":15400294,"favorited":false,"user":{"follow_request_sent":false,"profile_use_background_image":true,"profile_text_color":"333333","default_profile_image":false,"id":1463193979,"profile_background_image_url_https":"https://abs.twimg.com/images/themes/theme1/bg.png","verified":false,"profile_location":null,"profile_image_url_https":"https://pbs.twimg.com/profile_images/378800000523292478/234beeb607e8e1b195f5d9cf9abcffce_normal.jpeg","profile_sidebar_fill_color":"DDEEF6","entities":{"description":{"urls":[]}},"followers_count":5811,"profile_sidebar_border_color":"C0DEED","id_str":"1463193979","profile_background_color":"C0DEED","listed_count":200,"is_translation_enabled":false,"utc_offset":null,"statuses_count":4582,"description":"Professor of War Studies King's College London. Latest book Strategy: A History (OUP)","friends_count":433,"location":"","profile_link_color":"0084B4","profile_image_url":"http://pbs.twimg.com/profile_images/378800000523292478/234beeb607e8e1b195f5d9cf9abcffce_normal.jpeg","following":false,"geo_enabled":true,"profile_background_image_url":"http://abs.twimg.com/images/themes/theme1/bg.png","name":"Lawrence Freedman","lang":"en","profile_background_tile":false,"favourites_count":356,"screen_name":"LawDavF","notifications":false,"url":null,"created_at":"Mon May 27 21:25:42 +0000 2013","contributors_enabled":false,"time_zone":null,"protected":false,"default_profile":true,"is_translator":false},"geo":null,"in_reply_to_user_id_str":"15400294","lang":"en","created_at":"Sun Dec 14 23:47:36 +0000 2014","in_reply_to_status_id_str":"544276998017646593","place":null},
{"contributors":null,"truncated":false,"text":"@azelin truly pathetic that professional journos are getting this wrong. sigh","in_reply_to_status_id":544276998017646593,"id":544277673087090688,"favorite_count":2,"source":"<a href=\"http://twitter.com/download/android\" rel=\"nofollow\">Twitter for Android</a>","retweeted":false,"coordinates":null,"entities":{"symbols":[],"user_mentions":[{"id":15400294,"indices":[0,7],"id_str":"15400294","screen_name":"azelin","name":"Aaron Y. Zelin"}],"hashtags":[],"urls":[]},"in_reply_to_screen_name":"azelin","id_str":"544277673087090688","retweet_count":0,"in_reply_to_user_id":15400294,"favorited":false,"user":{"follow_request_sent":false,"profile_use_background_image":true,"profile_text_color":"F20E1A","default_profile_image":false,"id":165920148,"profile_background_image_url_https":"https://pbs.twimg.com/profile_background_images/483528155018178560/s1ntUja8.jpeg","verified":false,"profile_location":null,"profile_image_url_https":"https://pbs.twimg.com/profile_images/378800000857431223/cKl3XGGz_normal.jpeg","profile_sidebar_fill_color":"131414","entities":{"description":{"urls":[{"url":"http://t.co/cKYmRyLQsP","indices":[70,92],"expanded_url":"http://csis.org/publication/gulf-military-balance-volume-iii","display_url":"csis.org/publication/gu…"}]}},"followers_count":668,"profile_sidebar_border_color":"000000","id_str":"165920148","profile_background_color":"0F0F0F","listed_count":27,"is_translation_enabled":false,"utc_offset":-36000,"statuses_count":33940,"description":"Co-Author of the Gulf Mil Bal Vol 3: The Gulf & the Arabian Peninsula http://t.co/cKYmRyLQsP Mstrat with @SSI_Exeter","friends_count":411,"location":"Bahrain","profile_link_color":"35393B","profile_image_url":"http://pbs.twimg.com/profile_images/378800000857431223/cKl3XGGz_normal.jpeg","following":false,"geo_enabled":false,"profile_banner_url":"https://pbs.twimg.com/profile_banners/165920148/1413971486","profile_background_image_url":"http://pbs.twimg.com/profile_background_images/483528155018178560/s1ntUja8.jpeg","name":"Omar Mohamed","lang":"en","profile_background_tile":false,"favourites_count":780,"screen_name":"oomarGCC","notifications":false,"url":null,"created_at":"Mon Jul 12 21:59:41 +0000 2010","contributors_enabled":false,"time_zone":"Hawaii","protected":false,"default_profile":false,"is_translator":false},"geo":null,"in_reply_to_user_id_str":"15400294","lang":"en","created_at":"Sun Dec 14 23:48:04 +0000 2014","in_reply_to_status_id_str":"544276998017646593","place":null},
{"contributors":null,"truncated":false,"text":"@azelin &gt;&gt;&gt; https://t.co/Ty231H0YqO","in_reply_to_status_id":544276998017646593,"id":544277906596564992,"favorite_count":0,"source":"<a href=\"http://twitter.com\" rel=\"nofollow\">Twitter Web Client</a>","retweeted":false,"coordinates":null,"entities":{"symbols":[],"user_mentions":[{"id":15400294,"indices":[0,7],"id_str":"15400294","screen_name":"azelin","name":"Aaron Y. Zelin"}],"hashtags":[],"urls":[{"url":"https://t.co/Ty231H0YqO","indices":[21,44],"expanded_url":"https://twitter.com/fieldproducer/status/544272738844569600","display_url":"twitter.com/fieldproducer/…"}]},"in_reply_to_screen_name":"azelin","id_str":"544277906596564992","retweet_count":0,"in_reply_to_user_id":15400294,"favorited":false,"user":{"follow_request_sent":false,"profile_use_background_image":true,"profile_text_color":"333333","default_profile_image":false,"id":161863994,"profile_background_image_url_https":"https://abs.twimg.com/images/themes/theme1/bg.png","verified":false,"profile_location":null,"profile_image_url_https":"https://pbs.twimg.com/profile_images/1773919101/3387744879_2833834d1d_normal.jpg","profile_sidebar_fill_color":"DDEEF6","entities":{"description":{"urls":[]}},"followers_count":751,"profile_sidebar_border_color":"C0DEED","id_str":"161863994","profile_background_color":"C0DEED","listed_count":32,"is_translation_enabled":false,"utc_offset":3600,"statuses_count":74211,"description":"#Dutch Newsjunkie Local #Syria #Mena #US -  'cave dweller', vegetarian.  Journalism study drop-out.\r\n#OldSchool","friends_count":2001,"location":"Utrecht, the Netherlands","profile_link_color":"0084B4","profile_image_url":"http://pbs.twimg.com/profile_images/1773919101/3387744879_2833834d1d_normal.jpg","following":false,"geo_enabled":true,"profile_background_image_url":"http://abs.twimg.com/images/themes/theme1/bg.png","name":"Nicole W","lang":"en","profile_background_tile":false,"favourites_count":2529,"screen_name":"Meisju","notifications":false,"url":null,"created_at":"Fri Jul 02 00:19:10 +0000 2010","contributors_enabled":false,"time_zone":"Amsterdam","protected":false,"default_profile":true,"is_translator":false},"geo":null,"in_reply_to_user_id_str":"15400294","possibly_sensitive":false,"lang":"und","created_at":"Sun Dec 14 23:48:59 +0000 2014","in_reply_to_status_id_str":"544276998017646593","place":{"full_name":"Utrecht","url":"https://api.twitter.com/1.1/geo/id/871685aa82f8a489.json","country":"Nederland","place_type":"city","bounding_box":{"type":"Polygon","coordinates":[[[4.9702867,52.0262429],[5.1952468,52.0262429],[5.1952468,52.142137],[4.9702867,52.142137]]]},"contained_within":[],"country_code":"NL","attributes":{},"id":"871685aa82f8a489","name":"Utrecht"}},
{"contributors":null,"truncated":false,"text":"@azelin In short: if it looks like Comic Sans Arabic, it's probably ISIS.","in_reply_to_status_id":544276998017646593,"id":544277933599518720,"favorite_count":0,"source":"<a href=\"http://twitter.com/download/iphone\" rel=\"nofollow\">Twitter for iPhone</a>","retweeted":false,"coordinates":null,"entities":{"symbols":[],"user_mentions":[{"id":15400294,"indices":[0,7],"id_str":"15400294","screen_name":"azelin","name":"Aaron Y. Zelin"}],"hashtags":[],"urls":[]},"in_reply_to_screen_name":"azelin","id_str":"544277933599518720","retweet_count":0,"in_reply_to_user_id":15400294,"favorited":false,"user":{"follow_request_sent":false,"profile_use_background_image":true,"profile_text_color":"333333","default_profile_image":false,"id":2589541577,"profile_background_image_url_https":"https://abs.twimg.com/images/themes/theme1/bg.png","verified":false,"profile_location":null,"profile_image_url_https":"https://pbs.twimg.com/profile_images/475292134401011712/aPEdzaL4_normal.png","profile_sidebar_fill_color":"DDEEF6","entities":{"description":{"urls":[]}},"followers_count":948,"profile_sidebar_border_color":"C0DEED","id_str":"2589541577","profile_background_color":"C0DEED","listed_count":52,"is_translation_enabled":false,"utc_offset":0,"statuses_count":2451,"description":"Networks Intelligence, Open Source Intelligence, Geopolitics and random thoughts by @FredericJacobs","friends_count":1128,"location":"","profile_link_color":"6211F7","profile_image_url":"http://pbs.twimg.com/profile_images/475292134401011712/aPEdzaL4_normal.png","following":false,"geo_enabled":true,"profile_banner_url":"https://pbs.twimg.com/profile_banners/2589541577/1402153468","profile_background_image_url":"http://abs.twimg.com/images/themes/theme1/bg.png","name":"The OSINT","lang":"en","profile_background_tile":false,"favourites_count":544,"screen_name":"theosint","notifications":false,"url":null,"created_at":"Sat Jun 07 14:46:56 +0000 2014","contributors_enabled":false,"time_zone":"London","protected":false,"default_profile":false,"is_translator":false},"geo":null,"in_reply_to_user_id_str":"15400294","lang":"en","created_at":"Sun Dec 14 23:49:06 +0000 2014","in_reply_to_status_id_str":"544276998017646593","place":null},
{"contributors":null,"truncated":false,"text":".@m_slomczynski \"@azelin: This is The Islamic State flag, not the one in the window in Sydney. http://t.co/vcNYnG1M3S\" via @bukarolbu","in_reply_to_status_id":544276998017646593,"id":544277988171587584,"favorite_count":0,"source":"<a href=\"http://www.twitter.com\" rel=\"nofollow\">Twitter for Windows Phone</a>","retweeted":false,"coordinates":null,"entities":{"symbols":[],"user_mentions":[{"id":149096517,"indices":[1,15],"id_str":"149096517","screen_name":"m_slomczynski","name":"Maciek Słomczyński"},{"id":15400294,"indices":[17,24],"id_str":"15400294","screen_name":"azelin","name":"Aaron Y. Zelin"},{"id":309522277,"indices":[123,133],"id_str":"309522277","screen_name":"bukarolbu","name":"Premier Tux ن"}],"hashtags":[],"urls":[],"media":[{"source_user_id":15400294,"source_status_id_str":"544276998017646593","expanded_url":"http://twitter.com/azelin/status/544276998017646593/photo/1","display_url":"pic.twitter.com/vcNYnG1M3S","url":"http://t.co/vcNYnG1M3S","media_url_https":"https://pbs.twimg.com/media/B42pC2ZCAAAlFXr.jpg","source_user_id_str":"15400294","source_status_id":544276998017646593,"id_str":"544276996407033856","sizes":{"small":{"h":226,"resize":"fit","w":340},"large":{"h":682,"resize":"fit","w":1024},"medium":{"h":399,"resize":"fit","w":600},"thumb":{"h":150,"resize":"crop","w":150}},"indices":[95,117],"type":"photo","id":544276996407033856,"media_url":"http://pbs.twimg.com/media/B42pC2ZCAAAlFXr.jpg"}]},"in_reply_to_screen_name":"azelin","id_str":"544277988171587584","retweet_count":0,"in_reply_to_user_id":15400294,"favorited":false,"user":{"follow_request_sent":false,"profile_use_background_image":true,"profile_text_color":"333333","default_profile_image":false,"id":928447400,"profile_background_image_url_https":"https://pbs.twimg.com/profile_background_images/524816074005422080/2mfmzn1g.jpeg","verified":false,"profile_location":null,"profile_image_url_https":"https://pbs.twimg.com/profile_images/553111981712896000/EDwVMn63_normal.jpeg","profile_sidebar_fill_color":"DDEEF6","entities":{"url":{"urls":[{"url":"http://t.co/d1Z7zG1Hxq","indices":[0,22],"expanded_url":"http://about.me/filiplachert","display_url":"about.me/filiplachert"}]},"description":{"urls":[]}},"followers_count":1073,"profile_sidebar_border_color":"FFFFFF","id_str":"928447400","profile_background_color":"050505","listed_count":14,"is_translation_enabled":false,"utc_offset":3600,"statuses_count":19950,"description":"Liberał społeczny. Boję się nadejścia autorytaryzmu. Mieszam sprawy poważne z błahymi, co daje ciężkostrawny efekt. Szersze #bio pod linkiem.","friends_count":1138,"location":"Warszawa","profile_link_color":"0084B4","profile_image_url":"http://pbs.twimg.com/profile_images/553111981712896000/EDwVMn63_normal.jpeg","following":false,"geo_enabled":true,"profile_banner_url":"https://pbs.twimg.com/profile_banners/928447400/1394968009","profile_background_image_url":"http://pbs.twimg.com/profile_background_images/524816074005422080/2mfmzn1g.jpeg","name":"Filip Lachert","lang":"pl","profile_background_tile":false,"favourites_count":17157,"screen_name":"FilipLachert","notifications":false,"url":"http://t.co/d1Z7zG1Hxq","created_at":"Mon Nov 05 21:32:41 +0000 2012","contributors_enabled":false,"time_zone":"Warsaw","protected":false,"default_profile":false,"is_translator":false},"geo":null,"in_reply_to_user_id_str":"15400294","possibly_sensitive":false,"lang":"en","created_at":"Sun Dec 14 23:49:19 +0000 2014","in_reply_to_status_id_str":"544276998017646593","place":null,"extended_entities":{"media":[{"source_user_id":15400294,"source_status_id_str":"544276998017646593","expanded_url":"http://twitter.com/azelin/status/544276998017646593/photo/1","display_url":"pic.twitter.com/vcNYnG1M3S","url":"http://t.co/vcNYnG1M3S","media_url_https":"https://pbs.twimg.com/media/B42pC2ZCAAAlFXr.jpg","source_user_id_str":"15400294","source_status_id":544276998017646593,"id_str":"544276996407033856","sizes":{"small":{"h":226,"resize":"fit","w":340},"large":{"h":682,"resize":"fit","w":1024},"medium":{"h":399,"resize":"fit","w":600},"thumb":{"h":150,"resize":"crop","w":150}},"indices":[95,117],"type":"photo","id":544276996407033856,"media_url":"http://pbs.twimg.com/media/B42pC2ZCAAAlFXr.jpg"}]}},
{"contributors":null,"truncated":false,"text":"@azelin @BlogsofWar Indeed! Its a standard Shahadah flag in the window!","in_reply_to_status_id":544276998017646593,"id":544278241939570689,"favorite_count":1,"source":"<a href=\"http://twitter.com/#!/download/ipad\" rel=\"nofollow\">Twitter for iPad</a>","retweeted":false,"coordinates":null,"entities":{"symbols":[],"user_mentions":[{"id":15400294,"indices":[0,7],"id_str":"15400294","screen_name":"azelin","name":"Aaron Y. Zelin"},{"id":14401607,"indices":[8,19],"id_str":"14401607","screen_name":"BlogsofWar","name":"Blogs of War"}],"hashtags":[],"urls":[]},"in_reply_to_screen_name":"azelin","id_str":"544278241939570689","retweet_count":1,"in_reply_to_user_id":15400294,"favorited":false,"user":{"follow_request_sent":false,"profile_use_background_image":true,"profile_text_color":"333333","default_profile_image":false,"id":2453850531,"profile_background_image_url_https":"https://abs.twimg.com/images/themes/theme14/bg.gif","verified":false,"profile_location":null,"profile_image_url_https":"https://pbs.twimg.com/profile_images/533067045785440256/g-SMIdYt_normal.jpeg","profile_sidebar_fill_color":"EFEFEF","entities":{"url":{"urls":[{"url":"http://t.co/7eZwSgUQs4","indices":[0,22],"expanded_url":"http://www.jonathanwade.ca","display_url":"jonathanwade.ca"}]},"description":{"urls":[]}},"followers_count":748,"profile_sidebar_border_color":"EEEEEE","id_str":"2453850531","profile_background_color":"131516","listed_count":11,"is_translation_enabled":false,"utc_offset":-18000,"statuses_count":2451,"description":"Former Canadian Soldier & #Afghanistan Combat Vet | Royal Military College of #Canada Student | Defense Consultant | Freedom of #Religion! #OPSEC Please!","friends_count":385,"location":"Canada","profile_link_color":"000000","profile_image_url":"http://pbs.twimg.com/profile_images/533067045785440256/g-SMIdYt_normal.jpeg","following":false,"geo_enabled":false,"profile_banner_url":"https://pbs.twimg.com/profile_banners/2453850531/1417141904","profile_background_image_url":"http://abs.twimg.com/images/themes/theme14/bg.gif","name":"Jonathan Wade","lang":"en-gb","profile_background_tile":true,"favourites_count":1169,"screen_name":"JWadeMoses","notifications":false,"url":"http://t.co/7eZwSgUQs4","created_at":"Wed Apr 02 02:31:59 +0000 2014","contributors_enabled":false,"time_zone":"Eastern Time (US & Canada)","protected":false,"default_profile":false,"is_translator":false},"geo":null,"in_reply_to_user_id_str":"15400294","lang":"en","created_at":"Sun Dec 14 23:50:19 +0000 2014","in_reply_to_status_id_str":"544276998017646593","place":null},
{"contributors":null,"truncated":false,"text":"@azelin @BlogsofWar \nWhat about these?\nhttp://t.co/6BfQ5ecsCG\nhttp://t.co/04tKgwJdd7\nhttp://t.co/JzB4G7oxiK","in_reply_to_status_id":544276998017646593,"id":544278354778947584,"favorite_count":0,"source":"<a href=\"http://twitter.com\" rel=\"nofollow\">Twitter Web Client</a>","retweeted":false,"coordinates":null,"entities":{"symbols":[],"user_mentions":[{"id":15400294,"indices":[0,7],"id_str":"15400294","screen_name":"azelin","name":"Aaron Y. Zelin"},{"id":14401607,"indices":[8,19],"id_str":"14401607","screen_name":"BlogsofWar","name":"Blogs of War"}],"hashtags":[],"urls":[{"url":"http://t.co/6BfQ5ecsCG","indices":[39,61],"expanded_url":"http://images.dailystar-uk.co.uk/dynamic/1/photos/114000/143114.jpg","display_url":"images.dailystar-uk.co.uk/dynamic/1/phot…"},{"url":"http://t.co/04tKgwJdd7","indices":[62,84],"expanded_url":"http://resources1.news.com.au/images/2014/09/08/1227051/866901-6fffcbe2-371a-11e4-a343-9e6c16704359.jpg","display_url":"resources1.news.com.au/images/2014/09…"},{"url":"http://t.co/JzB4G7oxiK","indices":[85,107],"expanded_url":"http://nocompulsion.com/wp-content/uploads/2014/08/Islamic-Caliphate-Flag.jpg","display_url":"nocompulsion.com/wp-content/upl…"}]},"in_reply_to_screen_name":"azelin","id_str":"544278354778947584","retweet_count":0,"in_reply_to_user_id":15400294,"favorited":false,"user":{"follow_request_sent":false,"profile_use_background_image":true,"profile_text_color":"333333","default_profile_image":false,"id":317743589,"profile_background_image_url_https":"https://abs.twimg.com/images/themes/theme14/bg.gif","verified":false,"profile_location":null,"profile_image_url_https":"https://pbs.twimg.com/profile_images/555371213434802176/MYE472fS_normal.png","profile_sidebar_fill_color":"EFEFEF","entities":{"description":{"urls":[]}},"followers_count":553,"profile_sidebar_border_color":"FFFFFF","id_str":"317743589","profile_background_color":"131516","listed_count":45,"is_translation_enabled":false,"utc_offset":null,"statuses_count":41466,"description":"European, EU citizen, Hungarian, NATO member, PC gamer, Fan of good TV series, and Anime otaku (UK & USA please honor #BpMemo)","friends_count":406,"location":"","profile_link_color":"0000B0","profile_image_url":"http://pbs.twimg.com/profile_images/555371213434802176/MYE472fS_normal.png","following":false,"geo_enabled":true,"profile_banner_url":"https://pbs.twimg.com/profile_banners/317743589/1396273315","profile_background_image_url":"http://abs.twimg.com/images/themes/theme14/bg.gif","name":"Blue Dragon","lang":"en","profile_background_tile":true,"favourites_count":10701,"screen_name":"joriandrake","notifications":false,"url":null,"created_at":"Wed Jun 15 12:11:33 +0000 2011","contributors_enabled":false,"time_zone":null,"protected":false,"default_profile":false,"is_translator":false},"geo":null,"in_reply_to_user_id_str":"15400294","possibly_sensitive":false,"lang":"en","created_at":"Sun Dec 14 23:50:46 +0000 2014","in_reply_to_status_id_str":"544276998017646593","place":null},
{"contributors":null,"truncated":false,"text":"@azelin @LawDavF It has been suggested this is the Shahada?","in_reply_to_status_id":544276998017646593,"id":544278481413361665,"favorite_count":0,"source":"<a href=\"http://twitter.com\" rel=\"nofollow\">Twitter Web Client</a>","retweeted":false,"coordinates":null,"entities":{"symbols":[],"user_mentions":[{"id":15400294,"indices":[0,7],"id_str":"15400294","screen_name":"azelin","name":"Aaron Y. Zelin"},{"id":1463193979,"indices":[8,16],"id_str":"1463193979","screen_name":"LawDavF","name":"Lawrence Freedman"}],"hashtags":[],"urls":[]},"in_reply_to_screen_name":"azelin","id_str":"544278481413361665","retweet_count":0,"in_reply_to_user_id":15400294,"favorited":false,"user":{"follow_request_sent":false,"profile_use_background_image":false,"profile_text_color":"000000","default_profile_image":false,"id":2864066428,"profile_background_image_url_https":"https://abs.twimg.com/images/themes/theme1/bg.png","verified":false,"profile_location":null,"profile_image_url_https":"https://pbs.twimg.com/profile_images/538388348419588096/W4qCVD-0_normal.jpeg","profile_sidebar_fill_color":"000000","entities":{"description":{"urls":[]}},"followers_count":46,"profile_sidebar_border_color":"000000","id_str":"2864066428","profile_background_color":"000000","listed_count":0,"is_translation_enabled":false,"utc_offset":null,"statuses_count":1950,"description":"Great stuff guys!","friends_count":213,"location":"Dinnington, Newcastle","profile_link_color":"DD2E44","profile_image_url":"http://pbs.twimg.com/profile_images/538388348419588096/W4qCVD-0_normal.jpeg","following":false,"geo_enabled":false,"profile_banner_url":"https://pbs.twimg.com/profile_banners/2864066428/1417554335","profile_background_image_url":"http://abs.twimg.com/images/themes/theme1/bg.png","name":"George B.","lang":"en","profile_background_tile":false,"favourites_count":337,"screen_name":"geobut1958","notifications":false,"url":null,"created_at":"Thu Nov 06 16:23:52 +0000 2014","contributors_enabled":false,"time_zone":null,"protected":false,"default_profile":false,"is_translator":false},"geo":null,"in_reply_to_user_id_str":"15400294","lang":"en","created_at":"Sun Dec 14 23:51:16 +0000 2014","in_reply_to_status_id_str":"544276998017646593","place":null},
{"contributors":null,"truncated":false,"text":"@azelin @LawDavF They probably just couldn't get their hands on an ISIS flag in time to mount the operation.","in_reply_to_status_id":544276998017646593,"id":544278725253427200,"favorite_count":0,"source":"<a href=\"http://twitter.com\" rel=\"nofollow\">Twitter Web Client</a>","retweeted":false,"coordinates":null,"entities":{"symbols":[],"user_mentions":[{"id":15400294,"indices":[0,7],"id_str":"15400294","screen_name":"azelin","name":"Aaron Y. Zelin"},{"id":1463193979,"indices":[8,16],"id_str":"1463193979","screen_name":"LawDavF","name":"Lawrence Freedman"}],"hashtags":[],"urls":[]},"in_reply_to_screen_name":"azelin","id_str":"544278725253427200","retweet_count":0,"in_reply_to_user_id":15400294,"favorited":false,"user":{"follow_request_sent":false,"profile_use_background_image":true,"profile_text_color":"333333","default_profile_image":false,"id":2573619805,"profile_background_image_url_https":"https://abs.twimg.com/images/themes/theme14/bg.gif","verified":false,"profile_location":null,"profile_image_url_https":"https://pbs.twimg.com/profile_images/534919011377479682/L7AymliW_normal.jpeg","profile_sidebar_fill_color":"EFEFEF","entities":{"description":{"urls":[]}},"followers_count":68,"profile_sidebar_border_color":"EEEEEE","id_str":"2573619805","profile_background_color":"131516","listed_count":3,"is_translation_enabled":false,"utc_offset":-14400,"statuses_count":2804,"description":"Animalia, Chordata, Mammalia, Primates, Hominidae, Hominini, Homo, H. sapiens, Homo sapiens sapiens, Oved.","friends_count":297,"location":"","profile_link_color":"009999","profile_image_url":"http://pbs.twimg.com/profile_images/534919011377479682/L7AymliW_normal.jpeg","following":false,"geo_enabled":false,"profile_banner_url":"https://pbs.twimg.com/profile_banners/2573619805/1404250260","profile_background_image_url":"http://abs.twimg.com/images/themes/theme14/bg.gif","name":"CasualtiesOfTheDay","lang":"en","profile_background_tile":true,"favourites_count":2097,"screen_name":"Ayei_Eloheichem","notifications":false,"url":null,"created_at":"Tue Jun 17 21:35:06 +0000 2014","contributors_enabled":false,"time_zone":"Atlantic Time (Canada)","protected":false,"default_profile":false,"is_translator":false},"geo":null,"in_reply_to_user_id_str":"15400294","lang":"en","created_at":"Sun Dec 14 23:52:14 +0000 2014","in_reply_to_status_id_str":"544276998017646593","place":null},
{"contributors":null,"truncated":false,"text":"@azelin @BlogsofWar oh! They're probably well meaning then","in_reply_to_status_id":544276998017646593,"id":544278747500011520,"favorite_count":1,"source":"<a href=\"http://twitter.com/#!/download/ipad\" rel=\"nofollow\">Twitter for iPad</a>","retweeted":false,"coordinates":{"type":"Point","coordinates":[-79.56326162,44.31017208]},"entities":{"symbols":[],"user_mentions":[{"id":15400294,"indices":[0,7],"id_str":"15400294","screen_name":"azelin","name":"Aaron Y. Zelin"},{"id":14401607,"indices":[8,19],"id_str":"14401607","screen_name":"BlogsofWar","name":"Blogs of War"}],"hashtags":[],"urls":[]},"in_reply_to_screen_name":"azelin","id_str":"544278747500011520","retweet_count":0,"in_reply_to_user_id":15400294,"favorited":false,"user":{"follow_request_sent":false,"profile_use_background_image":true,"profile_text_color":"333333","default_profile_image":false,"id":233492112,"profile_background_image_url_https":"https://pbs.twimg.com/profile_background_images/417117942/Epic_bump.png","verified":false,"profile_location":null,"profile_image_url_https":"https://pbs.twimg.com/profile_images/546974998943256576/4IaDHekK_normal.jpeg","profile_sidebar_fill_color":"DDEEF6","entities":{"description":{"urls":[]}},"followers_count":222,"profile_sidebar_border_color":"C0DEED","id_str":"233492112","profile_background_color":"131516","listed_count":2,"is_translation_enabled":false,"utc_offset":10800,"statuses_count":5354,"description":"I do things that sometimes end up on twitter, still not a fan of onions.","friends_count":776,"location":"Toronto,  Glasgow & Wherever","profile_link_color":"00991F","profile_image_url":"http://pbs.twimg.com/profile_images/546974998943256576/4IaDHekK_normal.jpeg","following":false,"geo_enabled":true,"profile_banner_url":"https://pbs.twimg.com/profile_banners/233492112/1408250830","profile_background_image_url":"http://pbs.twimg.com/profile_background_images/417117942/Epic_bump.png","name":"Dug","lang":"en","profile_background_tile":true,"favourites_count":1553,"screen_name":"K9Dug","notifications":false,"url":null,"created_at":"Mon Jan 03 11:09:09 +0000 2011","contributors_enabled":false,"time_zone":"Baghdad","protected":false,"default_profile":false,"is_translator":false},"geo":{"type":"Point","coordinates":[44.31017208,-79.56326162]},"in_reply_to_user_id_str":"15400294","lang":"en","created_at":"Sun Dec 14 23:52:20 +0000 2014","in_reply_to_status_id_str":"544276998017646593","place":{"full_name":"Innisfil, Ontario","url":"https://api.twitter.com/1.1/geo/id/24375e528db392ff.json","country":"Canada","place_type":"city","bounding_box":{"type":"Polygon","coordinates":[[[-79.7342541,44.164735],[-79.505394,44.164735],[-79.505394,44.422366],[-79.7342541,44.422366]]]},"contained_within":[],"country_code":"CA","attributes":{},"id":"24375e528db392ff","name":"Innisfil"}},
{"contributors":null,"truncated":false,"text":"@LawDavF @azelin Ive been told it is the shahada http://t.co/8UKi8o7Iaw","in_reply_to_status_id":544277557907316736,"id":544279155110453248,"favorite_count":0,"source":"<a href=\"http://twitter.com/download/iphone\" rel=\"nofollow\">Twitter for iPhone</a>","retweeted":false,"coordinates":null,"entities":{"symbols":[],"user_mentions":[{"id":1463193979,"indices":[0,8],"id_str":"1463193979","screen_name":"LawDavF","name":"Lawrence Freedman"},{"id":15400294,"indices":[9,16],"id_str":"15400294","screen_name":"azelin","name":"Aaron Y. Zelin"}],"hashtags":[],"urls":[{"url":"http://t.co/8UKi8o7Iaw","indices":[49,71],"expanded_url":"http://en.m.wikipedia.org/wiki/Black_Standard","display_url":"en.m.wikipedia.org/wiki/Black_Sta…"}]},"in_reply_to_screen_name":"LawDavF","id_str":"544279155110453248","retweet_count":0,"in_reply_to_user_id":1463193979,"favorited":false,"user":{"follow_request_sent":false,"profile_use_background_image":true,"profile_text_color":"333333","default_profile_image":false,"id":2718703542,"profile_background_image_url_https":"https://abs.twimg.com/images/themes/theme1/bg.png","verified":false,"profile_location":null,"profile_image_url_https":"https://pbs.twimg.com/profile_images/526278271990636544/UK5t3tx2_normal.jpeg","profile_sidebar_fill_color":"DDEEF6","entities":{"description":{"urls":[]}},"followers_count":86,"profile_sidebar_border_color":"C0DEED","id_str":"2718703542","profile_background_color":"C0DEED","listed_count":3,"is_translation_enabled":false,"utc_offset":39600,"statuses_count":192,"description":"Research Associate @LowyInstitute with a wide watch. Best versed in defence/security issues. Recent DoD escapee.As likely to tweet about Nebbiolo as Mearsheimer","friends_count":125,"location":"","profile_link_color":"0084B4","profile_image_url":"http://pbs.twimg.com/profile_images/526278271990636544/UK5t3tx2_normal.jpeg","following":false,"geo_enabled":false,"profile_background_image_url":"http://abs.twimg.com/images/themes/theme1/bg.png","name":"Emilia Christoforou","lang":"en","profile_background_tile":false,"favourites_count":0,"screen_name":"emchristoforou","notifications":false,"url":null,"created_at":"Sat Aug 09 06:08:27 +0000 2014","contributors_enabled":false,"time_zone":"Sydney","protected":false,"default_profile":true,"is_translator":false},"geo":null,"in_reply_to_user_id_str":"1463193979","possibly_sensitive":false,"lang":"en","created_at":"Sun Dec 14 23:53:57 +0000 2014","in_reply_to_status_id_str":"544277557907316736","place":null},
{"contributors":null,"truncated":false,"text":"@azelin as IS gives their own interpretation of Islam: why bothering about t/legitimacy of flag? Are 'copy-cats' a lesser miserable bunch?","in_reply_to_status_id":544276998017646593,"id":544279185947369472,"favorite_count":1,"source":"<a href=\"http://twitter.com\" rel=\"nofollow\">Twitter Web Client</a>","retweeted":false,"coordinates":null,"entities":{"symbols":[],"user_mentions":[{"id":15400294,"indices":[0,7],"id_str":"15400294","screen_name":"azelin","name":"Aaron Y. Zelin"}],"hashtags":[],"urls":[]},"in_reply_to_screen_name":"azelin","id_str":"544279185947369472","retweet_count":0,"in_reply_to_user_id":15400294,"favorited":false,"user":{"follow_request_sent":false,"profile_use_background_image":true,"profile_text_color":"333333","default_profile_image":false,"id":241501269,"profile_background_image_url_https":"https://pbs.twimg.com/profile_background_images/378800000119027635/b94befd4e20b1cf4b4a386bcd9099679.jpeg","verified":false,"profile_location":null,"profile_image_url_https":"https://pbs.twimg.com/profile_images/527629775418818560/LqWU_qlV_normal.jpeg","profile_sidebar_fill_color":"A0C5C7","entities":{"url":{"urls":[{"url":"http://t.co/F7ck5ErwAe","indices":[0,22],"expanded_url":"http://miskelayla.wordpress.com/","display_url":"miskelayla.wordpress.com"}]},"description":{"urls":[]}},"followers_count":823,"profile_sidebar_border_color":"000000","id_str":"241501269","profile_background_color":"709397","listed_count":25,"is_translation_enabled":false,"utc_offset":7200,"statuses_count":28735,"description":"My tweets/re-tweets are mainly a timeline of political events and atmospheric currents, mostly concerning Egypt.-","friends_count":202,"location":"Cairo, Egypt","profile_link_color":"335291","profile_image_url":"http://pbs.twimg.com/profile_images/527629775418818560/LqWU_qlV_normal.jpeg","following":false,"geo_enabled":true,"profile_banner_url":"https://pbs.twimg.com/profile_banners/241501269/1384127639","profile_background_image_url":"http://pbs.twimg.com/profile_background_images/378800000119027635/b94befd4e20b1cf4b4a386bcd9099679.jpeg","name":"Karina Loren","lang":"en","profile_background_tile":true,"favourites_count":6386,"screen_name":"miskelayla","notifications":false,"url":"http://t.co/F7ck5ErwAe","created_at":"Sat Jan 22 12:08:42 +0000 2011","contributors_enabled":false,"time_zone":"Cairo","protected":false,"default_profile":false,"is_translator":false},"geo":null,"in_reply_to_user_id_str":"15400294","lang":"en","created_at":"Sun Dec 14 23:54:04 +0000 2014","in_reply_to_status_id_str":"544276998017646593","place":null},
{"contributors":null,"truncated":false,"text":"@azelin @IsraNed probably is the Aussie Muslims Flag https://t.co/1yo20KjTMD","in_reply_to_status_id":544276998017646593,"id":544279213814325248,"favorite_count":0,"source":"<a href=\"http://twitter.com\" rel=\"nofollow\">Twitter Web Client</a>","retweeted":false,"coordinates":null,"entities":{"symbols":[],"user_mentions":[{"id":15400294,"indices":[0,7],"id_str":"15400294","screen_name":"azelin","name":"Aaron Y. Zelin"},{"id":91528801,"indices":[8,16],"id_str":"91528801","screen_name":"IsraNed","name":"IsraNed"}],"hashtags":[],"urls":[{"url":"https://t.co/1yo20KjTMD","indices":[53,76],"expanded_url":"https://www.google.nl/search?q=islamia+flag&espv=2&biw=1680&bih=925&source=lnms&tbm=isch&sa=X&ei=BiKOVM_JF8y0UayRgPAI&ved=0CAYQ_AUoAQ#tbm=isch&q=aussie+muslims+flag&imgdii=_","display_url":"google.nl/search?q=islam…"}]},"in_reply_to_screen_name":"azelin","id_str":"544279213814325248","retweet_count":0,"in_reply_to_user_id":15400294,"favorited":false,"user":{"follow_request_sent":false,"profile_use_background_image":true,"profile_text_color":"000000","default_profile_image":false,"id":120514227,"profile_background_image_url_https":"https://pbs.twimg.com/profile_background_images/739920038/8aaa2511288a1144fedc2427a8798ef8.jpeg","verified":false,"profile_location":null,"profile_image_url_https":"https://pbs.twimg.com/profile_images/736312764/Kruiszwart_normal.jpg","profile_sidebar_fill_color":"FFFFFF","entities":{"url":{"urls":[{"url":"http://t.co/tqcLl5aSEF","indices":[0,22],"expanded_url":"http://pineut.wordpress.com/","display_url":"pineut.wordpress.com"}]},"description":{"urls":[]}},"followers_count":849,"profile_sidebar_border_color":"FFFFFF","id_str":"120514227","profile_background_color":"000000","listed_count":14,"is_translation_enabled":false,"utc_offset":3600,"statuses_count":17429,"description":"Houd het wereldnieuws naast de profetieën van het Woord van God in de gaten.  De Werk Groep Pineut is onafhankelijk van enig kerk of stroming.","friends_count":1073,"location":"Amsterdam","profile_link_color":"0303FA","profile_image_url":"http://pbs.twimg.com/profile_images/736312764/Kruiszwart_normal.jpg","following":false,"geo_enabled":false,"profile_banner_url":"https://pbs.twimg.com/profile_banners/120514227/1355748205","profile_background_image_url":"http://pbs.twimg.com/profile_background_images/739920038/8aaa2511288a1144fedc2427a8798ef8.jpeg","name":"Pineut","lang":"en","profile_background_tile":true,"favourites_count":6,"screen_name":"bentualdepineut","notifications":false,"url":"http://t.co/tqcLl5aSEF","created_at":"Sat Mar 06 17:26:32 +0000 2010","contributors_enabled":false,"time_zone":"Amsterdam","protected":false,"default_profile":false,"is_translator":false},"geo":null,"in_reply_to_user_id_str":"15400294","possibly_sensitive":false,"lang":"en","created_at":"Sun Dec 14 23:54:11 +0000 2014","in_reply_to_status_id_str":"544276998017646593","place":null},
{"contributors":null,"truncated":false,"text":"@azelin @BlogsofWar The US flag is beginning to loo a lot worse than #ISIS flag, again. Looted Kurd oil. Why? Illegal Taxi #Uber","in_reply_to_status_id":544276998017646593,"id":544279413039570944,"favorite_count":0,"source":"<a href=\"http://twitter.com\" rel=\"nofollow\">Twitter Web Client</a>","retweeted":false,"coordinates":null,"entities":{"symbols":[],"user_mentions":[{"id":15400294,"indices":[0,7],"id_str":"15400294","screen_name":"azelin","name":"Aaron Y. Zelin"},{"id":14401607,"indices":[8,19],"id_str":"14401607","screen_name":"BlogsofWar","name":"Blogs of War"}],"hashtags":[{"indices":[69,74],"text":"ISIS"},{"indices":[123,128],"text":"Uber"}],"urls":[]},"in_reply_to_screen_name":"azelin","id_str":"544279413039570944","retweet_count":0,"in_reply_to_user_id":15400294,"favorited":false,"user":{"follow_request_sent":false,"profile_use_background_image":true,"profile_text_color":"333333","default_profile_image":false,"id":2825247330,"profile_background_image_url_https":"https://abs.twimg.com/images/themes/theme1/bg.png","verified":false,"profile_location":null,"profile_image_url_https":"https://pbs.twimg.com/profile_images/519657208942821376/x1PuTfby_normal.jpeg","profile_sidebar_fill_color":"DDEEF6","entities":{"url":{"urls":[{"url":"http://t.co/PpRLXHgJMf","indices":[0,22],"expanded_url":"http://www.yahoo.com","display_url":"yahoo.com"}]},"description":{"urls":[]}},"followers_count":28,"profile_sidebar_border_color":"C0DEED","id_str":"2825247330","profile_background_color":"C0DEED","listed_count":2,"is_translation_enabled":false,"utc_offset":-18000,"statuses_count":1987,"description":"Perception could be bent. Fear could control where respect fails. Stealth is the weapon of choice.","friends_count":573,"location":"The Great Global City","profile_link_color":"0084B4","profile_image_url":"http://pbs.twimg.com/profile_images/519657208942821376/x1PuTfby_normal.jpeg","following":false,"geo_enabled":false,"profile_banner_url":"https://pbs.twimg.com/profile_banners/2825247330/1411780624","profile_background_image_url":"http://abs.twimg.com/images/themes/theme1/bg.png","name":"CapitalPhoenix","lang":"en-gb","profile_background_tile":false,"favourites_count":0,"screen_name":"787Cap9Phoenix","notifications":false,"url":"http://t.co/PpRLXHgJMf","created_at":"Sun Sep 21 23:49:40 +0000 2014","contributors_enabled":false,"time_zone":"Eastern Time (US & Canada)","protected":false,"default_profile":true,"is_translator":false},"geo":null,"in_reply_to_user_id_str":"15400294","lang":"en","created_at":"Sun Dec 14 23:54:58 +0000 2014","in_reply_to_status_id_str":"544276998017646593","place":null},
{"contributors":null,"truncated":false,"text":"Note to @BuzzFeedNews RT “@azelin: This is The Islamic State flag, not the one in the window in Sydney. http://t.co/5MYG2OBAVX”","in_reply_to_status_id":544276998017646593,"id":544279466751852544,"favorite_count":2,"source":"<a href=\"http://twitter.com/download/iphone\" rel=\"nofollow\">Twitter for iPhone</a>","retweeted":false,"coordinates":null,"entities":{"symbols":[],"user_mentions":[{"id":1020058453,"indices":[8,21],"id_str":"1020058453","screen_name":"BuzzFeedNews","name":"BuzzFeed News"},{"id":15400294,"indices":[26,33],"id_str":"15400294","screen_name":"azelin","name":"Aaron Y. Zelin"}],"hashtags":[],"urls":[],"media":[{"source_user_id":15400294,"source_status_id_str":"544276998017646593","expanded_url":"http://twitter.com/azelin/status/544276998017646593/photo/1","display_url":"pic.twitter.com/5MYG2OBAVX","url":"http://t.co/5MYG2OBAVX","media_url_https":"https://pbs.twimg.com/media/B42pC2ZCAAAlFXr.jpg","source_user_id_str":"15400294","source_status_id":544276998017646593,"id_str":"544276996407033856","sizes":{"small":{"h":226,"resize":"fit","w":340},"large":{"h":682,"resize":"fit","w":1024},"medium":{"h":399,"resize":"fit","w":600},"thumb":{"h":150,"resize":"crop","w":150}},"indices":[104,126],"type":"photo","id":544276996407033856,"media_url":"http://pbs.twimg.com/media/B42pC2ZCAAAlFXr.jpg"}]},"in_reply_to_screen_name":"azelin","id_str":"544279466751852544","retweet_count":0,"in_reply_to_user_id":15400294,"favorited":false,"user":{"follow_request_sent":false,"profile_use_background_image":true,"profile_text_color":"3C3940","default_profile_image":false,"id":414138120,"profile_background_image_url_https":"https://pbs.twimg.com/profile_background_images/378800000150882609/vX4x_d2v.jpeg","verified":false,"profile_location":null,"profile_image_url_https":"https://pbs.twimg.com/profile_images/552511667712823298/EfGdAq1G_normal.jpeg","profile_sidebar_fill_color":"95E8EC","entities":{"url":{"urls":[{"url":"http://t.co/s638CQtQQE","indices":[0,22],"expanded_url":"http://www.rowaidaabdelaziz.wordpress.com","display_url":"rowaidaabdelaziz.wordpress.com"}]},"description":{"urls":[]}},"followers_count":531,"profile_sidebar_border_color":"FFFFFF","id_str":"414138120","profile_background_color":"0099B9","listed_count":37,"is_translation_enabled":false,"utc_offset":-25200,"statuses_count":8878,"description":"Freelance journalist. Formerly @cpjmena @AJArabic. Loyal to international news, human rights & coffee. My craving for learning knows no boundaries. Views=mine!","friends_count":259,"location":"","profile_link_color":"0099B9","profile_image_url":"http://pbs.twimg.com/profile_images/552511667712823298/EfGdAq1G_normal.jpeg","following":false,"geo_enabled":false,"profile_banner_url":"https://pbs.twimg.com/profile_banners/414138120/1386106750","profile_background_image_url":"http://pbs.twimg.com/profile_background_images/378800000150882609/vX4x_d2v.jpeg","name":"Rowaida Abdelaziz","lang":"en","profile_background_tile":false,"favourites_count":1302,"screen_name":"Rowaida_Abdel","notifications":false,"url":"http://t.co/s638CQtQQE","created_at":"Wed Nov 16 17:41:46 +0000 2011","contributors_enabled":false,"time_zone":"Arizona","protected":false,"default_profile":false,"is_translator":false},"geo":null,"in_reply_to_user_id_str":"15400294","possibly_sensitive":false,"lang":"en","created_at":"Sun Dec 14 23:55:11 +0000 2014","in_reply_to_status_id_str":"544276998017646593","place":null,"extended_entities":{"media":[{"source_user_id":15400294,"source_status_id_str":"544276998017646593","expanded_url":"http://twitter.com/azelin/status/544276998017646593/photo/1","display_url":"pic.twitter.com/5MYG2OBAVX","url":"http://t.co/5MYG2OBAVX","media_url_https":"https://pbs.twimg.com/media/B42pC2ZCAAAlFXr.jpg","source_user_id_str":"15400294","source_status_id":544276998017646593,"id_str":"544276996407033856","sizes":{"small":{"h":226,"resize":"fit","w":340},"large":{"h":682,"resize":"fit","w":1024},"medium":{"h":399,"resize":"fit","w":600},"thumb":{"h":150,"resize":"crop","w":150}},"indices":[104,126],"type":"photo","id":544276996407033856,"media_url":"http://pbs.twimg.com/media/B42pC2ZCAAAlFXr.jpg"}]}},
{"contributors":null,"truncated":false,"text":".@azelin @REWearmouth do we know if this flag is of a known design?  Of a known group?","in_reply_to_status_id":544276998017646593,"id":544279882159915009,"favorite_count":0,"source":"<a href=\"http://twitter.com/#!/download/ipad\" rel=\"nofollow\">Twitter for iPad</a>","retweeted":false,"coordinates":null,"entities":{"symbols":[],"user_mentions":[{"id":15400294,"indices":[1,8],"id_str":"15400294","screen_name":"azelin","name":"Aaron Y. Zelin"},{"id":85599723,"indices":[9,21],"id_str":"85599723","screen_name":"REWearmouth","name":"Rachel Wearmouth"}],"hashtags":[],"urls":[]},"in_reply_to_screen_name":"azelin","id_str":"544279882159915009","retweet_count":0,"in_reply_to_user_id":15400294,"favorited":false,"user":{"follow_request_sent":false,"profile_use_background_image":true,"profile_text_color":"333333","default_profile_image":false,"id":2811438589,"profile_background_image_url_https":"https://abs.twimg.com/images/themes/theme1/bg.png","verified":false,"profile_location":null,"profile_image_url_https":"https://pbs.twimg.com/profile_images/511525894687428609/-tlhbVE8_normal.jpeg","profile_sidebar_fill_color":"DDEEF6","entities":{"description":{"urls":[]}},"followers_count":267,"profile_sidebar_border_color":"C0DEED","id_str":"2811438589","profile_background_color":"C0DEED","listed_count":6,"is_translation_enabled":false,"utc_offset":null,"statuses_count":9249,"description":"Photographer, designer, software developer from North East of England. Bisexual, Intersex, Polly. Mate of @gilbertandgrim, Ex PR for Lib Dems (Easington Branch)","friends_count":668,"location":"","profile_link_color":"0084B4","profile_image_url":"http://pbs.twimg.com/profile_images/511525894687428609/-tlhbVE8_normal.jpeg","following":false,"geo_enabled":false,"profile_background_image_url":"http://abs.twimg.com/images/themes/theme1/bg.png","name":"Jessica Ottowell","lang":"en-gb","profile_background_tile":false,"favourites_count":859,"screen_name":"JessOttowell","notifications":false,"url":null,"created_at":"Mon Sep 15 14:20:43 +0000 2014","contributors_enabled":false,"time_zone":null,"protected":false,"default_profile":true,"is_translator":false},"geo":null,"in_reply_to_user_id_str":"15400294","lang":"en","created_at":"Sun Dec 14 23:56:50 +0000 2014","in_reply_to_status_id_str":"544276998017646593","place":null},
{"contributors":null,"truncated":false,"text":"@emchristoforou @LawDavF @azelin agreed","in_reply_to_status_id":544279155110453248,"id":544280255871975425,"favorite_count":0,"source":"<a href=\"http://twitter.com/download/android\" rel=\"nofollow\">Twitter for Android</a>","retweeted":false,"coordinates":null,"entities":{"symbols":[],"user_mentions":[{"id":2718703542,"indices":[0,15],"id_str":"2718703542","screen_name":"emchristoforou","name":"Emilia Christoforou"},{"id":1463193979,"indices":[16,24],"id_str":"1463193979","screen_name":"LawDavF","name":"Lawrence Freedman"},{"id":15400294,"indices":[25,32],"id_str":"15400294","screen_name":"azelin","name":"Aaron Y. Zelin"}],"hashtags":[],"urls":[]},"in_reply_to_screen_name":"emchristoforou","id_str":"544280255871975425","retweet_count":0,"in_reply_to_user_id":2718703542,"favorited":false,"user":{"follow_request_sent":false,"profile_use_background_image":true,"profile_text_color":"333333","default_profile_image":false,"id":175752321,"profile_background_image_url_https":"https://abs.twimg.com/images/themes/theme1/bg.png","verified":false,"profile_location":null,"profile_image_url_https":"https://pbs.twimg.com/profile_images/1213655958/image_normal.jpg","profile_sidebar_fill_color":"DDEEF6","entities":{"description":{"urls":[]}},"followers_count":25,"profile_sidebar_border_color":"C0DEED","id_str":"175752321","profile_background_color":"C0DEED","listed_count":0,"is_translation_enabled":false,"utc_offset":null,"statuses_count":629,"description":"","friends_count":168,"location":"","profile_link_color":"0084B4","profile_image_url":"http://pbs.twimg.com/profile_images/1213655958/image_normal.jpg","following":false,"geo_enabled":false,"profile_background_image_url":"http://abs.twimg.com/images/themes/theme1/bg.png","name":"Craig Beutel","lang":"en","profile_background_tile":false,"favourites_count":34,"screen_name":"cbeutel","notifications":false,"url":null,"created_at":"Sat Aug 07 14:16:17 +0000 2010","contributors_enabled":false,"time_zone":null,"protected":false,"default_profile":true,"is_translator":false},"geo":null,"in_reply_to_user_id_str":"2718703542","lang":"en","created_at":"Sun Dec 14 23:58:19 +0000 2014","in_reply_to_status_id_str":"544279155110453248","place":null},
{"contributors":null,"truncated":false,"text":"@azelin @BlogsofWar The arrogance level has gone up to a point, where US would try their fraud on allies such as #Canada and endanger it.","in_reply_to_status_id":544276998017646593,"id":544280294879404032,"favorite_count":1,"source":"<a href=\"http://twitter.com\" rel=\"nofollow\">Twitter Web Client</a>","retweeted":false,"coordinates":null,"entities":{"symbols":[],"user_mentions":[{"id":15400294,"indices":[0,7],"id_str":"15400294","screen_name":"azelin","name":"Aaron Y. Zelin"},{"id":14401607,"indices":[8,19],"id_str":"14401607","screen_name":"BlogsofWar","name":"Blogs of War"}],"hashtags":[{"indices":[113,120],"text":"Canada"}],"urls":[]},"in_reply_to_screen_name":"azelin","id_str":"544280294879404032","retweet_count":0,"in_reply_to_user_id":15400294,"favorited":false,"user":{"follow_request_sent":false,"profile_use_background_image":true,"profile_text_color":"333333","default_profile_image":false,"id":2825247330,"profile_background_image_url_https":"https://abs.twimg.com/images/themes/theme1/bg.png","verified":false,"profile_location":null,"profile_image_url_https":"https://pbs.twimg.com/profile_images/519657208942821376/x1PuTfby_normal.jpeg","profile_sidebar_fill_color":"DDEEF6","entities":{"url":{"urls":[{"url":"http://t.co/PpRLXHgJMf","indices":[0,22],"expanded_url":"http://www.yahoo.com","display_url":"yahoo.com"}]},"description":{"urls":[]}},"followers_count":28,"profile_sidebar_border_color":"C0DEED","id_str":"2825247330","profile_background_color":"C0DEED","listed_count":2,"is_translation_enabled":false,"utc_offset":-18000,"statuses_count":1987,"description":"Perception could be bent. Fear could control where respect fails. Stealth is the weapon of choice.","friends_count":573,"location":"The Great Global City","profile_link_color":"0084B4","profile_image_url":"http://pbs.twimg.com/profile_images/519657208942821376/x1PuTfby_normal.jpeg","following":false,"geo_enabled":false,"profile_banner_url":"https://pbs.twimg.com/profile_banners/2825247330/1411780624","profile_background_image_url":"http://abs.twimg.com/images/themes/theme1/bg.png","name":"CapitalPhoenix","lang":"en-gb","profile_background_tile":false,"favourites_count":0,"screen_name":"787Cap9Phoenix","notifications":false,"url":"http://t.co/PpRLXHgJMf","created_at":"Sun Sep 21 23:49:40 +0000 2014","contributors_enabled":false,"time_zone":"Eastern Time (US & Canada)","protected":false,"default_profile":true,"is_translator":false},"geo":null,"in_reply_to_user_id_str":"15400294","lang":"en","created_at":"Sun Dec 14 23:58:29 +0000 2014","in_reply_to_status_id_str":"544276998017646593","place":null},
{"contributors":null,"truncated":false,"text":"@LawDavF says there is no god but allah and muhammad is his massenger @azelin","in_reply_to_status_id":544277557907316736,"id":544280832492728323,"favorite_count":0,"source":"<a href=\"http://twitter.com\" rel=\"nofollow\">Twitter Web Client</a>","retweeted":false,"coordinates":null,"entities":{"symbols":[],"user_mentions":[{"id":1463193979,"indices":[0,8],"id_str":"1463193979","screen_name":"LawDavF","name":"Lawrence Freedman"},{"id":15400294,"indices":[70,77],"id_str":"15400294","screen_name":"azelin","name":"Aaron Y. Zelin"}],"hashtags":[],"urls":[]},"in_reply_to_screen_name":"LawDavF","id_str":"544280832492728323","retweet_count":0,"in_reply_to_user_id":1463193979,"favorited":false,"user":{"follow_request_sent":false,"profile_use_background_image":true,"profile_text_color":"3F6067","default_profile_image":false,"id":84483694,"profile_background_image_url_https":"https://pbs.twimg.com/profile_background_images/528587224489549824/vUV_MTmb.jpeg","verified":false,"profile_location":null,"profile_image_url_https":"https://pbs.twimg.com/profile_images/528587556665819138/5jyM3Epx_normal.jpeg","profile_sidebar_fill_color":"EBE7CF","entities":{"description":{"urls":[]}},"followers_count":278,"profile_sidebar_border_color":"FFFFFF","id_str":"84483694","profile_background_color":"B7316D","listed_count":3,"is_translation_enabled":false,"utc_offset":-18000,"statuses_count":3340,"description":"Severely allergic to Zionism, discrimination, injustice.. Turkish-Canadian","friends_count":136,"location":"Toronto","profile_link_color":"603260","profile_image_url":"http://pbs.twimg.com/profile_images/528587556665819138/5jyM3Epx_normal.jpeg","following":false,"geo_enabled":true,"profile_banner_url":"https://pbs.twimg.com/profile_banners/84483694/1395914876","profile_background_image_url":"http://pbs.twimg.com/profile_background_images/528587224489549824/vUV_MTmb.jpeg","name":"AyseBetul","lang":"en","profile_background_tile":false,"favourites_count":3629,"screen_name":"Ayse_BetuL","notifications":false,"url":null,"created_at":"Fri Oct 23 02:17:40 +0000 2009","contributors_enabled":false,"time_zone":"Quito","protected":false,"default_profile":false,"is_translator":false},"geo":null,"in_reply_to_user_id_str":"1463193979","lang":"en","created_at":"Mon Dec 15 00:00:37 +0000 2014","in_reply_to_status_id_str":"544277557907316736","place":null}
]