{"contributors":null,"truncated":false,"text":"I repeat=&gt;if you are in Sydney, do NOT tweet or post news of what Police are doing around Martin Place. Assume jihadists follow social media","in_reply_to_status_id":null,"id":544279950929321984,"favorite_count":264,"source":"<a href=\"http:\/\/twitter.com\" rel=\"nofollow\">Twitter Web Client<\/a>","retweeted":false,"coordinates":null,"entities":{"symbols":[],"user_mentions":[],"hashtags":[],"urls":[]},"in_reply_to_screen_name":null,"id_str":"544279950929321984","retweet_count":708,"in_reply_to_user_id":null,"favorited":false,"user":{"follow_request_sent":false,"profile_use_background_image":true,"profile_text_color":"F20E40","default_profile_image":false,"id":499696436,"profile_background_image_url_https":"https:\/\/pbs.twimg.com\/profile_background_images\/535667489443569665\/9nDYDnVG.jpeg","verified":false,"profile_location":null,"profile_image_url_https":"https:\/\/pbs.twimg.com\/profile_images\/588984739459010560\/9282aLAP_normal.jpg","profile_sidebar_fill_color":"C0DFEC","entities":{"url":{"urls":[{"url":"http:\/\/t.co\/tR4lLi09ZV","indices":[0,22],"expanded_url":"http:\/\/strategycounsel.blogspot.com.au","display_url":"strategycounsel.blogspot.com.au"}]},"description":{"urls":[]}},"followers_count":1253,"profile_sidebar_border_color":"FFFFFF","id_str":"499696436","profile_background_color":"226B85","listed_count":51,"is_translation_enabled":false,"utc_offset":39600,"statuses_count":1012,"description":"Husbandist|Strategist|Realist|Militarist| Ultramontanist|Biblicist|Jurist| ~SSFC\/KLF\/ISTJ\/Car guy\/Basset Hound owner~Proverbs 27:17~ *RTs NOT endorsements*","friends_count":1826,"location":"Sydney","profile_link_color":"DD2E44","profile_image_url":"http:\/\/pbs.twimg.com\/profile_images\/588984739459010560\/9282aLAP_normal.jpg","following":false,"geo_enabled":true,"profile_banner_url":"https:\/\/pbs.twimg.com\/profile_banners\/499696436\/1398219547","profile_background_image_url":"http:\/\/pbs.twimg.com\/profile_background_images\/535667489443569665\/9nDYDnVG.jpeg","name":"Gray Connolly","lang":"en-gb","profile_background_tile":true,"favourites_count":17466,"screen_name":"GrayConnolly","notifications":false,"url":"http:\/\/t.co\/tR4lLi09ZV","created_at":"Wed Feb 22 11:28:07 +0000 2012","contributors_enabled":false,"time_zone":"Sydney","protected":false,"default_profile":false,"is_translator":false},"geo":null,"in_reply_to_user_id_str":null,"lang":"en","created_at":"Sun Dec 14 23:57:07 +0000 2014","in_reply_to_status_id_str":null,"place":{"full_name":"Sydney, New South Wales","url":"https:\/\/api.twitter.com\/1.1\/geo\/id\/0073b76548e5984f.json","country":"Australia","place_type":"city","bounding_box":{"type":"Polygon","coordinates":[[[150.520928608,-34.1183470085],[151.343020992,-34.1183470085],[151.343020992,-33.578140996],[150.520928608,-33.578140996]]]},"contained_within":[],"country_code":"AU","attributes":{},"id":"0073b76548e5984f","name":"Sydney"}}