{"contributors":null,"truncated":false,"text":"If you want to follow the hostage situation in Sydney: http:\/\/t.co\/wPRiPQpSBX","in_reply_to_status_id":null,"id":544298376851111936,"favorite_count":32,"source":"<a href=\"http:\/\/twitter.com\" rel=\"nofollow\">Twitter Web Client<\/a>","retweeted":false,"coordinates":null,"entities":{"symbols":[],"user_mentions":[],"hashtags":[],"urls":[{"url":"http:\/\/t.co\/wPRiPQpSBX","indices":[55,77],"expanded_url":"http:\/\/www.motherjones.com\/politics\/2014\/12\/breaking-sydney-lockdown-hostage-situation-unfolds","display_url":"motherjones.com\/politics\/2014\/\u2026"}]},"in_reply_to_screen_name":null,"id_str":"544298376851111936","retweet_count":103,"in_reply_to_user_id":null,"favorited":false,"user":{"follow_request_sent":false,"profile_use_background_image":true,"profile_text_color":"333333","default_profile_image":false,"id":15220768,"profile_background_image_url_https":"https:\/\/abs.twimg.com\/images\/themes\/theme1\/bg.png","verified":true,"profile_location":null,"profile_image_url_https":"https:\/\/pbs.twimg.com\/profile_images\/431276795216678912\/K9GgLuad_normal.png","profile_sidebar_fill_color":"DDEEF6","entities":{"url":{"urls":[{"url":"http:\/\/t.co\/BMwQvTG5Ul","indices":[0,22],"expanded_url":"http:\/\/www.motherjones.com","display_url":"motherjones.com"}]},"description":{"urls":[]}},"followers_count":173986,"profile_sidebar_border_color":"C0DEED","id_str":"15220768","profile_background_color":"C0DEED","listed_count":5804,"is_translation_enabled":false,"utc_offset":-18000,"statuses_count":34765,"description":"DC editor of Mother Jones, MSNBC analyst & author of the new book, SHOWDOWN: The Inside Story of How Obama Fought Back Against Boehner, Cantor & the Tea Party","friends_count":944,"location":"Washington, DC","profile_link_color":"0084B4","profile_image_url":"http:\/\/pbs.twimg.com\/profile_images\/431276795216678912\/K9GgLuad_normal.png","following":false,"geo_enabled":true,"profile_background_image_url":"http:\/\/abs.twimg.com\/images\/themes\/theme1\/bg.png","name":"David Corn","lang":"en","profile_background_tile":false,"favourites_count":59,"screen_name":"DavidCornDC","notifications":false,"url":"http:\/\/t.co\/BMwQvTG5Ul","created_at":"Tue Jun 24 15:58:28 +0000 2008","contributors_enabled":false,"time_zone":"Eastern Time (US & Canada)","protected":false,"default_profile":true,"is_translator":false},"geo":null,"in_reply_to_user_id_str":null,"possibly_sensitive":false,"lang":"en","created_at":"Mon Dec 15 01:10:20 +0000 2014","in_reply_to_status_id_str":null,"place":null}