{"contributors": null, "truncated": false, "text": "Report #SydneySiege: Text of flag translated as 'There is no God but Allah and Muhammad is the messenger of God.' http://t.co/0NSJuN7ran", "in_reply_to_status_id": null, "id": 544287083343671296, "favorite_count": 18, "source": "<a href=\"http://twitter.com\" rel=\"nofollow\">Twitter Web Client</a>", "retweeted": false, "coordinates": null, "entities": {"symbols": [], "user_mentions": [], "hashtags": [{"indices": [7, 19], "text": "SydneySiege"}], "urls": [{"url": "http://t.co/0NSJuN7ran", "indices": [114, 136], "expanded_url": "http://twitchy.com/2014/12/14/breaking-report-of-shotgun-wielding-man-with-isis-flag-holding-hostages-in-sydney-australia-photos/", "display_url": "twitchy.com/2014/12/14/bre\u2026"}]}, "in_reply_to_screen_name": null, "id_str": "544287083343671296", "retweet_count": 138, "in_reply_to_user_id": null, "favorited": false, "user": {"follow_request_sent": false, "profile_use_background_image": true, "profile_text_color": "333333", "default_profile_image": false, "id": 469194846, "profile_background_image_url_https": "https://pbs.twimg.com/profile_background_images/478005492757704704/guOKx0h3.png", "verified": true, "profile_location": null, "profile_image_url_https": "https://pbs.twimg.com/profile_images/1879375103/twitchy_small_logo_normal.png", "profile_sidebar_fill_color": "DDEEF6", "entities": {"url": {"urls": [{"url": "http://t.co/uoVtgp6m4Z", "indices": [0, 22], "expanded_url": "http://www.twitchy.com", "display_url": "twitchy.com"}]}, "description": {"urls": []}}, "followers_count": 174497, "profile_sidebar_border_color": "FFFFFF", "id_str": "469194846", "profile_background_color": "F5F3F0", "listed_count": 3399, "is_translation_enabled": false, "utc_offset": -28800, "statuses_count": 31174, "description": "Twitchy is your human-powered Twitter aggregator. \r\n\r\nIf it\u2019s news, Twitchy is on it. If it should be news, Twitchy is ahead of it.", "friends_count": 3951, "location": "", "profile_link_color": "0084B4", "profile_image_url": "http://pbs.twimg.com/profile_images/1879375103/twitchy_small_logo_normal.png", "following": false, "geo_enabled": false, "profile_background_image_url": "http://pbs.twimg.com/profile_background_images/478005492757704704/guOKx0h3.png", "name": "TwitchyTeam", "lang": "en", "profile_background_tile": false, "favourites_count": 88, "screen_name": "TwitchyTeam", "notifications": false, "url": "http://t.co/uoVtgp6m4Z", "created_at": "Fri Jan 20 10:18:16 +0000 2012", "contributors_enabled": false, "time_zone": "Pacific Time (US & Canada)", "protected": false, "default_profile": false, "is_translator": false}, "geo": null, "in_reply_to_user_id_str": null, "possibly_sensitive": false, "lang": "en", "created_at": "Mon Dec 15 00:25:27 +0000 2014", "in_reply_to_status_id_str": null, "place": null}