{"contributors":null,"truncated":false,"text":"Photo of one of the Australian jihadists holding13 hostages in under flag of jihad #Sydney http:\/\/t.co\/gAEf9aHB8v http:\/\/t.co\/1Z3hyDpLP7","in_reply_to_status_id":null,"id":544297827258888192,"favorite_count":24,"source":"<a href=\"https:\/\/about.twitter.com\/products\/tweetdeck\" rel=\"nofollow\">TweetDeck<\/a>","retweeted":false,"coordinates":null,"entities":{"symbols":[],"media":[{"expanded_url":"http:\/\/twitter.com\/PamelaGeller\/status\/544297827258888192\/photo\/1","display_url":"pic.twitter.com\/1Z3hyDpLP7","url":"http:\/\/t.co\/1Z3hyDpLP7","media_url_https":"https:\/\/pbs.twimg.com\/media\/B427uqUCEAAX4he.png","id_str":"544297540288385024","sizes":{"small":{"h":322,"resize":"fit","w":340},"large":{"h":450,"resize":"fit","w":474},"medium":{"h":450,"resize":"fit","w":474},"thumb":{"h":150,"resize":"crop","w":150}},"indices":[114,136],"type":"photo","id":544297540288385024,"media_url":"http:\/\/pbs.twimg.com\/media\/B427uqUCEAAX4he.png"}],"hashtags":[{"indices":[83,90],"text":"Sydney"}],"user_mentions":[],"trends":[],"urls":[{"url":"http:\/\/t.co\/gAEf9aHB8v","indices":[91,113],"expanded_url":"http:\/\/pamelageller.com\/?p=59505","display_url":"pamelageller.com\/?p=59505"}]},"in_reply_to_screen_name":null,"id_str":"544297827258888192","retweet_count":107,"in_reply_to_user_id":null,"favorited":false,"user":{"follow_request_sent":null,"profile_use_background_image":true,"default_profile_image":false,"id":15669672,"verified":false,"profile_image_url_https":"https:\/\/pbs.twimg.com\/profile_images\/3088043867\/a18d11fc9936e48f1c77ad028dbee209_normal.jpeg","profile_sidebar_fill_color":"DDFFCC","profile_text_color":"333333","followers_count":52768,"profile_sidebar_border_color":"BDDCAD","id_str":"15669672","profile_background_color":"9AE4E8","listed_count":1889,"profile_background_image_url_https":"https:\/\/pbs.twimg.com\/profile_background_images\/179651520\/Atlas_logo","utc_offset":-18000,"statuses_count":28767,"description":"Columnist, Editor - Atlas Shrugs, President - AFDI Author, The Post-American Presidency, Obama's War on America and Stop the Islamization of America","friends_count":218,"location":"NYC","profile_link_color":"0084B4","profile_image_url":"http:\/\/pbs.twimg.com\/profile_images\/3088043867\/a18d11fc9936e48f1c77ad028dbee209_normal.jpeg","following":null,"geo_enabled":true,"profile_banner_url":"https:\/\/pbs.twimg.com\/profile_banners\/15669672\/1375759873","profile_background_image_url":"http:\/\/pbs.twimg.com\/profile_background_images\/179651520\/Atlas_logo","name":"Pamela Geller","lang":"en","profile_background_tile":true,"favourites_count":29,"screen_name":"PamelaGeller","notifications":null,"url":"http:\/\/pamelageller.com","created_at":"Thu Jul 31 02:20:42 +0000 2008","contributors_enabled":false,"time_zone":"Eastern Time (US & Canada)","protected":false,"default_profile":false,"is_translator":false},"geo":null,"in_reply_to_user_id_str":null,"possibly_sensitive":false,"lang":"en","created_at":"Mon Dec 15 01:08:09 +0000 2014","filter_level":"low","in_reply_to_status_id_str":null,"place":null,"extended_entities":{"media":[{"expanded_url":"http:\/\/twitter.com\/PamelaGeller\/status\/544297827258888192\/photo\/1","display_url":"pic.twitter.com\/1Z3hyDpLP7","url":"http:\/\/t.co\/1Z3hyDpLP7","media_url_https":"https:\/\/pbs.twimg.com\/media\/B427uqUCEAAX4he.png","id_str":"544297540288385024","sizes":{"small":{"h":322,"resize":"fit","w":340},"large":{"h":450,"resize":"fit","w":474},"medium":{"h":450,"resize":"fit","w":474},"thumb":{"h":150,"resize":"crop","w":150}},"indices":[114,136],"type":"photo","id":544297540288385024,"media_url":"http:\/\/pbs.twimg.com\/media\/B427uqUCEAAX4he.png"}]}}