{"contributors":null,"truncated":false,"text":"For those confused: gunmen have taken hostages in a Sydney cafe holding a Shahada flag (NOT THE SAME AS ISIS) http:\/\/t.co\/i9VVwyqN1G","in_reply_to_status_id":null,"id":544283387087691776,"favorite_count":72,"source":"<a href=\"http:\/\/twitter.com\/download\/iphone\" rel=\"nofollow\">Twitter for iPhone<\/a>","retweeted":false,"coordinates":null,"entities":{"symbols":[],"user_mentions":[],"hashtags":[],"urls":[],"media":[{"expanded_url":"http:\/\/twitter.com\/ruckuslike\/status\/544283387087691776\/photo\/1","display_url":"pic.twitter.com\/i9VVwyqN1G","url":"http:\/\/t.co\/i9VVwyqN1G","media_url_https":"https:\/\/pbs.twimg.com\/media\/B42u21NCEAEbhzZ.jpg","id_str":"544283386999607297","sizes":{"large":{"h":390,"resize":"fit","w":636},"small":{"h":208,"resize":"fit","w":340},"medium":{"h":367,"resize":"fit","w":600},"thumb":{"h":150,"resize":"crop","w":150}},"indices":[110,132],"type":"photo","id":544283386999607297,"media_url":"http:\/\/pbs.twimg.com\/media\/B42u21NCEAEbhzZ.jpg"}]},"in_reply_to_screen_name":null,"id_str":"544283387087691776","retweet_count":150,"in_reply_to_user_id":null,"favorited":false,"user":{"follow_request_sent":false,"profile_use_background_image":false,"profile_text_color":"5E412F","default_profile_image":false,"id":136191905,"profile_background_image_url_https":"https:\/\/pbs.twimg.com\/profile_background_images\/686039040\/fa6c78a1e86bd19c178ef4a56c3ea82e.png","verified":false,"profile_location":null,"profile_image_url_https":"https:\/\/pbs.twimg.com\/profile_images\/547680507517878272\/9M3iAjXR_normal.jpeg","profile_sidebar_fill_color":"78C0A8","entities":{"url":{"urls":[{"url":"http:\/\/t.co\/zDHYnLCrWO","indices":[0,22],"expanded_url":"http:\/\/youtube.com\/user\/ruckuslike","display_url":"youtube.com\/user\/ruckuslike"}]},"description":{"urls":[]}},"followers_count":8936,"profile_sidebar_border_color":"FFFFFF","id_str":"136191905","profile_background_color":"639F99","listed_count":34,"is_translation_enabled":false,"utc_offset":36000,"statuses_count":11188,"description":"The roof is not my son, but I will raise it","friends_count":364,"location":"Australia","profile_link_color":"465553","profile_image_url":"http:\/\/pbs.twimg.com\/profile_images\/547680507517878272\/9M3iAjXR_normal.jpeg","following":false,"geo_enabled":false,"profile_banner_url":"https:\/\/pbs.twimg.com\/profile_banners\/136191905\/1401196999","profile_background_image_url":"http:\/\/pbs.twimg.com\/profile_background_images\/686039040\/fa6c78a1e86bd19c178ef4a56c3ea82e.png","name":"Brianne Worth","lang":"en","profile_background_tile":true,"favourites_count":4384,"screen_name":"ruckuslike","notifications":false,"url":"http:\/\/t.co\/zDHYnLCrWO","created_at":"Fri Apr 23 07:48:17 +0000 2010","contributors_enabled":false,"time_zone":"Brisbane","protected":false,"default_profile":false,"is_translator":false},"geo":null,"in_reply_to_user_id_str":null,"possibly_sensitive":false,"lang":"en","created_at":"Mon Dec 15 00:10:46 +0000 2014","in_reply_to_status_id_str":null,"place":null,"extended_entities":{"media":[{"expanded_url":"http:\/\/twitter.com\/ruckuslike\/status\/544283387087691776\/photo\/1","display_url":"pic.twitter.com\/i9VVwyqN1G","url":"http:\/\/t.co\/i9VVwyqN1G","media_url_https":"https:\/\/pbs.twimg.com\/media\/B42u21NCEAEbhzZ.jpg","id_str":"544283386999607297","sizes":{"large":{"h":390,"resize":"fit","w":636},"small":{"h":208,"resize":"fit","w":340},"medium":{"h":367,"resize":"fit","w":600},"thumb":{"h":150,"resize":"crop","w":150}},"indices":[110,132],"type":"photo","id":544283386999607297,"media_url":"http:\/\/pbs.twimg.com\/media\/B42u21NCEAEbhzZ.jpg"}]}}