{"contributors":null,"truncated":false,"text":"Reports are coming in of a hostage situation at a cafe in the Australian city of Sydney http:\/\/t.co\/4qJHS5Gabq","in_reply_to_status_id":null,"id":544271743331078144,"favorite_count":267,"source":"<a href=\"http:\/\/www.socialflow.com\" rel=\"nofollow\">SocialFlow<\/a>","retweeted":false,"coordinates":null,"entities":{"symbols":[],"user_mentions":[],"hashtags":[],"urls":[{"url":"http:\/\/t.co\/4qJHS5Gabq","indices":[88,110],"expanded_url":"http:\/\/bbc.in\/1uJKp4p","display_url":"bbc.in\/1uJKp4p"}]},"in_reply_to_screen_name":null,"id_str":"544271743331078144","retweet_count":1528,"in_reply_to_user_id":null,"favorited":false,"user":{"follow_request_sent":false,"profile_use_background_image":true,"profile_text_color":"5A5A5A","default_profile_image":false,"id":5402612,"profile_background_image_url_https":"https:\/\/pbs.twimg.com\/profile_background_images\/459283928017149952\/IMgcIyBE.jpeg","verified":true,"profile_location":null,"profile_image_url_https":"https:\/\/pbs.twimg.com\/profile_images\/460740982498013184\/wIPwMwru_normal.png","profile_sidebar_fill_color":"FFFFFF","entities":{"url":{"urls":[{"url":"http:\/\/t.co\/vBzl7LOaso","indices":[0,22],"expanded_url":"http:\/\/www.bbc.co.uk\/news","display_url":"bbc.co.uk\/news"}]},"description":{"urls":[]}},"followers_count":12528978,"profile_sidebar_border_color":"FFFFFF","id_str":"5402612","profile_background_color":"FFFFFF","listed_count":101793,"is_translation_enabled":true,"utc_offset":0,"statuses_count":22397,"description":"Breaking news alerts and updates from the BBC. For news, features, analysis follow @BBCWorld (international) or @BBCNews (UK). Latest sport news @BBCSport.","friends_count":3,"location":"London, UK","profile_link_color":"1F527B","profile_image_url":"http:\/\/pbs.twimg.com\/profile_images\/460740982498013184\/wIPwMwru_normal.png","following":false,"geo_enabled":false,"profile_banner_url":"https:\/\/pbs.twimg.com\/profile_banners\/5402612\/1398336837","profile_background_image_url":"http:\/\/pbs.twimg.com\/profile_background_images\/459283928017149952\/IMgcIyBE.jpeg","name":"BBC Breaking News","lang":"en","profile_background_tile":false,"favourites_count":0,"screen_name":"BBCBreaking","notifications":false,"url":"http:\/\/t.co\/vBzl7LOaso","created_at":"Sun Apr 22 14:42:37 +0000 2007","contributors_enabled":false,"time_zone":"London","protected":false,"default_profile":false,"is_translator":false},"geo":null,"in_reply_to_user_id_str":null,"possibly_sensitive":false,"lang":"en","created_at":"Sun Dec 14 23:24:30 +0000 2014","in_reply_to_status_id_str":null,"place":null}