{"contributors": null, "truncated": false, "text": "UPDATE: Parts of #Sydney locked down amid cafe hostage crisis; Sydney Opera House evacuated http://t.co/UvMu4d0f9q http://t.co/wmWyzhBHnw", "in_reply_to_status_id": null, "id": 544296672608534528, "favorite_count": 16, "source": "<a href=\"https://about.twitter.com/products/tweetdeck\" rel=\"nofollow\">TweetDeck</a>", "retweeted": false, "coordinates": null, "entities": {"symbols": [], "user_mentions": [], "hashtags": [{"indices": [17, 24], "text": "Sydney"}], "urls": [{"url": "http://t.co/UvMu4d0f9q", "indices": [92, 114], "expanded_url": "http://bit.ly/1BFjA6l", "display_url": "bit.ly/1BFjA6l"}], "media": [{"source_user_id": 1131352537, "source_status_id_str": "544296581982195712", "expanded_url": "http://twitter.com/STForeignDesk/status/544296581982195712/photo/1", "display_url": "pic.twitter.com/wmWyzhBHnw", "url": "http://t.co/wmWyzhBHnw", "media_url_https": "https://pbs.twimg.com/media/B426z30CYAAZcPz.jpg", "source_user_id_str": "1131352537", "source_status_id": 544296581982195712, "id_str": "544296530300002304", "sizes": {"large": {"h": 582, "resize": "fit", "w": 1024}, "small": {"h": 193, "resize": "fit", "w": 340}, "medium": {"h": 341, "resize": "fit", "w": 600}, "thumb": {"h": 150, "resize": "crop", "w": 150}}, "indices": [115, 137], "type": "photo", "id": 544296530300002304, "media_url": "http://pbs.twimg.com/media/B426z30CYAAZcPz.jpg"}]}, "in_reply_to_screen_name": null, "id_str": "544296672608534528", "retweet_count": 127, "in_reply_to_user_id": null, "favorited": false, "user": {"follow_request_sent": false, "profile_use_background_image": true, "profile_text_color": "333333", "default_profile_image": false, "id": 37874853, "profile_background_image_url_https": "https://pbs.twimg.com/profile_background_images/378800000050586586/376ef21f601fe5f01acd95dae6783f6b.png", "verified": true, "profile_location": null, "profile_image_url_https": "https://pbs.twimg.com/profile_images/3084918167/3e0dce28e51eef05a319e1016af31e52_normal.png", "profile_sidebar_fill_color": "DDEEF6", "entities": {"url": {"urls": [{"url": "http://t.co/7447yWAzRb", "indices": [0, 22], "expanded_url": "http://www.straitstimes.com", "display_url": "straitstimes.com"}]}, "description": {"urls": []}}, "followers_count": 376004, "profile_sidebar_border_color": "FFFFFF", "id_str": "37874853", "profile_background_color": "F5F5F5", "listed_count": 4006, "is_translation_enabled": false, "utc_offset": 28800, "statuses_count": 131138, "description": "Breaking news from the online site of Singapore's most widely-read newspaper", "friends_count": 80, "location": "Singapore", "profile_link_color": "00427A", "profile_image_url": "http://pbs.twimg.com/profile_images/3084918167/3e0dce28e51eef05a319e1016af31e52_normal.png", "following": false, "geo_enabled": true, "profile_background_image_url": "http://pbs.twimg.com/profile_background_images/378800000050586586/376ef21f601fe5f01acd95dae6783f6b.png", "name": "The Straits Times ", "lang": "en", "profile_background_tile": false, "favourites_count": 20, "screen_name": "STcom", "notifications": false, "url": "http://t.co/7447yWAzRb", "created_at": "Tue May 05 06:48:23 +0000 2009", "contributors_enabled": false, "time_zone": "Singapore", "protected": false, "default_profile": false, "is_translator": false}, "geo": null, "in_reply_to_user_id_str": null, "possibly_sensitive": false, "lang": "en", "created_at": "Mon Dec 15 01:03:33 +0000 2014", "in_reply_to_status_id_str": null, "place": null, "extended_entities": {"media": [{"source_user_id": 1131352537, "source_status_id_str": "544296581982195712", "expanded_url": "http://twitter.com/STForeignDesk/status/544296581982195712/photo/1", "display_url": "pic.twitter.com/wmWyzhBHnw", "url": "http://t.co/wmWyzhBHnw", "media_url_https": "https://pbs.twimg.com/media/B426z30CYAAZcPz.jpg", "source_user_id_str": "1131352537", "source_status_id": 544296581982195712, "id_str": "544296530300002304", "sizes": {"large": {"h": 582, "resize": "fit", "w": 1024}, "small": {"h": 193, "resize": "fit", "w": 340}, "medium": {"h": 341, "resize": "fit", "w": 600}, "thumb": {"h": 150, "resize": "crop", "w": 150}}, "indices": [115, 137], "type": "photo", "id": 544296530300002304, "media_url": "http://pbs.twimg.com/media/B426z30CYAAZcPz.jpg"}]}}