{"contributors":null,"truncated":false,"text":"Hostages Held In Sydney Chocolate Shop Forced To Hold Up Islamic Flag http:\/\/t.co\/HFOY0ctLNV https:\/\/t.co\/E4mPEUMATs","in_reply_to_status_id":null,"id":544273050188148736,"favorite_count":119,"source":"<a href=\"https:\/\/about.twitter.com\/products\/tweetdeck\" rel=\"nofollow\">TweetDeck<\/a>","retweeted":false,"coordinates":null,"entities":{"symbols":[],"user_mentions":[],"hashtags":[],"urls":[{"url":"http:\/\/t.co\/HFOY0ctLNV","indices":[70,92],"expanded_url":"http:\/\/www.buzzfeed.com\/bradesposito\/martinplace?bftw=news","display_url":"buzzfeed.com\/bradesposito\/m\u2026"}],"media":[{"source_user_id":1855737487,"source_status_id_str":"544270247499272192","expanded_url":"https:\/\/twitter.com\/BuzzFeedOz\/status\/544270247499272192\/photo\/1","display_url":"pic.twitter.com\/E4mPEUMATs","url":"https:\/\/t.co\/E4mPEUMATs","media_url_https":"https:\/\/pbs.twimg.com\/media\/B42i5fYCMAAFhiv.jpg","source_user_id_str":"1855737487","source_status_id":544270247499272192,"id_str":"544270238540247040","sizes":{"large":{"h":354,"resize":"fit","w":630},"small":{"h":191,"resize":"fit","w":340},"medium":{"h":337,"resize":"fit","w":600},"thumb":{"h":150,"resize":"crop","w":150}},"indices":[93,116],"type":"photo","id":544270238540247040,"media_url":"http:\/\/pbs.twimg.com\/media\/B42i5fYCMAAFhiv.jpg"}]},"in_reply_to_screen_name":null,"id_str":"544273050188148736","retweet_count":478,"in_reply_to_user_id":null,"favorited":false,"user":{"follow_request_sent":false,"profile_use_background_image":false,"profile_text_color":"000000","default_profile_image":false,"id":1020058453,"profile_background_image_url_https":"https:\/\/abs.twimg.com\/images\/themes\/theme1\/bg.png","verified":true,"profile_location":null,"profile_image_url_https":"https:\/\/pbs.twimg.com\/profile_images\/519909714964910080\/rhpg8-d1_normal.jpeg","profile_sidebar_fill_color":"000000","entities":{"url":{"urls":[{"url":"http:\/\/t.co\/x64xavQfp6","indices":[0,22],"expanded_url":"http:\/\/www.buzzfeed.com\/news","display_url":"buzzfeed.com\/news"}]},"description":{"urls":[]}},"followers_count":188152,"profile_sidebar_border_color":"000000","id_str":"1020058453","profile_background_color":"000000","listed_count":3507,"is_translation_enabled":false,"utc_offset":-18000,"statuses_count":37363,"description":"A news wire for the social web. Reporting by @michaelhayes, @weeddude, @austinhunt and others.","friends_count":4737,"location":"","profile_link_color":"000000","profile_image_url":"http:\/\/pbs.twimg.com\/profile_images\/519909714964910080\/rhpg8-d1_normal.jpeg","following":false,"geo_enabled":false,"profile_background_image_url":"http:\/\/abs.twimg.com\/images\/themes\/theme1\/bg.png","name":"BuzzFeed News","lang":"en","profile_background_tile":false,"favourites_count":296,"screen_name":"BuzzFeedNews","notifications":false,"url":"http:\/\/t.co\/x64xavQfp6","created_at":"Tue Dec 18 15:46:37 +0000 2012","contributors_enabled":false,"time_zone":"Eastern Time (US & Canada)","protected":false,"default_profile":false,"is_translator":false},"geo":null,"in_reply_to_user_id_str":null,"possibly_sensitive":false,"lang":"en","created_at":"Sun Dec 14 23:29:41 +0000 2014","in_reply_to_status_id_str":null,"place":null,"extended_entities":{"media":[{"source_user_id":1855737487,"source_status_id_str":"544270247499272192","expanded_url":"https:\/\/twitter.com\/BuzzFeedOz\/status\/544270247499272192\/photo\/1","display_url":"pic.twitter.com\/E4mPEUMATs","url":"https:\/\/t.co\/E4mPEUMATs","media_url_https":"https:\/\/pbs.twimg.com\/media\/B42i5fYCMAAFhiv.jpg","source_user_id_str":"1855737487","source_status_id":544270247499272192,"id_str":"544270238540247040","sizes":{"large":{"h":354,"resize":"fit","w":630},"small":{"h":191,"resize":"fit","w":340},"medium":{"h":337,"resize":"fit","w":600},"thumb":{"h":150,"resize":"crop","w":150}},"indices":[93,116],"type":"photo","id":544270238540247040,"media_url":"http:\/\/pbs.twimg.com\/media\/B42i5fYCMAAFhiv.jpg"}]}}