{"contributors":null,"truncated":false,"text":"CNN hasn't been able to rule out the Sydney Tea Party in the Australian hostage crisis.","in_reply_to_status_id":null,"id":544293177596067840,"favorite_count":130,"source":"<a href=\"http:\/\/twitter.com\/download\/iphone\" rel=\"nofollow\">Twitter for iPhone<\/a>","retweeted":false,"coordinates":null,"entities":{"symbols":[],"user_mentions":[],"hashtags":[],"urls":[]},"in_reply_to_screen_name":null,"id_str":"544293177596067840","retweet_count":163,"in_reply_to_user_id":null,"favorited":false,"user":{"follow_request_sent":false,"profile_use_background_image":true,"profile_text_color":"333333","default_profile_image":false,"id":379479080,"profile_background_image_url_https":"https:\/\/pbs.twimg.com\/profile_background_images\/772611667\/99a241acedb5f91324bc24862527e408.jpeg","verified":false,"profile_location":null,"profile_image_url_https":"https:\/\/pbs.twimg.com\/profile_images\/574129340239114240\/xfv_4vqb_normal.jpeg","profile_sidebar_fill_color":"DDEEF6","entities":{"description":{"urls":[]}},"followers_count":18440,"profile_sidebar_border_color":"FFFFFF","id_str":"379479080","profile_background_color":"C0DEED","listed_count":368,"is_translation_enabled":false,"utc_offset":-18000,"statuses_count":51855,"description":"#CertifiedRayOfSunshine, NRA member, proud American-Arab, defender of US Constitution. Announcer-Babe for The Snark Factor on @FTR__Radio. God Bless the USA.","friends_count":13529,"location":"Massachusetts","profile_link_color":"0084B4","profile_image_url":"http:\/\/pbs.twimg.com\/profile_images\/574129340239114240\/xfv_4vqb_normal.jpeg","following":false,"geo_enabled":false,"profile_banner_url":"https:\/\/pbs.twimg.com\/profile_banners\/379479080\/1411092292","profile_background_image_url":"http:\/\/pbs.twimg.com\/profile_background_images\/772611667\/99a241acedb5f91324bc24862527e408.jpeg","name":"Leslie","lang":"en","profile_background_tile":false,"favourites_count":12499,"screen_name":"LADowd","notifications":false,"url":null,"created_at":"Sun Sep 25 01:37:08 +0000 2011","contributors_enabled":false,"time_zone":"Eastern Time (US & Canada)","protected":false,"default_profile":false,"is_translator":false},"geo":null,"in_reply_to_user_id_str":null,"lang":"en","created_at":"Mon Dec 15 00:49:40 +0000 2014","in_reply_to_status_id_str":null,"place":null}