[{"contributors":null,"truncated":false,"text":"@Smallzy I'm scared SMALLZY :(","in_reply_to_status_id":544298354029506560,"id":544298435751329792,"favorite_count":0,"source":"<a href=\"http://twitter.com/download/iphone\" rel=\"nofollow\">Twitter for iPhone</a>","retweeted":false,"coordinates":null,"entities":{"symbols":[],"user_mentions":[{"id":21477475,"indices":[0,8],"id_str":"21477475","screen_name":"Smallzy","name":"Smallzy"}],"hashtags":[],"urls":[]},"in_reply_to_screen_name":"Smallzy","id_str":"544298435751329792","retweet_count":0,"in_reply_to_user_id":21477475,"favorited":false,"user":{"follow_request_sent":false,"profile_use_background_image":true,"profile_text_color":"333333","default_profile_image":false,"id":1929356923,"profile_background_image_url_https":"https://abs.twimg.com/images/themes/theme1/bg.png","verified":false,"profile_location":null,"profile_image_url_https":"https://pbs.twimg.com/profile_images/564397877225484289/NElIdZM5_normal.jpeg","profile_sidebar_fill_color":"DDEEF6","entities":{"description":{"urls":[]}},"followers_count":1081,"profile_sidebar_border_color":"C0DEED","id_str":"1929356923","profile_background_color":"C0DEED","listed_count":3,"is_translation_enabled":false,"utc_offset":null,"statuses_count":5296,"description":"sometines i look at my feet.. thats about it.","friends_count":960,"location":"","profile_link_color":"0084B4","profile_image_url":"http://pbs.twimg.com/profile_images/564397877225484289/NElIdZM5_normal.jpeg","following":false,"geo_enabled":false,"profile_banner_url":"https://pbs.twimg.com/profile_banners/1929356923/1416486278","profile_background_image_url":"http://abs.twimg.com/images/themes/theme1/bg.png","name":"mrsSimoneplat_xox","lang":"en","profile_background_tile":false,"favourites_count":379,"screen_name":"simoneplat_","notifications":false,"url":null,"created_at":"Thu Oct 03 04:36:32 +0000 2013","contributors_enabled":false,"time_zone":null,"protected":false,"default_profile":true,"is_translator":false},"geo":null,"in_reply_to_user_id_str":"21477475","lang":"en","created_at":"Mon Dec 15 01:10:34 +0000 2014","in_reply_to_status_id_str":"544298354029506560","place":null},
{"contributors":null,"truncated":false,"text":"@Smallzy preach it!","in_reply_to_status_id":544298354029506560,"id":544298438628630528,"favorite_count":0,"source":"<a href=\"http://twitter.com/download/iphone\" rel=\"nofollow\">Twitter for iPhone</a>","retweeted":false,"coordinates":null,"entities":{"symbols":[],"user_mentions":[{"id":21477475,"indices":[0,8],"id_str":"21477475","screen_name":"Smallzy","name":"Smallzy"}],"hashtags":[],"urls":[]},"in_reply_to_screen_name":"Smallzy","id_str":"544298438628630528","retweet_count":0,"in_reply_to_user_id":21477475,"favorited":false,"user":{"follow_request_sent":false,"profile_use_background_image":true,"profile_text_color":"333333","default_profile_image":false,"id":1319409151,"profile_background_image_url_https":"https://pbs.twimg.com/profile_background_images/466521533091835904/7cg05EbE.jpeg","verified":false,"profile_location":null,"profile_image_url_https":"https://pbs.twimg.com/profile_images/542077811788226560/JbQQND03_normal.jpeg","profile_sidebar_fill_color":"DDEEF6","entities":{"description":{"urls":[]}},"followers_count":1006,"profile_sidebar_border_color":"FFFFFF","id_str":"1319409151","profile_background_color":"DB2C2C","listed_count":11,"is_translation_enabled":false,"utc_offset":39600,"statuses_count":15988,"description":"•//Meow\\\\•//StreamTeam\\\\•//Sidemen\\\\•//ThePack\\\\•//XIX\\\\•","friends_count":1471,"location":"Australia...","profile_link_color":"000000","profile_image_url":"http://pbs.twimg.com/profile_images/542077811788226560/JbQQND03_normal.jpeg","following":false,"geo_enabled":true,"profile_banner_url":"https://pbs.twimg.com/profile_banners/1319409151/1418599503","profile_background_image_url":"http://pbs.twimg.com/profile_background_images/466521533091835904/7cg05EbE.jpeg","name":"✖️Emilee✖️","lang":"en","profile_background_tile":true,"favourites_count":1907,"screen_name":"UltraSideBitch","notifications":false,"url":null,"created_at":"Mon Apr 01 01:03:15 +0000 2013","contributors_enabled":false,"time_zone":"Melbourne","protected":false,"default_profile":false,"is_translator":false},"geo":null,"in_reply_to_user_id_str":"21477475","lang":"en","created_at":"Mon Dec 15 01:10:35 +0000 2014","in_reply_to_status_id_str":"544298354029506560","place":null},
{"contributors":null,"truncated":false,"text":"@Smallzy all the stuff on channel 7 rn is true right?","in_reply_to_status_id":544298354029506560,"id":544298480047382528,"favorite_count":0,"source":"<a href=\"http://twitter.com/download/iphone\" rel=\"nofollow\">Twitter for iPhone</a>","retweeted":false,"coordinates":null,"entities":{"symbols":[],"user_mentions":[{"id":21477475,"indices":[0,8],"id_str":"21477475","screen_name":"Smallzy","name":"Smallzy"}],"hashtags":[],"urls":[]},"in_reply_to_screen_name":"Smallzy","id_str":"544298480047382528","retweet_count":0,"in_reply_to_user_id":21477475,"favorited":false,"user":{"follow_request_sent":false,"profile_use_background_image":false,"profile_text_color":"000000","default_profile_image":false,"id":2647345027,"profile_background_image_url_https":"https://abs.twimg.com/images/themes/theme1/bg.png","verified":false,"profile_location":null,"profile_image_url_https":"https://pbs.twimg.com/profile_images/556593873107963904/sIaUwORh_normal.jpeg","profile_sidebar_fill_color":"000000","entities":{"description":{"urls":[]}},"followers_count":435,"profile_sidebar_border_color":"000000","id_str":"2647345027","profile_background_color":"000000","listed_count":3,"is_translation_enabled":false,"utc_offset":null,"statuses_count":7938,"description":"Messy4life || 191 days till 5SOS","friends_count":365,"location":"","profile_link_color":"89C9FA","profile_image_url":"http://pbs.twimg.com/profile_images/556593873107963904/sIaUwORh_normal.jpeg","following":false,"geo_enabled":false,"profile_banner_url":"https://pbs.twimg.com/profile_banners/2647345027/1417076303","profile_background_image_url":"http://abs.twimg.com/images/themes/theme1/bg.png","name":"cindy ☮","lang":"en","profile_background_tile":false,"favourites_count":5929,"screen_name":"5secondFRANTA","notifications":false,"url":null,"created_at":"Tue Jul 15 10:15:12 +0000 2014","contributors_enabled":false,"time_zone":null,"protected":false,"default_profile":false,"is_translator":false},"geo":null,"in_reply_to_user_id_str":"21477475","lang":"en","created_at":"Mon Dec 15 01:10:44 +0000 2014","in_reply_to_status_id_str":"544298354029506560","place":null},
{"contributors":null,"truncated":false,"text":"@Smallzy 🙌🙌🙌","in_reply_to_status_id":544298354029506560,"id":544298486724702208,"favorite_count":0,"source":"<a href=\"http://twitter.com/download/iphone\" rel=\"nofollow\">Twitter for iPhone</a>","retweeted":false,"coordinates":null,"entities":{"symbols":[],"user_mentions":[{"id":21477475,"indices":[0,8],"id_str":"21477475","screen_name":"Smallzy","name":"Smallzy"}],"hashtags":[],"urls":[]},"in_reply_to_screen_name":"Smallzy","id_str":"544298486724702208","retweet_count":0,"in_reply_to_user_id":21477475,"favorited":false,"user":{"follow_request_sent":false,"profile_use_background_image":true,"profile_text_color":"333333","default_profile_image":false,"id":611595063,"profile_background_image_url_https":"https://abs.twimg.com/images/themes/theme14/bg.gif","verified":false,"profile_location":null,"profile_image_url_https":"https://pbs.twimg.com/profile_images/545572651133980672/tu05p7Xo_normal.jpeg","profile_sidebar_fill_color":"EFEFEF","entities":{"description":{"urls":[]}},"followers_count":1961,"profile_sidebar_border_color":"EEEEEE","id_str":"611595063","profile_background_color":"131516","listed_count":8,"is_translation_enabled":false,"utc_offset":36000,"statuses_count":27070,"description":"¯\\_(ツ)_/¯","friends_count":1913,"location":"Australia","profile_link_color":"009999","profile_image_url":"http://pbs.twimg.com/profile_images/545572651133980672/tu05p7Xo_normal.jpeg","following":false,"geo_enabled":false,"profile_banner_url":"https://pbs.twimg.com/profile_banners/611595063/1418718751","profile_background_image_url":"http://abs.twimg.com/images/themes/theme14/bg.gif","name":"H3MMO1996","lang":"en","profile_background_tile":true,"favourites_count":4448,"screen_name":"ChocolateMuke_","notifications":false,"url":null,"created_at":"Mon Jun 18 08:38:32 +0000 2012","contributors_enabled":false,"time_zone":"Brisbane","protected":false,"default_profile":false,"is_translator":false},"geo":null,"in_reply_to_user_id_str":"21477475","lang":"und","created_at":"Mon Dec 15 01:10:46 +0000 2014","in_reply_to_status_id_str":"544298354029506560","place":null},
{"contributors":null,"truncated":false,"text":"@Smallzy amen!!!!","in_reply_to_status_id":544298354029506560,"id":544298505557114881,"favorite_count":0,"source":"<a href=\"http://twitter.com/download/iphone\" rel=\"nofollow\">Twitter for iPhone</a>","retweeted":false,"coordinates":null,"entities":{"symbols":[],"user_mentions":[{"id":21477475,"indices":[0,8],"id_str":"21477475","screen_name":"Smallzy","name":"Smallzy"}],"hashtags":[],"urls":[]},"in_reply_to_screen_name":"Smallzy","id_str":"544298505557114881","retweet_count":0,"in_reply_to_user_id":21477475,"favorited":false,"user":{"follow_request_sent":false,"profile_use_background_image":false,"profile_text_color":"000000","default_profile_image":false,"id":1129471956,"profile_background_image_url_https":"https://abs.twimg.com/images/themes/theme1/bg.png","verified":false,"profile_location":null,"profile_image_url_https":"https://pbs.twimg.com/profile_images/529135455850086400/qozEj7be_normal.jpeg","profile_sidebar_fill_color":"000000","entities":{"description":{"urls":[]}},"followers_count":225,"profile_sidebar_border_color":"000000","id_str":"1129471956","profile_background_color":"000000","listed_count":4,"is_translation_enabled":false,"utc_offset":36000,"statuses_count":2876,"description":"♡ Kinda into bands | a couple in particular ♡ 5 S O S + LITTLESEA | instagram: breeandersen & 5sosconnected","friends_count":293,"location":"","profile_link_color":"89C9FA","profile_image_url":"http://pbs.twimg.com/profile_images/529135455850086400/qozEj7be_normal.jpeg","following":false,"geo_enabled":false,"profile_banner_url":"https://pbs.twimg.com/profile_banners/1129471956/1416562161","profile_background_image_url":"http://abs.twimg.com/images/themes/theme1/bg.png","name":"B R E E  A N D O","lang":"en","profile_background_tile":false,"favourites_count":1183,"screen_name":"BreeA5SOS","notifications":false,"url":null,"created_at":"Mon Jan 28 23:17:26 +0000 2013","contributors_enabled":false,"time_zone":"Brisbane","protected":false,"default_profile":false,"is_translator":false},"geo":null,"in_reply_to_user_id_str":"21477475","lang":"en","created_at":"Mon Dec 15 01:10:50 +0000 2014","in_reply_to_status_id_str":"544298354029506560","place":null},
{"contributors":null,"truncated":false,"text":"@Smallzy PREACH IT SMALLZY 💘","in_reply_to_status_id":544298354029506560,"id":544298530815234049,"favorite_count":0,"source":"<a href=\"http://twitter.com/download/iphone\" rel=\"nofollow\">Twitter for iPhone</a>","retweeted":false,"coordinates":null,"entities":{"symbols":[],"user_mentions":[{"id":21477475,"indices":[0,8],"id_str":"21477475","screen_name":"Smallzy","name":"Smallzy"}],"hashtags":[],"urls":[]},"in_reply_to_screen_name":"Smallzy","id_str":"544298530815234049","retweet_count":0,"in_reply_to_user_id":21477475,"favorited":false,"user":{"follow_request_sent":false,"profile_use_background_image":true,"profile_text_color":"333333","default_profile_image":false,"id":2163728264,"profile_background_image_url_https":"https://pbs.twimg.com/profile_background_images/530873009880326144/hIlQnY3M.jpeg","verified":false,"profile_location":null,"profile_image_url_https":"https://pbs.twimg.com/profile_images/589636348958478336/ipokFO-w_normal.jpg","profile_sidebar_fill_color":"DDEEF6","entities":{"url":{"urls":[{"url":"http://t.co/s6Oj0LSWYT","indices":[0,22],"expanded_url":"http://Instagram.com/jennagolub","display_url":"Instagram.com/jennagolub"}]},"description":{"urls":[]}},"followers_count":429,"profile_sidebar_border_color":"000000","id_str":"2163728264","profile_background_color":"131516","listed_count":4,"is_translation_enabled":false,"utc_offset":null,"statuses_count":14863,"description":"a woman's heart is a deep ocean ♡","friends_count":347,"location":"sydney","profile_link_color":"ABB8C2","profile_image_url":"http://pbs.twimg.com/profile_images/589636348958478336/ipokFO-w_normal.jpg","following":false,"geo_enabled":false,"profile_banner_url":"https://pbs.twimg.com/profile_banners/2163728264/1418561643","profile_background_image_url":"http://pbs.twimg.com/profile_background_images/530873009880326144/hIlQnY3M.jpeg","name":"jenna","lang":"en","profile_background_tile":true,"favourites_count":2384,"screen_name":"jennagolub","notifications":false,"url":"http://t.co/s6Oj0LSWYT","created_at":"Tue Oct 29 23:36:17 +0000 2013","contributors_enabled":false,"time_zone":null,"protected":false,"default_profile":false,"is_translator":false},"geo":null,"in_reply_to_user_id_str":"21477475","lang":"en","created_at":"Mon Dec 15 01:10:56 +0000 2014","in_reply_to_status_id_str":"544298354029506560","place":null},
{"contributors":null,"truncated":false,"text":"@Smallzy this is what everyone should do- spread the word!!","in_reply_to_status_id":544298354029506560,"id":544298532866240513,"favorite_count":0,"source":"<a href=\"http://twitter.com/download/iphone\" rel=\"nofollow\">Twitter for iPhone</a>","retweeted":false,"coordinates":null,"entities":{"symbols":[],"user_mentions":[{"id":21477475,"indices":[0,8],"id_str":"21477475","screen_name":"Smallzy","name":"Smallzy"}],"hashtags":[],"urls":[]},"in_reply_to_screen_name":"Smallzy","id_str":"544298532866240513","retweet_count":0,"in_reply_to_user_id":21477475,"favorited":false,"user":{"follow_request_sent":false,"profile_use_background_image":true,"profile_text_color":"333333","default_profile_image":false,"id":2837308591,"profile_background_image_url_https":"https://abs.twimg.com/images/themes/theme1/bg.png","verified":false,"profile_location":null,"profile_image_url_https":"https://pbs.twimg.com/profile_images/582038666563837952/g6NWnpqv_normal.jpg","profile_sidebar_fill_color":"DDEEF6","entities":{"description":{"urls":[]}},"followers_count":15,"profile_sidebar_border_color":"C0DEED","id_str":"2837308591","profile_background_color":"C0DEED","listed_count":1,"is_translation_enabled":false,"utc_offset":null,"statuses_count":296,"description":"I know a thing or two about a thing or two. I've been with 5SOS since Hemmo1996 and will be forever. 卌❤","friends_count":24,"location":"Sydney!!","profile_link_color":"0084B4","profile_image_url":"http://pbs.twimg.com/profile_images/582038666563837952/g6NWnpqv_normal.jpg","following":false,"geo_enabled":false,"profile_banner_url":"https://pbs.twimg.com/profile_banners/2837308591/1416818593","profile_background_image_url":"http://abs.twimg.com/images/themes/theme1/bg.png","name":"Tash 卌❤","lang":"en","profile_background_tile":false,"favourites_count":111,"screen_name":"_5SOSfamforlife","notifications":false,"url":null,"created_at":"Wed Oct 01 23:14:26 +0000 2014","contributors_enabled":false,"time_zone":null,"protected":false,"default_profile":true,"is_translator":false},"geo":null,"in_reply_to_user_id_str":"21477475","lang":"en","created_at":"Mon Dec 15 01:10:57 +0000 2014","in_reply_to_status_id_str":"544298354029506560","place":null},
{"contributors":null,"truncated":false,"text":"@Smallzy Smallzy swearing 👌","in_reply_to_status_id":544298354029506560,"id":544298535961628673,"favorite_count":0,"source":"<a href=\"http://twitter.com/download/android\" rel=\"nofollow\">Twitter for Android</a>","retweeted":false,"coordinates":null,"entities":{"symbols":[],"user_mentions":[{"id":21477475,"indices":[0,8],"id_str":"21477475","screen_name":"Smallzy","name":"Smallzy"}],"hashtags":[],"urls":[]},"in_reply_to_screen_name":"Smallzy","id_str":"544298535961628673","retweet_count":0,"in_reply_to_user_id":21477475,"favorited":false,"user":{"follow_request_sent":false,"profile_use_background_image":true,"profile_text_color":"333333","default_profile_image":false,"id":466125446,"profile_background_image_url_https":"https://pbs.twimg.com/profile_background_images/378800000162378193/9CuMNlrk.jpeg","verified":false,"profile_location":null,"profile_image_url_https":"https://pbs.twimg.com/profile_images/559870516832399360/VHPW-LD9_normal.jpeg","profile_sidebar_fill_color":"DDEEF6","entities":{"url":{"urls":[{"url":"https://t.co/t0qR5ioD19","indices":[0,23],"expanded_url":"https://twitter.com/Luke5SOS/status/364865121325027328?s=09","display_url":"twitter.com/Luke5SOS/statu…"}]},"description":{"urls":[]}},"followers_count":10712,"profile_sidebar_border_color":"000000","id_str":"466125446","profile_background_color":"C0DEED","listed_count":105,"is_translation_enabled":false,"utc_offset":36000,"statuses_count":74384,"description":"applied for a harry follow hope it all wrks out","friends_count":2037,"location":"lrh | mgc | band // 4","profile_link_color":"0084B4","profile_image_url":"http://pbs.twimg.com/profile_images/559870516832399360/VHPW-LD9_normal.jpeg","following":false,"geo_enabled":false,"profile_banner_url":"https://pbs.twimg.com/profile_banners/466125446/1418857882","profile_background_image_url":"http://pbs.twimg.com/profile_background_images/378800000162378193/9CuMNlrk.jpeg","name":"aleyna","lang":"en","profile_background_tile":true,"favourites_count":11650,"screen_name":"duststormharry","notifications":false,"url":"https://t.co/t0qR5ioD19","created_at":"Tue Jan 17 02:50:20 +0000 2012","contributors_enabled":false,"time_zone":"Port Moresby","protected":false,"default_profile":false,"is_translator":false},"geo":null,"in_reply_to_user_id_str":"21477475","lang":"en","created_at":"Mon Dec 15 01:10:58 +0000 2014","in_reply_to_status_id_str":"544298354029506560","place":null},
{"contributors":null,"truncated":false,"text":"@Smallzy oath","in_reply_to_status_id":544298354029506560,"id":544298538985730048,"favorite_count":0,"source":"<a href=\"http://twitter.com/download/iphone\" rel=\"nofollow\">Twitter for iPhone</a>","retweeted":false,"coordinates":null,"entities":{"symbols":[],"user_mentions":[{"id":21477475,"indices":[0,8],"id_str":"21477475","screen_name":"Smallzy","name":"Smallzy"}],"hashtags":[],"urls":[]},"in_reply_to_screen_name":"Smallzy","id_str":"544298538985730048","retweet_count":0,"in_reply_to_user_id":21477475,"favorited":false,"user":{"follow_request_sent":false,"profile_use_background_image":true,"profile_text_color":"333333","default_profile_image":false,"id":1968654733,"profile_background_image_url_https":"https://pbs.twimg.com/profile_background_images/446919830466072577/WYQB5N5q.jpeg","verified":false,"profile_location":null,"profile_image_url_https":"https://pbs.twimg.com/profile_images/538992315335843841/p8uMalQH_normal.jpeg","profile_sidebar_fill_color":"DDEEF6","entities":{"description":{"urls":[]}},"followers_count":1029,"profile_sidebar_border_color":"000000","id_str":"1968654733","profile_background_color":"E61740","listed_count":6,"is_translation_enabled":false,"utc_offset":39600,"statuses_count":17670,"description":"Old enough to know better, Young enough to do it anyway. :)\n Mexican food is my calling in life.","friends_count":1892,"location":"Australia","profile_link_color":"575E57","profile_image_url":"http://pbs.twimg.com/profile_images/538992315335843841/p8uMalQH_normal.jpeg","following":false,"geo_enabled":false,"profile_banner_url":"https://pbs.twimg.com/profile_banners/1968654733/1417340835","profile_background_image_url":"http://pbs.twimg.com/profile_background_images/446919830466072577/WYQB5N5q.jpeg","name":"HI","lang":"en","profile_background_tile":true,"favourites_count":5128,"screen_name":"tacos1D5sos","notifications":false,"url":null,"created_at":"Fri Oct 18 10:39:35 +0000 2013","contributors_enabled":false,"time_zone":"Canberra","protected":false,"default_profile":false,"is_translator":false},"geo":null,"in_reply_to_user_id_str":"21477475","lang":"cy","created_at":"Mon Dec 15 01:10:58 +0000 2014","in_reply_to_status_id_str":"544298354029506560","place":null},
{"contributors":null,"truncated":false,"text":"@Smallzy The people near by tweeting information on Police movement need to realise that this is counterproductive","in_reply_to_status_id":544298354029506560,"id":544298566043201537,"favorite_count":0,"source":"<a href=\"http://twitter.com/download/iphone\" rel=\"nofollow\">Twitter for iPhone</a>","retweeted":false,"coordinates":null,"entities":{"symbols":[],"user_mentions":[{"id":21477475,"indices":[0,8],"id_str":"21477475","screen_name":"Smallzy","name":"Smallzy"}],"hashtags":[],"urls":[]},"in_reply_to_screen_name":"Smallzy","id_str":"544298566043201537","retweet_count":0,"in_reply_to_user_id":21477475,"favorited":false,"user":{"follow_request_sent":false,"profile_use_background_image":true,"profile_text_color":"663B12","default_profile_image":false,"id":385907681,"profile_background_image_url_https":"https://abs.twimg.com/images/themes/theme2/bg.gif","verified":false,"profile_location":null,"profile_image_url_https":"https://pbs.twimg.com/profile_images/546882009910362112/5IvZPUqs_normal.jpeg","profile_sidebar_fill_color":"DAECF4","entities":{"description":{"urls":[]}},"followers_count":15243,"profile_sidebar_border_color":"C6E2EE","id_str":"385907681","profile_background_color":"C6E2EE","listed_count":14,"is_translation_enabled":false,"utc_offset":39600,"statuses_count":30472,"description":"Just another girl following her dreams. The little things hold the most beauty. Music. Photography.","friends_count":10912,"location":"Melbourne, Australia","profile_link_color":"1F98C7","profile_image_url":"http://pbs.twimg.com/profile_images/546882009910362112/5IvZPUqs_normal.jpeg","following":false,"geo_enabled":true,"profile_banner_url":"https://pbs.twimg.com/profile_banners/385907681/1418552200","profile_background_image_url":"http://abs.twimg.com/images/themes/theme2/bg.gif","name":"Steph Harris","lang":"en","profile_background_tile":false,"favourites_count":4709,"screen_name":"StephHarris26","notifications":false,"url":null,"created_at":"Thu Oct 06 10:34:30 +0000 2011","contributors_enabled":false,"time_zone":"Melbourne","protected":false,"default_profile":false,"is_translator":false},"geo":null,"in_reply_to_user_id_str":"21477475","lang":"en","created_at":"Mon Dec 15 01:11:05 +0000 2014","in_reply_to_status_id_str":"544298354029506560","place":null},
{"contributors":null,"truncated":false,"text":"@Smallzy exactly, such a terrible thing should not be messed with","in_reply_to_status_id":544298354029506560,"id":544298705717694464,"favorite_count":0,"source":"<a href=\"http://twitter.com/download/iphone\" rel=\"nofollow\">Twitter for iPhone</a>","retweeted":false,"coordinates":null,"entities":{"symbols":[],"user_mentions":[{"id":21477475,"indices":[0,8],"id_str":"21477475","screen_name":"Smallzy","name":"Smallzy"}],"hashtags":[],"urls":[]},"in_reply_to_screen_name":"Smallzy","id_str":"544298705717694464","retweet_count":0,"in_reply_to_user_id":21477475,"favorited":false,"user":{"follow_request_sent":false,"profile_use_background_image":true,"profile_text_color":"333333","default_profile_image":false,"id":534898496,"profile_background_image_url_https":"https://pbs.twimg.com/profile_background_images/528455378149728256/95HaI8gu.png","verified":false,"profile_location":null,"profile_image_url_https":"https://pbs.twimg.com/profile_images/586699145852796928/AK9rvNN6_normal.jpg","profile_sidebar_fill_color":"DDEEF6","entities":{"description":{"urls":[]}},"followers_count":303,"profile_sidebar_border_color":"FFFFFF","id_str":"534898496","profile_background_color":"131516","listed_count":1,"is_translation_enabled":false,"utc_offset":39600,"statuses_count":10122,"description":"","friends_count":130,"location":"Melbourne, Australia","profile_link_color":"009999","profile_image_url":"http://pbs.twimg.com/profile_images/586699145852796928/AK9rvNN6_normal.jpg","following":false,"geo_enabled":false,"profile_banner_url":"https://pbs.twimg.com/profile_banners/534898496/1414828608","profile_background_image_url":"http://pbs.twimg.com/profile_background_images/528455378149728256/95HaI8gu.png","name":"lauren","lang":"en","profile_background_tile":true,"favourites_count":826,"screen_name":"laurenbisignano","notifications":false,"url":null,"created_at":"Sat Mar 24 01:53:05 +0000 2012","contributors_enabled":false,"time_zone":"New Caledonia","protected":false,"default_profile":false,"is_translator":false},"geo":null,"in_reply_to_user_id_str":"21477475","lang":"en","created_at":"Mon Dec 15 01:11:38 +0000 2014","in_reply_to_status_id_str":"544298354029506560","place":null},
{"contributors":null,"truncated":false,"text":"@Smallzy preach it. I've gotten all my info from the police. Hope your okay Smallzy xxx prayers are with you and everyone in Sydney","in_reply_to_status_id":544298354029506560,"id":544298740463325185,"favorite_count":0,"source":"<a href=\"http://twitter.com/download/iphone\" rel=\"nofollow\">Twitter for iPhone</a>","retweeted":false,"coordinates":null,"entities":{"symbols":[],"user_mentions":[{"id":21477475,"indices":[0,8],"id_str":"21477475","screen_name":"Smallzy","name":"Smallzy"}],"hashtags":[],"urls":[]},"in_reply_to_screen_name":"Smallzy","id_str":"544298740463325185","retweet_count":0,"in_reply_to_user_id":21477475,"favorited":false,"user":{"follow_request_sent":false,"profile_use_background_image":false,"profile_text_color":"000000","default_profile_image":false,"id":2790838461,"profile_background_image_url_https":"https://abs.twimg.com/images/themes/theme1/bg.png","verified":false,"profile_location":null,"profile_image_url_https":"https://pbs.twimg.com/profile_images/539013779527188480/fel_Lu_v_normal.jpeg","profile_sidebar_fill_color":"000000","entities":{"url":{"urls":[{"url":"http://t.co/SCtDyv2ZVo","indices":[0,22],"expanded_url":"http://ask.fm/Melbourne_1D_Updates","display_url":"ask.fm/Melbourne_1D_U…"}]},"description":{"urls":[]}},"followers_count":691,"profile_sidebar_border_color":"000000","id_str":"2790838461","profile_background_color":"000000","listed_count":7,"is_translation_enabled":false,"utc_offset":39600,"statuses_count":5952,"description":"please dont complain about anything unless your australian. @1DValentinesDay","friends_count":1655,"location":"Melbourne, Australia ","profile_link_color":"F5ABB5","profile_image_url":"http://pbs.twimg.com/profile_images/539013779527188480/fel_Lu_v_normal.jpeg","following":false,"geo_enabled":false,"profile_banner_url":"https://pbs.twimg.com/profile_banners/2790838461/1417345920","profile_background_image_url":"http://abs.twimg.com/images/themes/theme1/bg.png","name":"Niall Horan","lang":"en","profile_background_tile":false,"favourites_count":3498,"screen_name":"LovesMelbourne","notifications":false,"url":"http://t.co/SCtDyv2ZVo","created_at":"Mon Sep 29 06:53:59 +0000 2014","contributors_enabled":false,"time_zone":"Melbourne","protected":false,"default_profile":false,"is_translator":false},"geo":null,"in_reply_to_user_id_str":"21477475","lang":"en","created_at":"Mon Dec 15 01:11:46 +0000 2014","in_reply_to_status_id_str":"544298354029506560","place":null},
{"contributors":null,"truncated":false,"text":"@Smallzy this guy on win is trying to Scare everyone 😒","in_reply_to_status_id":544298354029506560,"id":544298876211961856,"favorite_count":0,"source":"<a href=\"http://twitter.com/#!/download/ipad\" rel=\"nofollow\">Twitter for iPad</a>","retweeted":false,"coordinates":null,"entities":{"symbols":[],"user_mentions":[{"id":21477475,"indices":[0,8],"id_str":"21477475","screen_name":"Smallzy","name":"Smallzy"}],"hashtags":[],"urls":[]},"in_reply_to_screen_name":"Smallzy","id_str":"544298876211961856","retweet_count":0,"in_reply_to_user_id":21477475,"favorited":false,"user":{"follow_request_sent":false,"profile_use_background_image":true,"profile_text_color":"333333","default_profile_image":false,"id":2210345888,"profile_background_image_url_https":"https://abs.twimg.com/images/themes/theme1/bg.png","verified":false,"profile_location":null,"profile_image_url_https":"https://pbs.twimg.com/profile_images/589553783866134528/yVcnZ_nt_normal.jpg","profile_sidebar_fill_color":"DDEEF6","entities":{"description":{"urls":[]}},"followers_count":357,"profile_sidebar_border_color":"C0DEED","id_str":"2210345888","profile_background_color":"C0DEED","listed_count":2,"is_translation_enabled":false,"utc_offset":null,"statuses_count":9427,"description":"we will never be as young as we are now","friends_count":106,"location":"Sydney","profile_link_color":"0084B4","profile_image_url":"http://pbs.twimg.com/profile_images/589553783866134528/yVcnZ_nt_normal.jpg","following":false,"geo_enabled":false,"profile_banner_url":"https://pbs.twimg.com/profile_banners/2210345888/1418528243","profile_background_image_url":"http://abs.twimg.com/images/themes/theme1/bg.png","name":"harry.","lang":"en","profile_background_tile":false,"favourites_count":4696,"screen_name":"cuddlinstylxs","notifications":false,"url":null,"created_at":"Sat Nov 23 09:18:37 +0000 2013","contributors_enabled":false,"time_zone":null,"protected":false,"default_profile":true,"is_translator":false},"geo":null,"in_reply_to_user_id_str":"21477475","lang":"en","created_at":"Mon Dec 15 01:12:19 +0000 2014","in_reply_to_status_id_str":"544298354029506560","place":null},
{"contributors":null,"truncated":false,"text":"@Smallzy ARE YOU SCARED BECAISE I AM","in_reply_to_status_id":544298354029506560,"id":544298928640761856,"favorite_count":0,"source":"<a href=\"http://twitter.com/download/iphone\" rel=\"nofollow\">Twitter for iPhone</a>","retweeted":false,"coordinates":null,"entities":{"symbols":[],"user_mentions":[{"id":21477475,"indices":[0,8],"id_str":"21477475","screen_name":"Smallzy","name":"Smallzy"}],"hashtags":[],"urls":[]},"in_reply_to_screen_name":"Smallzy","id_str":"544298928640761856","retweet_count":0,"in_reply_to_user_id":21477475,"favorited":false,"user":{"follow_request_sent":false,"profile_use_background_image":true,"profile_text_color":"333333","default_profile_image":false,"id":868045358,"profile_background_image_url_https":"https://abs.twimg.com/images/themes/theme1/bg.png","verified":false,"profile_location":null,"profile_image_url_https":"https://pbs.twimg.com/profile_images/550866849944985600/GpDaQApc_normal.jpeg","profile_sidebar_fill_color":"DDEEF6","entities":{"description":{"urls":[]}},"followers_count":1016,"profile_sidebar_border_color":"C0DEED","id_str":"868045358","profile_background_color":"C0DEED","listed_count":3,"is_translation_enabled":false,"utc_offset":null,"statuses_count":5393,"description":"janoskians 2/5|| 5sos 0/4|| one direction 0/5|| gina ...i like a band, they do weird shit sometimes...","friends_count":2001,"location":"","profile_link_color":"0084B4","profile_image_url":"http://pbs.twimg.com/profile_images/550866849944985600/GpDaQApc_normal.jpeg","following":false,"geo_enabled":false,"profile_banner_url":"https://pbs.twimg.com/profile_banners/868045358/1416060620","profile_background_image_url":"http://abs.twimg.com/images/themes/theme1/bg.png","name":"☀️❄️","lang":"en","profile_background_tile":false,"favourites_count":477,"screen_name":"CakesCatie","notifications":false,"url":null,"created_at":"Mon Oct 08 14:03:32 +0000 2012","contributors_enabled":false,"time_zone":null,"protected":false,"default_profile":true,"is_translator":false},"geo":null,"in_reply_to_user_id_str":"21477475","lang":"en","created_at":"Mon Dec 15 01:12:31 +0000 2014","in_reply_to_status_id_str":"544298354029506560","place":null},
{"contributors":null,"truncated":false,"text":"@Smallzy All this false information is only making people more anxious.","in_reply_to_status_id":544298354029506560,"id":544299360209489921,"favorite_count":0,"source":"<a href=\"http://twitter.com/download/iphone\" rel=\"nofollow\">Twitter for iPhone</a>","retweeted":false,"coordinates":null,"entities":{"symbols":[],"user_mentions":[{"id":21477475,"indices":[0,8],"id_str":"21477475","screen_name":"Smallzy","name":"Smallzy"}],"hashtags":[],"urls":[]},"in_reply_to_screen_name":"Smallzy","id_str":"544299360209489921","retweet_count":0,"in_reply_to_user_id":21477475,"favorited":false,"user":{"follow_request_sent":false,"profile_use_background_image":false,"profile_text_color":"333333","default_profile_image":false,"id":157465042,"profile_background_image_url_https":"https://pbs.twimg.com/profile_background_images/470144236545789952/UVoWYM16.png","verified":false,"profile_location":null,"profile_image_url_https":"https://pbs.twimg.com/profile_images/538983281098649600/DQVEW3Am_normal.jpeg","profile_sidebar_fill_color":"EFEFEF","entities":{"description":{"urls":[]}},"followers_count":2908,"profile_sidebar_border_color":"FFFFFF","id_str":"157465042","profile_background_color":"000000","listed_count":18,"is_translation_enabled":false,"utc_offset":36000,"statuses_count":15790,"description":"Bands.","friends_count":3179,"location":"","profile_link_color":"F59DBD","profile_image_url":"http://pbs.twimg.com/profile_images/538983281098649600/DQVEW3Am_normal.jpeg","following":false,"geo_enabled":false,"profile_banner_url":"https://pbs.twimg.com/profile_banners/157465042/1414394643","profile_background_image_url":"http://pbs.twimg.com/profile_background_images/470144236545789952/UVoWYM16.png","name":"THANK YOY BEAU ILY","lang":"en","profile_background_tile":false,"favourites_count":1417,"screen_name":"applaudclifford","notifications":false,"url":null,"created_at":"Sat Jun 19 22:29:42 +0000 2010","contributors_enabled":false,"time_zone":"Brisbane","protected":false,"default_profile":false,"is_translator":false},"geo":null,"in_reply_to_user_id_str":"21477475","lang":"en","created_at":"Mon Dec 15 01:14:14 +0000 2014","in_reply_to_status_id_str":"544298354029506560","place":null},
{"contributors":null,"truncated":false,"text":"@Smallzy 👌👌","in_reply_to_status_id":544298354029506560,"id":544300554889871361,"favorite_count":0,"source":"<a href=\"http://twitter.com/download/iphone\" rel=\"nofollow\">Twitter for iPhone</a>","retweeted":false,"coordinates":null,"entities":{"symbols":[],"user_mentions":[{"id":21477475,"indices":[0,8],"id_str":"21477475","screen_name":"Smallzy","name":"Smallzy"}],"hashtags":[],"urls":[]},"in_reply_to_screen_name":"Smallzy","id_str":"544300554889871361","retweet_count":0,"in_reply_to_user_id":21477475,"favorited":false,"user":{"follow_request_sent":false,"profile_use_background_image":true,"profile_text_color":"0084B4","default_profile_image":false,"id":926971886,"profile_background_image_url_https":"https://pbs.twimg.com/profile_background_images/703102670/e89f26f7671441fbb95bf29490a72ba7.png","verified":false,"profile_location":null,"profile_image_url_https":"https://pbs.twimg.com/profile_images/584912642529075205/tNjAQ3Go_normal.jpg","profile_sidebar_fill_color":"DDEEF6","entities":{"description":{"urls":[{"url":"https://t.co/QbKjolIbgc","indices":[90,113],"expanded_url":"https://www.youtube.com/channel/UCFicNOLLbO_9dpQm-yNXTgg","display_url":"youtube.com/channel/UCFicN…"}]}},"followers_count":894,"profile_sidebar_border_color":"C0DEED","id_str":"926971886","profile_background_color":"C0DEED","listed_count":17,"is_translation_enabled":false,"utc_offset":39600,"statuses_count":38169,"description":"the ramblings of a non-teenage fangirl. ~ Part-time youtuber, new videos every wednesday: https://t.co/QbKjolIbgc","friends_count":1770,"location":"20  Sydney, Australia","profile_link_color":"333333","profile_image_url":"http://pbs.twimg.com/profile_images/584912642529075205/tNjAQ3Go_normal.jpg","following":false,"geo_enabled":true,"profile_banner_url":"https://pbs.twimg.com/profile_banners/926971886/1417434659","profile_background_image_url":"http://pbs.twimg.com/profile_background_images/703102670/e89f26f7671441fbb95bf29490a72ba7.png","name":"sarah ✌️","lang":"en","profile_background_tile":true,"favourites_count":25939,"screen_name":"sarah_mifsud_","notifications":false,"url":null,"created_at":"Mon Nov 05 05:59:11 +0000 2012","contributors_enabled":false,"time_zone":"Sydney","protected":false,"default_profile":false,"is_translator":false},"geo":null,"in_reply_to_user_id_str":"21477475","lang":"und","created_at":"Mon Dec 15 01:18:59 +0000 2014","in_reply_to_status_id_str":"544298354029506560","place":null},
{"contributors":null,"truncated":false,"text":"@Smallzy yes!🙌","in_reply_to_status_id":544298354029506560,"id":544301350306070528,"favorite_count":0,"source":"<a href=\"http://twitter.com/download/iphone\" rel=\"nofollow\">Twitter for iPhone</a>","retweeted":false,"coordinates":null,"entities":{"symbols":[],"user_mentions":[{"id":21477475,"indices":[0,8],"id_str":"21477475","screen_name":"Smallzy","name":"Smallzy"}],"hashtags":[],"urls":[]},"in_reply_to_screen_name":"Smallzy","id_str":"544301350306070528","retweet_count":0,"in_reply_to_user_id":21477475,"favorited":false,"user":{"follow_request_sent":false,"profile_use_background_image":true,"profile_text_color":"333333","default_profile_image":false,"id":2232245299,"profile_background_image_url_https":"https://abs.twimg.com/images/themes/theme14/bg.gif","verified":false,"profile_location":null,"profile_image_url_https":"https://pbs.twimg.com/profile_images/580668195834454016/mAtXTYvf_normal.jpg","profile_sidebar_fill_color":"EFEFEF","entities":{"description":{"urls":[]}},"followers_count":690,"profile_sidebar_border_color":"FFFFFF","id_str":"2232245299","profile_background_color":"131516","listed_count":2,"is_translation_enabled":false,"utc_offset":null,"statuses_count":8817,"description":"18 ♡ 26.10.13 2.12.14","friends_count":900,"location":"Sydney.. Australia","profile_link_color":"610099","profile_image_url":"http://pbs.twimg.com/profile_images/580668195834454016/mAtXTYvf_normal.jpg","following":false,"geo_enabled":false,"profile_banner_url":"https://pbs.twimg.com/profile_banners/2232245299/1416189135","profile_background_image_url":"http://abs.twimg.com/images/themes/theme14/bg.gif","name":"Meeks♡","lang":"en","profile_background_tile":true,"favourites_count":11619,"screen_name":"moniqueek_x","notifications":false,"url":null,"created_at":"Fri Dec 06 01:08:21 +0000 2013","contributors_enabled":false,"time_zone":null,"protected":false,"default_profile":false,"is_translator":false},"geo":null,"in_reply_to_user_id_str":"21477475","lang":"und","created_at":"Mon Dec 15 01:22:09 +0000 2014","in_reply_to_status_id_str":"544298354029506560","place":null},
{"contributors":null,"truncated":false,"text":"@Smallzy snap, you tell them smallz. I like that you corrected your own station","in_reply_to_status_id":544298354029506560,"id":544303405921873920,"favorite_count":0,"source":"<a href=\"http://twitter.com/download/iphone\" rel=\"nofollow\">Twitter for iPhone</a>","retweeted":false,"coordinates":null,"entities":{"symbols":[],"user_mentions":[{"id":21477475,"indices":[0,8],"id_str":"21477475","screen_name":"Smallzy","name":"Smallzy"}],"hashtags":[],"urls":[]},"in_reply_to_screen_name":"Smallzy","id_str":"544303405921873920","retweet_count":0,"in_reply_to_user_id":21477475,"favorited":false,"user":{"follow_request_sent":false,"profile_use_background_image":true,"profile_text_color":"89B5A2","default_profile_image":false,"id":254425460,"profile_background_image_url_https":"https://pbs.twimg.com/profile_background_images/487940697484300289/VGsqIWwZ.jpeg","verified":false,"profile_location":null,"profile_image_url_https":"https://pbs.twimg.com/profile_images/577646447107047424/ub7ZI02L_normal.jpg","profile_sidebar_fill_color":"24210E","entities":{"url":{"urls":[{"url":"http://t.co/Z2wcsZPj8m","indices":[0,22],"expanded_url":"http://Instagram.com/p/qeMEhMB1Bx/","display_url":"Instagram.com/p/qeMEhMB1Bx/"}]},"description":{"urls":[]}},"followers_count":1977,"profile_sidebar_border_color":"FFFFFF","id_str":"254425460","profile_background_color":"131516","listed_count":12,"is_translation_enabled":false,"utc_offset":39600,"statuses_count":44339,"description":"'We're all outsiders who found solace in music'-E.S | 107 broken drum sticks 255 broken guitar strings | Supporting music everywhere. | St.Jimmy was here.","friends_count":527,"location":"Sydney, Australia","profile_link_color":"009999","profile_image_url":"http://pbs.twimg.com/profile_images/577646447107047424/ub7ZI02L_normal.jpg","following":false,"geo_enabled":true,"profile_banner_url":"https://pbs.twimg.com/profile_banners/254425460/1418005135","profile_background_image_url":"http://pbs.twimg.com/profile_background_images/487940697484300289/VGsqIWwZ.jpeg","name":"HappyBdayTaylorYork","lang":"en","profile_background_tile":false,"favourites_count":42180,"screen_name":"5sosAgentMadds","notifications":false,"url":"http://t.co/Z2wcsZPj8m","created_at":"Sat Feb 19 07:22:26 +0000 2011","contributors_enabled":false,"time_zone":"Sydney","protected":false,"default_profile":false,"is_translator":false},"geo":null,"in_reply_to_user_id_str":"21477475","lang":"en","created_at":"Mon Dec 15 01:30:19 +0000 2014","in_reply_to_status_id_str":"544298354029506560","place":null}
]