{"contributors":null,"truncated":false,"text":"There are reportedly 13 hostages in the siege at Martin Place, Sydney CBD - watch us live for continuous updates","in_reply_to_status_id":null,"id":544278913883447298,"favorite_count":44,"source":"<a href=\"http:\/\/twitter.com\" rel=\"nofollow\">Twitter Web Client<\/a>","retweeted":false,"coordinates":null,"entities":{"symbols":[],"user_mentions":[],"hashtags":[],"urls":[]},"in_reply_to_screen_name":null,"id_str":"544278913883447298","retweet_count":298,"in_reply_to_user_id":null,"favorited":false,"user":{"follow_request_sent":false,"profile_use_background_image":true,"profile_text_color":"000000","default_profile_image":false,"id":129673790,"profile_background_image_url_https":"https:\/\/pbs.twimg.com\/profile_background_images\/384772780\/News24_Twitter-background.JPG","verified":true,"profile_location":null,"profile_image_url_https":"https:\/\/pbs.twimg.com\/profile_images\/1463058579\/24_Twitter_Avatar_normal.jpg","profile_sidebar_fill_color":"DADADA","entities":{"url":{"urls":[{"url":"http:\/\/t.co\/9KbXOReBIb","indices":[0,22],"expanded_url":"http:\/\/www.abc.net.au\/abcnews24","display_url":"abc.net.au\/abcnews24"}]},"description":{"urls":[]}},"followers_count":170318,"profile_sidebar_border_color":"DADADA","id_str":"129673790","profile_background_color":"000000","listed_count":1940,"is_translation_enabled":false,"utc_offset":39600,"statuses_count":43042,"description":"This account details #ABCNews24\u2019s live coverage, guests and programs. Also follow @ABCNews for general news alerts. This is an official @ABCaustralia account.","friends_count":1421,"location":"Australia","profile_link_color":"0058B7","profile_image_url":"http:\/\/pbs.twimg.com\/profile_images\/1463058579\/24_Twitter_Avatar_normal.jpg","following":false,"geo_enabled":false,"profile_banner_url":"https:\/\/pbs.twimg.com\/profile_banners\/129673790\/1358735891","profile_background_image_url":"http:\/\/pbs.twimg.com\/profile_background_images\/384772780\/News24_Twitter-background.JPG","name":"ABC News 24","lang":"en","profile_background_tile":false,"favourites_count":23,"screen_name":"ABCNews24","notifications":false,"url":"http:\/\/t.co\/9KbXOReBIb","created_at":"Mon Apr 05 02:26:49 +0000 2010","contributors_enabled":false,"time_zone":"Sydney","protected":false,"default_profile":false,"is_translator":false},"geo":null,"in_reply_to_user_id_str":null,"lang":"en","created_at":"Sun Dec 14 23:52:59 +0000 2014","in_reply_to_status_id_str":null,"place":null}