{"contributors":null,"truncated":false,"text":"Fingers crossed for Sydney. One day we won\u2019t live in a world where humans terrorise each other","in_reply_to_status_id":null,"id":544280929154637825,"favorite_count":257,"source":"<a href=\"http:\/\/tapbots.com\/tweetbot\" rel=\"nofollow\">Tweetbot for i\u039fS<\/a>","retweeted":false,"coordinates":null,"entities":{"symbols":[],"user_mentions":[],"hashtags":[],"urls":[]},"in_reply_to_screen_name":null,"id_str":"544280929154637825","retweet_count":270,"in_reply_to_user_id":null,"favorited":false,"user":{"follow_request_sent":false,"profile_use_background_image":true,"profile_text_color":"333333","default_profile_image":false,"id":65045121,"profile_background_image_url_https":"https:\/\/abs.twimg.com\/images\/themes\/theme1\/bg.png","verified":true,"profile_location":null,"profile_image_url_https":"https:\/\/pbs.twimg.com\/profile_images\/578230164296851456\/jFAGPYgX_normal.png","profile_sidebar_fill_color":"DDEEF6","entities":{"url":{"urls":[{"url":"http:\/\/t.co\/S2NqGFUWLG","indices":[0,22],"expanded_url":"http:\/\/www.theguardian.com\/profile\/owen-jones","display_url":"theguardian.com\/profile\/owen-j\u2026"}]},"description":{"urls":[]}},"followers_count":236486,"profile_sidebar_border_color":"C0DEED","id_str":"65045121","profile_background_color":"C0DEED","listed_count":2774,"is_translation_enabled":false,"utc_offset":0,"statuses_count":84623,"description":"A 'braying jackal' according to Fox News. Author of 'The Establishment' and 'Chavs', Socialist, Guardian columnist. Losing my Northern accent. My views etc...","friends_count":3297,"location":"London","profile_link_color":"0084B4","profile_image_url":"http:\/\/pbs.twimg.com\/profile_images\/578230164296851456\/jFAGPYgX_normal.png","following":false,"geo_enabled":false,"profile_banner_url":"https:\/\/pbs.twimg.com\/profile_banners\/65045121\/1407417237","profile_background_image_url":"http:\/\/abs.twimg.com\/images\/themes\/theme1\/bg.png","name":"Owen Jones","lang":"en","profile_background_tile":false,"favourites_count":5,"screen_name":"OwenJones84","notifications":false,"url":"http:\/\/t.co\/S2NqGFUWLG","created_at":"Wed Aug 12 14:09:35 +0000 2009","contributors_enabled":false,"time_zone":"London","protected":false,"default_profile":true,"is_translator":false},"geo":null,"in_reply_to_user_id_str":null,"lang":"en","created_at":"Mon Dec 15 00:01:00 +0000 2014","in_reply_to_status_id_str":null,"place":null}