{"contributors":null,"truncated":false,"text":"JUST IN: Lindt's CEO says there could be as many as 50 hostages inside the cafe in #Sydney \nhttp:\/\/t.co\/FlxRZYOxWA http:\/\/t.co\/eKFi9smVGh","in_reply_to_status_id":null,"id":544302938374426624,"favorite_count":23,"source":"<a href=\"https:\/\/about.twitter.com\/products\/tweetdeck\" rel=\"nofollow\">TweetDeck<\/a>","retweeted":false,"coordinates":null,"entities":{"symbols":[],"media":[{"source_status_id_str":"544302779217375232","expanded_url":"http:\/\/twitter.com\/STForeignDesk\/status\/544302779217375232\/photo\/1","display_url":"pic.twitter.com\/eKFi9smVGh","url":"http:\/\/t.co\/eKFi9smVGh","media_url_https":"https:\/\/pbs.twimg.com\/media\/B43AdPgCYAAo_HS.jpg","source_status_id":544302779217375232,"id_str":"544302738591342592","sizes":{"small":{"h":204,"resize":"fit","w":340},"large":{"h":342,"resize":"fit","w":570},"medium":{"h":342,"resize":"fit","w":570},"thumb":{"h":150,"resize":"crop","w":150}},"indices":[115,137],"type":"photo","id":544302738591342592,"media_url":"http:\/\/pbs.twimg.com\/media\/B43AdPgCYAAo_HS.jpg"}],"hashtags":[{"indices":[83,90],"text":"Sydney"}],"user_mentions":[],"trends":[],"urls":[{"url":"http:\/\/t.co\/FlxRZYOxWA","indices":[92,114],"expanded_url":"http:\/\/bit.ly\/1AxwiCR","display_url":"bit.ly\/1AxwiCR"}]},"in_reply_to_screen_name":null,"id_str":"544302938374426624","retweet_count":152,"in_reply_to_user_id":null,"favorited":false,"user":{"follow_request_sent":null,"profile_use_background_image":true,"default_profile_image":false,"id":37874853,"verified":true,"profile_image_url_https":"https:\/\/pbs.twimg.com\/profile_images\/3084918167\/3e0dce28e51eef05a319e1016af31e52_normal.png","profile_sidebar_fill_color":"DDEEF6","profile_text_color":"333333","followers_count":377091,"profile_sidebar_border_color":"FFFFFF","id_str":"37874853","profile_background_color":"F5F5F5","listed_count":4013,"profile_background_image_url_https":"https:\/\/pbs.twimg.com\/profile_background_images\/378800000050586586\/376ef21f601fe5f01acd95dae6783f6b.png","utc_offset":28800,"statuses_count":131381,"description":"Breaking news from the online site of Singapore's most widely-read newspaper","friends_count":80,"location":"Singapore","profile_link_color":"00427A","profile_image_url":"http:\/\/pbs.twimg.com\/profile_images\/3084918167\/3e0dce28e51eef05a319e1016af31e52_normal.png","following":null,"geo_enabled":true,"profile_background_image_url":"http:\/\/pbs.twimg.com\/profile_background_images\/378800000050586586\/376ef21f601fe5f01acd95dae6783f6b.png","name":"The Straits Times ","lang":"en","profile_background_tile":false,"favourites_count":20,"screen_name":"STcom","notifications":null,"url":"http:\/\/www.straitstimes.com","created_at":"Tue May 05 06:48:23 +0000 2009","contributors_enabled":false,"time_zone":"Singapore","protected":false,"default_profile":false,"is_translator":false},"geo":null,"in_reply_to_user_id_str":null,"possibly_sensitive":false,"lang":"en","created_at":"Mon Dec 15 01:28:27 +0000 2014","filter_level":"low","in_reply_to_status_id_str":null,"place":null,"extended_entities":{"media":[{"source_status_id_str":"544302779217375232","expanded_url":"http:\/\/twitter.com\/STForeignDesk\/status\/544302779217375232\/photo\/1","display_url":"pic.twitter.com\/eKFi9smVGh","url":"http:\/\/t.co\/eKFi9smVGh","media_url_https":"https:\/\/pbs.twimg.com\/media\/B43AdPgCYAAo_HS.jpg","source_status_id":544302779217375232,"id_str":"544302738591342592","sizes":{"small":{"h":204,"resize":"fit","w":340},"large":{"h":342,"resize":"fit","w":570},"medium":{"h":342,"resize":"fit","w":570},"thumb":{"h":150,"resize":"crop","w":150}},"indices":[115,137],"type":"photo","id":544302738591342592,"media_url":"http:\/\/pbs.twimg.com\/media\/B43AdPgCYAAo_HS.jpg"}]}}