{"contributors":null,"truncated":false,"text":"My thoughts go out to the people of Sydney.","in_reply_to_status_id":null,"id":544301149348982784,"favorite_count":8539,"source":"<a href=\"http:\/\/twitter.com\" rel=\"nofollow\">Twitter Web Client<\/a>","retweeted":false,"coordinates":null,"entities":{"symbols":[],"user_mentions":[],"hashtags":[],"urls":[]},"in_reply_to_screen_name":null,"id_str":"544301149348982784","retweet_count":2942,"in_reply_to_user_id":null,"favorited":false,"user":{"follow_request_sent":false,"profile_use_background_image":true,"profile_text_color":"362720","default_profile_image":false,"id":216430965,"profile_background_image_url_https":"https:\/\/pbs.twimg.com\/profile_background_images\/786236157\/7e8956b5221152329f9a2b25a00f770c.png","verified":true,"profile_location":null,"profile_image_url_https":"https:\/\/pbs.twimg.com\/profile_images\/569171529338867712\/pI7H18S0_normal.jpeg","profile_sidebar_fill_color":"E5507E","entities":{"url":{"urls":[{"url":"http:\/\/t.co\/4GiEcI1WXa","indices":[0,22],"expanded_url":"http:\/\/youtube.com\/Caspar","display_url":"youtube.com\/Caspar"}]},"description":{"urls":[]}},"followers_count":2157335,"profile_sidebar_border_color":"FFFFFF","id_str":"216430965","profile_background_color":"EDC915","listed_count":6088,"is_translation_enabled":false,"utc_offset":3600,"statuses_count":3724,"description":"Victoria's secret model.","friends_count":1315,"location":"Cape Town - LA - London ","profile_link_color":"000000","profile_image_url":"http:\/\/pbs.twimg.com\/profile_images\/569171529338867712\/pI7H18S0_normal.jpeg","following":false,"geo_enabled":true,"profile_banner_url":"https:\/\/pbs.twimg.com\/profile_banners\/216430965\/1413641854","profile_background_image_url":"http:\/\/pbs.twimg.com\/profile_background_images\/786236157\/7e8956b5221152329f9a2b25a00f770c.png","name":"Caspar Lee","lang":"en","profile_background_tile":false,"favourites_count":7386,"screen_name":"Caspar_Lee","notifications":false,"url":"http:\/\/t.co\/4GiEcI1WXa","created_at":"Tue Nov 16 18:17:37 +0000 2010","contributors_enabled":false,"time_zone":"West Central Africa","protected":false,"default_profile":false,"is_translator":false},"geo":null,"in_reply_to_user_id_str":null,"lang":"en","created_at":"Mon Dec 15 01:21:21 +0000 2014","in_reply_to_status_id_str":null,"place":null}