{"contributors":null,"truncated":false,"text":"Muslim extremists are always so open to reason and negotiation.\nThis should end well.\n#sydneysiege","in_reply_to_status_id":null,"id":544300256981430272,"favorite_count":209,"source":"<a href=\"http:\/\/twitterrific.com\" rel=\"nofollow\">Twitterrific<\/a>","retweeted":false,"coordinates":null,"entities":{"symbols":[],"user_mentions":[],"hashtags":[{"indices":[86,98],"text":"sydneysiege"}],"urls":[]},"in_reply_to_screen_name":null,"id_str":"544300256981430272","retweet_count":133,"in_reply_to_user_id":null,"favorited":false,"user":{"follow_request_sent":false,"profile_use_background_image":true,"profile_text_color":"666666","default_profile_image":false,"id":19222164,"profile_background_image_url_https":"https:\/\/pbs.twimg.com\/profile_background_images\/499765729206341635\/Su7p1W8j.jpeg","verified":true,"profile_location":null,"profile_image_url_https":"https:\/\/pbs.twimg.com\/profile_images\/3677010808\/778b9146fb96d778a81b56aebc4d75d2_normal.jpeg","profile_sidebar_fill_color":"252429","entities":{"url":{"urls":[{"url":"http:\/\/t.co\/YKxpPI8Mx8","indices":[0,22],"expanded_url":"http:\/\/www.AnthonyCumia.com","display_url":"AnthonyCumia.com"}]},"description":{"urls":[{"url":"http:\/\/t.co\/loJHYcS6Xk","indices":[84,106],"expanded_url":"http:\/\/AnthonyCumia.com","display_url":"AnthonyCumia.com"}]}},"followers_count":177798,"profile_sidebar_border_color":"FFFFFF","id_str":"19222164","profile_background_color":"1A1B1F","listed_count":3132,"is_translation_enabled":false,"utc_offset":-18000,"statuses_count":21928,"description":"Exiled radio host. Formerly of The O&A Show. Now hosting The Anthony Cumia Show\u2122 at http:\/\/t.co\/loJHYcS6Xk\nHalfLife Entertainment\u2122","friends_count":819,"location":"New York, New York","profile_link_color":"2FC2EF","profile_image_url":"http:\/\/pbs.twimg.com\/profile_images\/3677010808\/778b9146fb96d778a81b56aebc4d75d2_normal.jpeg","following":false,"geo_enabled":false,"profile_banner_url":"https:\/\/pbs.twimg.com\/profile_banners\/19222164\/1407988577","profile_background_image_url":"http:\/\/pbs.twimg.com\/profile_background_images\/499765729206341635\/Su7p1W8j.jpeg","name":"Anthony Cumia","lang":"en","profile_background_tile":false,"favourites_count":43,"screen_name":"AnthonyCumia","notifications":false,"url":"http:\/\/t.co\/YKxpPI8Mx8","created_at":"Tue Jan 20 05:53:07 +0000 2009","contributors_enabled":false,"time_zone":"Eastern Time (US & Canada)","protected":false,"default_profile":false,"is_translator":false},"geo":null,"in_reply_to_user_id_str":null,"lang":"en","created_at":"Mon Dec 15 01:17:48 +0000 2014","in_reply_to_status_id_str":null,"place":null}