[{"contributors":null,"truncated":false,"text":"@9NewsSyd #StaySafeSydney #bestcityintheworld","in_reply_to_status_id":544300945820352512,"id":544301291329961984,"favorite_count":0,"source":"<a href=\"http://twitter.com/download/iphone\" rel=\"nofollow\">Twitter for iPhone</a>","retweeted":false,"coordinates":null,"entities":{"symbols":[],"user_mentions":[{"id":171802941,"indices":[0,9],"id_str":"171802941","screen_name":"9NewsSyd","name":"Nine News Sydney"}],"hashtags":[{"indices":[10,25],"text":"StaySafeSydney"},{"indices":[26,45],"text":"bestcityintheworld"}],"urls":[]},"in_reply_to_screen_name":"9NewsSyd","id_str":"544301291329961984","retweet_count":2,"in_reply_to_user_id":171802941,"favorited":false,"user":{"follow_request_sent":false,"profile_use_background_image":true,"profile_text_color":"333333","default_profile_image":false,"id":1202749520,"profile_background_image_url_https":"https://abs.twimg.com/images/themes/theme1/bg.png","verified":false,"profile_location":null,"profile_image_url_https":"https://pbs.twimg.com/profile_images/3285592195/9a90af18595dbb1ee18dc1c1b804bdf4_normal.jpeg","profile_sidebar_fill_color":"DDEEF6","entities":{"description":{"urls":[]}},"followers_count":35,"profile_sidebar_border_color":"C0DEED","id_str":"1202749520","profile_background_color":"C0DEED","listed_count":0,"is_translation_enabled":false,"utc_offset":null,"statuses_count":160,"description":"","friends_count":89,"location":"","profile_link_color":"0084B4","profile_image_url":"http://pbs.twimg.com/profile_images/3285592195/9a90af18595dbb1ee18dc1c1b804bdf4_normal.jpeg","following":false,"geo_enabled":false,"profile_background_image_url":"http://abs.twimg.com/images/themes/theme1/bg.png","name":"Carla Nicolussi","lang":"en","profile_background_tile":false,"favourites_count":39,"screen_name":"CarlaNicolussi","notifications":false,"url":null,"created_at":"Thu Feb 21 02:29:22 +0000 2013","contributors_enabled":false,"time_zone":null,"protected":false,"default_profile":true,"is_translator":false},"geo":null,"in_reply_to_user_id_str":"171802941","lang":"und","created_at":"Mon Dec 15 01:21:55 +0000 2014","in_reply_to_status_id_str":"544300945820352512","place":null},
{"contributors":null,"truncated":false,"text":"@9NewsSyd how do you know that?","in_reply_to_status_id":544300945820352512,"id":544301559144644609,"favorite_count":1,"source":"<a href=\"http://twitter.com\" rel=\"nofollow\">Twitter Web Client</a>","retweeted":false,"coordinates":null,"entities":{"symbols":[],"user_mentions":[{"id":171802941,"indices":[0,9],"id_str":"171802941","screen_name":"9NewsSyd","name":"Nine News Sydney"}],"hashtags":[],"urls":[]},"in_reply_to_screen_name":"9NewsSyd","id_str":"544301559144644609","retweet_count":0,"in_reply_to_user_id":171802941,"favorited":false,"user":{"follow_request_sent":false,"profile_use_background_image":true,"profile_text_color":"333333","default_profile_image":false,"id":63865064,"profile_background_image_url_https":"https://abs.twimg.com/images/themes/theme1/bg.png","verified":false,"profile_location":null,"profile_image_url_https":"https://pbs.twimg.com/profile_images/507061867533975552/W88Pivnb_normal.png","profile_sidebar_fill_color":"DDEEF6","entities":{"description":{"urls":[]}},"followers_count":543,"profile_sidebar_border_color":"C0DEED","id_str":"63865064","profile_background_color":"C0DEED","listed_count":12,"is_translation_enabled":false,"utc_offset":36000,"statuses_count":1709,"description":"Be strong, I whispered to the wifi.  Journalist at The Australian Financial Review. jsier@fairfaxmedia.com.au","friends_count":762,"location":"Sydney, Australia","profile_link_color":"26662D","profile_image_url":"http://pbs.twimg.com/profile_images/507061867533975552/W88Pivnb_normal.png","following":false,"geo_enabled":true,"profile_banner_url":"https://pbs.twimg.com/profile_banners/63865064/1403524373","profile_background_image_url":"http://abs.twimg.com/images/themes/theme1/bg.png","name":"Jessica Sier","lang":"en","profile_background_tile":false,"favourites_count":171,"screen_name":"jessicasier","notifications":false,"url":null,"created_at":"Sat Aug 08 00:36:25 +0000 2009","contributors_enabled":false,"time_zone":"Brisbane","protected":false,"default_profile":false,"is_translator":false},"geo":null,"in_reply_to_user_id_str":"171802941","lang":"en","created_at":"Mon Dec 15 01:22:58 +0000 2014","in_reply_to_status_id_str":"544300945820352512","place":null},
{"contributors":null,"truncated":false,"text":"@9NewsSyd @Channel9 we need prayer for our country, hostages in Lindt ,so sad","in_reply_to_status_id":544300945820352512,"id":544301762807472128,"favorite_count":0,"source":"<a href=\"https://mobile.twitter.com\" rel=\"nofollow\">Mobile Web (M5)</a>","retweeted":false,"coordinates":null,"entities":{"symbols":[],"user_mentions":[{"id":171802941,"indices":[0,9],"id_str":"171802941","screen_name":"9NewsSyd","name":"Nine News Sydney"},{"id":248568377,"indices":[10,19],"id_str":"248568377","screen_name":"Channel9","name":"Channel 9"}],"hashtags":[],"urls":[]},"in_reply_to_screen_name":"9NewsSyd","id_str":"544301762807472128","retweet_count":1,"in_reply_to_user_id":171802941,"favorited":false,"user":{"follow_request_sent":false,"profile_use_background_image":true,"profile_text_color":"333333","default_profile_image":true,"id":1406935086,"profile_background_image_url_https":"https://abs.twimg.com/images/themes/theme1/bg.png","verified":false,"profile_location":null,"profile_image_url_https":"https://abs.twimg.com/sticky/default_profile_images/default_profile_4_normal.png","profile_sidebar_fill_color":"DDEEF6","entities":{"description":{"urls":[]}},"followers_count":63,"profile_sidebar_border_color":"C0DEED","id_str":"1406935086","profile_background_color":"C0DEED","listed_count":0,"is_translation_enabled":false,"utc_offset":null,"statuses_count":2908,"description":"","friends_count":549,"location":"","profile_link_color":"0084B4","profile_image_url":"http://abs.twimg.com/sticky/default_profile_images/default_profile_4_normal.png","following":false,"geo_enabled":true,"profile_background_image_url":"http://abs.twimg.com/images/themes/theme1/bg.png","name":"Carmel Davies","lang":"en","profile_background_tile":false,"favourites_count":85,"screen_name":"DaviesCarmel","notifications":false,"url":null,"created_at":"Mon May 06 06:25:46 +0000 2013","contributors_enabled":false,"time_zone":null,"protected":false,"default_profile":true,"is_translator":false},"geo":null,"in_reply_to_user_id_str":"171802941","lang":"en","created_at":"Mon Dec 15 01:23:47 +0000 2014","in_reply_to_status_id_str":"544300945820352512","place":null},
{"contributors":null,"truncated":false,"text":"@9NewsSyd @9NewsAUS you shouldn't listen to Ray Hadley #SydneySiege","in_reply_to_status_id":544300945820352512,"id":544302051551768576,"favorite_count":1,"source":"<a href=\"http://twitter.com/#!/download/ipad\" rel=\"nofollow\">Twitter for iPad</a>","retweeted":false,"coordinates":null,"entities":{"symbols":[],"user_mentions":[{"id":171802941,"indices":[0,9],"id_str":"171802941","screen_name":"9NewsSyd","name":"Nine News Sydney"},{"id":22993014,"indices":[10,19],"id_str":"22993014","screen_name":"9NewsAUS","name":"Nine News Australia"}],"hashtags":[{"indices":[55,67],"text":"SydneySiege"}],"urls":[]},"in_reply_to_screen_name":"9NewsSyd","id_str":"544302051551768576","retweet_count":0,"in_reply_to_user_id":171802941,"favorited":false,"user":{"follow_request_sent":false,"profile_use_background_image":true,"profile_text_color":"3D1957","default_profile_image":false,"id":96003367,"profile_background_image_url_https":"https://pbs.twimg.com/profile_background_images/544663363/P1010721-1.JPG","verified":false,"profile_location":null,"profile_image_url_https":"https://pbs.twimg.com/profile_images/2194126162/P1010616_normal.JPG","profile_sidebar_fill_color":"7AC3EE","entities":{"url":{"urls":[{"url":"http://t.co/QzccFGI12J","indices":[0,22],"expanded_url":"http://lisaj.id.au","display_url":"lisaj.id.au"}]},"description":{"urls":[]}},"followers_count":274,"profile_sidebar_border_color":"65B0DA","id_str":"96003367","profile_background_color":"642D8B","listed_count":6,"is_translation_enabled":false,"utc_offset":39600,"statuses_count":6923,"description":"Aboriginal woman from Sydney, tweeting about life and what is around her","friends_count":376,"location":"Sydney","profile_link_color":"FF0000","profile_image_url":"http://pbs.twimg.com/profile_images/2194126162/P1010616_normal.JPG","following":false,"geo_enabled":true,"profile_background_image_url":"http://pbs.twimg.com/profile_background_images/544663363/P1010721-1.JPG","name":"Lisa Rafferty","lang":"en","profile_background_tile":true,"favourites_count":176,"screen_name":"Leesidge","notifications":false,"url":"http://t.co/QzccFGI12J","created_at":"Thu Dec 10 22:53:21 +0000 2009","contributors_enabled":false,"time_zone":"Sydney","protected":false,"default_profile":false,"is_translator":false},"geo":null,"in_reply_to_user_id_str":"171802941","lang":"en","created_at":"Mon Dec 15 01:24:56 +0000 2014","in_reply_to_status_id_str":"544300945820352512","place":null},
{"contributors":null,"truncated":false,"text":"@9NewsSyd @Channel9 everything calm here at Sydney Domestic Airport.","in_reply_to_status_id":544300945820352512,"id":544302195529629696,"favorite_count":0,"source":"<a href=\"http://twitter.com/download/iphone\" rel=\"nofollow\">Twitter for iPhone</a>","retweeted":false,"coordinates":null,"entities":{"symbols":[],"user_mentions":[{"id":171802941,"indices":[0,9],"id_str":"171802941","screen_name":"9NewsSyd","name":"Nine News Sydney"},{"id":248568377,"indices":[10,19],"id_str":"248568377","screen_name":"Channel9","name":"Channel 9"}],"hashtags":[],"urls":[]},"in_reply_to_screen_name":"9NewsSyd","id_str":"544302195529629696","retweet_count":0,"in_reply_to_user_id":171802941,"favorited":false,"user":{"follow_request_sent":false,"profile_use_background_image":true,"profile_text_color":"333333","default_profile_image":false,"id":70466460,"profile_background_image_url_https":"https://pbs.twimg.com/profile_background_images/83872119/Male_-_Maldives_0213.JPG","verified":false,"profile_location":null,"profile_image_url_https":"https://pbs.twimg.com/profile_images/921602394/Elton_USOpen_2008b_normal.jpg","profile_sidebar_fill_color":"DDEEF6","entities":{"url":{"urls":[{"url":"http://t.co/o1NK85THYE","indices":[0,22],"expanded_url":"http://eanselmi77.wordpress.com/","display_url":"eanselmi77.wordpress.com"}]},"description":{"urls":[]}},"followers_count":83,"profile_sidebar_border_color":"C0DEED","id_str":"70466460","profile_background_color":"C0DEED","listed_count":2,"is_translation_enabled":false,"utc_offset":14400,"statuses_count":1770,"description":"Formula 1 and other motorsports enthusiast.","friends_count":471,"location":"Brisbane, Australia","profile_link_color":"0084B4","profile_image_url":"http://pbs.twimg.com/profile_images/921602394/Elton_USOpen_2008b_normal.jpg","following":false,"geo_enabled":true,"profile_banner_url":"https://pbs.twimg.com/profile_banners/70466460/1361108605","profile_background_image_url":"http://pbs.twimg.com/profile_background_images/83872119/Male_-_Maldives_0213.JPG","name":"Elton de Oliveira","lang":"en","profile_background_tile":true,"favourites_count":75,"screen_name":"eanselmi77","notifications":false,"url":"http://t.co/o1NK85THYE","created_at":"Mon Aug 31 18:42:43 +0000 2009","contributors_enabled":false,"time_zone":"Abu Dhabi","protected":false,"default_profile":false,"is_translator":false},"geo":null,"in_reply_to_user_id_str":"171802941","lang":"en","created_at":"Mon Dec 15 01:25:30 +0000 2014","in_reply_to_status_id_str":"544300945820352512","place":null},
{"contributors":null,"truncated":false,"text":"@9NewsSyd @9NewsAUS is this a fact or another unconfirmed report.","in_reply_to_status_id":544300945820352512,"id":544302801820459009,"favorite_count":0,"source":"<a href=\"http://twitter.com\" rel=\"nofollow\">Twitter Web Client</a>","retweeted":false,"coordinates":null,"entities":{"symbols":[],"user_mentions":[{"id":171802941,"indices":[0,9],"id_str":"171802941","screen_name":"9NewsSyd","name":"Nine News Sydney"},{"id":22993014,"indices":[10,19],"id_str":"22993014","screen_name":"9NewsAUS","name":"Nine News Australia"}],"hashtags":[],"urls":[]},"in_reply_to_screen_name":"9NewsSyd","id_str":"544302801820459009","retweet_count":0,"in_reply_to_user_id":171802941,"favorited":false,"user":{"follow_request_sent":false,"profile_use_background_image":true,"profile_text_color":"3D1957","default_profile_image":false,"id":18750522,"profile_background_image_url_https":"https://abs.twimg.com/images/themes/theme10/bg.gif","verified":false,"profile_location":null,"profile_image_url_https":"https://pbs.twimg.com/profile_images/462446371048394753/_Ie6DxbI_normal.jpeg","profile_sidebar_fill_color":"7AC3EE","entities":{"url":{"urls":[{"url":"http://t.co/t68sRqSwMl","indices":[0,22],"expanded_url":"http://addictedtoolife.tumblr.com/","display_url":"addictedtoolife.tumblr.com"}]},"description":{"urls":[]}},"followers_count":53,"profile_sidebar_border_color":"65B0DA","id_str":"18750522","profile_background_color":"642D8B","listed_count":5,"is_translation_enabled":false,"utc_offset":39600,"statuses_count":3457,"description":"","friends_count":349,"location":"Sydney-Australia ","profile_link_color":"FF0000","profile_image_url":"http://pbs.twimg.com/profile_images/462446371048394753/_Ie6DxbI_normal.jpeg","following":false,"geo_enabled":true,"profile_background_image_url":"http://abs.twimg.com/images/themes/theme10/bg.gif","name":"TR","lang":"en","profile_background_tile":true,"favourites_count":774,"screen_name":"addictedtoolife","notifications":false,"url":"http://t.co/t68sRqSwMl","created_at":"Thu Jan 08 02:45:30 +0000 2009","contributors_enabled":false,"time_zone":"Sydney","protected":false,"default_profile":false,"is_translator":false},"geo":null,"in_reply_to_user_id_str":"171802941","lang":"en","created_at":"Mon Dec 15 01:27:55 +0000 2014","in_reply_to_status_id_str":"544300945820352512","place":null},
{"contributors":null,"truncated":false,"text":"@9NewsSyd @9NewsBrisbane The media needs to keep calm and stop speculating!","in_reply_to_status_id":544300945820352512,"id":544302893881245696,"favorite_count":0,"source":"<a href=\"http://twitter.com/#!/download/ipad\" rel=\"nofollow\">Twitter for iPad</a>","retweeted":false,"coordinates":null,"entities":{"symbols":[],"user_mentions":[{"id":171802941,"indices":[0,9],"id_str":"171802941","screen_name":"9NewsSyd","name":"Nine News Sydney"},{"id":36255721,"indices":[10,24],"id_str":"36255721","screen_name":"9NewsBrisbane","name":"Nine News Brisbane"}],"hashtags":[],"urls":[]},"in_reply_to_screen_name":"9NewsSyd","id_str":"544302893881245696","retweet_count":0,"in_reply_to_user_id":171802941,"favorited":false,"user":{"follow_request_sent":false,"profile_use_background_image":true,"profile_text_color":"333333","default_profile_image":false,"id":299007470,"profile_background_image_url_https":"https://abs.twimg.com/images/themes/theme1/bg.png","verified":false,"profile_location":null,"profile_image_url_https":"https://pbs.twimg.com/profile_images/588125780325961728/CaNjhOcT_normal.jpg","profile_sidebar_fill_color":"DDEEF6","entities":{"description":{"urls":[]}},"followers_count":0,"profile_sidebar_border_color":"C0DEED","id_str":"299007470","profile_background_color":"C0DEED","listed_count":0,"is_translation_enabled":false,"utc_offset":36000,"statuses_count":1211,"description":"","friends_count":270,"location":"Brisvegas Australia","profile_link_color":"0084B4","profile_image_url":"http://pbs.twimg.com/profile_images/588125780325961728/CaNjhOcT_normal.jpg","following":false,"geo_enabled":false,"profile_banner_url":"https://pbs.twimg.com/profile_banners/299007470/1397116600","profile_background_image_url":"http://abs.twimg.com/images/themes/theme1/bg.png","name":"Kate","lang":"en","profile_background_tile":false,"favourites_count":1154,"screen_name":"austkap","notifications":false,"url":null,"created_at":"Sun May 15 10:23:02 +0000 2011","contributors_enabled":false,"time_zone":"Brisbane","protected":false,"default_profile":true,"is_translator":false},"geo":null,"in_reply_to_user_id_str":"171802941","lang":"en","created_at":"Mon Dec 15 01:28:17 +0000 2014","in_reply_to_status_id_str":"544300945820352512","place":null},
{"contributors":null,"truncated":false,"text":"@9NewsSyd @Channel9 not sure if tweeting about \"devices\" is helping police keep the public calm #MartinPlaceSeige #lindtcafe","in_reply_to_status_id":544300945820352512,"id":544302966606274560,"favorite_count":0,"source":"<a href=\"http://twitter.com/download/iphone\" rel=\"nofollow\">Twitter for iPhone</a>","retweeted":false,"coordinates":null,"entities":{"symbols":[],"user_mentions":[{"id":171802941,"indices":[0,9],"id_str":"171802941","screen_name":"9NewsSyd","name":"Nine News Sydney"},{"id":248568377,"indices":[10,19],"id_str":"248568377","screen_name":"Channel9","name":"Channel 9"}],"hashtags":[{"indices":[96,113],"text":"MartinPlaceSeige"},{"indices":[114,124],"text":"lindtcafe"}],"urls":[]},"in_reply_to_screen_name":"9NewsSyd","id_str":"544302966606274560","retweet_count":0,"in_reply_to_user_id":171802941,"favorited":false,"user":{"follow_request_sent":false,"profile_use_background_image":false,"profile_text_color":"000000","default_profile_image":false,"id":2888392596,"profile_background_image_url_https":"https://abs.twimg.com/images/themes/theme1/bg.png","verified":false,"profile_location":null,"profile_image_url_https":"https://pbs.twimg.com/profile_images/564680985459974144/uOXR9Yf0_normal.jpeg","profile_sidebar_fill_color":"000000","entities":{"description":{"urls":[]}},"followers_count":25,"profile_sidebar_border_color":"000000","id_str":"2888392596","profile_background_color":"000000","listed_count":0,"is_translation_enabled":false,"utc_offset":null,"statuses_count":52,"description":"Journalism graduate with a passion for violin, a fire for every experience, lover of the sun and child of the night.","friends_count":150,"location":"Sydney ","profile_link_color":"ABB8C2","profile_image_url":"http://pbs.twimg.com/profile_images/564680985459974144/uOXR9Yf0_normal.jpeg","following":false,"geo_enabled":false,"profile_banner_url":"https://pbs.twimg.com/profile_banners/2888392596/1416975507","profile_background_image_url":"http://abs.twimg.com/images/themes/theme1/bg.png","name":"Antoinette Milienos","lang":"en","profile_background_tile":false,"favourites_count":16,"screen_name":"A_Milienos","notifications":false,"url":null,"created_at":"Mon Nov 03 10:56:00 +0000 2014","contributors_enabled":false,"time_zone":null,"protected":false,"default_profile":false,"is_translator":false},"geo":null,"in_reply_to_user_id_str":"171802941","lang":"en","created_at":"Mon Dec 15 01:28:34 +0000 2014","in_reply_to_status_id_str":"544300945820352512","place":null},
{"contributors":null,"truncated":false,"text":"@9NewsSyd @NRLGossip @ck7581","in_reply_to_status_id":544300945820352512,"id":544303080687144961,"favorite_count":0,"source":"<a href=\"http://twitter.com\" rel=\"nofollow\">Twitter Web Client</a>","retweeted":false,"coordinates":null,"entities":{"symbols":[],"user_mentions":[{"id":171802941,"indices":[0,9],"id_str":"171802941","screen_name":"9NewsSyd","name":"Nine News Sydney"},{"id":372702933,"indices":[10,20],"id_str":"372702933","screen_name":"NRLGossip","name":"NRL Gossip"},{"id":289412211,"indices":[21,28],"id_str":"289412211","screen_name":"ck7581","name":"Con K"}],"hashtags":[],"urls":[]},"in_reply_to_screen_name":"9NewsSyd","id_str":"544303080687144961","retweet_count":0,"in_reply_to_user_id":171802941,"favorited":false,"user":{"follow_request_sent":false,"profile_use_background_image":true,"profile_text_color":"333333","default_profile_image":false,"id":1308905947,"profile_background_image_url_https":"https://abs.twimg.com/images/themes/theme14/bg.gif","verified":false,"profile_location":null,"profile_image_url_https":"https://pbs.twimg.com/profile_images/453136929052057600/KhclSRDY_normal.jpeg","profile_sidebar_fill_color":"EFEFEF","entities":{"description":{"urls":[]}},"followers_count":101,"profile_sidebar_border_color":"EEEEEE","id_str":"1308905947","profile_background_color":"131516","listed_count":0,"is_translation_enabled":false,"utc_offset":39600,"statuses_count":804,"description":"Passionate Tigers Supporter, Loves a Punt, Drag Racer","friends_count":236,"location":"","profile_link_color":"009999","profile_image_url":"http://pbs.twimg.com/profile_images/453136929052057600/KhclSRDY_normal.jpeg","following":false,"geo_enabled":false,"profile_background_image_url":"http://abs.twimg.com/images/themes/theme14/bg.gif","name":"Arrow","lang":"en","profile_background_tile":true,"favourites_count":25,"screen_name":"topgearskids","notifications":false,"url":null,"created_at":"Wed Mar 27 23:35:25 +0000 2013","contributors_enabled":false,"time_zone":"Sydney","protected":false,"default_profile":false,"is_translator":false},"geo":null,"in_reply_to_user_id_str":"171802941","lang":"und","created_at":"Mon Dec 15 01:29:01 +0000 2014","in_reply_to_status_id_str":"544300945820352512","place":null},
{"contributors":null,"truncated":false,"text":"@9NewsSyd What reports? Surely you're accurately reporting what's happening!!","in_reply_to_status_id":544300945820352512,"id":544303321196941312,"favorite_count":0,"source":"<a href=\"http://twitter.com/download/iphone\" rel=\"nofollow\">Twitter for iPhone</a>","retweeted":false,"coordinates":null,"entities":{"symbols":[],"user_mentions":[{"id":171802941,"indices":[0,9],"id_str":"171802941","screen_name":"9NewsSyd","name":"Nine News Sydney"}],"hashtags":[],"urls":[]},"in_reply_to_screen_name":"9NewsSyd","id_str":"544303321196941312","retweet_count":0,"in_reply_to_user_id":171802941,"favorited":false,"user":{"follow_request_sent":false,"profile_use_background_image":true,"profile_text_color":"333333","default_profile_image":false,"id":234591757,"profile_background_image_url_https":"https://abs.twimg.com/images/themes/theme15/bg.png","verified":false,"profile_location":null,"profile_image_url_https":"https://pbs.twimg.com/profile_images/378800000002229674/9448953e7c669b688613eb53e78c6963_normal.jpeg","profile_sidebar_fill_color":"C0DFEC","entities":{"description":{"urls":[]}},"followers_count":121,"profile_sidebar_border_color":"A8C7F7","id_str":"234591757","profile_background_color":"022330","listed_count":0,"is_translation_enabled":false,"utc_offset":36000,"statuses_count":284,"description":"Lover of all things Monkey Magic","friends_count":310,"location":"Brisbane, Australia","profile_link_color":"0084B4","profile_image_url":"http://pbs.twimg.com/profile_images/378800000002229674/9448953e7c669b688613eb53e78c6963_normal.jpeg","following":false,"geo_enabled":false,"profile_banner_url":"https://pbs.twimg.com/profile_banners/234591757/1359506608","profile_background_image_url":"http://abs.twimg.com/images/themes/theme15/bg.png","name":"PigsyB","lang":"en","profile_background_tile":false,"favourites_count":9,"screen_name":"PigsyB","notifications":false,"url":null,"created_at":"Thu Jan 06 01:25:55 +0000 2011","contributors_enabled":false,"time_zone":"Brisbane","protected":false,"default_profile":false,"is_translator":false},"geo":null,"in_reply_to_user_id_str":"171802941","lang":"en","created_at":"Mon Dec 15 01:29:59 +0000 2014","in_reply_to_status_id_str":"544300945820352512","place":null},
{"contributors":null,"truncated":false,"text":"@9NewsSyd @Channel9 no violence yet so this HAS 2b a ruse. This sitch is distraction frm real terror. Wht the hell have these pigs planned!","in_reply_to_status_id":544300945820352512,"id":544303352561942528,"favorite_count":0,"source":"<a href=\"http://twitter.com/download/iphone\" rel=\"nofollow\">Twitter for iPhone</a>","retweeted":false,"coordinates":null,"entities":{"symbols":[],"user_mentions":[{"id":171802941,"indices":[0,9],"id_str":"171802941","screen_name":"9NewsSyd","name":"Nine News Sydney"},{"id":248568377,"indices":[10,19],"id_str":"248568377","screen_name":"Channel9","name":"Channel 9"}],"hashtags":[],"urls":[]},"in_reply_to_screen_name":"9NewsSyd","id_str":"544303352561942528","retweet_count":0,"in_reply_to_user_id":171802941,"favorited":false,"user":{"follow_request_sent":false,"profile_use_background_image":true,"profile_text_color":"333333","default_profile_image":false,"id":233884740,"profile_background_image_url_https":"https://abs.twimg.com/images/themes/theme1/bg.png","verified":false,"profile_location":null,"profile_image_url_https":"https://pbs.twimg.com/profile_images/427377387202822144/SlpAh8JU_normal.jpeg","profile_sidebar_fill_color":"DDEEF6","entities":{"description":{"urls":[]}},"followers_count":494,"profile_sidebar_border_color":"C0DEED","id_str":"233884740","profile_background_color":"C0DEED","listed_count":8,"is_translation_enabled":false,"utc_offset":39600,"statuses_count":848,"description":"Screenwriter & Sports Mad Dad - all things Juve & Liverpool first plus a bit of cricket, baseball, nfl, afl, formula 1 & anything where Australia wins!","friends_count":1985,"location":"Australia","profile_link_color":"0084B4","profile_image_url":"http://pbs.twimg.com/profile_images/427377387202822144/SlpAh8JU_normal.jpeg","following":false,"geo_enabled":false,"profile_banner_url":"https://pbs.twimg.com/profile_banners/233884740/1411968885","profile_background_image_url":"http://abs.twimg.com/images/themes/theme1/bg.png","name":"Vincent Reale","lang":"en","profile_background_tile":false,"favourites_count":219,"screen_name":"Reale29","notifications":false,"url":null,"created_at":"Tue Jan 04 10:14:52 +0000 2011","contributors_enabled":false,"time_zone":"Sydney","protected":false,"default_profile":true,"is_translator":false},"geo":null,"in_reply_to_user_id_str":"171802941","lang":"en","created_at":"Mon Dec 15 01:30:06 +0000 2014","in_reply_to_status_id_str":"544300945820352512","place":null},
{"contributors":null,"truncated":false,"text":"@9NewsSyd #Penrith council plenty security","in_reply_to_status_id":544300945820352512,"id":544303412657913857,"favorite_count":0,"source":"<a href=\"http://twitter.com/download/iphone\" rel=\"nofollow\">Twitter for iPhone</a>","retweeted":false,"coordinates":{"type":"Point","coordinates":[150.69117534,-33.75102577]},"entities":{"symbols":[],"user_mentions":[{"id":171802941,"indices":[0,9],"id_str":"171802941","screen_name":"9NewsSyd","name":"Nine News Sydney"}],"hashtags":[{"indices":[10,18],"text":"Penrith"}],"urls":[]},"in_reply_to_screen_name":"9NewsSyd","id_str":"544303412657913857","retweet_count":0,"in_reply_to_user_id":171802941,"favorited":false,"user":{"follow_request_sent":false,"profile_use_background_image":true,"profile_text_color":"333333","default_profile_image":false,"id":700693075,"profile_background_image_url_https":"https://abs.twimg.com/images/themes/theme1/bg.png","verified":false,"profile_location":null,"profile_image_url_https":"https://pbs.twimg.com/profile_images/3417372551/4df54075489719a094e8b9d2587ada35_normal.jpeg","profile_sidebar_fill_color":"DDEEF6","entities":{"description":{"urls":[]}},"followers_count":78,"profile_sidebar_border_color":"C0DEED","id_str":"700693075","profile_background_color":"C0DEED","listed_count":2,"is_translation_enabled":false,"utc_offset":39600,"statuses_count":3514,"description":"Disability Support Worker Cert IV & Behavioural Management \n\nSingle Dad of 2 Great Boys for the past 20 Years Manly supporter since 1968 & Sydney FC supporter.","friends_count":77,"location":"kingswood","profile_link_color":"0084B4","profile_image_url":"http://pbs.twimg.com/profile_images/3417372551/4df54075489719a094e8b9d2587ada35_normal.jpeg","following":false,"geo_enabled":true,"profile_banner_url":"https://pbs.twimg.com/profile_banners/700693075/1349011843","profile_background_image_url":"http://abs.twimg.com/images/themes/theme1/bg.png","name":"Bruce Gow","lang":"en","profile_background_tile":false,"favourites_count":773,"screen_name":"Bruza7","notifications":false,"url":null,"created_at":"Tue Jul 17 08:56:20 +0000 2012","contributors_enabled":false,"time_zone":"Sydney","protected":false,"default_profile":true,"is_translator":false},"geo":{"type":"Point","coordinates":[-33.75102577,150.69117534]},"in_reply_to_user_id_str":"171802941","lang":"en","created_at":"Mon Dec 15 01:30:20 +0000 2014","in_reply_to_status_id_str":"544300945820352512","place":{"full_name":"Sydney, New South Wales","url":"https://api.twitter.com/1.1/geo/id/0073b76548e5984f.json","country":"Australia","place_type":"city","bounding_box":{"type":"Polygon","coordinates":[[[150.520928608,-34.1183470085],[151.343020992,-34.1183470085],[151.343020992,-33.578140996],[150.520928608,-33.578140996]]]},"contained_within":[],"country_code":"AU","attributes":{},"id":"0073b76548e5984f","name":"Sydney"}},
{"contributors":null,"truncated":false,"text":"@9NewsSyd @Mousie_Jane arrest the buggers and make examples of them.","in_reply_to_status_id":544300945820352512,"id":544303979166203905,"favorite_count":1,"source":"<a href=\"http://twitter.com/download/android\" rel=\"nofollow\">Twitter for Android</a>","retweeted":false,"coordinates":null,"entities":{"symbols":[],"user_mentions":[{"id":171802941,"indices":[0,9],"id_str":"171802941","screen_name":"9NewsSyd","name":"Nine News Sydney"}],"hashtags":[],"urls":[]},"in_reply_to_screen_name":"9NewsSyd","id_str":"544303979166203905","retweet_count":0,"in_reply_to_user_id":171802941,"favorited":false,"user":{"follow_request_sent":false,"profile_use_background_image":true,"profile_text_color":"333333","default_profile_image":false,"id":1078367455,"profile_background_image_url_https":"https://abs.twimg.com/images/themes/theme1/bg.png","verified":false,"profile_location":null,"profile_image_url_https":"https://pbs.twimg.com/profile_images/588414652616413184/6FpWiebY_normal.jpg","profile_sidebar_fill_color":"DDEEF6","entities":{"description":{"urls":[]}},"followers_count":1662,"profile_sidebar_border_color":"C0DEED","id_str":"1078367455","profile_background_color":"C0DEED","listed_count":41,"is_translation_enabled":false,"utc_offset":null,"statuses_count":31765,"description":"MARRIED Lover of Food & Wine, Fashion, Hockey, F1 Racing, all things Decor. An Aries with fire & passion for all that I do. Life is about living!","friends_count":1946,"location":"Brampton, ON Canada eh. ","profile_link_color":"0084B4","profile_image_url":"http://pbs.twimg.com/profile_images/588414652616413184/6FpWiebY_normal.jpg","following":false,"geo_enabled":true,"profile_banner_url":"https://pbs.twimg.com/profile_banners/1078367455/1411491672","profile_background_image_url":"http://abs.twimg.com/images/themes/theme1/bg.png","name":"Just Me, Elaine ","lang":"en","profile_background_tile":false,"favourites_count":20392,"screen_name":"eepeters_ep","notifications":false,"url":null,"created_at":"Fri Jan 11 03:09:50 +0000 2013","contributors_enabled":false,"time_zone":null,"protected":false,"default_profile":true,"is_translator":false},"geo":null,"in_reply_to_user_id_str":"171802941","lang":"en","created_at":"Mon Dec 15 01:32:35 +0000 2014","in_reply_to_status_id_str":"544300945820352512","place":null},
{"contributors":null,"truncated":false,"text":"@9NewsSyd @TextBook_JuLo send the swat in","in_reply_to_status_id":544300945820352512,"id":544304626619535360,"favorite_count":0,"source":"<a href=\"http://twitter.com/download/android\" rel=\"nofollow\">Twitter for Android</a>","retweeted":false,"coordinates":null,"entities":{"symbols":[],"user_mentions":[{"id":171802941,"indices":[0,9],"id_str":"171802941","screen_name":"9NewsSyd","name":"Nine News Sydney"},{"id":1857236726,"indices":[10,24],"id_str":"1857236726","screen_name":"TextBook_JuLo","name":"Julian"}],"hashtags":[],"urls":[]},"in_reply_to_screen_name":"9NewsSyd","id_str":"544304626619535360","retweet_count":0,"in_reply_to_user_id":171802941,"favorited":false,"user":{"follow_request_sent":false,"profile_use_background_image":true,"profile_text_color":"333333","default_profile_image":false,"id":592550590,"profile_background_image_url_https":"https://abs.twimg.com/images/themes/theme1/bg.png","verified":false,"profile_location":null,"profile_image_url_https":"https://pbs.twimg.com/profile_images/491222678938734593/9paPCWRv_normal.jpeg","profile_sidebar_fill_color":"DDEEF6","entities":{"url":{"urls":[{"url":"http://t.co/DTPx4wrrNE","indices":[0,22],"expanded_url":"http://Twitch.tv/Goondi","display_url":"Twitch.tv/Goondi"}]},"description":{"urls":[]}},"followers_count":724,"profile_sidebar_border_color":"C0DEED","id_str":"592550590","profile_background_color":"C0DEED","listed_count":1,"is_translation_enabled":false,"utc_offset":39600,"statuses_count":15167,"description":"Australian Competitive Call of Duty player for Team Emperor. GT: Adidas Goondi - Weirdest player around apparently.  #Goondi","friends_count":684,"location":"Australia, Sydney","profile_link_color":"0084B4","profile_image_url":"http://pbs.twimg.com/profile_images/491222678938734593/9paPCWRv_normal.jpeg","following":false,"geo_enabled":true,"profile_banner_url":"https://pbs.twimg.com/profile_banners/592550590/1405788140","profile_background_image_url":"http://abs.twimg.com/images/themes/theme1/bg.png","name":"Jordan Da Silva","lang":"en","profile_background_tile":false,"favourites_count":2534,"screen_name":"Goondi_","notifications":false,"url":"http://t.co/DTPx4wrrNE","created_at":"Mon May 28 08:53:44 +0000 2012","contributors_enabled":false,"time_zone":"Sydney","protected":false,"default_profile":true,"is_translator":false},"geo":null,"in_reply_to_user_id_str":"171802941","lang":"en","created_at":"Mon Dec 15 01:35:10 +0000 2014","in_reply_to_status_id_str":"544300945820352512","place":null},
{"contributors":null,"truncated":false,"text":"MT @9NewsSyd UPDATE: Reports gunman says 4 devices located around #Sydney. Security response underway. Police calling for calm. #MartinPlace","in_reply_to_status_id":544300945820352512,"id":544305125716930560,"favorite_count":0,"source":"<a href=\"http://twitter.com/download/iphone\" rel=\"nofollow\">Twitter for iPhone</a>","retweeted":false,"coordinates":null,"entities":{"symbols":[],"user_mentions":[{"id":171802941,"indices":[3,12],"id_str":"171802941","screen_name":"9NewsSyd","name":"Nine News Sydney"}],"hashtags":[{"indices":[66,73],"text":"Sydney"},{"indices":[128,140],"text":"MartinPlace"}],"urls":[]},"in_reply_to_screen_name":"9NewsSyd","id_str":"544305125716930560","retweet_count":6,"in_reply_to_user_id":171802941,"favorited":false,"user":{"follow_request_sent":false,"profile_use_background_image":true,"profile_text_color":"333333","default_profile_image":false,"id":165335229,"profile_background_image_url_https":"https://abs.twimg.com/images/themes/theme1/bg.png","verified":false,"profile_location":null,"profile_image_url_https":"https://pbs.twimg.com/profile_images/587420060010020864/7yVK3K4b_normal.jpg","profile_sidebar_fill_color":"DDEEF6","entities":{"description":{"urls":[]}},"followers_count":1253,"profile_sidebar_border_color":"C0DEED","id_str":"165335229","profile_background_color":"C0DEED","listed_count":55,"is_translation_enabled":false,"utc_offset":null,"statuses_count":56605,"description":"Human rights, animal rights, exploring diff't cultures, travelled to 26 countries in N. America, S. America, E./W. Europe, Asia, Africa, Middle East","friends_count":1977,"location":"","profile_link_color":"0084B4","profile_image_url":"http://pbs.twimg.com/profile_images/587420060010020864/7yVK3K4b_normal.jpg","following":false,"geo_enabled":false,"profile_banner_url":"https://pbs.twimg.com/profile_banners/165335229/1413125937","profile_background_image_url":"http://abs.twimg.com/images/themes/theme1/bg.png","name":"hp","lang":"en","profile_background_tile":false,"favourites_count":40312,"screen_name":"2111015","notifications":false,"url":null,"created_at":"Sun Jul 11 07:54:38 +0000 2010","contributors_enabled":false,"time_zone":null,"protected":false,"default_profile":true,"is_translator":false},"geo":null,"in_reply_to_user_id_str":"171802941","lang":"en","created_at":"Mon Dec 15 01:37:09 +0000 2014","in_reply_to_status_id_str":"544300945820352512","place":null},
{"contributors":null,"truncated":false,"text":"@Goondi_ @9NewsSyd quickscope the cunts:)\nWe need @TheTequilaa #faze","in_reply_to_status_id":544304626619535360,"id":544306963610218496,"favorite_count":0,"source":"<a href=\"http://twitter.com/download/iphone\" rel=\"nofollow\">Twitter for iPhone</a>","retweeted":false,"coordinates":null,"entities":{"symbols":[],"user_mentions":[{"id":592550590,"indices":[0,8],"id_str":"592550590","screen_name":"Goondi_","name":"Jordan Da Silva"},{"id":171802941,"indices":[9,18],"id_str":"171802941","screen_name":"9NewsSyd","name":"Nine News Sydney"},{"id":1946243419,"indices":[50,62],"id_str":"1946243419","screen_name":"TheTequilaa","name":"Luke Hughes"}],"hashtags":[{"indices":[63,68],"text":"faze"}],"urls":[]},"in_reply_to_screen_name":"Goondi_","id_str":"544306963610218496","retweet_count":0,"in_reply_to_user_id":592550590,"favorited":false,"user":{"follow_request_sent":false,"profile_use_background_image":false,"profile_text_color":"000000","default_profile_image":false,"id":1857236726,"profile_background_image_url_https":"https://abs.twimg.com/images/themes/theme1/bg.png","verified":false,"profile_location":null,"profile_image_url_https":"https://pbs.twimg.com/profile_images/378800000724233716/a0962ea2a3ca2c1354815a57e8b98d57_normal.jpeg","profile_sidebar_fill_color":"000000","entities":{"description":{"urls":[]}},"followers_count":202,"profile_sidebar_border_color":"000000","id_str":"1857236726","profile_background_color":"000000","listed_count":0,"is_translation_enabled":false,"utc_offset":36000,"statuses_count":1733,"description":"Gt: TextBook JuLO                                       TextBook Gaming Team Manager and Member.      COD & Dota 2","friends_count":301,"location":"NSW Australia","profile_link_color":"3B94D9","profile_image_url":"http://pbs.twimg.com/profile_images/378800000724233716/a0962ea2a3ca2c1354815a57e8b98d57_normal.jpeg","following":false,"geo_enabled":false,"profile_banner_url":"https://pbs.twimg.com/profile_banners/1857236726/1417368696","profile_background_image_url":"http://abs.twimg.com/images/themes/theme1/bg.png","name":"Julian","lang":"en","profile_background_tile":false,"favourites_count":631,"screen_name":"TextBook_JuLo","notifications":false,"url":null,"created_at":"Thu Sep 12 12:14:58 +0000 2013","contributors_enabled":false,"time_zone":"Brisbane","protected":false,"default_profile":false,"is_translator":false},"geo":null,"in_reply_to_user_id_str":"592550590","lang":"en","created_at":"Mon Dec 15 01:44:27 +0000 2014","in_reply_to_status_id_str":"544304626619535360","place":null},
{"contributors":null,"truncated":false,"text":"@TextBook_JuLo @9NewsSyd @TheTequilaa I was being serious m8.......","in_reply_to_status_id":544306963610218496,"id":544307142920908802,"favorite_count":0,"source":"<a href=\"http://twitter.com/download/android\" rel=\"nofollow\">Twitter for Android</a>","retweeted":false,"coordinates":null,"entities":{"symbols":[],"user_mentions":[{"id":1857236726,"indices":[0,14],"id_str":"1857236726","screen_name":"TextBook_JuLo","name":"Julian"},{"id":171802941,"indices":[15,24],"id_str":"171802941","screen_name":"9NewsSyd","name":"Nine News Sydney"},{"id":1946243419,"indices":[25,37],"id_str":"1946243419","screen_name":"TheTequilaa","name":"Luke Hughes"}],"hashtags":[],"urls":[]},"in_reply_to_screen_name":"TextBook_JuLo","id_str":"544307142920908802","retweet_count":0,"in_reply_to_user_id":1857236726,"favorited":false,"user":{"follow_request_sent":false,"profile_use_background_image":true,"profile_text_color":"333333","default_profile_image":false,"id":592550590,"profile_background_image_url_https":"https://abs.twimg.com/images/themes/theme1/bg.png","verified":false,"profile_location":null,"profile_image_url_https":"https://pbs.twimg.com/profile_images/491222678938734593/9paPCWRv_normal.jpeg","profile_sidebar_fill_color":"DDEEF6","entities":{"url":{"urls":[{"url":"http://t.co/DTPx4wrrNE","indices":[0,22],"expanded_url":"http://Twitch.tv/Goondi","display_url":"Twitch.tv/Goondi"}]},"description":{"urls":[]}},"followers_count":724,"profile_sidebar_border_color":"C0DEED","id_str":"592550590","profile_background_color":"C0DEED","listed_count":1,"is_translation_enabled":false,"utc_offset":39600,"statuses_count":15191,"description":"Australian Competitive Call of Duty player for Team Emperor. GT: Adidas Goondi - Weirdest player around apparently.  #Goondi","friends_count":684,"location":"Australia, Sydney","profile_link_color":"0084B4","profile_image_url":"http://pbs.twimg.com/profile_images/491222678938734593/9paPCWRv_normal.jpeg","following":false,"geo_enabled":true,"profile_banner_url":"https://pbs.twimg.com/profile_banners/592550590/1405788140","profile_background_image_url":"http://abs.twimg.com/images/themes/theme1/bg.png","name":"Jordan Da Silva","lang":"en","profile_background_tile":false,"favourites_count":2534,"screen_name":"Goondi_","notifications":false,"url":"http://t.co/DTPx4wrrNE","created_at":"Mon May 28 08:53:44 +0000 2012","contributors_enabled":false,"time_zone":"Sydney","protected":false,"default_profile":true,"is_translator":false},"geo":null,"in_reply_to_user_id_str":"1857236726","lang":"en","created_at":"Mon Dec 15 01:45:10 +0000 2014","in_reply_to_status_id_str":"544306963610218496","place":null}
]