{"contributors":null,"truncated":false,"text":"All our love, support and prayers to Sydney &lt;3","in_reply_to_status_id":null,"id":544301609472122881,"favorite_count":155,"source":"<a href=\"http:\/\/twitter.com\/download\/iphone\" rel=\"nofollow\">Twitter for iPhone<\/a>","retweeted":false,"coordinates":null,"entities":{"user_mentions":[],"symbols":[],"trends":[],"hashtags":[],"urls":[]},"in_reply_to_screen_name":null,"id_str":"544301609472122881","retweet_count":100,"in_reply_to_user_id":null,"favorited":false,"user":{"follow_request_sent":null,"profile_use_background_image":true,"default_profile_image":false,"id":428159786,"verified":true,"profile_image_url_https":"https:\/\/pbs.twimg.com\/profile_images\/586131133189894145\/jGWxpgHC_normal.jpg","profile_sidebar_fill_color":"DDEEF6","profile_text_color":"333333","followers_count":260146,"profile_sidebar_border_color":"FFFFFF","id_str":"428159786","profile_background_color":"FFFFFF","listed_count":230,"profile_background_image_url_https":"https:\/\/pbs.twimg.com\/profile_background_images\/453858948785774592\/V46Z1WcM.jpeg","utc_offset":-18000,"statuses_count":16385,"description":"We're At Sunset! 3 boys with guitars from Australia! \u2022 http:\/\/youtube.com\/user\/BandAtSunset follow our personals \u2022 @andrewkantarias @harrison_ck @tomjwilliams92","friends_count":5311,"location":"Australia \/ New York","profile_link_color":"A30D14","profile_image_url":"http:\/\/pbs.twimg.com\/profile_images\/586131133189894145\/jGWxpgHC_normal.jpg","following":null,"geo_enabled":false,"profile_banner_url":"https:\/\/pbs.twimg.com\/profile_banners\/428159786\/1410478154","profile_background_image_url":"http:\/\/pbs.twimg.com\/profile_background_images\/453858948785774592\/V46Z1WcM.jpeg","name":"At Sunset","lang":"en","profile_background_tile":false,"favourites_count":2076,"screen_name":"bandatsunset","notifications":null,"url":"http:\/\/facebook.com\/AtSunsetAus","created_at":"Sun Dec 04 12:17:48 +0000 2011","contributors_enabled":false,"time_zone":"Eastern Time (US & Canada)","protected":false,"default_profile":false,"is_translator":false},"geo":null,"in_reply_to_user_id_str":null,"possibly_sensitive":false,"lang":"en","created_at":"Mon Dec 15 01:23:10 +0000 2014","filter_level":"low","in_reply_to_status_id_str":null,"place":null}