{"contributors":null,"truncated":false,"text":"Police take down suspect in #MartinPlace. Unclear whether related to siege http:\/\/t.co\/mHXj4Hbmr9 #Sydney http:\/\/t.co\/udwnmov1Lb","in_reply_to_status_id":null,"id":544301900682629121,"favorite_count":133,"source":"<a href=\"https:\/\/about.twitter.com\/products\/tweetdeck\" rel=\"nofollow\">TweetDeck<\/a>","retweeted":false,"coordinates":null,"entities":{"symbols":[],"media":[{"expanded_url":"http:\/\/twitter.com\/theheraldsun\/status\/544301900682629121\/photo\/1","display_url":"pic.twitter.com\/udwnmov1Lb","url":"http:\/\/t.co\/udwnmov1Lb","media_url_https":"https:\/\/pbs.twimg.com\/media\/B42_ijVCMAEc_F_.jpg","id_str":"544301730301620225","sizes":{"small":{"h":453,"resize":"fit","w":340},"large":{"h":640,"resize":"fit","w":480},"medium":{"h":640,"resize":"fit","w":480},"thumb":{"h":150,"resize":"crop","w":150}},"indices":[106,128],"type":"photo","id":544301730301620225,"media_url":"http:\/\/pbs.twimg.com\/media\/B42_ijVCMAEc_F_.jpg"}],"hashtags":[{"indices":[28,40],"text":"MartinPlace"},{"indices":[98,105],"text":"Sydney"}],"user_mentions":[],"trends":[],"urls":[{"url":"http:\/\/t.co\/mHXj4Hbmr9","indices":[75,97],"expanded_url":"http:\/\/bit.ly\/1yPboNw","display_url":"bit.ly\/1yPboNw"}]},"in_reply_to_screen_name":null,"id_str":"544301900682629121","retweet_count":338,"in_reply_to_user_id":null,"favorited":false,"user":{"follow_request_sent":null,"profile_use_background_image":true,"default_profile_image":false,"id":35466620,"verified":true,"profile_image_url_https":"https:\/\/pbs.twimg.com\/profile_images\/1889865568\/Facebook_avatar_normal.jpg","profile_sidebar_fill_color":"D5F5F5","profile_text_color":"232695","followers_count":116475,"profile_sidebar_border_color":"FFFFFF","id_str":"35466620","profile_background_color":"C0DEED","listed_count":1357,"profile_background_image_url_https":"https:\/\/pbs.twimg.com\/profile_background_images\/378800000181845890\/bYVz40qs.jpeg","utc_offset":39600,"statuses_count":169560,"description":"Be part of the conversation. All the news from Melbourne's Herald Sun newspaper. Sport: @superfooty @heraldsunsport Facebook: http:\/\/ow.ly\/5E4b6","friends_count":35970,"location":"Melbourne, Australia","profile_link_color":"2749C4","profile_image_url":"http:\/\/pbs.twimg.com\/profile_images\/1889865568\/Facebook_avatar_normal.jpg","following":null,"geo_enabled":true,"profile_banner_url":"https:\/\/pbs.twimg.com\/profile_banners\/35466620\/1417572067","profile_background_image_url":"http:\/\/pbs.twimg.com\/profile_background_images\/378800000181845890\/bYVz40qs.jpeg","name":"Herald Sun","lang":"en","profile_background_tile":true,"favourites_count":469,"screen_name":"theheraldsun","notifications":null,"url":"http:\/\/www.heraldsun.com.au","created_at":"Sun Apr 26 13:44:23 +0000 2009","contributors_enabled":false,"time_zone":"Melbourne","protected":false,"default_profile":false,"is_translator":false},"geo":null,"in_reply_to_user_id_str":null,"possibly_sensitive":false,"lang":"en","created_at":"Mon Dec 15 01:24:20 +0000 2014","filter_level":"low","in_reply_to_status_id_str":null,"place":null,"extended_entities":{"media":[{"expanded_url":"http:\/\/twitter.com\/theheraldsun\/status\/544301900682629121\/photo\/1","display_url":"pic.twitter.com\/udwnmov1Lb","url":"http:\/\/t.co\/udwnmov1Lb","media_url_https":"https:\/\/pbs.twimg.com\/media\/B42_ijVCMAEc_F_.jpg","id_str":"544301730301620225","sizes":{"small":{"h":453,"resize":"fit","w":340},"large":{"h":640,"resize":"fit","w":480},"medium":{"h":640,"resize":"fit","w":480},"thumb":{"h":150,"resize":"crop","w":150}},"indices":[106,128],"type":"photo","id":544301730301620225,"media_url":"http:\/\/pbs.twimg.com\/media\/B42_ijVCMAEc_F_.jpg"}]}}