[{"contributors":null,"truncated":false,"text":"@ABCNewsLive @9NewsAUS","in_reply_to_status_id":544302851158470657,"id":544303200518819840,"favorite_count":0,"source":"<a href=\"http://twitter.com/download/iphone\" rel=\"nofollow\">Twitter for iPhone</a>","retweeted":false,"coordinates":null,"entities":{"symbols":[],"user_mentions":[{"id":384438102,"indices":[0,12],"id_str":"384438102","screen_name":"ABCNewsLive","name":"ABC News Live"},{"id":22993014,"indices":[13,22],"id_str":"22993014","screen_name":"9NewsAUS","name":"Nine News Australia"}],"hashtags":[],"urls":[]},"in_reply_to_screen_name":"ABCNewsLive","id_str":"544303200518819840","retweet_count":0,"in_reply_to_user_id":384438102,"favorited":false,"user":{"follow_request_sent":false,"profile_use_background_image":true,"profile_text_color":"333333","default_profile_image":false,"id":188401426,"profile_background_image_url_https":"https://abs.twimg.com/images/themes/theme13/bg.gif","verified":false,"profile_location":null,"profile_image_url_https":"https://pbs.twimg.com/profile_images/428683895492444161/FYneiBK6_normal.jpeg","profile_sidebar_fill_color":"FFFFFF","entities":{"description":{"urls":[]}},"followers_count":13,"profile_sidebar_border_color":"EEEEEE","id_str":"188401426","profile_background_color":"B2DFDA","listed_count":0,"is_translation_enabled":false,"utc_offset":null,"statuses_count":105,"description":"","friends_count":47,"location":"Imperial Beach, CA","profile_link_color":"93A644","profile_image_url":"http://pbs.twimg.com/profile_images/428683895492444161/FYneiBK6_normal.jpeg","following":false,"geo_enabled":true,"profile_banner_url":"https://pbs.twimg.com/profile_banners/188401426/1391041150","profile_background_image_url":"http://abs.twimg.com/images/themes/theme13/bg.gif","name":"Paula Carpenter","lang":"en","profile_background_tile":false,"favourites_count":0,"screen_name":"gone2dadogs","notifications":false,"url":null,"created_at":"Wed Sep 08 17:04:11 +0000 2010","contributors_enabled":false,"time_zone":null,"protected":false,"default_profile":false,"is_translator":false},"geo":null,"in_reply_to_user_id_str":"384438102","lang":"und","created_at":"Mon Dec 15 01:29:30 +0000 2014","in_reply_to_status_id_str":"544302851158470657","place":null},
{"contributors":null,"truncated":false,"text":"@ABCNewsLive @RobertFife @9NewsAUS $25,000.00 REWARD For Public Assistance In Seeking Criminal Investigation http://t.co/dQ6pGhOF28","in_reply_to_status_id":544302851158470657,"id":544305452654526464,"favorite_count":0,"source":"<a href=\"http://twitter.com\" rel=\"nofollow\">Twitter Web Client</a>","retweeted":false,"coordinates":null,"entities":{"symbols":[],"user_mentions":[{"id":384438102,"indices":[0,12],"id_str":"384438102","screen_name":"ABCNewsLive","name":"ABC News Live"},{"id":197554405,"indices":[13,24],"id_str":"197554405","screen_name":"RobertFife","name":"Robert Fife"},{"id":22993014,"indices":[25,34],"id_str":"22993014","screen_name":"9NewsAUS","name":"Nine News Australia"}],"hashtags":[],"urls":[{"url":"http://t.co/dQ6pGhOF28","indices":[109,131],"expanded_url":"http://www.justiceforbonnie.ca/","display_url":"justiceforbonnie.ca"}]},"in_reply_to_screen_name":"ABCNewsLive","id_str":"544305452654526464","retweet_count":0,"in_reply_to_user_id":384438102,"favorited":false,"user":{"follow_request_sent":false,"profile_use_background_image":false,"profile_text_color":"000000","default_profile_image":false,"id":2888321602,"profile_background_image_url_https":"https://abs.twimg.com/images/themes/theme9/bg.gif","verified":false,"profile_location":null,"profile_image_url_https":"https://pbs.twimg.com/profile_images/542833902604140544/loNMic6k_normal.jpeg","profile_sidebar_fill_color":"000000","entities":{"url":{"urls":[{"url":"http://t.co/nuCVJeFqDM","indices":[0,22],"expanded_url":"http://www.justiceforbonnie.ca","display_url":"justiceforbonnie.ca"}]},"description":{"urls":[{"url":"http://t.co/93eSD7hbV6","indices":[71,93],"expanded_url":"http://www.justiceforbonnie.ca/","display_url":"justiceforbonnie.ca"}]}},"followers_count":4,"profile_sidebar_border_color":"000000","id_str":"2888321602","profile_background_color":"000000","listed_count":0,"is_translation_enabled":false,"utc_offset":-12600,"statuses_count":2182,"description":"$25,000.00 REWARD For Public Assistance Seeking Criminal Investigation http://t.co/93eSD7hbV6","friends_count":365,"location":"St. John's, Newfoundland & Lab","profile_link_color":"DD2E44","profile_image_url":"http://pbs.twimg.com/profile_images/542833902604140544/loNMic6k_normal.jpeg","following":false,"geo_enabled":false,"profile_banner_url":"https://pbs.twimg.com/profile_banners/2888321602/1417188474","profile_background_image_url":"http://abs.twimg.com/images/themes/theme9/bg.gif","name":"JusticeForBonnie.ca","lang":"en","profile_background_tile":false,"favourites_count":1,"screen_name":"PaulPerrierNL","notifications":false,"url":"http://t.co/nuCVJeFqDM","created_at":"Sat Nov 22 20:47:57 +0000 2014","contributors_enabled":false,"time_zone":"Newfoundland","protected":false,"default_profile":false,"is_translator":false},"geo":null,"in_reply_to_user_id_str":"384438102","possibly_sensitive":false,"lang":"en","created_at":"Mon Dec 15 01:38:27 +0000 2014","in_reply_to_status_id_str":"544302851158470657","place":null},
{"contributors":null,"truncated":false,"text":"@ABCNewsLive @9NewsAUS","in_reply_to_status_id":544302851158470657,"id":544341957666160640,"favorite_count":0,"source":"<a href=\"http://twitter.com/download/android\" rel=\"nofollow\">Twitter for Android</a>","retweeted":false,"coordinates":null,"entities":{"symbols":[],"user_mentions":[{"id":384438102,"indices":[0,12],"id_str":"384438102","screen_name":"ABCNewsLive","name":"ABC News Live"},{"id":22993014,"indices":[13,22],"id_str":"22993014","screen_name":"9NewsAUS","name":"Nine News Australia"}],"hashtags":[],"urls":[]},"in_reply_to_screen_name":"ABCNewsLive","id_str":"544341957666160640","retweet_count":0,"in_reply_to_user_id":384438102,"favorited":false,"user":{"follow_request_sent":false,"profile_use_background_image":true,"profile_text_color":"333333","default_profile_image":false,"id":22865856,"profile_background_image_url_https":"https://abs.twimg.com/images/themes/theme7/bg.gif","verified":false,"profile_location":null,"profile_image_url_https":"https://pbs.twimg.com/profile_images/1051572929/be_normal.jpg","profile_sidebar_fill_color":"F3F3F3","entities":{"description":{"urls":[]}},"followers_count":25,"profile_sidebar_border_color":"DFDFDF","id_str":"22865856","profile_background_color":"EBEBEB","listed_count":1,"is_translation_enabled":false,"utc_offset":-18000,"statuses_count":17,"description":"Spiritual Director in Christian Tradition. Married, mother of 7 daughters, 15 grandchildren, 1 greatgrandaughter.","friends_count":157,"location":"Lincoln, Delaware  USA","profile_link_color":"990000","profile_image_url":"http://pbs.twimg.com/profile_images/1051572929/be_normal.jpg","following":false,"geo_enabled":true,"profile_background_image_url":"http://abs.twimg.com/images/themes/theme7/bg.gif","name":"Kathleen Ebner","lang":"en","profile_background_tile":false,"favourites_count":2,"screen_name":"kalobi","notifications":false,"url":null,"created_at":"Thu Mar 05 02:22:06 +0000 2009","contributors_enabled":false,"time_zone":"Eastern Time (US & Canada)","protected":false,"default_profile":false,"is_translator":false},"geo":null,"in_reply_to_user_id_str":"384438102","lang":"und","created_at":"Mon Dec 15 04:03:30 +0000 2014","in_reply_to_status_id_str":"544302851158470657","place":null}
]