{"contributors":null,"truncated":false,"text":"#ISIS speaks for all Muslims no more than the Klu Klux Klan speaks for all whites. \n\n#MartinPlaceSiege #auspol #sydneysiege # sydney #siege","in_reply_to_status_id":null,"id":544300369765859328,"favorite_count":422,"source":"<a href=\"http:\/\/twitter.com\/download\/android\" rel=\"nofollow\">Twitter for Android<\/a>","retweeted":false,"coordinates":{"type":"Point","coordinates":[144.8729073,-37.7519251]},"entities":{"symbols":[],"user_mentions":[],"hashtags":[{"indices":[0,5],"text":"ISIS"},{"indices":[85,102],"text":"MartinPlaceSiege"},{"indices":[103,110],"text":"auspol"},{"indices":[111,123],"text":"sydneysiege"},{"indices":[133,139],"text":"siege"}],"urls":[]},"in_reply_to_screen_name":null,"id_str":"544300369765859328","retweet_count":456,"in_reply_to_user_id":null,"favorited":false,"user":{"follow_request_sent":false,"profile_use_background_image":false,"profile_text_color":"333333","default_profile_image":false,"id":238575113,"profile_background_image_url_https":"https:\/\/pbs.twimg.com\/profile_background_images\/378800000173784727\/0j7g5mWz.jpeg","verified":false,"profile_location":null,"profile_image_url_https":"https:\/\/pbs.twimg.com\/profile_images\/578704863363645440\/PtV-4kAU_normal.jpeg","profile_sidebar_fill_color":"F6FFD1","entities":{"url":{"urls":[{"url":"http:\/\/t.co\/pBmbu5yUs1","indices":[0,22],"expanded_url":"http:\/\/www.asrc.org.au","display_url":"asrc.org.au"}]},"description":{"urls":[]}},"followers_count":10600,"profile_sidebar_border_color":"FFFFFF","id_str":"238575113","profile_background_color":"FFF04D","listed_count":241,"is_translation_enabled":false,"utc_offset":39600,"statuses_count":11887,"description":"Founder & CEO @ASRC1. OAM. Philanthropist @ LeoSia. Board Dir @ChildrensGround Amateur Chef @Cooking4Cause, Masseur @HandsonHumanity, Radio DJ @3CR.","friends_count":2118,"location":"Australia","profile_link_color":"0099CC","profile_image_url":"http:\/\/pbs.twimg.com\/profile_images\/578704863363645440\/PtV-4kAU_normal.jpeg","following":false,"geo_enabled":true,"profile_banner_url":"https:\/\/pbs.twimg.com\/profile_banners\/238575113\/1418632826","profile_background_image_url":"http:\/\/pbs.twimg.com\/profile_background_images\/378800000173784727\/0j7g5mWz.jpeg","name":"Kon Karapanagiotidis","lang":"en","profile_background_tile":true,"favourites_count":969,"screen_name":"Kon__K","notifications":false,"url":"http:\/\/t.co\/pBmbu5yUs1","created_at":"Sat Jan 15 14:03:07 +0000 2011","contributors_enabled":false,"time_zone":"Melbourne","protected":false,"default_profile":false,"is_translator":false},"geo":{"type":"Point","coordinates":[-37.7519251,144.8729073]},"in_reply_to_user_id_str":null,"lang":"en","created_at":"Mon Dec 15 01:18:15 +0000 2014","in_reply_to_status_id_str":null,"place":{"full_name":"Melbourne, Victoria","url":"https:\/\/api.twitter.com\/1.1\/geo\/id\/01864a8a64df9dc4.json","country":"Australia","place_type":"city","bounding_box":{"type":"Polygon","coordinates":[[[144.593741856,-38.433859306],[145.512528832,-38.433859306],[145.512528832,-37.5112737225],[144.593741856,-37.5112737225]]]},"contained_within":[],"country_code":"AU","attributes":{},"id":"01864a8a64df9dc4","name":"Melbourne"}}