{"contributors":null,"truncated":false,"text":"Canada's thoughts and prayers are with our Australian friends. #MartinPlace #SydneySiege","in_reply_to_status_id":null,"id":544305018439204864,"favorite_count":1300,"source":"<a href=\"http:\/\/blackberry.com\/twitter\" rel=\"nofollow\">Twitter for BlackBerry\u00ae<\/a>","retweeted":false,"coordinates":null,"entities":{"symbols":[],"user_mentions":[],"hashtags":[{"indices":[63,75],"text":"MartinPlace"},{"indices":[76,88],"text":"SydneySiege"}],"urls":[]},"in_reply_to_screen_name":null,"id_str":"544305018439204864","retweet_count":1901,"in_reply_to_user_id":null,"favorited":false,"user":{"follow_request_sent":false,"profile_use_background_image":true,"profile_text_color":"000000","default_profile_image":false,"id":7401202,"profile_background_image_url_https":"https:\/\/pbs.twimg.com\/profile_background_images\/378800000026104671\/6de276fb7535565cb24745987c0a6215.png","verified":true,"profile_location":null,"profile_image_url_https":"https:\/\/pbs.twimg.com\/profile_images\/431176973126103042\/Qih5zYe6_normal.png","profile_sidebar_fill_color":"C0CCDC","entities":{"url":{"urls":[{"url":"http:\/\/t.co\/L2SH1QDkAY","indices":[0,22],"expanded_url":"http:\/\/www.StephenHarper.ca","display_url":"StephenHarper.ca"}]},"description":{"urls":[]}},"followers_count":631082,"profile_sidebar_border_color":"000000","id_str":"7401202","profile_background_color":"00209F","listed_count":7824,"is_translation_enabled":false,"utc_offset":-18000,"statuses_count":2927,"description":"Prime Minister of Canada. \r\n\r\nSuivez-moi en fran\u00e7ais \u00e0 @premierministre.","friends_count":219,"location":"Ottawa, Ontario","profile_link_color":"0000FF","profile_image_url":"http:\/\/pbs.twimg.com\/profile_images\/431176973126103042\/Qih5zYe6_normal.png","following":false,"geo_enabled":false,"profile_banner_url":"https:\/\/pbs.twimg.com\/profile_banners\/7401202\/1396973430","profile_background_image_url":"http:\/\/pbs.twimg.com\/profile_background_images\/378800000026104671\/6de276fb7535565cb24745987c0a6215.png","name":"Stephen Harper","lang":"en","profile_background_tile":false,"favourites_count":3,"screen_name":"pmharper","notifications":false,"url":"http:\/\/t.co\/L2SH1QDkAY","created_at":"Wed Jul 11 13:15:44 +0000 2007","contributors_enabled":false,"time_zone":"Eastern Time (US & Canada)","protected":false,"default_profile":false,"is_translator":false},"geo":null,"in_reply_to_user_id_str":null,"lang":"en","created_at":"Mon Dec 15 01:36:43 +0000 2014","in_reply_to_status_id_str":null,"place":null}