[{"contributors":null,"truncated":false,"text":"@abcnews IS IT TRUE THO","in_reply_to_status_id":544302827330224128,"id":544303128430923776,"favorite_count":0,"source":"<a href=\"http://twitter.com\" rel=\"nofollow\">Twitter Web Client</a>","retweeted":false,"coordinates":null,"entities":{"symbols":[],"user_mentions":[{"id":2768501,"indices":[0,8],"id_str":"2768501","screen_name":"abcnews","name":"ABC News"}],"hashtags":[],"urls":[]},"in_reply_to_screen_name":"abcnews","id_str":"544303128430923776","retweet_count":0,"in_reply_to_user_id":2768501,"favorited":false,"user":{"follow_request_sent":false,"profile_use_background_image":true,"profile_text_color":"666666","default_profile_image":false,"id":110314533,"profile_background_image_url_https":"https://abs.twimg.com/images/themes/theme9/bg.gif","verified":false,"profile_location":null,"profile_image_url_https":"https://pbs.twimg.com/profile_images/474308501250899968/oPx6ZJgY_normal.jpeg","profile_sidebar_fill_color":"252429","entities":{"description":{"urls":[]}},"followers_count":517,"profile_sidebar_border_color":"181A1E","id_str":"110314533","profile_background_color":"1A1B1F","listed_count":16,"is_translation_enabled":false,"utc_offset":39600,"statuses_count":49581,"description":"hello. I try to make jokes. They don't work. I'm a fresh VCE grad.","friends_count":1900,"location":"Sunny Central Vic","profile_link_color":"969696","profile_image_url":"http://pbs.twimg.com/profile_images/474308501250899968/oPx6ZJgY_normal.jpeg","following":false,"geo_enabled":true,"profile_background_image_url":"http://abs.twimg.com/images/themes/theme9/bg.gif","name":"Laura Ohman","lang":"en","profile_background_tile":false,"favourites_count":3793,"screen_name":"akaNoodleBox","notifications":false,"url":null,"created_at":"Mon Feb 01 03:34:39 +0000 2010","contributors_enabled":false,"time_zone":"Melbourne","protected":false,"default_profile":false,"is_translator":false},"geo":null,"in_reply_to_user_id_str":"2768501","lang":"en","created_at":"Mon Dec 15 01:29:13 +0000 2014","in_reply_to_status_id_str":"544302827330224128","place":{"full_name":"Melbourne, Victoria","url":"https://api.twitter.com/1.1/geo/id/01864a8a64df9dc4.json","country":"Australia","place_type":"city","bounding_box":{"type":"Polygon","coordinates":[[[144.593741856,-38.433859306],[145.512528832,-38.433859306],[145.512528832,-37.5112737225],[144.593741856,-37.5112737225]]]},"contained_within":[],"country_code":"AU","attributes":{},"id":"01864a8a64df9dc4","name":"Melbourne"}},
{"contributors":null,"truncated":false,"text":"@abcnews ...I hope this is true.","in_reply_to_status_id":544302827330224128,"id":544303189407698944,"favorite_count":0,"source":"<a href=\"https://about.twitter.com/products/tweetdeck\" rel=\"nofollow\">TweetDeck</a>","retweeted":false,"coordinates":null,"entities":{"symbols":[],"user_mentions":[{"id":2768501,"indices":[0,8],"id_str":"2768501","screen_name":"abcnews","name":"ABC News"}],"hashtags":[],"urls":[]},"in_reply_to_screen_name":"abcnews","id_str":"544303189407698944","retweet_count":0,"in_reply_to_user_id":2768501,"favorited":false,"user":{"follow_request_sent":false,"profile_use_background_image":true,"profile_text_color":"333333","default_profile_image":false,"id":420176985,"profile_background_image_url_https":"https://abs.twimg.com/images/themes/theme1/bg.png","verified":false,"profile_location":null,"profile_image_url_https":"https://pbs.twimg.com/profile_images/497211293644779520/3XGyNcQh_normal.jpeg","profile_sidebar_fill_color":"DDEEF6","entities":{"description":{"urls":[]}},"followers_count":687,"profile_sidebar_border_color":"C0DEED","id_str":"420176985","profile_background_color":"C0DEED","listed_count":48,"is_translation_enabled":false,"utc_offset":39600,"statuses_count":71426,"description":"Video Gamer, Sports Fan, Atheist, Free-Thinker, Social Liberal, Greenie, Unapologetically Non-PC.","friends_count":314,"location":"Victoria, Australia, Earth","profile_link_color":"00B30C","profile_image_url":"http://pbs.twimg.com/profile_images/497211293644779520/3XGyNcQh_normal.jpeg","following":false,"geo_enabled":true,"profile_banner_url":"https://pbs.twimg.com/profile_banners/420176985/1407379348","profile_background_image_url":"http://abs.twimg.com/images/themes/theme1/bg.png","name":"Marcus Van","lang":"en","profile_background_tile":false,"favourites_count":16262,"screen_name":"PolarVan","notifications":false,"url":null,"created_at":"Thu Nov 24 08:47:06 +0000 2011","contributors_enabled":false,"time_zone":"Melbourne","protected":false,"default_profile":false,"is_translator":false},"geo":null,"in_reply_to_user_id_str":"2768501","lang":"en","created_at":"Mon Dec 15 01:29:27 +0000 2014","in_reply_to_status_id_str":"544302827330224128","place":null},
{"contributors":null,"truncated":false,"text":"#BREAKING: One man has been arrested and people are being evacuated from the building #sydneysiege http://t.co/RTNXSHTsP5 v. @abcnews #Lindt","in_reply_to_status_id":544302827330224128,"id":544303204784029696,"favorite_count":0,"source":"<a href=\"http://twitter.com\" rel=\"nofollow\">Twitter Web Client</a>","retweeted":false,"coordinates":null,"entities":{"symbols":[],"user_mentions":[{"id":2768501,"indices":[125,133],"id_str":"2768501","screen_name":"abcnews","name":"ABC News"}],"hashtags":[{"indices":[0,9],"text":"BREAKING"},{"indices":[86,98],"text":"sydneysiege"},{"indices":[134,140],"text":"Lindt"}],"urls":[{"url":"http://t.co/RTNXSHTsP5","indices":[99,121],"expanded_url":"http://ab.co/1zmdiru","display_url":"ab.co/1zmdiru"}]},"in_reply_to_screen_name":"abcnews","id_str":"544303204784029696","retweet_count":0,"in_reply_to_user_id":2768501,"favorited":false,"user":{"follow_request_sent":false,"profile_use_background_image":true,"profile_text_color":"333333","default_profile_image":false,"id":114115853,"profile_background_image_url_https":"https://pbs.twimg.com/profile_background_images/472180263229743104/s8KV6oO5.jpeg","verified":false,"profile_location":null,"profile_image_url_https":"https://pbs.twimg.com/profile_images/546925660040462336/0KjyMs8g_normal.jpeg","profile_sidebar_fill_color":"FFFDD1","entities":{"description":{"urls":[]}},"followers_count":2312,"profile_sidebar_border_color":"FFFFFF","id_str":"114115853","profile_background_color":"352726","listed_count":103,"is_translation_enabled":false,"utc_offset":-21600,"statuses_count":38076,"description":"Equal Rights, Human Rights, Liberal Bias  #AntiApartheid #FactsMatter","friends_count":2270,"location":"planet earth, save it, save us","profile_link_color":"184712","profile_image_url":"http://pbs.twimg.com/profile_images/546925660040462336/0KjyMs8g_normal.jpeg","following":false,"geo_enabled":false,"profile_banner_url":"https://pbs.twimg.com/profile_banners/114115853/1417711245","profile_background_image_url":"http://pbs.twimg.com/profile_background_images/472180263229743104/s8KV6oO5.jpeg","name":"kaza","lang":"en","profile_background_tile":true,"favourites_count":9181,"screen_name":"greenmitera","notifications":false,"url":null,"created_at":"Sun Feb 14 05:41:32 +0000 2010","contributors_enabled":false,"time_zone":"Central Time (US & Canada)","protected":false,"default_profile":false,"is_translator":false},"geo":null,"in_reply_to_user_id_str":"2768501","possibly_sensitive":false,"lang":"en","created_at":"Mon Dec 15 01:29:31 +0000 2014","in_reply_to_status_id_str":"544302827330224128","place":null},
{"contributors":null,"truncated":false,"text":"@abcnews Someone ought to tell Joe","in_reply_to_status_id":544302827330224128,"id":544303207606792193,"favorite_count":0,"source":"<a href=\"https://about.twitter.com/products/tweetdeck\" rel=\"nofollow\">TweetDeck</a>","retweeted":false,"coordinates":null,"entities":{"symbols":[],"user_mentions":[{"id":2768501,"indices":[0,8],"id_str":"2768501","screen_name":"abcnews","name":"ABC News"}],"hashtags":[],"urls":[]},"in_reply_to_screen_name":"abcnews","id_str":"544303207606792193","retweet_count":0,"in_reply_to_user_id":2768501,"favorited":false,"user":{"follow_request_sent":false,"profile_use_background_image":true,"profile_text_color":"333333","default_profile_image":false,"id":17418943,"profile_background_image_url_https":"https://abs.twimg.com/images/themes/theme7/bg.gif","verified":false,"profile_location":null,"profile_image_url_https":"https://pbs.twimg.com/profile_images/64881456/Oscar_the_Grouch_normal.jpg","profile_sidebar_fill_color":"F3F3F3","entities":{"description":{"urls":[]}},"followers_count":300,"profile_sidebar_border_color":"DFDFDF","id_str":"17418943","profile_background_color":"EBEBEB","listed_count":10,"is_translation_enabled":false,"utc_offset":39600,"statuses_count":3677,"description":"Currently employed as a systems engineer for a small consulting company. Previous lives include acupuncturist and fitter & machinist","friends_count":700,"location":"Enjoying life in Regional Vict","profile_link_color":"990000","profile_image_url":"http://pbs.twimg.com/profile_images/64881456/Oscar_the_Grouch_normal.jpg","following":false,"geo_enabled":false,"profile_background_image_url":"http://abs.twimg.com/images/themes/theme7/bg.gif","name":"Michael Herman","lang":"en","profile_background_tile":false,"favourites_count":190,"screen_name":"mgherman","notifications":false,"url":null,"created_at":"Sun Nov 16 05:21:50 +0000 2008","contributors_enabled":false,"time_zone":"Melbourne","protected":false,"default_profile":false,"is_translator":false},"geo":null,"in_reply_to_user_id_str":"2768501","lang":"en","created_at":"Mon Dec 15 01:29:32 +0000 2014","in_reply_to_status_id_str":"544302827330224128","place":null},
{"contributors":null,"truncated":false,"text":"@abcnews   Thank you John Howard &amp; George Bush for bringing terrorism to our own country!","in_reply_to_status_id":544302827330224128,"id":544303437173645312,"favorite_count":0,"source":"<a href=\"http://twitter.com/download/iphone\" rel=\"nofollow\">Twitter for iPhone</a>","retweeted":false,"coordinates":{"type":"Point","coordinates":[150.90024432,-33.71711136]},"entities":{"symbols":[],"user_mentions":[{"id":2768501,"indices":[0,8],"id_str":"2768501","screen_name":"abcnews","name":"ABC News"}],"hashtags":[],"urls":[]},"in_reply_to_screen_name":"abcnews","id_str":"544303437173645312","retweet_count":0,"in_reply_to_user_id":2768501,"favorited":false,"user":{"follow_request_sent":false,"profile_use_background_image":true,"profile_text_color":"333333","default_profile_image":true,"id":1198649053,"profile_background_image_url_https":"https://abs.twimg.com/images/themes/theme1/bg.png","verified":false,"profile_location":null,"profile_image_url_https":"https://abs.twimg.com/sticky/default_profile_images/default_profile_0_normal.png","profile_sidebar_fill_color":"DDEEF6","entities":{"description":{"urls":[]}},"followers_count":215,"profile_sidebar_border_color":"C0DEED","id_str":"1198649053","profile_background_color":"C0DEED","listed_count":3,"is_translation_enabled":false,"utc_offset":null,"statuses_count":9298,"description":"","friends_count":427,"location":"","profile_link_color":"0084B4","profile_image_url":"http://abs.twimg.com/sticky/default_profile_images/default_profile_0_normal.png","following":false,"geo_enabled":true,"profile_background_image_url":"http://abs.twimg.com/images/themes/theme1/bg.png","name":"Sam","lang":"en","profile_background_tile":false,"favourites_count":9160,"screen_name":"sammonford","notifications":false,"url":null,"created_at":"Tue Feb 19 21:00:29 +0000 2013","contributors_enabled":false,"time_zone":null,"protected":false,"default_profile":true,"is_translator":false},"geo":{"type":"Point","coordinates":[-33.71711136,150.90024432]},"in_reply_to_user_id_str":"2768501","lang":"en","created_at":"Mon Dec 15 01:30:26 +0000 2014","in_reply_to_status_id_str":"544302827330224128","place":{"full_name":"Sydney, New South Wales","url":"https://api.twitter.com/1.1/geo/id/0073b76548e5984f.json","country":"Australia","place_type":"city","bounding_box":{"type":"Polygon","coordinates":[[[150.520928608,-34.1183470085],[151.343020992,-34.1183470085],[151.343020992,-33.578140996],[150.520928608,-33.578140996]]]},"contained_within":[],"country_code":"AU","attributes":{},"id":"0073b76548e5984f","name":"Sydney"}},
{"contributors":null,"truncated":false,"text":"“@abcnews: #BREAKING: One man has been arrested and people are being evacuated from the building #sydneysiege http://t.co/ERJUv34EdZ”","in_reply_to_status_id":544302827330224128,"id":544303538349023232,"favorite_count":0,"source":"<a href=\"http://twitter.com/download/iphone\" rel=\"nofollow\">Twitter for iPhone</a>","retweeted":false,"coordinates":null,"entities":{"symbols":[],"user_mentions":[{"id":2768501,"indices":[1,9],"id_str":"2768501","screen_name":"abcnews","name":"ABC News"}],"hashtags":[{"indices":[11,20],"text":"BREAKING"},{"indices":[97,109],"text":"sydneysiege"}],"urls":[{"url":"http://t.co/ERJUv34EdZ","indices":[110,132],"expanded_url":"http://ab.co/1zmdiru","display_url":"ab.co/1zmdiru"}]},"in_reply_to_screen_name":"abcnews","id_str":"544303538349023232","retweet_count":0,"in_reply_to_user_id":2768501,"favorited":false,"user":{"follow_request_sent":false,"profile_use_background_image":false,"profile_text_color":"666666","default_profile_image":false,"id":58167203,"profile_background_image_url_https":"https://abs.twimg.com/images/themes/theme9/bg.gif","verified":false,"profile_location":null,"profile_image_url_https":"https://pbs.twimg.com/profile_images/589428820383555584/kHJ0kIF7_normal.jpg","profile_sidebar_fill_color":"252429","entities":{"url":{"urls":[{"url":"http://t.co/XXW5hgsqZ9","indices":[0,22],"expanded_url":"http://instagram.com/AAR0N106","display_url":"instagram.com/AAR0N106"}]},"description":{"urls":[]}},"followers_count":757,"profile_sidebar_border_color":"FFFFFF","id_str":"58167203","profile_background_color":"333333","listed_count":5,"is_translation_enabled":false,"utc_offset":0,"statuses_count":5074,"description":"Football, music, youtube & Celtic FC","friends_count":1866,"location":"Scotland","profile_link_color":"2FC2EF","profile_image_url":"http://pbs.twimg.com/profile_images/589428820383555584/kHJ0kIF7_normal.jpg","following":false,"geo_enabled":false,"profile_banner_url":"https://pbs.twimg.com/profile_banners/58167203/1411318420","profile_background_image_url":"http://abs.twimg.com/images/themes/theme9/bg.gif","name":"Aaron","lang":"en","profile_background_tile":false,"favourites_count":3565,"screen_name":"AAR0N106","notifications":false,"url":"http://t.co/XXW5hgsqZ9","created_at":"Sun Jul 19 09:58:23 +0000 2009","contributors_enabled":false,"time_zone":"London","protected":false,"default_profile":false,"is_translator":false},"geo":null,"in_reply_to_user_id_str":"2768501","possibly_sensitive":false,"lang":"en","created_at":"Mon Dec 15 01:30:50 +0000 2014","in_reply_to_status_id_str":"544302827330224128","place":null},
{"contributors":null,"truncated":false,"text":"@abcnews @KJBar was this the guy with an orange shirt/singlet?","in_reply_to_status_id":544302827330224128,"id":544303626332549120,"favorite_count":0,"source":"<a href=\"http://twitter.com/download/android\" rel=\"nofollow\">Twitter for Android</a>","retweeted":false,"coordinates":null,"entities":{"symbols":[],"user_mentions":[{"id":2768501,"indices":[0,8],"id_str":"2768501","screen_name":"abcnews","name":"ABC News"},{"id":33056274,"indices":[9,15],"id_str":"33056274","screen_name":"KJBar","name":"Karen Barlow"}],"hashtags":[],"urls":[]},"in_reply_to_screen_name":"abcnews","id_str":"544303626332549120","retweet_count":0,"in_reply_to_user_id":2768501,"favorited":false,"user":{"follow_request_sent":false,"profile_use_background_image":true,"profile_text_color":"333333","default_profile_image":false,"id":226748027,"profile_background_image_url_https":"https://abs.twimg.com/images/themes/theme1/bg.png","verified":false,"profile_location":null,"profile_image_url_https":"https://pbs.twimg.com/profile_images/510737858588442624/Gtr0B3mt_normal.jpeg","profile_sidebar_fill_color":"DDEEF6","entities":{"description":{"urls":[]}},"followers_count":49,"profile_sidebar_border_color":"C0DEED","id_str":"226748027","profile_background_color":"C0DEED","listed_count":0,"is_translation_enabled":false,"utc_offset":null,"statuses_count":2102,"description":"long suffering bunnies supporter, lover of fast food, cricket.","friends_count":238,"location":"Newcastle","profile_link_color":"0084B4","profile_image_url":"http://pbs.twimg.com/profile_images/510737858588442624/Gtr0B3mt_normal.jpeg","following":false,"geo_enabled":false,"profile_banner_url":"https://pbs.twimg.com/profile_banners/226748027/1410604344","profile_background_image_url":"http://abs.twimg.com/images/themes/theme1/bg.png","name":"hbg1968","lang":"en","profile_background_tile":false,"favourites_count":1132,"screen_name":"hbgmobile","notifications":false,"url":null,"created_at":"Tue Dec 14 23:55:00 +0000 2010","contributors_enabled":false,"time_zone":null,"protected":false,"default_profile":true,"is_translator":false},"geo":null,"in_reply_to_user_id_str":"2768501","lang":"en","created_at":"Mon Dec 15 01:31:11 +0000 2014","in_reply_to_status_id_str":"544302827330224128","place":null},
{"contributors":null,"truncated":false,"text":"@abcnews is that the Terrorist?","in_reply_to_status_id":544302827330224128,"id":544303932290650112,"favorite_count":0,"source":"<a href=\"http://twitter.com/download/iphone\" rel=\"nofollow\">Twitter for iPhone</a>","retweeted":false,"coordinates":null,"entities":{"symbols":[],"user_mentions":[{"id":2768501,"indices":[0,8],"id_str":"2768501","screen_name":"abcnews","name":"ABC News"}],"hashtags":[],"urls":[]},"in_reply_to_screen_name":"abcnews","id_str":"544303932290650112","retweet_count":0,"in_reply_to_user_id":2768501,"favorited":false,"user":{"follow_request_sent":false,"profile_use_background_image":false,"profile_text_color":"666666","default_profile_image":false,"id":58167203,"profile_background_image_url_https":"https://abs.twimg.com/images/themes/theme9/bg.gif","verified":false,"profile_location":null,"profile_image_url_https":"https://pbs.twimg.com/profile_images/589428820383555584/kHJ0kIF7_normal.jpg","profile_sidebar_fill_color":"252429","entities":{"url":{"urls":[{"url":"http://t.co/XXW5hgsqZ9","indices":[0,22],"expanded_url":"http://instagram.com/AAR0N106","display_url":"instagram.com/AAR0N106"}]},"description":{"urls":[]}},"followers_count":757,"profile_sidebar_border_color":"FFFFFF","id_str":"58167203","profile_background_color":"333333","listed_count":5,"is_translation_enabled":false,"utc_offset":0,"statuses_count":5074,"description":"Football, music, youtube & Celtic FC","friends_count":1866,"location":"Scotland","profile_link_color":"2FC2EF","profile_image_url":"http://pbs.twimg.com/profile_images/589428820383555584/kHJ0kIF7_normal.jpg","following":false,"geo_enabled":false,"profile_banner_url":"https://pbs.twimg.com/profile_banners/58167203/1411318420","profile_background_image_url":"http://abs.twimg.com/images/themes/theme9/bg.gif","name":"Aaron","lang":"en","profile_background_tile":false,"favourites_count":3565,"screen_name":"AAR0N106","notifications":false,"url":"http://t.co/XXW5hgsqZ9","created_at":"Sun Jul 19 09:58:23 +0000 2009","contributors_enabled":false,"time_zone":"London","protected":false,"default_profile":false,"is_translator":false},"geo":null,"in_reply_to_user_id_str":"2768501","lang":"en","created_at":"Mon Dec 15 01:32:24 +0000 2014","in_reply_to_status_id_str":"544302827330224128","place":null},
{"contributors":null,"truncated":false,"text":"@abcnews #sydneysiege Unrelated incident.","in_reply_to_status_id":544302827330224128,"id":544304003765776385,"favorite_count":1,"source":"<a href=\"http://twitter.com\" rel=\"nofollow\">Twitter Web Client</a>","retweeted":false,"coordinates":null,"entities":{"symbols":[],"user_mentions":[{"id":2768501,"indices":[0,8],"id_str":"2768501","screen_name":"abcnews","name":"ABC News"}],"hashtags":[{"indices":[9,21],"text":"sydneysiege"}],"urls":[]},"in_reply_to_screen_name":"abcnews","id_str":"544304003765776385","retweet_count":0,"in_reply_to_user_id":2768501,"favorited":false,"user":{"follow_request_sent":false,"profile_use_background_image":true,"profile_text_color":"001743","default_profile_image":false,"id":47331289,"profile_background_image_url_https":"https://pbs.twimg.com/profile_background_images/606479619/1goox9isadqf6u8pu8cu.jpeg","verified":false,"profile_location":null,"profile_image_url_https":"https://pbs.twimg.com/profile_images/586186362996535296/FNYuJY02_normal.jpg","profile_sidebar_fill_color":"498001","entities":{"url":{"urls":[{"url":"http://t.co/0i5xsSvNxh","indices":[0,22],"expanded_url":"http://brightertyger.tumblr.com/","display_url":"brightertyger.tumblr.com"}]},"description":{"urls":[]}},"followers_count":183,"profile_sidebar_border_color":"845632","id_str":"47331289","profile_background_color":"8B0008","listed_count":6,"is_translation_enabled":false,"utc_offset":0,"statuses_count":494,"description":"Primary school teacher. Interests: education, creative writing, collaborative learning, storytelling, ICT, dialogic education, French.","friends_count":384,"location":"South West England","profile_link_color":"E0C552","profile_image_url":"http://pbs.twimg.com/profile_images/586186362996535296/FNYuJY02_normal.jpg","following":false,"geo_enabled":false,"profile_background_image_url":"http://pbs.twimg.com/profile_background_images/606479619/1goox9isadqf6u8pu8cu.jpeg","name":"Will Burton","lang":"en","profile_background_tile":true,"favourites_count":36,"screen_name":"BrighterTyger","notifications":false,"url":"http://t.co/0i5xsSvNxh","created_at":"Mon Jun 15 13:16:19 +0000 2009","contributors_enabled":false,"time_zone":"London","protected":false,"default_profile":false,"is_translator":false},"geo":null,"in_reply_to_user_id_str":"2768501","lang":"en","created_at":"Mon Dec 15 01:32:41 +0000 2014","in_reply_to_status_id_str":"544302827330224128","place":null},
{"contributors":null,"truncated":false,"text":"@akaNoodleBox @abcnews one man has been arrested near the scene, not related. people are being evacuated from nearby buildings.","in_reply_to_status_id":544303128430923776,"id":544304217368715264,"favorite_count":0,"source":"<a href=\"http://twitter.com\" rel=\"nofollow\">Twitter Web Client</a>","retweeted":false,"coordinates":null,"entities":{"symbols":[],"user_mentions":[{"id":110314533,"indices":[0,13],"id_str":"110314533","screen_name":"akaNoodleBox","name":"Laura Ohman"},{"id":2768501,"indices":[14,22],"id_str":"2768501","screen_name":"abcnews","name":"ABC News"}],"hashtags":[],"urls":[]},"in_reply_to_screen_name":"akaNoodleBox","id_str":"544304217368715264","retweet_count":0,"in_reply_to_user_id":110314533,"favorited":false,"user":{"follow_request_sent":false,"profile_use_background_image":true,"profile_text_color":"333333","default_profile_image":false,"id":296988845,"profile_background_image_url_https":"https://abs.twimg.com/images/themes/theme1/bg.png","verified":false,"profile_location":null,"profile_image_url_https":"https://pbs.twimg.com/profile_images/566015463436451841/0sYtDq3i_normal.jpeg","profile_sidebar_fill_color":"DDEEF6","entities":{"description":{"urls":[]}},"followers_count":116,"profile_sidebar_border_color":"C0DEED","id_str":"296988845","profile_background_color":"C0DEED","listed_count":4,"is_translation_enabled":false,"utc_offset":39600,"statuses_count":711,"description":"Bitcoin,  music and adventures is what I like.","friends_count":341,"location":"","profile_link_color":"0084B4","profile_image_url":"http://pbs.twimg.com/profile_images/566015463436451841/0sYtDq3i_normal.jpeg","following":false,"geo_enabled":false,"profile_banner_url":"https://pbs.twimg.com/profile_banners/296988845/1405903835","profile_background_image_url":"http://abs.twimg.com/images/themes/theme1/bg.png","name":"Kyza","lang":"en","profile_background_tile":false,"favourites_count":482,"screen_name":"kkyyzzaa","notifications":false,"url":null,"created_at":"Wed May 11 18:51:17 +0000 2011","contributors_enabled":false,"time_zone":"Melbourne","protected":false,"default_profile":true,"is_translator":false},"geo":null,"in_reply_to_user_id_str":"110314533","lang":"en","created_at":"Mon Dec 15 01:33:32 +0000 2014","in_reply_to_status_id_str":"544303128430923776","place":null},
{"contributors":null,"truncated":false,"text":"@abcnews not related? Your TV and twitter feeds seem to be sending out contradictory info!","in_reply_to_status_id":544302827330224128,"id":544304229914247168,"favorite_count":1,"source":"<a href=\"http://twitter.com\" rel=\"nofollow\">Twitter Web Client</a>","retweeted":false,"coordinates":null,"entities":{"symbols":[],"user_mentions":[{"id":2768501,"indices":[0,8],"id_str":"2768501","screen_name":"abcnews","name":"ABC News"}],"hashtags":[],"urls":[]},"in_reply_to_screen_name":"abcnews","id_str":"544304229914247168","retweet_count":0,"in_reply_to_user_id":2768501,"favorited":false,"user":{"follow_request_sent":false,"profile_use_background_image":true,"profile_text_color":"333333","default_profile_image":false,"id":475201473,"profile_background_image_url_https":"https://pbs.twimg.com/profile_background_images/533321459133714433/2HSebQCs.jpeg","verified":false,"profile_location":null,"profile_image_url_https":"https://pbs.twimg.com/profile_images/588503444849328129/SsoJ2XmC_normal.jpg","profile_sidebar_fill_color":"DDEEF6","entities":{"url":{"urls":[{"url":"http://t.co/khapFZ6bEU","indices":[0,22],"expanded_url":"http://montrose-to-the-maracana.blogspot.com/","display_url":"montrose-to-the-maracana.blogspot.com"}]},"description":{"urls":[]}},"followers_count":655,"profile_sidebar_border_color":"FFFFFF","id_str":"475201473","profile_background_color":"C1E6EB","listed_count":5,"is_translation_enabled":false,"utc_offset":3600,"statuses_count":526,"description":"Football writer in Spain. AVFC","friends_count":458,"location":"Sevilla","profile_link_color":"5400B3","profile_image_url":"http://pbs.twimg.com/profile_images/588503444849328129/SsoJ2XmC_normal.jpg","following":false,"geo_enabled":true,"profile_banner_url":"https://pbs.twimg.com/profile_banners/475201473/1418626058","profile_background_image_url":"http://pbs.twimg.com/profile_background_images/533321459133714433/2HSebQCs.jpeg","name":"Mark Sochon","lang":"en","profile_background_tile":false,"favourites_count":21,"screen_name":"markinsevilla","notifications":false,"url":"http://t.co/khapFZ6bEU","created_at":"Thu Jan 26 20:07:03 +0000 2012","contributors_enabled":false,"time_zone":"Amsterdam","protected":false,"default_profile":false,"is_translator":false},"geo":null,"in_reply_to_user_id_str":"2768501","lang":"en","created_at":"Mon Dec 15 01:33:35 +0000 2014","in_reply_to_status_id_str":"544302827330224128","place":null},
{"contributors":null,"truncated":false,"text":"@abcnews according to posted article &amp; tweet from NSW PD arrest unrelated to police operation. Check above link. I wish it were true tho.","in_reply_to_status_id":544302827330224128,"id":544304399464820736,"favorite_count":0,"source":"<a href=\"https://twitter.com/download/android\" rel=\"nofollow\">Twitter for Android Tablets</a>","retweeted":false,"coordinates":null,"entities":{"symbols":[],"user_mentions":[{"id":2768501,"indices":[0,8],"id_str":"2768501","screen_name":"abcnews","name":"ABC News"}],"hashtags":[],"urls":[]},"in_reply_to_screen_name":"abcnews","id_str":"544304399464820736","retweet_count":0,"in_reply_to_user_id":2768501,"favorited":false,"user":{"follow_request_sent":false,"profile_use_background_image":true,"profile_text_color":"333333","default_profile_image":false,"id":891765697,"profile_background_image_url_https":"https://abs.twimg.com/images/themes/theme1/bg.png","verified":false,"profile_location":null,"profile_image_url_https":"https://pbs.twimg.com/profile_images/579802100919488512/Cd6nUO0y_normal.jpg","profile_sidebar_fill_color":"DDEEF6","entities":{"description":{"urls":[]}},"followers_count":303,"profile_sidebar_border_color":"C0DEED","id_str":"891765697","profile_background_color":"C0DEED","listed_count":5,"is_translation_enabled":false,"utc_offset":-18000,"statuses_count":1509,"description":"Faith, Family and Firepower  \nConservative by choice, \nAmerican by the Grace of God!.....","friends_count":793,"location":"","profile_link_color":"0084B4","profile_image_url":"http://pbs.twimg.com/profile_images/579802100919488512/Cd6nUO0y_normal.jpg","following":false,"geo_enabled":false,"profile_background_image_url":"http://abs.twimg.com/images/themes/theme1/bg.png","name":"S.E.Logar","lang":"en","profile_background_tile":false,"favourites_count":543,"screen_name":"s_logar","notifications":false,"url":null,"created_at":"Fri Oct 19 20:20:07 +0000 2012","contributors_enabled":false,"time_zone":"Eastern Time (US & Canada)","protected":false,"default_profile":true,"is_translator":false},"geo":null,"in_reply_to_user_id_str":"2768501","lang":"en","created_at":"Mon Dec 15 01:34:16 +0000 2014","in_reply_to_status_id_str":"544302827330224128","place":null},
{"contributors":null,"truncated":false,"text":"@abcnews this is an appalling display of lack of professional journalism.","in_reply_to_status_id":544302827330224128,"id":544304946858840064,"favorite_count":1,"source":"<a href=\"http://twitter.com/download/iphone\" rel=\"nofollow\">Twitter for iPhone</a>","retweeted":false,"coordinates":null,"entities":{"symbols":[],"user_mentions":[{"id":2768501,"indices":[0,8],"id_str":"2768501","screen_name":"abcnews","name":"ABC News"}],"hashtags":[],"urls":[]},"in_reply_to_screen_name":"abcnews","id_str":"544304946858840064","retweet_count":0,"in_reply_to_user_id":2768501,"favorited":false,"user":{"follow_request_sent":false,"profile_use_background_image":true,"profile_text_color":"333333","default_profile_image":false,"id":608074557,"profile_background_image_url_https":"https://pbs.twimg.com/profile_background_images/776843869/08dd29bb58d69ed929cd2eedcd218183.jpeg","verified":false,"profile_location":null,"profile_image_url_https":"https://pbs.twimg.com/profile_images/378800000847594711/94b1c15b139ff4dbfbe1ee48b47cfb68_normal.jpeg","profile_sidebar_fill_color":"DDEEF6","entities":{"url":{"urls":[{"url":"http://t.co/D5Dcarhf7n","indices":[0,22],"expanded_url":"http://www.miadallas.com","display_url":"miadallas.com"}]},"description":{"urls":[]}},"followers_count":285,"profile_sidebar_border_color":"FFFFFF","id_str":"608074557","profile_background_color":"750044","listed_count":4,"is_translation_enabled":false,"utc_offset":-21600,"statuses_count":3494,"description":"I went to journalism school, now that's seemingly unnecessary. Look for the unicorn. @MiaDallas","friends_count":98,"location":"Dallas","profile_link_color":"0099CC","profile_image_url":"http://pbs.twimg.com/profile_images/378800000847594711/94b1c15b139ff4dbfbe1ee48b47cfb68_normal.jpeg","following":false,"geo_enabled":true,"profile_banner_url":"https://pbs.twimg.com/profile_banners/608074557/1359489197","profile_background_image_url":"http://pbs.twimg.com/profile_background_images/776843869/08dd29bb58d69ed929cd2eedcd218183.jpeg","name":"Mia Walters","lang":"en","profile_background_tile":false,"favourites_count":758,"screen_name":"Mia_Walters","notifications":false,"url":"http://t.co/D5Dcarhf7n","created_at":"Thu Jun 14 09:41:04 +0000 2012","contributors_enabled":false,"time_zone":"Central Time (US & Canada)","protected":false,"default_profile":false,"is_translator":false},"geo":null,"in_reply_to_user_id_str":"2768501","lang":"en","created_at":"Mon Dec 15 01:36:26 +0000 2014","in_reply_to_status_id_str":"544302827330224128","place":null},
{"contributors":null,"truncated":false,"text":"@abcnews @dublinrecruiter I'd re tweet a different account, these guys don't have a clue!","in_reply_to_status_id":544302827330224128,"id":544305674898112513,"favorite_count":1,"source":"<a href=\"http://twitter.com/download/android\" rel=\"nofollow\">Twitter for Android</a>","retweeted":false,"coordinates":null,"entities":{"symbols":[],"user_mentions":[{"id":2768501,"indices":[0,8],"id_str":"2768501","screen_name":"abcnews","name":"ABC News"},{"id":1259906438,"indices":[9,25],"id_str":"1259906438","screen_name":"dublinrecruiter","name":"Cahal McDonough"}],"hashtags":[],"urls":[]},"in_reply_to_screen_name":"abcnews","id_str":"544305674898112513","retweet_count":0,"in_reply_to_user_id":2768501,"favorited":false,"user":{"follow_request_sent":false,"profile_use_background_image":true,"profile_text_color":"3C3940","default_profile_image":false,"id":21511119,"profile_background_image_url_https":"https://abs.twimg.com/images/themes/theme4/bg.gif","verified":false,"profile_location":null,"profile_image_url_https":"https://pbs.twimg.com/profile_images/552582987813249024/y3der7tT_normal.jpeg","profile_sidebar_fill_color":"95E8EC","entities":{"url":{"urls":[{"url":"http://t.co/kKlVgIVkl8","indices":[0,22],"expanded_url":"http://www.highlandradio.com/news","display_url":"highlandradio.com/news"}]},"description":{"urls":[]}},"followers_count":2678,"profile_sidebar_border_color":"5ED4DC","id_str":"21511119","profile_background_color":"0099B9","listed_count":33,"is_translation_enabled":false,"utc_offset":0,"statuses_count":14860,"description":"Highland Radio's News Editor. Views are my own/personal account @highlandnews for just news","friends_count":1072,"location":"Donegal","profile_link_color":"0099B9","profile_image_url":"http://pbs.twimg.com/profile_images/552582987813249024/y3der7tT_normal.jpeg","following":false,"geo_enabled":false,"profile_banner_url":"https://pbs.twimg.com/profile_banners/21511119/1418329354","profile_background_image_url":"http://abs.twimg.com/images/themes/theme4/bg.gif","name":"Greg Hughes","lang":"en","profile_background_tile":false,"favourites_count":1352,"screen_name":"GregHughes2","notifications":false,"url":"http://t.co/kKlVgIVkl8","created_at":"Sat Feb 21 19:46:44 +0000 2009","contributors_enabled":false,"time_zone":"Dublin","protected":false,"default_profile":false,"is_translator":false},"geo":null,"in_reply_to_user_id_str":"2768501","lang":"en","created_at":"Mon Dec 15 01:39:20 +0000 2014","in_reply_to_status_id_str":"544302827330224128","place":null},
{"contributors":null,"truncated":false,"text":"“@abcnews: #BREAKING: One man has been arrested and people are being evacuated frthe building #sydneysiege http://t.co/iM6kqJTSzX” @waff48","in_reply_to_status_id":544302827330224128,"id":544319373755047936,"favorite_count":0,"source":"<a href=\"http://twitter.com/download/iphone\" rel=\"nofollow\">Twitter for iPhone</a>","retweeted":false,"coordinates":null,"entities":{"symbols":[],"user_mentions":[{"id":2768501,"indices":[1,9],"id_str":"2768501","screen_name":"abcnews","name":"ABC News"},{"id":18058293,"indices":[131,138],"id_str":"18058293","screen_name":"waff48","name":"WAFF 48"}],"hashtags":[{"indices":[11,20],"text":"BREAKING"},{"indices":[94,106],"text":"sydneysiege"}],"urls":[{"url":"http://t.co/iM6kqJTSzX","indices":[107,129],"expanded_url":"http://ab.co/1zmdiru","display_url":"ab.co/1zmdiru"}]},"in_reply_to_screen_name":"abcnews","id_str":"544319373755047936","retweet_count":0,"in_reply_to_user_id":2768501,"favorited":false,"user":{"follow_request_sent":false,"profile_use_background_image":true,"profile_text_color":"333333","default_profile_image":false,"id":27509343,"profile_background_image_url_https":"https://pbs.twimg.com/profile_background_images/431990289515810816/KWNxJW-5.jpeg","verified":false,"profile_location":null,"profile_image_url_https":"https://pbs.twimg.com/profile_images/571496129092710400/M6XzVABz_normal.jpeg","profile_sidebar_fill_color":"DDEEF6","entities":{"description":{"urls":[]}},"followers_count":53,"profile_sidebar_border_color":"FFFFFF","id_str":"27509343","profile_background_color":"1C6B21","listed_count":0,"is_translation_enabled":false,"utc_offset":-21600,"statuses_count":4410,"description":"Not peddling a page or networking just 25 blue collar years and a resume. Everyone has a plan until they are punched in the mouth ~Iron Mike Tyson","friends_count":49,"location":"Huntsville, AL","profile_link_color":"EDA73D","profile_image_url":"http://pbs.twimg.com/profile_images/571496129092710400/M6XzVABz_normal.jpeg","following":false,"geo_enabled":false,"profile_banner_url":"https://pbs.twimg.com/profile_banners/27509343/1401654113","profile_background_image_url":"http://pbs.twimg.com/profile_background_images/431990289515810816/KWNxJW-5.jpeg","name":"Jimmy K","lang":"en","profile_background_tile":false,"favourites_count":1174,"screen_name":"RescueJimmy","notifications":false,"url":null,"created_at":"Sun Mar 29 21:30:22 +0000 2009","contributors_enabled":false,"time_zone":"Central Time (US & Canada)","protected":false,"default_profile":false,"is_translator":false},"geo":null,"in_reply_to_user_id_str":"2768501","possibly_sensitive":false,"lang":"en","created_at":"Mon Dec 15 02:33:46 +0000 2014","in_reply_to_status_id_str":"544302827330224128","place":null}
]