{"contributors":null,"truncated":false,"text":"This is the scene of the #Sydneysiege at the Lindt Chocolate Cafe in #MartinPlace | Live blog: http:\/\/t.co\/AG0jQb072Q http:\/\/t.co\/kLzdEKnILC","in_reply_to_status_id":null,"id":544300361360498688,"favorite_count":33,"source":"<a href=\"https:\/\/about.twitter.com\/products\/tweetdeck\" rel=\"nofollow\">TweetDeck<\/a>","retweeted":false,"coordinates":null,"entities":{"symbols":[],"user_mentions":[],"hashtags":[{"indices":[25,37],"text":"Sydneysiege"},{"indices":[69,81],"text":"MartinPlace"}],"urls":[{"url":"http:\/\/t.co\/AG0jQb072Q","indices":[95,117],"expanded_url":"http:\/\/ab.co\/1zmdiru","display_url":"ab.co\/1zmdiru"}],"media":[{"expanded_url":"http:\/\/twitter.com\/abcnewsSydney\/status\/544300361360498688\/photo\/1","display_url":"pic.twitter.com\/kLzdEKnILC","url":"http:\/\/t.co\/kLzdEKnILC","media_url_https":"https:\/\/pbs.twimg.com\/media\/B429026CMAESe9i.jpg","id_str":"544299845771472897","sizes":{"large":{"h":529,"resize":"fit","w":940},"small":{"h":191,"resize":"fit","w":340},"medium":{"h":337,"resize":"fit","w":600},"thumb":{"h":150,"resize":"crop","w":150}},"indices":[118,140],"type":"photo","id":544299845771472897,"media_url":"http:\/\/pbs.twimg.com\/media\/B429026CMAESe9i.jpg"}]},"in_reply_to_screen_name":null,"id_str":"544300361360498688","retweet_count":179,"in_reply_to_user_id":null,"favorited":false,"user":{"follow_request_sent":false,"profile_use_background_image":true,"profile_text_color":"333333","default_profile_image":false,"id":16215478,"profile_background_image_url_https":"https:\/\/pbs.twimg.com\/profile_background_images\/399251645\/News_local-Twitter-background.JPG","verified":true,"profile_location":null,"profile_image_url_https":"https:\/\/pbs.twimg.com\/profile_images\/517144017302073344\/rD-vlcb3_normal.jpeg","profile_sidebar_fill_color":"DDEEF6","entities":{"url":{"urls":[{"url":"http:\/\/t.co\/XQ0Lb1PUu1","indices":[0,22],"expanded_url":"http:\/\/www.abc.net.au\/news\/","display_url":"abc.net.au\/news\/"}]},"description":{"urls":[]}},"followers_count":19223,"profile_sidebar_border_color":"C0DEED","id_str":"16215478","profile_background_color":"D9DDE1","listed_count":618,"is_translation_enabled":false,"utc_offset":39600,"statuses_count":23328,"description":"ABC News from Sydney. This account is staffed 6.30am-9pm Mon-Fri & 8am-4pm Sat-Sun. This is an official @ABCaustralia account.","friends_count":320,"location":"Sydney, Australia","profile_link_color":"0034DE","profile_image_url":"http:\/\/pbs.twimg.com\/profile_images\/517144017302073344\/rD-vlcb3_normal.jpeg","following":false,"geo_enabled":false,"profile_banner_url":"https:\/\/pbs.twimg.com\/profile_banners\/16215478\/1414293501","profile_background_image_url":"http:\/\/pbs.twimg.com\/profile_background_images\/399251645\/News_local-Twitter-background.JPG","name":"ABC News Sydney","lang":"en","profile_background_tile":false,"favourites_count":2,"screen_name":"abcnewsSydney","notifications":false,"url":"http:\/\/t.co\/XQ0Lb1PUu1","created_at":"Wed Sep 10 02:34:32 +0000 2008","contributors_enabled":false,"time_zone":"Sydney","protected":false,"default_profile":false,"is_translator":false},"geo":null,"in_reply_to_user_id_str":null,"possibly_sensitive":false,"lang":"en","created_at":"Mon Dec 15 01:18:13 +0000 2014","in_reply_to_status_id_str":null,"place":null,"extended_entities":{"media":[{"expanded_url":"http:\/\/twitter.com\/abcnewsSydney\/status\/544300361360498688\/photo\/1","display_url":"pic.twitter.com\/kLzdEKnILC","url":"http:\/\/t.co\/kLzdEKnILC","media_url_https":"https:\/\/pbs.twimg.com\/media\/B429026CMAESe9i.jpg","id_str":"544299845771472897","sizes":{"large":{"h":529,"resize":"fit","w":940},"small":{"h":191,"resize":"fit","w":340},"medium":{"h":337,"resize":"fit","w":600},"thumb":{"h":150,"resize":"crop","w":150}},"indices":[118,140],"type":"photo","id":544299845771472897,"media_url":"http:\/\/pbs.twimg.com\/media\/B429026CMAESe9i.jpg"}]}}