{"contributors":null,"truncated":false,"text":"Apparent hostage situation unfolding in Sydney; prime minister convenes security briefing http:\/\/t.co\/YbFYonoqKv","in_reply_to_status_id":null,"id":544304298243653632,"favorite_count":38,"source":"<a href=\"http:\/\/www.socialflow.com\" rel=\"nofollow\">SocialFlow<\/a>","retweeted":false,"coordinates":null,"entities":{"symbols":[],"user_mentions":[],"hashtags":[],"urls":[{"url":"http:\/\/t.co\/YbFYonoqKv","indices":[90,112],"expanded_url":"http:\/\/wapo.st\/1ssufeQ","display_url":"wapo.st\/1ssufeQ"}]},"in_reply_to_screen_name":null,"id_str":"544304298243653632","retweet_count":125,"in_reply_to_user_id":null,"favorited":false,"user":{"follow_request_sent":false,"profile_use_background_image":true,"profile_text_color":"323232","default_profile_image":false,"id":2467791,"profile_background_image_url_https":"https:\/\/pbs.twimg.com\/profile_background_images\/464437503\/wp-capitol.png","verified":true,"profile_location":null,"profile_image_url_https":"https:\/\/pbs.twimg.com\/profile_images\/378800000252568100\/7a366ac8d0f934b5318e721ba049e9b1_normal.png","profile_sidebar_fill_color":"DBDBDB","entities":{"url":{"urls":[{"url":"http:\/\/t.co\/SeUUGKkA6o","indices":[0,22],"expanded_url":"http:\/\/instagram.com\/washingtonpost","display_url":"instagram.com\/washingtonpost"}]},"description":{"urls":[]}},"followers_count":3790819,"profile_sidebar_border_color":"FFFFFF","id_str":"2467791","profile_background_color":"333333","listed_count":58165,"is_translation_enabled":true,"utc_offset":-18000,"statuses_count":122501,"description":"Tweets about everything from breaking news to bad restaurants. Sometimes global, sometimes local. Led by @hermanywong and @MiGold.","friends_count":1155,"location":"Washington, D.C. ","profile_link_color":"0057EC","profile_image_url":"http:\/\/pbs.twimg.com\/profile_images\/378800000252568100\/7a366ac8d0f934b5318e721ba049e9b1_normal.png","following":false,"geo_enabled":true,"profile_banner_url":"https:\/\/pbs.twimg.com\/profile_banners\/2467791\/1348076832","profile_background_image_url":"http:\/\/pbs.twimg.com\/profile_background_images\/464437503\/wp-capitol.png","name":"Washington Post","lang":"en","profile_background_tile":false,"favourites_count":3980,"screen_name":"washingtonpost","notifications":false,"url":"http:\/\/t.co\/SeUUGKkA6o","created_at":"Tue Mar 27 11:19:39 +0000 2007","contributors_enabled":false,"time_zone":"Eastern Time (US & Canada)","protected":false,"default_profile":false,"is_translator":false},"geo":null,"in_reply_to_user_id_str":null,"possibly_sensitive":false,"lang":"en","created_at":"Mon Dec 15 01:33:52 +0000 2014","in_reply_to_status_id_str":null,"place":null}