{"contributors":null,"truncated":false,"text":"Scary scenes in Sydney right now. Thoughts go out to everyone involved. Hopefully the hostage situation can be resolved peacefully.","in_reply_to_status_id":null,"id":544301455952588801,"favorite_count":471,"source":"<a href=\"https:\/\/about.twitter.com\/products\/tweetdeck\" rel=\"nofollow\">TweetDeck<\/a>","retweeted":false,"coordinates":null,"entities":{"symbols":[],"user_mentions":[],"hashtags":[],"urls":[]},"in_reply_to_screen_name":null,"id_str":"544301455952588801","retweet_count":125,"in_reply_to_user_id":null,"favorited":false,"user":{"follow_request_sent":false,"profile_use_background_image":true,"profile_text_color":"3C3940","default_profile_image":false,"id":268270621,"profile_background_image_url_https":"https:\/\/pbs.twimg.com\/profile_background_images\/556201883\/vikk_twitter_bg.jpg","verified":true,"profile_location":null,"profile_image_url_https":"https:\/\/pbs.twimg.com\/profile_images\/589571880383840256\/CFwIj-kq_normal.jpg","profile_sidebar_fill_color":"95E8EC","entities":{"url":{"urls":[{"url":"http:\/\/t.co\/Bu0W8dXZkx","indices":[0,22],"expanded_url":"http:\/\/www.youtube.com\/Vikkstar123","display_url":"youtube.com\/Vikkstar123"}]},"description":{"urls":[{"url":"http:\/\/t.co\/UTeZjWatUX","indices":[87,109],"expanded_url":"http:\/\/instagram.com\/vikkstagram","display_url":"instagram.com\/vikkstagram"},{"url":"http:\/\/t.co\/jNUMEpfShB","indices":[110,132],"expanded_url":"http:\/\/www.youtube.com\/Vikkstar123HD","display_url":"youtube.com\/Vikkstar123HD"}]}},"followers_count":403763,"profile_sidebar_border_color":"5ED4DC","id_str":"268270621","profile_background_color":"0099B9","listed_count":455,"is_translation_enabled":false,"utc_offset":0,"statuses_count":61094,"description":"YouTube Gaming Content Creator based in the UK! Business Contact - vikbarn@gmail.com \r\nhttp:\/\/t.co\/UTeZjWatUX http:\/\/t.co\/jNUMEpfShB","friends_count":426,"location":"England","profile_link_color":"0099B9","profile_image_url":"http:\/\/pbs.twimg.com\/profile_images\/589571880383840256\/CFwIj-kq_normal.jpg","following":false,"geo_enabled":true,"profile_background_image_url":"http:\/\/pbs.twimg.com\/profile_background_images\/556201883\/vikk_twitter_bg.jpg","name":"Vikkstar123","lang":"en","profile_background_tile":true,"favourites_count":208101,"screen_name":"Vikkstar123","notifications":false,"url":"http:\/\/t.co\/Bu0W8dXZkx","created_at":"Fri Mar 18 12:55:19 +0000 2011","contributors_enabled":false,"time_zone":"London","protected":false,"default_profile":false,"is_translator":false},"geo":null,"in_reply_to_user_id_str":null,"lang":"en","created_at":"Mon Dec 15 01:22:34 +0000 2014","in_reply_to_status_id_str":null,"place":null}