[{"contributors":null,"truncated":false,"text":"@robertbreenau thank you sir","in_reply_to_status_id":544301449845305344,"id":544302393836331009,"favorite_count":0,"source":"<a href=\"http://twitter.com/download/android\" rel=\"nofollow\">Twitter for Android</a>","retweeted":false,"coordinates":null,"entities":{"symbols":[],"user_mentions":[{"id":82048287,"indices":[0,14],"id_str":"82048287","screen_name":"robertbreenau","name":"Robert Breen"}],"hashtags":[],"urls":[]},"in_reply_to_screen_name":"robertbreenau","id_str":"544302393836331009","retweet_count":0,"in_reply_to_user_id":82048287,"favorited":false,"user":{"follow_request_sent":false,"profile_use_background_image":true,"profile_text_color":"333333","default_profile_image":false,"id":2218292204,"profile_background_image_url_https":"https://abs.twimg.com/images/themes/theme1/bg.png","verified":false,"profile_location":null,"profile_image_url_https":"https://pbs.twimg.com/profile_images/536613257121759233/NQU8e2jB_normal.jpeg","profile_sidebar_fill_color":"DDEEF6","entities":{"description":{"urls":[]}},"followers_count":41,"profile_sidebar_border_color":"C0DEED","id_str":"2218292204","profile_background_color":"C0DEED","listed_count":0,"is_translation_enabled":false,"utc_offset":-25200,"statuses_count":1151,"description":"Twitter is so overated","friends_count":162,"location":"","profile_link_color":"0084B4","profile_image_url":"http://pbs.twimg.com/profile_images/536613257121759233/NQU8e2jB_normal.jpeg","following":false,"geo_enabled":false,"profile_banner_url":"https://pbs.twimg.com/profile_banners/2218292204/1409791931","profile_background_image_url":"http://abs.twimg.com/images/themes/theme1/bg.png","name":"Usman","lang":"en","profile_background_tile":false,"favourites_count":1098,"screen_name":"UsmanRiz","notifications":false,"url":null,"created_at":"Wed Nov 27 19:05:18 +0000 2013","contributors_enabled":false,"time_zone":"Arizona","protected":false,"default_profile":true,"is_translator":false},"geo":null,"in_reply_to_user_id_str":"82048287","lang":"en","created_at":"Mon Dec 15 01:26:17 +0000 2014","in_reply_to_status_id_str":"544301449845305344","place":null},
{"contributors":null,"truncated":false,"text":"@robertbreenau but, will be silent...","in_reply_to_status_id":544301449845305344,"id":544302876864958466,"favorite_count":0,"source":"<a href=\"http://twitter.com/download/android\" rel=\"nofollow\">Twitter for Android</a>","retweeted":false,"coordinates":null,"entities":{"symbols":[],"user_mentions":[{"id":82048287,"indices":[0,14],"id_str":"82048287","screen_name":"robertbreenau","name":"Robert Breen"}],"hashtags":[],"urls":[]},"in_reply_to_screen_name":"robertbreenau","id_str":"544302876864958466","retweet_count":0,"in_reply_to_user_id":82048287,"favorited":false,"user":{"follow_request_sent":false,"profile_use_background_image":true,"profile_text_color":"333333","default_profile_image":false,"id":18558809,"profile_background_image_url_https":"https://abs.twimg.com/images/themes/theme1/bg.png","verified":false,"profile_location":null,"profile_image_url_https":"https://pbs.twimg.com/profile_images/581936882663079936/ivqAxreD_normal.png","profile_sidebar_fill_color":"DDEEF6","entities":{"description":{"urls":[]}},"followers_count":1592,"profile_sidebar_border_color":"C0DEED","id_str":"18558809","profile_background_color":"C0DEED","listed_count":24,"is_translation_enabled":false,"utc_offset":null,"statuses_count":29664,"description":"Prog & Roll","friends_count":2001,"location":"Paradise Hawaii","profile_link_color":"0084B4","profile_image_url":"http://pbs.twimg.com/profile_images/581936882663079936/ivqAxreD_normal.png","following":false,"geo_enabled":true,"profile_background_image_url":"http://abs.twimg.com/images/themes/theme1/bg.png","name":"White Fruit Picker","lang":"en","profile_background_tile":false,"favourites_count":18908,"screen_name":"koolkat14215","notifications":false,"url":null,"created_at":"Fri Jan 02 18:41:17 +0000 2009","contributors_enabled":false,"time_zone":null,"protected":false,"default_profile":true,"is_translator":false},"geo":null,"in_reply_to_user_id_str":"82048287","lang":"en","created_at":"Mon Dec 15 01:28:13 +0000 2014","in_reply_to_status_id_str":"544301449845305344","place":null},
{"contributors":null,"truncated":false,"text":"@robertbreenau @coffee_stained thank you :)","in_reply_to_status_id":544301449845305344,"id":544302917973725185,"favorite_count":0,"source":"<a href=\"http://twitter.com/download/iphone\" rel=\"nofollow\">Twitter for iPhone</a>","retweeted":false,"coordinates":null,"entities":{"symbols":[],"user_mentions":[{"id":82048287,"indices":[0,14],"id_str":"82048287","screen_name":"robertbreenau","name":"Robert Breen"},{"id":170322465,"indices":[15,30],"id_str":"170322465","screen_name":"coffee_stained","name":"jonas"}],"hashtags":[],"urls":[]},"in_reply_to_screen_name":"robertbreenau","id_str":"544302917973725185","retweet_count":0,"in_reply_to_user_id":82048287,"favorited":false,"user":{"follow_request_sent":false,"profile_use_background_image":true,"profile_text_color":"333333","default_profile_image":false,"id":43089397,"profile_background_image_url_https":"https://abs.twimg.com/images/themes/theme1/bg.png","verified":false,"profile_location":null,"profile_image_url_https":"https://pbs.twimg.com/profile_images/553910825896128513/TJP3CnrK_normal.jpeg","profile_sidebar_fill_color":"DDEEF6","entities":{"description":{"urls":[]}},"followers_count":537,"profile_sidebar_border_color":"C0DEED","id_str":"43089397","profile_background_color":"C0DEED","listed_count":33,"is_translation_enabled":false,"utc_offset":-18000,"statuses_count":36207,"description":"Networking Convergence Engineer with a specialization in Degu Colony Management.","friends_count":861,"location":"Brampton, Ontario, Canada","profile_link_color":"0084B4","profile_image_url":"http://pbs.twimg.com/profile_images/553910825896128513/TJP3CnrK_normal.jpeg","following":false,"geo_enabled":true,"profile_background_image_url":"http://abs.twimg.com/images/themes/theme1/bg.png","name":"DegusLocke","lang":"en","profile_background_tile":false,"favourites_count":19963,"screen_name":"DegusLocke","notifications":false,"url":null,"created_at":"Thu May 28 11:10:49 +0000 2009","contributors_enabled":false,"time_zone":"Eastern Time (US & Canada)","protected":false,"default_profile":true,"is_translator":false},"geo":null,"in_reply_to_user_id_str":"82048287","lang":"en","created_at":"Mon Dec 15 01:28:22 +0000 2014","in_reply_to_status_id_str":"544301449845305344","place":null},
{"contributors":null,"truncated":false,"text":"@robertbreenau then let's here them condemn it.  Silence means consent. #sydneysiege","in_reply_to_status_id":544301449845305344,"id":544302933714558976,"favorite_count":3,"source":"<a href=\"http://twitter.com/download/android\" rel=\"nofollow\">Twitter for Android</a>","retweeted":false,"coordinates":null,"entities":{"symbols":[],"user_mentions":[{"id":82048287,"indices":[0,14],"id_str":"82048287","screen_name":"robertbreenau","name":"Robert Breen"}],"hashtags":[{"indices":[72,84],"text":"sydneysiege"}],"urls":[]},"in_reply_to_screen_name":"robertbreenau","id_str":"544302933714558976","retweet_count":2,"in_reply_to_user_id":82048287,"favorited":false,"user":{"follow_request_sent":false,"profile_use_background_image":true,"profile_text_color":"333333","default_profile_image":false,"id":1072596854,"profile_background_image_url_https":"https://abs.twimg.com/images/themes/theme14/bg.gif","verified":false,"profile_location":null,"profile_image_url_https":"https://pbs.twimg.com/profile_images/378800000495448998/a5c7e8a47808749e289e39e1bb3e2554_normal.jpeg","profile_sidebar_fill_color":"EFEFEF","entities":{"description":{"urls":[]}},"followers_count":2117,"profile_sidebar_border_color":"EEEEEE","id_str":"1072596854","profile_background_color":"131516","listed_count":35,"is_translation_enabled":false,"utc_offset":-21600,"statuses_count":11465,"description":"Christian, NRA Life Member, 2A & Constitution Lover, Pro-Israel, and Pro-Life.","friends_count":2270,"location":"","profile_link_color":"009999","profile_image_url":"http://pbs.twimg.com/profile_images/378800000495448998/a5c7e8a47808749e289e39e1bb3e2554_normal.jpeg","following":false,"geo_enabled":false,"profile_banner_url":"https://pbs.twimg.com/profile_banners/1072596854/1360209431","profile_background_image_url":"http://abs.twimg.com/images/themes/theme14/bg.gif","name":"3rd Party 2AFan","lang":"en","profile_background_tile":true,"favourites_count":3160,"screen_name":"2AFan","notifications":false,"url":null,"created_at":"Wed Jan 09 02:14:51 +0000 2013","contributors_enabled":false,"time_zone":"Central Time (US & Canada)","protected":false,"default_profile":false,"is_translator":false},"geo":null,"in_reply_to_user_id_str":"82048287","lang":"en","created_at":"Mon Dec 15 01:28:26 +0000 2014","in_reply_to_status_id_str":"544301449845305344","place":null},
{"contributors":null,"truncated":false,"text":"@UsmanRiz I sincerely hope non-Islamic Aussies avoid defaulting to anti-Islamic bigotry in the coming days &amp; weeks.","in_reply_to_status_id":544302393836331009,"id":544302955365560320,"favorite_count":2,"source":"<a href=\"http://twitter.com\" rel=\"nofollow\">Twitter Web Client</a>","retweeted":false,"coordinates":null,"entities":{"symbols":[],"user_mentions":[{"id":2218292204,"indices":[0,9],"id_str":"2218292204","screen_name":"UsmanRiz","name":"Usman"}],"hashtags":[],"urls":[]},"in_reply_to_screen_name":"UsmanRiz","id_str":"544302955365560320","retweet_count":1,"in_reply_to_user_id":2218292204,"favorited":false,"user":{"follow_request_sent":false,"profile_use_background_image":true,"profile_text_color":"333333","default_profile_image":false,"id":82048287,"profile_background_image_url_https":"https://abs.twimg.com/images/themes/theme1/bg.png","verified":false,"profile_location":null,"profile_image_url_https":"https://pbs.twimg.com/profile_images/562918254113349632/dAbEUakq_normal.jpeg","profile_sidebar_fill_color":"DDEEF6","entities":{"url":{"urls":[{"url":"http://t.co/ZZAU5kD9MJ","indices":[0,22],"expanded_url":"http://linkedin.com/in/robertbreenau","display_url":"linkedin.com/in/robertbreen…"}]},"description":{"urls":[]}},"followers_count":1554,"profile_sidebar_border_color":"C0DEED","id_str":"82048287","profile_background_color":"C0DEED","listed_count":29,"is_translation_enabled":false,"utc_offset":39600,"statuses_count":979,"description":"Economist, banker, traveler, writer, foodie, geek, nerd. Tweeting about Kiva, startups, crowdfunding, microfinance, writing, food & politics.","friends_count":1874,"location":"Ulaanbaatar, Mongolia","profile_link_color":"0084B4","profile_image_url":"http://pbs.twimg.com/profile_images/562918254113349632/dAbEUakq_normal.jpeg","following":false,"geo_enabled":true,"profile_banner_url":"https://pbs.twimg.com/profile_banners/82048287/1417936707","profile_background_image_url":"http://abs.twimg.com/images/themes/theme1/bg.png","name":"Robert Breen","lang":"en","profile_background_tile":false,"favourites_count":709,"screen_name":"robertbreenau","notifications":false,"url":"http://t.co/ZZAU5kD9MJ","created_at":"Tue Oct 13 08:48:32 +0000 2009","contributors_enabled":false,"time_zone":"Sydney","protected":false,"default_profile":true,"is_translator":false},"geo":null,"in_reply_to_user_id_str":"2218292204","lang":"en","created_at":"Mon Dec 15 01:28:31 +0000 2014","in_reply_to_status_id_str":"544302393836331009","place":null},
{"contributors":null,"truncated":false,"text":"@robertbreenau \"$1.6 bn\" I didn't know muslims were a form of currency","in_reply_to_status_id":544301449845305344,"id":544303006758342656,"favorite_count":6,"source":"<a href=\"http://twitter.com\" rel=\"nofollow\">Twitter Web Client</a>","retweeted":false,"coordinates":null,"entities":{"symbols":[],"user_mentions":[{"id":82048287,"indices":[0,14],"id_str":"82048287","screen_name":"robertbreenau","name":"Robert Breen"}],"hashtags":[],"urls":[]},"in_reply_to_screen_name":"robertbreenau","id_str":"544303006758342656","retweet_count":0,"in_reply_to_user_id":82048287,"favorited":false,"user":{"follow_request_sent":false,"profile_use_background_image":false,"profile_text_color":"000000","default_profile_image":false,"id":2708151626,"profile_background_image_url_https":"https://abs.twimg.com/images/themes/theme1/bg.png","verified":false,"profile_location":null,"profile_image_url_https":"https://pbs.twimg.com/profile_images/496558609421963264/Dlwlwkr8_normal.jpeg","profile_sidebar_fill_color":"000000","entities":{"url":{"urls":[{"url":"http://t.co/DBqNEoXzgW","indices":[0,22],"expanded_url":"http://tomlawson45.tumblr.com","display_url":"tomlawson45.tumblr.com"}]},"description":{"urls":[]}},"followers_count":12,"profile_sidebar_border_color":"000000","id_str":"2708151626","profile_background_color":"000000","listed_count":0,"is_translation_enabled":false,"utc_offset":null,"statuses_count":62,"description":"Final boss of the internet","friends_count":211,"location":"Sydney, Australia","profile_link_color":"4D7F91","profile_image_url":"http://pbs.twimg.com/profile_images/496558609421963264/Dlwlwkr8_normal.jpeg","following":false,"geo_enabled":false,"profile_banner_url":"https://pbs.twimg.com/profile_banners/2708151626/1407211594","profile_background_image_url":"http://abs.twimg.com/images/themes/theme1/bg.png","name":"Tom Lawson","lang":"en","profile_background_tile":false,"favourites_count":171,"screen_name":"tlawson77","notifications":false,"url":"http://t.co/DBqNEoXzgW","created_at":"Tue Aug 05 03:22:22 +0000 2014","contributors_enabled":false,"time_zone":null,"protected":false,"default_profile":false,"is_translator":false},"geo":null,"in_reply_to_user_id_str":"82048287","lang":"en","created_at":"Mon Dec 15 01:28:44 +0000 2014","in_reply_to_status_id_str":"544301449845305344","place":null},
{"contributors":null,"truncated":false,"text":"@robertbreenau  thanks sir","in_reply_to_status_id":544302955365560320,"id":544303037024460800,"favorite_count":0,"source":"<a href=\"http://twitter.com/download/android\" rel=\"nofollow\">Twitter for Android</a>","retweeted":false,"coordinates":null,"entities":{"symbols":[],"user_mentions":[{"id":82048287,"indices":[0,14],"id_str":"82048287","screen_name":"robertbreenau","name":"Robert Breen"}],"hashtags":[],"urls":[]},"in_reply_to_screen_name":"robertbreenau","id_str":"544303037024460800","retweet_count":0,"in_reply_to_user_id":82048287,"favorited":false,"user":{"follow_request_sent":false,"profile_use_background_image":true,"profile_text_color":"333333","default_profile_image":false,"id":2218292204,"profile_background_image_url_https":"https://abs.twimg.com/images/themes/theme1/bg.png","verified":false,"profile_location":null,"profile_image_url_https":"https://pbs.twimg.com/profile_images/536613257121759233/NQU8e2jB_normal.jpeg","profile_sidebar_fill_color":"DDEEF6","entities":{"description":{"urls":[]}},"followers_count":41,"profile_sidebar_border_color":"C0DEED","id_str":"2218292204","profile_background_color":"C0DEED","listed_count":0,"is_translation_enabled":false,"utc_offset":-25200,"statuses_count":1151,"description":"Twitter is so overated","friends_count":162,"location":"","profile_link_color":"0084B4","profile_image_url":"http://pbs.twimg.com/profile_images/536613257121759233/NQU8e2jB_normal.jpeg","following":false,"geo_enabled":false,"profile_banner_url":"https://pbs.twimg.com/profile_banners/2218292204/1409791931","profile_background_image_url":"http://abs.twimg.com/images/themes/theme1/bg.png","name":"Usman","lang":"en","profile_background_tile":false,"favourites_count":1098,"screen_name":"UsmanRiz","notifications":false,"url":null,"created_at":"Wed Nov 27 19:05:18 +0000 2013","contributors_enabled":false,"time_zone":"Arizona","protected":false,"default_profile":true,"is_translator":false},"geo":null,"in_reply_to_user_id_str":"82048287","lang":"en","created_at":"Mon Dec 15 01:28:51 +0000 2014","in_reply_to_status_id_str":"544302955365560320","place":null},
{"contributors":null,"truncated":false,"text":"@robertbreenau  i hope so too","in_reply_to_status_id":544302955365560320,"id":544303072424378368,"favorite_count":0,"source":"<a href=\"http://twitter.com/download/android\" rel=\"nofollow\">Twitter for Android</a>","retweeted":false,"coordinates":null,"entities":{"symbols":[],"user_mentions":[{"id":82048287,"indices":[0,14],"id_str":"82048287","screen_name":"robertbreenau","name":"Robert Breen"}],"hashtags":[],"urls":[]},"in_reply_to_screen_name":"robertbreenau","id_str":"544303072424378368","retweet_count":0,"in_reply_to_user_id":82048287,"favorited":false,"user":{"follow_request_sent":false,"profile_use_background_image":true,"profile_text_color":"333333","default_profile_image":false,"id":2218292204,"profile_background_image_url_https":"https://abs.twimg.com/images/themes/theme1/bg.png","verified":false,"profile_location":null,"profile_image_url_https":"https://pbs.twimg.com/profile_images/536613257121759233/NQU8e2jB_normal.jpeg","profile_sidebar_fill_color":"DDEEF6","entities":{"description":{"urls":[]}},"followers_count":41,"profile_sidebar_border_color":"C0DEED","id_str":"2218292204","profile_background_color":"C0DEED","listed_count":0,"is_translation_enabled":false,"utc_offset":-25200,"statuses_count":1151,"description":"Twitter is so overated","friends_count":162,"location":"","profile_link_color":"0084B4","profile_image_url":"http://pbs.twimg.com/profile_images/536613257121759233/NQU8e2jB_normal.jpeg","following":false,"geo_enabled":false,"profile_banner_url":"https://pbs.twimg.com/profile_banners/2218292204/1409791931","profile_background_image_url":"http://abs.twimg.com/images/themes/theme1/bg.png","name":"Usman","lang":"en","profile_background_tile":false,"favourites_count":1098,"screen_name":"UsmanRiz","notifications":false,"url":null,"created_at":"Wed Nov 27 19:05:18 +0000 2013","contributors_enabled":false,"time_zone":"Arizona","protected":false,"default_profile":true,"is_translator":false},"geo":null,"in_reply_to_user_id_str":"82048287","lang":"en","created_at":"Mon Dec 15 01:28:59 +0000 2014","in_reply_to_status_id_str":"544302955365560320","place":null},
{"contributors":null,"truncated":false,"text":"@robertbreenau actually about half of all Muslims world wide support sharia law which makes them extremist.","in_reply_to_status_id":544301449845305344,"id":544303351593054209,"favorite_count":0,"source":"<a href=\"http://twitter.com/download/android\" rel=\"nofollow\">Twitter for Android</a>","retweeted":false,"coordinates":null,"entities":{"symbols":[],"user_mentions":[{"id":82048287,"indices":[0,14],"id_str":"82048287","screen_name":"robertbreenau","name":"Robert Breen"}],"hashtags":[],"urls":[]},"in_reply_to_screen_name":"robertbreenau","id_str":"544303351593054209","retweet_count":0,"in_reply_to_user_id":82048287,"favorited":false,"user":{"follow_request_sent":false,"profile_use_background_image":true,"profile_text_color":"333333","default_profile_image":false,"id":17734252,"profile_background_image_url_https":"https://abs.twimg.com/images/themes/theme1/bg.png","verified":false,"profile_location":null,"profile_image_url_https":"https://pbs.twimg.com/profile_images/1819593623/image_normal.jpg","profile_sidebar_fill_color":"DDEEF6","entities":{"description":{"urls":[]}},"followers_count":45,"profile_sidebar_border_color":"C0DEED","id_str":"17734252","profile_background_color":"C0DEED","listed_count":0,"is_translation_enabled":false,"utc_offset":-28800,"statuses_count":938,"description":"","friends_count":99,"location":"California, Riverside","profile_link_color":"0084B4","profile_image_url":"http://pbs.twimg.com/profile_images/1819593623/image_normal.jpg","following":false,"geo_enabled":true,"profile_background_image_url":"http://abs.twimg.com/images/themes/theme1/bg.png","name":"cirrob","lang":"en","profile_background_tile":false,"favourites_count":45,"screen_name":"cirrob","notifications":false,"url":null,"created_at":"Sat Nov 29 13:44:24 +0000 2008","contributors_enabled":false,"time_zone":"Pacific Time (US & Canada)","protected":false,"default_profile":true,"is_translator":false},"geo":null,"in_reply_to_user_id_str":"82048287","lang":"en","created_at":"Mon Dec 15 01:30:06 +0000 2014","in_reply_to_status_id_str":"544301449845305344","place":null},
{"contributors":null,"truncated":false,"text":"@2AFan Do Christian churches publicly condemn Westboro? No. Major churches don't have to answer for tiny extremist fringe groups.","in_reply_to_status_id":544302933714558976,"id":544303423214993408,"favorite_count":2,"source":"<a href=\"http://twitter.com\" rel=\"nofollow\">Twitter Web Client</a>","retweeted":false,"coordinates":null,"entities":{"symbols":[],"user_mentions":[{"id":1072596854,"indices":[0,6],"id_str":"1072596854","screen_name":"2AFan","name":"3rd Party 2AFan"}],"hashtags":[],"urls":[]},"in_reply_to_screen_name":"2AFan","id_str":"544303423214993408","retweet_count":2,"in_reply_to_user_id":1072596854,"favorited":false,"user":{"follow_request_sent":false,"profile_use_background_image":true,"profile_text_color":"333333","default_profile_image":false,"id":82048287,"profile_background_image_url_https":"https://abs.twimg.com/images/themes/theme1/bg.png","verified":false,"profile_location":null,"profile_image_url_https":"https://pbs.twimg.com/profile_images/562918254113349632/dAbEUakq_normal.jpeg","profile_sidebar_fill_color":"DDEEF6","entities":{"url":{"urls":[{"url":"http://t.co/ZZAU5kD9MJ","indices":[0,22],"expanded_url":"http://linkedin.com/in/robertbreenau","display_url":"linkedin.com/in/robertbreen…"}]},"description":{"urls":[]}},"followers_count":1554,"profile_sidebar_border_color":"C0DEED","id_str":"82048287","profile_background_color":"C0DEED","listed_count":29,"is_translation_enabled":false,"utc_offset":39600,"statuses_count":979,"description":"Economist, banker, traveler, writer, foodie, geek, nerd. Tweeting about Kiva, startups, crowdfunding, microfinance, writing, food & politics.","friends_count":1874,"location":"Ulaanbaatar, Mongolia","profile_link_color":"0084B4","profile_image_url":"http://pbs.twimg.com/profile_images/562918254113349632/dAbEUakq_normal.jpeg","following":false,"geo_enabled":true,"profile_banner_url":"https://pbs.twimg.com/profile_banners/82048287/1417936707","profile_background_image_url":"http://abs.twimg.com/images/themes/theme1/bg.png","name":"Robert Breen","lang":"en","profile_background_tile":false,"favourites_count":709,"screen_name":"robertbreenau","notifications":false,"url":"http://t.co/ZZAU5kD9MJ","created_at":"Tue Oct 13 08:48:32 +0000 2009","contributors_enabled":false,"time_zone":"Sydney","protected":false,"default_profile":true,"is_translator":false},"geo":null,"in_reply_to_user_id_str":"1072596854","lang":"en","created_at":"Mon Dec 15 01:30:23 +0000 2014","in_reply_to_status_id_str":"544302933714558976","place":null},
{"contributors":null,"truncated":false,"text":"@cirrob \"Sharia law\" is an umbrella term. The vast majority of muslims do not support an interpretation of Sharia that encourages violence.","in_reply_to_status_id":544303351593054209,"id":544303774190141440,"favorite_count":0,"source":"<a href=\"http://twitter.com\" rel=\"nofollow\">Twitter Web Client</a>","retweeted":false,"coordinates":null,"entities":{"symbols":[],"user_mentions":[{"id":17734252,"indices":[0,7],"id_str":"17734252","screen_name":"cirrob","name":"cirrob"}],"hashtags":[],"urls":[]},"in_reply_to_screen_name":"cirrob","id_str":"544303774190141440","retweet_count":1,"in_reply_to_user_id":17734252,"favorited":false,"user":{"follow_request_sent":false,"profile_use_background_image":true,"profile_text_color":"333333","default_profile_image":false,"id":82048287,"profile_background_image_url_https":"https://abs.twimg.com/images/themes/theme1/bg.png","verified":false,"profile_location":null,"profile_image_url_https":"https://pbs.twimg.com/profile_images/562918254113349632/dAbEUakq_normal.jpeg","profile_sidebar_fill_color":"DDEEF6","entities":{"url":{"urls":[{"url":"http://t.co/ZZAU5kD9MJ","indices":[0,22],"expanded_url":"http://linkedin.com/in/robertbreenau","display_url":"linkedin.com/in/robertbreen…"}]},"description":{"urls":[]}},"followers_count":1554,"profile_sidebar_border_color":"C0DEED","id_str":"82048287","profile_background_color":"C0DEED","listed_count":29,"is_translation_enabled":false,"utc_offset":39600,"statuses_count":979,"description":"Economist, banker, traveler, writer, foodie, geek, nerd. Tweeting about Kiva, startups, crowdfunding, microfinance, writing, food & politics.","friends_count":1874,"location":"Ulaanbaatar, Mongolia","profile_link_color":"0084B4","profile_image_url":"http://pbs.twimg.com/profile_images/562918254113349632/dAbEUakq_normal.jpeg","following":false,"geo_enabled":true,"profile_banner_url":"https://pbs.twimg.com/profile_banners/82048287/1417936707","profile_background_image_url":"http://abs.twimg.com/images/themes/theme1/bg.png","name":"Robert Breen","lang":"en","profile_background_tile":false,"favourites_count":709,"screen_name":"robertbreenau","notifications":false,"url":"http://t.co/ZZAU5kD9MJ","created_at":"Tue Oct 13 08:48:32 +0000 2009","contributors_enabled":false,"time_zone":"Sydney","protected":false,"default_profile":true,"is_translator":false},"geo":null,"in_reply_to_user_id_str":"17734252","lang":"en","created_at":"Mon Dec 15 01:31:47 +0000 2014","in_reply_to_status_id_str":"544303351593054209","place":null},
{"contributors":null,"truncated":false,"text":"@robertbreenau @deanprocter $ ?","in_reply_to_status_id":544301449845305344,"id":544303863059083264,"favorite_count":0,"source":"<a href=\"http://twitter.com/download/android\" rel=\"nofollow\">Twitter for Android</a>","retweeted":false,"coordinates":null,"entities":{"symbols":[],"user_mentions":[{"id":82048287,"indices":[0,14],"id_str":"82048287","screen_name":"robertbreenau","name":"Robert Breen"},{"id":23367304,"indices":[15,27],"id_str":"23367304","screen_name":"deanprocter","name":"flying shiny toaster"}],"hashtags":[],"urls":[]},"in_reply_to_screen_name":"robertbreenau","id_str":"544303863059083264","retweet_count":0,"in_reply_to_user_id":82048287,"favorited":false,"user":{"follow_request_sent":false,"profile_use_background_image":true,"profile_text_color":"333333","default_profile_image":false,"id":57625784,"profile_background_image_url_https":"https://abs.twimg.com/images/themes/theme1/bg.png","verified":false,"profile_location":null,"profile_image_url_https":"https://pbs.twimg.com/profile_images/529842634244644866/PzXXhd_B_normal.png","profile_sidebar_fill_color":"DDEEF6","entities":{"description":{"urls":[]}},"followers_count":204,"profile_sidebar_border_color":"C0DEED","id_str":"57625784","profile_background_color":"C0DEED","listed_count":2,"is_translation_enabled":false,"utc_offset":39600,"statuses_count":5097,"description":"Anarchist, Vegetarian. All life is equal, except Zionists. Australian apathy and the benefiting politicians are all fucked. Revolution!!! #auspol","friends_count":349,"location":"Newcastle","profile_link_color":"0084B4","profile_image_url":"http://pbs.twimg.com/profile_images/529842634244644866/PzXXhd_B_normal.png","following":false,"geo_enabled":false,"profile_banner_url":"https://pbs.twimg.com/profile_banners/57625784/1392677000","profile_background_image_url":"http://abs.twimg.com/images/themes/theme1/bg.png","name":"Dr Golightly","lang":"en","profile_background_tile":false,"favourites_count":1022,"screen_name":"DrGolightly","notifications":false,"url":null,"created_at":"Fri Jul 17 12:08:13 +0000 2009","contributors_enabled":false,"time_zone":"Sydney","protected":false,"default_profile":true,"is_translator":false},"geo":null,"in_reply_to_user_id_str":"82048287","lang":"und","created_at":"Mon Dec 15 01:32:08 +0000 2014","in_reply_to_status_id_str":"544301449845305344","place":null},
{"contributors":null,"truncated":false,"text":"@robertbreenau @deanprocter So what had happened in Sydney?","in_reply_to_status_id":544301449845305344,"id":544303946437623810,"favorite_count":0,"source":"<a href=\"http://twitter.com\" rel=\"nofollow\">Twitter Web Client</a>","retweeted":false,"coordinates":null,"entities":{"symbols":[],"user_mentions":[{"id":82048287,"indices":[0,14],"id_str":"82048287","screen_name":"robertbreenau","name":"Robert Breen"},{"id":23367304,"indices":[15,27],"id_str":"23367304","screen_name":"deanprocter","name":"flying shiny toaster"}],"hashtags":[],"urls":[]},"in_reply_to_screen_name":"robertbreenau","id_str":"544303946437623810","retweet_count":0,"in_reply_to_user_id":82048287,"favorited":false,"user":{"follow_request_sent":false,"profile_use_background_image":true,"profile_text_color":"333333","default_profile_image":false,"id":249840560,"profile_background_image_url_https":"https://abs.twimg.com/images/themes/theme1/bg.png","verified":false,"profile_location":null,"profile_image_url_https":"https://pbs.twimg.com/profile_images/2863484158/cbee01e219b6e3c82f4cc82a48d46502_normal.jpeg","profile_sidebar_fill_color":"DDEEF6","entities":{"description":{"urls":[]}},"followers_count":2858,"profile_sidebar_border_color":"C0DEED","id_str":"249840560","profile_background_color":"C0DEED","listed_count":133,"is_translation_enabled":false,"utc_offset":-28800,"statuses_count":73473,"description":"I support Palestine, NCAA Division 1 College Basketball, political activism & Truth Movement, Bike/Velo riding and the foodie/culinary scene.","friends_count":3137,"location":"","profile_link_color":"0084B4","profile_image_url":"http://pbs.twimg.com/profile_images/2863484158/cbee01e219b6e3c82f4cc82a48d46502_normal.jpeg","following":false,"geo_enabled":false,"profile_background_image_url":"http://abs.twimg.com/images/themes/theme1/bg.png","name":"Chris Erion","lang":"en","profile_background_tile":false,"favourites_count":31,"screen_name":"oc_f1fan","notifications":false,"url":null,"created_at":"Wed Feb 09 22:06:33 +0000 2011","contributors_enabled":false,"time_zone":"Pacific Time (US & Canada)","protected":false,"default_profile":true,"is_translator":false},"geo":null,"in_reply_to_user_id_str":"82048287","lang":"en","created_at":"Mon Dec 15 01:32:28 +0000 2014","in_reply_to_status_id_str":"544301449845305344","place":null},
{"contributors":null,"truncated":false,"text":"@robertbreenau last I checked nobody from Westboro was lopping off any heads.  Nice deflection.  Not comparable.","in_reply_to_status_id":544303423214993408,"id":544303971280515073,"favorite_count":0,"source":"<a href=\"http://twitter.com/download/android\" rel=\"nofollow\">Twitter for Android</a>","retweeted":false,"coordinates":null,"entities":{"symbols":[],"user_mentions":[{"id":82048287,"indices":[0,14],"id_str":"82048287","screen_name":"robertbreenau","name":"Robert Breen"}],"hashtags":[],"urls":[]},"in_reply_to_screen_name":"robertbreenau","id_str":"544303971280515073","retweet_count":1,"in_reply_to_user_id":82048287,"favorited":false,"user":{"follow_request_sent":false,"profile_use_background_image":true,"profile_text_color":"333333","default_profile_image":false,"id":1072596854,"profile_background_image_url_https":"https://abs.twimg.com/images/themes/theme14/bg.gif","verified":false,"profile_location":null,"profile_image_url_https":"https://pbs.twimg.com/profile_images/378800000495448998/a5c7e8a47808749e289e39e1bb3e2554_normal.jpeg","profile_sidebar_fill_color":"EFEFEF","entities":{"description":{"urls":[]}},"followers_count":2117,"profile_sidebar_border_color":"EEEEEE","id_str":"1072596854","profile_background_color":"131516","listed_count":35,"is_translation_enabled":false,"utc_offset":-21600,"statuses_count":11465,"description":"Christian, NRA Life Member, 2A & Constitution Lover, Pro-Israel, and Pro-Life.","friends_count":2270,"location":"","profile_link_color":"009999","profile_image_url":"http://pbs.twimg.com/profile_images/378800000495448998/a5c7e8a47808749e289e39e1bb3e2554_normal.jpeg","following":false,"geo_enabled":false,"profile_banner_url":"https://pbs.twimg.com/profile_banners/1072596854/1360209431","profile_background_image_url":"http://abs.twimg.com/images/themes/theme14/bg.gif","name":"3rd Party 2AFan","lang":"en","profile_background_tile":true,"favourites_count":3160,"screen_name":"2AFan","notifications":false,"url":null,"created_at":"Wed Jan 09 02:14:51 +0000 2013","contributors_enabled":false,"time_zone":"Central Time (US & Canada)","protected":false,"default_profile":false,"is_translator":false},"geo":null,"in_reply_to_user_id_str":"82048287","lang":"en","created_at":"Mon Dec 15 01:32:34 +0000 2014","in_reply_to_status_id_str":"544303423214993408","place":null},
{"contributors":null,"truncated":false,"text":"@DrGolightly @robertbreenau Yeah, obviously autocorect getting autocratic.","in_reply_to_status_id":544303863059083264,"id":544303974161977344,"favorite_count":0,"source":"<a href=\"https://about.twitter.com/products/tweetdeck\" rel=\"nofollow\">TweetDeck</a>","retweeted":false,"coordinates":null,"entities":{"symbols":[],"user_mentions":[{"id":57625784,"indices":[0,12],"id_str":"57625784","screen_name":"DrGolightly","name":"Dr Golightly"},{"id":82048287,"indices":[13,27],"id_str":"82048287","screen_name":"robertbreenau","name":"Robert Breen"}],"hashtags":[],"urls":[]},"in_reply_to_screen_name":"DrGolightly","id_str":"544303974161977344","retweet_count":0,"in_reply_to_user_id":57625784,"favorited":false,"user":{"follow_request_sent":false,"profile_use_background_image":true,"profile_text_color":"333333","default_profile_image":false,"id":23367304,"profile_background_image_url_https":"https://pbs.twimg.com/profile_background_images/197936263/jasmine.jpg","verified":false,"profile_location":null,"profile_image_url_https":"https://pbs.twimg.com/profile_images/344513261580047575/9ca1df1647fffc4db742d0f5b4c46fcf_normal.jpeg","profile_sidebar_fill_color":"97B6DE","entities":{"description":{"urls":[]}},"followers_count":2977,"profile_sidebar_border_color":"ABADCC","id_str":"23367304","profile_background_color":"778CDB","listed_count":136,"is_translation_enabled":false,"utc_offset":-18000,"statuses_count":93099,"description":"World's first #PRISM powered toaster © ☮\r\nRevolutionary thinking in action. \r\nMoving to the capital D for Disruptive stage. \r\nPayments.","friends_count":3160,"location":"mobile by mobile","profile_link_color":"029444","profile_image_url":"http://pbs.twimg.com/profile_images/344513261580047575/9ca1df1647fffc4db742d0f5b4c46fcf_normal.jpeg","following":false,"geo_enabled":false,"profile_banner_url":"https://pbs.twimg.com/profile_banners/23367304/1375254765","profile_background_image_url":"http://pbs.twimg.com/profile_background_images/197936263/jasmine.jpg","name":"flying shiny toaster","lang":"en","profile_background_tile":true,"favourites_count":822,"screen_name":"deanprocter","notifications":false,"url":null,"created_at":"Sun Mar 08 23:00:32 +0000 2009","contributors_enabled":false,"time_zone":"Eastern Time (US & Canada)","protected":false,"default_profile":false,"is_translator":false},"geo":null,"in_reply_to_user_id_str":"57625784","lang":"en","created_at":"Mon Dec 15 01:32:34 +0000 2014","in_reply_to_status_id_str":"544303863059083264","place":null},
{"contributors":null,"truncated":false,"text":"@robertbreenau @DegusLocke which group is actually following the teachings of the Koran?","in_reply_to_status_id":544301449845305344,"id":544304082903908352,"favorite_count":0,"source":"<a href=\"http://twitter.com/download/iphone\" rel=\"nofollow\">Twitter for iPhone</a>","retweeted":false,"coordinates":null,"entities":{"symbols":[],"user_mentions":[{"id":82048287,"indices":[0,14],"id_str":"82048287","screen_name":"robertbreenau","name":"Robert Breen"},{"id":43089397,"indices":[15,26],"id_str":"43089397","screen_name":"DegusLocke","name":"DegusLocke"}],"hashtags":[],"urls":[]},"in_reply_to_screen_name":"robertbreenau","id_str":"544304082903908352","retweet_count":0,"in_reply_to_user_id":82048287,"favorited":false,"user":{"follow_request_sent":false,"profile_use_background_image":true,"profile_text_color":"663B12","default_profile_image":false,"id":15023095,"profile_background_image_url_https":"https://abs.twimg.com/images/themes/theme2/bg.gif","verified":false,"profile_location":null,"profile_image_url_https":"https://pbs.twimg.com/profile_images/573719905939259392/T05-pYb7_normal.jpeg","profile_sidebar_fill_color":"DAECF4","entities":{"description":{"urls":[]}},"followers_count":1506,"profile_sidebar_border_color":"C6E2EE","id_str":"15023095","profile_background_color":"C6E2EE","listed_count":79,"is_translation_enabled":false,"utc_offset":-21600,"statuses_count":74726,"description":"Agnotologist. Epicurean. Politics. Gadgets. Coffee. Food. Science. Energy. Climate.","friends_count":1929,"location":"","profile_link_color":"1F98C7","profile_image_url":"http://pbs.twimg.com/profile_images/573719905939259392/T05-pYb7_normal.jpeg","following":false,"geo_enabled":true,"profile_banner_url":"https://pbs.twimg.com/profile_banners/15023095/1351459998","profile_background_image_url":"http://abs.twimg.com/images/themes/theme2/bg.gif","name":"Somite","lang":"en","profile_background_tile":false,"favourites_count":829,"screen_name":"toxicpath","notifications":false,"url":null,"created_at":"Thu Jun 05 20:40:37 +0000 2008","contributors_enabled":false,"time_zone":"Central Time (US & Canada)","protected":false,"default_profile":false,"is_translator":false},"geo":null,"in_reply_to_user_id_str":"82048287","lang":"en","created_at":"Mon Dec 15 01:33:00 +0000 2014","in_reply_to_status_id_str":"544301449845305344","place":null},
{"contributors":null,"truncated":false,"text":"@robertbreenau @UsmanRiz there can't be Islamic bigotry. Islam is a religion. Not a race.","in_reply_to_status_id":544302955365560320,"id":544304274592002048,"favorite_count":0,"source":"<a href=\"http://twitter.com/download/iphone\" rel=\"nofollow\">Twitter for iPhone</a>","retweeted":false,"coordinates":null,"entities":{"symbols":[],"user_mentions":[{"id":82048287,"indices":[0,14],"id_str":"82048287","screen_name":"robertbreenau","name":"Robert Breen"},{"id":2218292204,"indices":[15,24],"id_str":"2218292204","screen_name":"UsmanRiz","name":"Usman"}],"hashtags":[],"urls":[]},"in_reply_to_screen_name":"robertbreenau","id_str":"544304274592002048","retweet_count":0,"in_reply_to_user_id":82048287,"favorited":false,"user":{"follow_request_sent":false,"profile_use_background_image":true,"profile_text_color":"663B12","default_profile_image":false,"id":15023095,"profile_background_image_url_https":"https://abs.twimg.com/images/themes/theme2/bg.gif","verified":false,"profile_location":null,"profile_image_url_https":"https://pbs.twimg.com/profile_images/573719905939259392/T05-pYb7_normal.jpeg","profile_sidebar_fill_color":"DAECF4","entities":{"description":{"urls":[]}},"followers_count":1506,"profile_sidebar_border_color":"C6E2EE","id_str":"15023095","profile_background_color":"C6E2EE","listed_count":79,"is_translation_enabled":false,"utc_offset":-21600,"statuses_count":74726,"description":"Agnotologist. Epicurean. Politics. Gadgets. Coffee. Food. Science. Energy. Climate.","friends_count":1929,"location":"","profile_link_color":"1F98C7","profile_image_url":"http://pbs.twimg.com/profile_images/573719905939259392/T05-pYb7_normal.jpeg","following":false,"geo_enabled":true,"profile_banner_url":"https://pbs.twimg.com/profile_banners/15023095/1351459998","profile_background_image_url":"http://abs.twimg.com/images/themes/theme2/bg.gif","name":"Somite","lang":"en","profile_background_tile":false,"favourites_count":829,"screen_name":"toxicpath","notifications":false,"url":null,"created_at":"Thu Jun 05 20:40:37 +0000 2008","contributors_enabled":false,"time_zone":"Central Time (US & Canada)","protected":false,"default_profile":false,"is_translator":false},"geo":null,"in_reply_to_user_id_str":"82048287","lang":"en","created_at":"Mon Dec 15 01:33:46 +0000 2014","in_reply_to_status_id_str":"544302955365560320","place":null},
{"contributors":null,"truncated":false,"text":"@robertbreenau And that helps!?","in_reply_to_status_id":544301449845305344,"id":544304345068875777,"favorite_count":0,"source":"<a href=\"http://www.tweetcaster.com\" rel=\"nofollow\">TweetCaster for Android</a>","retweeted":false,"coordinates":null,"entities":{"symbols":[],"user_mentions":[{"id":82048287,"indices":[0,14],"id_str":"82048287","screen_name":"robertbreenau","name":"Robert Breen"}],"hashtags":[],"urls":[]},"in_reply_to_screen_name":"robertbreenau","id_str":"544304345068875777","retweet_count":0,"in_reply_to_user_id":82048287,"favorited":false,"user":{"follow_request_sent":false,"profile_use_background_image":true,"profile_text_color":"A98E6F","default_profile_image":false,"id":20013397,"profile_background_image_url_https":"https://pbs.twimg.com/profile_background_images/352367482/x9d0fe33b73fdee17432a049d2d67c6c.jpg","verified":false,"profile_location":null,"profile_image_url_https":"https://pbs.twimg.com/profile_images/480493659016929280/NHA6FFQA_normal.jpeg","profile_sidebar_fill_color":"1D110A","entities":{"description":{"urls":[]}},"followers_count":459,"profile_sidebar_border_color":"94A4AE","id_str":"20013397","profile_background_color":"251810","listed_count":10,"is_translation_enabled":false,"utc_offset":null,"statuses_count":38955,"description":"Only one reply .Defender of poor,weak, vulnerable. A virulent opposer of religion and the supernat. Think for yourself, not your party, not your religion","friends_count":104,"location":"N 53ï¿½59' 0'' / W 1ï¿½4' 0''","profile_link_color":"94A4AE","profile_image_url":"http://pbs.twimg.com/profile_images/480493659016929280/NHA6FFQA_normal.jpeg","following":false,"geo_enabled":false,"profile_banner_url":"https://pbs.twimg.com/profile_banners/20013397/1403388108","profile_background_image_url":"http://pbs.twimg.com/profile_background_images/352367482/x9d0fe33b73fdee17432a049d2d67c6c.jpg","name":"david bush","lang":"en","profile_background_tile":false,"favourites_count":346,"screen_name":"Davidbush","notifications":false,"url":null,"created_at":"Tue Feb 03 23:27:11 +0000 2009","contributors_enabled":false,"time_zone":null,"protected":false,"default_profile":false,"is_translator":false},"geo":null,"in_reply_to_user_id_str":"82048287","lang":"en","created_at":"Mon Dec 15 01:34:03 +0000 2014","in_reply_to_status_id_str":"544301449845305344","place":null},
{"contributors":null,"truncated":false,"text":"@oc_f1fan @robertbreenau A number of people are being held hostage in a chocolate shop in centre of gov/bank distriict, flag arabic writing.","in_reply_to_status_id":544303946437623810,"id":544304418674331648,"favorite_count":0,"source":"<a href=\"https://about.twitter.com/products/tweetdeck\" rel=\"nofollow\">TweetDeck</a>","retweeted":false,"coordinates":null,"entities":{"symbols":[],"user_mentions":[{"id":249840560,"indices":[0,9],"id_str":"249840560","screen_name":"oc_f1fan","name":"Chris Erion"},{"id":82048287,"indices":[10,24],"id_str":"82048287","screen_name":"robertbreenau","name":"Robert Breen"}],"hashtags":[],"urls":[]},"in_reply_to_screen_name":"oc_f1fan","id_str":"544304418674331648","retweet_count":0,"in_reply_to_user_id":249840560,"favorited":false,"user":{"follow_request_sent":false,"profile_use_background_image":true,"profile_text_color":"333333","default_profile_image":false,"id":23367304,"profile_background_image_url_https":"https://pbs.twimg.com/profile_background_images/197936263/jasmine.jpg","verified":false,"profile_location":null,"profile_image_url_https":"https://pbs.twimg.com/profile_images/344513261580047575/9ca1df1647fffc4db742d0f5b4c46fcf_normal.jpeg","profile_sidebar_fill_color":"97B6DE","entities":{"description":{"urls":[]}},"followers_count":2977,"profile_sidebar_border_color":"ABADCC","id_str":"23367304","profile_background_color":"778CDB","listed_count":136,"is_translation_enabled":false,"utc_offset":-18000,"statuses_count":93099,"description":"World's first #PRISM powered toaster © ☮\r\nRevolutionary thinking in action. \r\nMoving to the capital D for Disruptive stage. \r\nPayments.","friends_count":3160,"location":"mobile by mobile","profile_link_color":"029444","profile_image_url":"http://pbs.twimg.com/profile_images/344513261580047575/9ca1df1647fffc4db742d0f5b4c46fcf_normal.jpeg","following":false,"geo_enabled":false,"profile_banner_url":"https://pbs.twimg.com/profile_banners/23367304/1375254765","profile_background_image_url":"http://pbs.twimg.com/profile_background_images/197936263/jasmine.jpg","name":"flying shiny toaster","lang":"en","profile_background_tile":true,"favourites_count":822,"screen_name":"deanprocter","notifications":false,"url":null,"created_at":"Sun Mar 08 23:00:32 +0000 2009","contributors_enabled":false,"time_zone":"Eastern Time (US & Canada)","protected":false,"default_profile":false,"is_translator":false},"geo":null,"in_reply_to_user_id_str":"249840560","lang":"en","created_at":"Mon Dec 15 01:34:20 +0000 2014","in_reply_to_status_id_str":"544303946437623810","place":null},
{"contributors":null,"truncated":false,"text":"@robertbreenau no it isn't. It's a specific set of rules and laws with very specific forms of violent punishment.","in_reply_to_status_id":544303774190141440,"id":544304449103990784,"favorite_count":0,"source":"<a href=\"http://twitter.com/download/android\" rel=\"nofollow\">Twitter for Android</a>","retweeted":false,"coordinates":null,"entities":{"symbols":[],"user_mentions":[{"id":82048287,"indices":[0,14],"id_str":"82048287","screen_name":"robertbreenau","name":"Robert Breen"}],"hashtags":[],"urls":[]},"in_reply_to_screen_name":"robertbreenau","id_str":"544304449103990784","retweet_count":0,"in_reply_to_user_id":82048287,"favorited":false,"user":{"follow_request_sent":false,"profile_use_background_image":true,"profile_text_color":"333333","default_profile_image":false,"id":17734252,"profile_background_image_url_https":"https://abs.twimg.com/images/themes/theme1/bg.png","verified":false,"profile_location":null,"profile_image_url_https":"https://pbs.twimg.com/profile_images/1819593623/image_normal.jpg","profile_sidebar_fill_color":"DDEEF6","entities":{"description":{"urls":[]}},"followers_count":45,"profile_sidebar_border_color":"C0DEED","id_str":"17734252","profile_background_color":"C0DEED","listed_count":0,"is_translation_enabled":false,"utc_offset":-28800,"statuses_count":938,"description":"","friends_count":99,"location":"California, Riverside","profile_link_color":"0084B4","profile_image_url":"http://pbs.twimg.com/profile_images/1819593623/image_normal.jpg","following":false,"geo_enabled":true,"profile_background_image_url":"http://abs.twimg.com/images/themes/theme1/bg.png","name":"cirrob","lang":"en","profile_background_tile":false,"favourites_count":45,"screen_name":"cirrob","notifications":false,"url":null,"created_at":"Sat Nov 29 13:44:24 +0000 2008","contributors_enabled":false,"time_zone":"Pacific Time (US & Canada)","protected":false,"default_profile":true,"is_translator":false},"geo":null,"in_reply_to_user_id_str":"82048287","lang":"en","created_at":"Mon Dec 15 01:34:28 +0000 2014","in_reply_to_status_id_str":"544303774190141440","place":null},
{"contributors":null,"truncated":false,"text":"@robertbreenau you can't just make shit up to support your narrative.","in_reply_to_status_id":544303774190141440,"id":544304577991147521,"favorite_count":0,"source":"<a href=\"http://twitter.com/download/android\" rel=\"nofollow\">Twitter for Android</a>","retweeted":false,"coordinates":null,"entities":{"symbols":[],"user_mentions":[{"id":82048287,"indices":[0,14],"id_str":"82048287","screen_name":"robertbreenau","name":"Robert Breen"}],"hashtags":[],"urls":[]},"in_reply_to_screen_name":"robertbreenau","id_str":"544304577991147521","retweet_count":0,"in_reply_to_user_id":82048287,"favorited":false,"user":{"follow_request_sent":false,"profile_use_background_image":true,"profile_text_color":"333333","default_profile_image":false,"id":17734252,"profile_background_image_url_https":"https://abs.twimg.com/images/themes/theme1/bg.png","verified":false,"profile_location":null,"profile_image_url_https":"https://pbs.twimg.com/profile_images/1819593623/image_normal.jpg","profile_sidebar_fill_color":"DDEEF6","entities":{"description":{"urls":[]}},"followers_count":45,"profile_sidebar_border_color":"C0DEED","id_str":"17734252","profile_background_color":"C0DEED","listed_count":0,"is_translation_enabled":false,"utc_offset":-28800,"statuses_count":938,"description":"","friends_count":99,"location":"California, Riverside","profile_link_color":"0084B4","profile_image_url":"http://pbs.twimg.com/profile_images/1819593623/image_normal.jpg","following":false,"geo_enabled":true,"profile_background_image_url":"http://abs.twimg.com/images/themes/theme1/bg.png","name":"cirrob","lang":"en","profile_background_tile":false,"favourites_count":45,"screen_name":"cirrob","notifications":false,"url":null,"created_at":"Sat Nov 29 13:44:24 +0000 2008","contributors_enabled":false,"time_zone":"Pacific Time (US & Canada)","protected":false,"default_profile":true,"is_translator":false},"geo":null,"in_reply_to_user_id_str":"82048287","lang":"en","created_at":"Mon Dec 15 01:34:58 +0000 2014","in_reply_to_status_id_str":"544303774190141440","place":null},
{"contributors":null,"truncated":false,"text":"@DrGolightly @deanprocter The dollar sign was either autocorrect or me mistyping. Either way, whoops. :-/","in_reply_to_status_id":544303863059083264,"id":544304709738061824,"favorite_count":0,"source":"<a href=\"http://twitter.com\" rel=\"nofollow\">Twitter Web Client</a>","retweeted":false,"coordinates":null,"entities":{"symbols":[],"user_mentions":[{"id":57625784,"indices":[0,12],"id_str":"57625784","screen_name":"DrGolightly","name":"Dr Golightly"},{"id":23367304,"indices":[13,25],"id_str":"23367304","screen_name":"deanprocter","name":"flying shiny toaster"}],"hashtags":[],"urls":[]},"in_reply_to_screen_name":"DrGolightly","id_str":"544304709738061824","retweet_count":0,"in_reply_to_user_id":57625784,"favorited":false,"user":{"follow_request_sent":false,"profile_use_background_image":true,"profile_text_color":"333333","default_profile_image":false,"id":82048287,"profile_background_image_url_https":"https://abs.twimg.com/images/themes/theme1/bg.png","verified":false,"profile_location":null,"profile_image_url_https":"https://pbs.twimg.com/profile_images/562918254113349632/dAbEUakq_normal.jpeg","profile_sidebar_fill_color":"DDEEF6","entities":{"url":{"urls":[{"url":"http://t.co/ZZAU5kD9MJ","indices":[0,22],"expanded_url":"http://linkedin.com/in/robertbreenau","display_url":"linkedin.com/in/robertbreen…"}]},"description":{"urls":[]}},"followers_count":1557,"profile_sidebar_border_color":"C0DEED","id_str":"82048287","profile_background_color":"C0DEED","listed_count":29,"is_translation_enabled":false,"utc_offset":39600,"statuses_count":979,"description":"Economist, banker, traveler, writer, foodie, geek, nerd. Tweeting about Kiva, startups, crowdfunding, microfinance, writing, food & politics.","friends_count":1875,"location":"Ulaanbaatar, Mongolia","profile_link_color":"0084B4","profile_image_url":"http://pbs.twimg.com/profile_images/562918254113349632/dAbEUakq_normal.jpeg","following":false,"geo_enabled":true,"profile_banner_url":"https://pbs.twimg.com/profile_banners/82048287/1417936707","profile_background_image_url":"http://abs.twimg.com/images/themes/theme1/bg.png","name":"Robert Breen","lang":"en","profile_background_tile":false,"favourites_count":709,"screen_name":"robertbreenau","notifications":false,"url":"http://t.co/ZZAU5kD9MJ","created_at":"Tue Oct 13 08:48:32 +0000 2009","contributors_enabled":false,"time_zone":"Sydney","protected":false,"default_profile":true,"is_translator":false},"geo":null,"in_reply_to_user_id_str":"57625784","lang":"en","created_at":"Mon Dec 15 01:35:30 +0000 2014","in_reply_to_status_id_str":"544303863059083264","place":null},
{"contributors":null,"truncated":false,"text":"@oc_f1fan @robertbreenau No reliable news. \nHoping outcome is least prejudicial for chocolate shop patrons &amp; people of islamic faith.","in_reply_to_status_id":544303946437623810,"id":544304836322152448,"favorite_count":2,"source":"<a href=\"https://about.twitter.com/products/tweetdeck\" rel=\"nofollow\">TweetDeck</a>","retweeted":false,"coordinates":null,"entities":{"symbols":[],"user_mentions":[{"id":249840560,"indices":[0,9],"id_str":"249840560","screen_name":"oc_f1fan","name":"Chris Erion"},{"id":82048287,"indices":[10,24],"id_str":"82048287","screen_name":"robertbreenau","name":"Robert Breen"}],"hashtags":[],"urls":[]},"in_reply_to_screen_name":"oc_f1fan","id_str":"544304836322152448","retweet_count":0,"in_reply_to_user_id":249840560,"favorited":false,"user":{"follow_request_sent":false,"profile_use_background_image":true,"profile_text_color":"333333","default_profile_image":false,"id":23367304,"profile_background_image_url_https":"https://pbs.twimg.com/profile_background_images/197936263/jasmine.jpg","verified":false,"profile_location":null,"profile_image_url_https":"https://pbs.twimg.com/profile_images/344513261580047575/9ca1df1647fffc4db742d0f5b4c46fcf_normal.jpeg","profile_sidebar_fill_color":"97B6DE","entities":{"description":{"urls":[]}},"followers_count":2982,"profile_sidebar_border_color":"ABADCC","id_str":"23367304","profile_background_color":"778CDB","listed_count":136,"is_translation_enabled":false,"utc_offset":-18000,"statuses_count":93114,"description":"World's first #PRISM powered toaster © ☮\r\nRevolutionary thinking in action. \r\nMoving to the capital D for Disruptive stage. \r\nPayments.","friends_count":3159,"location":"mobile by mobile","profile_link_color":"029444","profile_image_url":"http://pbs.twimg.com/profile_images/344513261580047575/9ca1df1647fffc4db742d0f5b4c46fcf_normal.jpeg","following":false,"geo_enabled":false,"profile_banner_url":"https://pbs.twimg.com/profile_banners/23367304/1375254765","profile_background_image_url":"http://pbs.twimg.com/profile_background_images/197936263/jasmine.jpg","name":"flying shiny toaster","lang":"en","profile_background_tile":true,"favourites_count":823,"screen_name":"deanprocter","notifications":false,"url":null,"created_at":"Sun Mar 08 23:00:32 +0000 2009","contributors_enabled":false,"time_zone":"Eastern Time (US & Canada)","protected":false,"default_profile":false,"is_translator":false},"geo":null,"in_reply_to_user_id_str":"249840560","lang":"en","created_at":"Mon Dec 15 01:36:00 +0000 2014","in_reply_to_status_id_str":"544303946437623810","place":null},
{"contributors":null,"truncated":false,"text":"@deanprocter @robertbreenau Hopefully the people there won't be injured or even murdered.","in_reply_to_status_id":544304836322152448,"id":544305291559321600,"favorite_count":0,"source":"<a href=\"http://twitter.com\" rel=\"nofollow\">Twitter Web Client</a>","retweeted":false,"coordinates":null,"entities":{"symbols":[],"user_mentions":[{"id":23367304,"indices":[0,12],"id_str":"23367304","screen_name":"deanprocter","name":"flying shiny toaster"},{"id":82048287,"indices":[13,27],"id_str":"82048287","screen_name":"robertbreenau","name":"Robert Breen"}],"hashtags":[],"urls":[]},"in_reply_to_screen_name":"deanprocter","id_str":"544305291559321600","retweet_count":0,"in_reply_to_user_id":23367304,"favorited":false,"user":{"follow_request_sent":false,"profile_use_background_image":true,"profile_text_color":"333333","default_profile_image":false,"id":249840560,"profile_background_image_url_https":"https://abs.twimg.com/images/themes/theme1/bg.png","verified":false,"profile_location":null,"profile_image_url_https":"https://pbs.twimg.com/profile_images/2863484158/cbee01e219b6e3c82f4cc82a48d46502_normal.jpeg","profile_sidebar_fill_color":"DDEEF6","entities":{"description":{"urls":[]}},"followers_count":2861,"profile_sidebar_border_color":"C0DEED","id_str":"249840560","profile_background_color":"C0DEED","listed_count":133,"is_translation_enabled":false,"utc_offset":-28800,"statuses_count":73536,"description":"I support Palestine, NCAA Division 1 College Basketball, political activism & Truth Movement, Bike/Velo riding and the foodie/culinary scene.","friends_count":3140,"location":"","profile_link_color":"0084B4","profile_image_url":"http://pbs.twimg.com/profile_images/2863484158/cbee01e219b6e3c82f4cc82a48d46502_normal.jpeg","following":false,"geo_enabled":false,"profile_background_image_url":"http://abs.twimg.com/images/themes/theme1/bg.png","name":"Chris Erion","lang":"en","profile_background_tile":false,"favourites_count":31,"screen_name":"oc_f1fan","notifications":false,"url":null,"created_at":"Wed Feb 09 22:06:33 +0000 2011","contributors_enabled":false,"time_zone":"Pacific Time (US & Canada)","protected":false,"default_profile":true,"is_translator":false},"geo":null,"in_reply_to_user_id_str":"23367304","lang":"en","created_at":"Mon Dec 15 01:37:48 +0000 2014","in_reply_to_status_id_str":"544304836322152448","place":null},
{"contributors":null,"truncated":false,"text":"@robertbreenau @cirrob Let me guess, they support using Nerf rocks to stone rape victims instead? Pull your head out of your ass.","in_reply_to_status_id":544303774190141440,"id":544305345074454530,"favorite_count":0,"source":"<a href=\"http://twitter.com/download/iphone\" rel=\"nofollow\">Twitter for iPhone</a>","retweeted":false,"coordinates":null,"entities":{"symbols":[],"user_mentions":[{"id":82048287,"indices":[0,14],"id_str":"82048287","screen_name":"robertbreenau","name":"Robert Breen"},{"id":17734252,"indices":[15,22],"id_str":"17734252","screen_name":"cirrob","name":"cirrob"}],"hashtags":[],"urls":[]},"in_reply_to_screen_name":"robertbreenau","id_str":"544305345074454530","retweet_count":0,"in_reply_to_user_id":82048287,"favorited":false,"user":{"follow_request_sent":false,"profile_use_background_image":true,"profile_text_color":"333333","default_profile_image":false,"id":224484865,"profile_background_image_url_https":"https://pbs.twimg.com/profile_background_images/188218116/midget-pic-of-the-day.jpg","verified":false,"profile_location":null,"profile_image_url_https":"https://pbs.twimg.com/profile_images/499806188125433858/P643kUCG_normal.jpeg","profile_sidebar_fill_color":"DDEEF6","entities":{"description":{"urls":[]}},"followers_count":271,"profile_sidebar_border_color":"C0DEED","id_str":"224484865","profile_background_color":"C0DEED","listed_count":27,"is_translation_enabled":false,"utc_offset":-18000,"statuses_count":22652,"description":"","friends_count":67,"location":"Metro Detroit","profile_link_color":"0084B4","profile_image_url":"http://pbs.twimg.com/profile_images/499806188125433858/P643kUCG_normal.jpeg","following":false,"geo_enabled":true,"profile_banner_url":"https://pbs.twimg.com/profile_banners/224484865/1404696303","profile_background_image_url":"http://pbs.twimg.com/profile_background_images/188218116/midget-pic-of-the-day.jpg","name":"Ray Pureface","lang":"en","profile_background_tile":true,"favourites_count":1186,"screen_name":"RayPureface","notifications":false,"url":null,"created_at":"Thu Dec 09 03:50:12 +0000 2010","contributors_enabled":false,"time_zone":"Quito","protected":false,"default_profile":false,"is_translator":false},"geo":null,"in_reply_to_user_id_str":"82048287","lang":"en","created_at":"Mon Dec 15 01:38:01 +0000 2014","in_reply_to_status_id_str":"544303774190141440","place":null},
{"contributors":null,"truncated":false,"text":"@oc_f1fan @robertbreenau One thing is for certain. This helps [almost] no-one's cause.","in_reply_to_status_id":544305291559321600,"id":544305825007693824,"favorite_count":1,"source":"<a href=\"https://about.twitter.com/products/tweetdeck\" rel=\"nofollow\">TweetDeck</a>","retweeted":false,"coordinates":null,"entities":{"symbols":[],"user_mentions":[{"id":249840560,"indices":[0,9],"id_str":"249840560","screen_name":"oc_f1fan","name":"Chris Erion"},{"id":82048287,"indices":[10,24],"id_str":"82048287","screen_name":"robertbreenau","name":"Robert Breen"}],"hashtags":[],"urls":[]},"in_reply_to_screen_name":"oc_f1fan","id_str":"544305825007693824","retweet_count":0,"in_reply_to_user_id":249840560,"favorited":false,"user":{"follow_request_sent":false,"profile_use_background_image":true,"profile_text_color":"333333","default_profile_image":false,"id":23367304,"profile_background_image_url_https":"https://pbs.twimg.com/profile_background_images/197936263/jasmine.jpg","verified":false,"profile_location":null,"profile_image_url_https":"https://pbs.twimg.com/profile_images/344513261580047575/9ca1df1647fffc4db742d0f5b4c46fcf_normal.jpeg","profile_sidebar_fill_color":"97B6DE","entities":{"description":{"urls":[]}},"followers_count":2982,"profile_sidebar_border_color":"ABADCC","id_str":"23367304","profile_background_color":"778CDB","listed_count":136,"is_translation_enabled":false,"utc_offset":-18000,"statuses_count":93114,"description":"World's first #PRISM powered toaster © ☮\r\nRevolutionary thinking in action. \r\nMoving to the capital D for Disruptive stage. \r\nPayments.","friends_count":3159,"location":"mobile by mobile","profile_link_color":"029444","profile_image_url":"http://pbs.twimg.com/profile_images/344513261580047575/9ca1df1647fffc4db742d0f5b4c46fcf_normal.jpeg","following":false,"geo_enabled":false,"profile_banner_url":"https://pbs.twimg.com/profile_banners/23367304/1375254765","profile_background_image_url":"http://pbs.twimg.com/profile_background_images/197936263/jasmine.jpg","name":"flying shiny toaster","lang":"en","profile_background_tile":true,"favourites_count":823,"screen_name":"deanprocter","notifications":false,"url":null,"created_at":"Sun Mar 08 23:00:32 +0000 2009","contributors_enabled":false,"time_zone":"Eastern Time (US & Canada)","protected":false,"default_profile":false,"is_translator":false},"geo":null,"in_reply_to_user_id_str":"249840560","lang":"en","created_at":"Mon Dec 15 01:39:56 +0000 2014","in_reply_to_status_id_str":"544305291559321600","place":null},
{"contributors":null,"truncated":false,"text":"@deanprocter @robertbreenau I found this about it: http://t.co/1K4R8W9G1X","in_reply_to_status_id":544304836322152448,"id":544305866984271873,"favorite_count":0,"source":"<a href=\"http://twitter.com\" rel=\"nofollow\">Twitter Web Client</a>","retweeted":false,"coordinates":null,"entities":{"symbols":[],"user_mentions":[{"id":23367304,"indices":[0,12],"id_str":"23367304","screen_name":"deanprocter","name":"flying shiny toaster"},{"id":82048287,"indices":[13,27],"id_str":"82048287","screen_name":"robertbreenau","name":"Robert Breen"}],"hashtags":[],"urls":[{"url":"http://t.co/1K4R8W9G1X","indices":[51,73],"expanded_url":"http://short.ninem.sn/cicERHL","display_url":"short.ninem.sn/cicERHL"}]},"in_reply_to_screen_name":"deanprocter","id_str":"544305866984271873","retweet_count":0,"in_reply_to_user_id":23367304,"favorited":false,"user":{"follow_request_sent":false,"profile_use_background_image":true,"profile_text_color":"333333","default_profile_image":false,"id":249840560,"profile_background_image_url_https":"https://abs.twimg.com/images/themes/theme1/bg.png","verified":false,"profile_location":null,"profile_image_url_https":"https://pbs.twimg.com/profile_images/2863484158/cbee01e219b6e3c82f4cc82a48d46502_normal.jpeg","profile_sidebar_fill_color":"DDEEF6","entities":{"description":{"urls":[]}},"followers_count":2861,"profile_sidebar_border_color":"C0DEED","id_str":"249840560","profile_background_color":"C0DEED","listed_count":133,"is_translation_enabled":false,"utc_offset":-28800,"statuses_count":73536,"description":"I support Palestine, NCAA Division 1 College Basketball, political activism & Truth Movement, Bike/Velo riding and the foodie/culinary scene.","friends_count":3140,"location":"","profile_link_color":"0084B4","profile_image_url":"http://pbs.twimg.com/profile_images/2863484158/cbee01e219b6e3c82f4cc82a48d46502_normal.jpeg","following":false,"geo_enabled":false,"profile_background_image_url":"http://abs.twimg.com/images/themes/theme1/bg.png","name":"Chris Erion","lang":"en","profile_background_tile":false,"favourites_count":31,"screen_name":"oc_f1fan","notifications":false,"url":null,"created_at":"Wed Feb 09 22:06:33 +0000 2011","contributors_enabled":false,"time_zone":"Pacific Time (US & Canada)","protected":false,"default_profile":true,"is_translator":false},"geo":null,"in_reply_to_user_id_str":"23367304","possibly_sensitive":false,"lang":"en","created_at":"Mon Dec 15 01:40:06 +0000 2014","in_reply_to_status_id_str":"544304836322152448","place":null},
{"contributors":null,"truncated":false,"text":"@oc_f1fan @robertbreenau I'd avoid the inflammatory words. One guy out of millions, obviously not the brightest. Counter-productive.","in_reply_to_status_id":544305866984271873,"id":544306993133940737,"favorite_count":1,"source":"<a href=\"https://about.twitter.com/products/tweetdeck\" rel=\"nofollow\">TweetDeck</a>","retweeted":false,"coordinates":null,"entities":{"symbols":[],"user_mentions":[{"id":249840560,"indices":[0,9],"id_str":"249840560","screen_name":"oc_f1fan","name":"Chris Erion"},{"id":82048287,"indices":[10,24],"id_str":"82048287","screen_name":"robertbreenau","name":"Robert Breen"}],"hashtags":[],"urls":[]},"in_reply_to_screen_name":"oc_f1fan","id_str":"544306993133940737","retweet_count":0,"in_reply_to_user_id":249840560,"favorited":false,"user":{"follow_request_sent":false,"profile_use_background_image":true,"profile_text_color":"333333","default_profile_image":false,"id":23367304,"profile_background_image_url_https":"https://pbs.twimg.com/profile_background_images/197936263/jasmine.jpg","verified":false,"profile_location":null,"profile_image_url_https":"https://pbs.twimg.com/profile_images/344513261580047575/9ca1df1647fffc4db742d0f5b4c46fcf_normal.jpeg","profile_sidebar_fill_color":"97B6DE","entities":{"description":{"urls":[]}},"followers_count":2982,"profile_sidebar_border_color":"ABADCC","id_str":"23367304","profile_background_color":"778CDB","listed_count":136,"is_translation_enabled":false,"utc_offset":-18000,"statuses_count":93114,"description":"World's first #PRISM powered toaster © ☮\r\nRevolutionary thinking in action. \r\nMoving to the capital D for Disruptive stage. \r\nPayments.","friends_count":3159,"location":"mobile by mobile","profile_link_color":"029444","profile_image_url":"http://pbs.twimg.com/profile_images/344513261580047575/9ca1df1647fffc4db742d0f5b4c46fcf_normal.jpeg","following":false,"geo_enabled":false,"profile_banner_url":"https://pbs.twimg.com/profile_banners/23367304/1375254765","profile_background_image_url":"http://pbs.twimg.com/profile_background_images/197936263/jasmine.jpg","name":"flying shiny toaster","lang":"en","profile_background_tile":true,"favourites_count":823,"screen_name":"deanprocter","notifications":false,"url":null,"created_at":"Sun Mar 08 23:00:32 +0000 2009","contributors_enabled":false,"time_zone":"Eastern Time (US & Canada)","protected":false,"default_profile":false,"is_translator":false},"geo":null,"in_reply_to_user_id_str":"249840560","lang":"en","created_at":"Mon Dec 15 01:44:34 +0000 2014","in_reply_to_status_id_str":"544305866984271873","place":null},
{"contributors":null,"truncated":false,"text":"@oc_f1fan @robertbreenau  Wtih my limited knowledge of (LE) participants I'd be expecting an positive outcome. I'd prefer less coverage.","in_reply_to_status_id":544305866984271873,"id":544308028065849344,"favorite_count":1,"source":"<a href=\"https://about.twitter.com/products/tweetdeck\" rel=\"nofollow\">TweetDeck</a>","retweeted":false,"coordinates":null,"entities":{"symbols":[],"user_mentions":[{"id":249840560,"indices":[0,9],"id_str":"249840560","screen_name":"oc_f1fan","name":"Chris Erion"},{"id":82048287,"indices":[10,24],"id_str":"82048287","screen_name":"robertbreenau","name":"Robert Breen"}],"hashtags":[],"urls":[]},"in_reply_to_screen_name":"oc_f1fan","id_str":"544308028065849344","retweet_count":0,"in_reply_to_user_id":249840560,"favorited":false,"user":{"follow_request_sent":false,"profile_use_background_image":true,"profile_text_color":"333333","default_profile_image":false,"id":23367304,"profile_background_image_url_https":"https://pbs.twimg.com/profile_background_images/197936263/jasmine.jpg","verified":false,"profile_location":null,"profile_image_url_https":"https://pbs.twimg.com/profile_images/344513261580047575/9ca1df1647fffc4db742d0f5b4c46fcf_normal.jpeg","profile_sidebar_fill_color":"97B6DE","entities":{"description":{"urls":[]}},"followers_count":2982,"profile_sidebar_border_color":"ABADCC","id_str":"23367304","profile_background_color":"778CDB","listed_count":136,"is_translation_enabled":false,"utc_offset":-18000,"statuses_count":93114,"description":"World's first #PRISM powered toaster © ☮\r\nRevolutionary thinking in action. \r\nMoving to the capital D for Disruptive stage. \r\nPayments.","friends_count":3159,"location":"mobile by mobile","profile_link_color":"029444","profile_image_url":"http://pbs.twimg.com/profile_images/344513261580047575/9ca1df1647fffc4db742d0f5b4c46fcf_normal.jpeg","following":false,"geo_enabled":false,"profile_banner_url":"https://pbs.twimg.com/profile_banners/23367304/1375254765","profile_background_image_url":"http://pbs.twimg.com/profile_background_images/197936263/jasmine.jpg","name":"flying shiny toaster","lang":"en","profile_background_tile":true,"favourites_count":823,"screen_name":"deanprocter","notifications":false,"url":null,"created_at":"Sun Mar 08 23:00:32 +0000 2009","contributors_enabled":false,"time_zone":"Eastern Time (US & Canada)","protected":false,"default_profile":false,"is_translator":false},"geo":null,"in_reply_to_user_id_str":"249840560","lang":"en","created_at":"Mon Dec 15 01:48:41 +0000 2014","in_reply_to_status_id_str":"544305866984271873","place":null},
{"contributors":null,"truncated":false,"text":"@deanprocter except @feardept @oc_f1fan @robertbreenau","in_reply_to_status_id":544305825007693824,"id":544309198780383232,"favorite_count":0,"source":"<a href=\"http://twitter.com/download/android\" rel=\"nofollow\">Twitter for Android</a>","retweeted":false,"coordinates":null,"entities":{"symbols":[],"user_mentions":[{"id":23367304,"indices":[0,12],"id_str":"23367304","screen_name":"deanprocter","name":"flying shiny toaster"},{"id":141834186,"indices":[20,29],"id_str":"141834186","screen_name":"FearDept","name":"U.S. Dept. of Fear"},{"id":249840560,"indices":[30,39],"id_str":"249840560","screen_name":"oc_f1fan","name":"Chris Erion"},{"id":82048287,"indices":[40,54],"id_str":"82048287","screen_name":"robertbreenau","name":"Robert Breen"}],"hashtags":[],"urls":[]},"in_reply_to_screen_name":"deanprocter","id_str":"544309198780383232","retweet_count":0,"in_reply_to_user_id":23367304,"favorited":false,"user":{"follow_request_sent":false,"profile_use_background_image":true,"profile_text_color":"663B12","default_profile_image":false,"id":55949344,"profile_background_image_url_https":"https://pbs.twimg.com/profile_background_images/410505922/ANIMAL_bird_tangled_in_balloon_string.jpg","verified":false,"profile_location":null,"profile_image_url_https":"https://pbs.twimg.com/profile_images/1896488849/mongoose_normal.jpg","profile_sidebar_fill_color":"DAECF4","entities":{"description":{"urls":[]}},"followers_count":1796,"profile_sidebar_border_color":"C6E2EE","id_str":"55949344","profile_background_color":"C6E2EE","listed_count":106,"is_translation_enabled":false,"utc_offset":-18000,"statuses_count":174388,"description":"I cut a broad swath and shave close. nothing but the truth","friends_count":1984,"location":"worldwide","profile_link_color":"1F98C7","profile_image_url":"http://pbs.twimg.com/profile_images/1896488849/mongoose_normal.jpg","following":false,"geo_enabled":false,"profile_background_image_url":"http://pbs.twimg.com/profile_background_images/410505922/ANIMAL_bird_tangled_in_balloon_string.jpg","name":"pj","lang":"en","profile_background_tile":true,"favourites_count":18906,"screen_name":"wheeliesmom","notifications":false,"url":null,"created_at":"Sat Jul 11 22:34:30 +0000 2009","contributors_enabled":false,"time_zone":"Eastern Time (US & Canada)","protected":false,"default_profile":false,"is_translator":false},"geo":null,"in_reply_to_user_id_str":"23367304","lang":"en","created_at":"Mon Dec 15 01:53:20 +0000 2014","in_reply_to_status_id_str":"544305825007693824","place":null},
{"contributors":null,"truncated":false,"text":"@tlawson77 Such an awkward typo. I don't know if that was me or autocorrect. Either way, whoops.","in_reply_to_status_id":544303006758342656,"id":544309698061561856,"favorite_count":0,"source":"<a href=\"http://twitter.com\" rel=\"nofollow\">Twitter Web Client</a>","retweeted":false,"coordinates":null,"entities":{"symbols":[],"user_mentions":[{"id":2708151626,"indices":[0,10],"id_str":"2708151626","screen_name":"tlawson77","name":"Tom Lawson"}],"hashtags":[],"urls":[]},"in_reply_to_screen_name":"tlawson77","id_str":"544309698061561856","retweet_count":0,"in_reply_to_user_id":2708151626,"favorited":false,"user":{"follow_request_sent":false,"profile_use_background_image":true,"profile_text_color":"333333","default_profile_image":false,"id":82048287,"profile_background_image_url_https":"https://abs.twimg.com/images/themes/theme1/bg.png","verified":false,"profile_location":null,"profile_image_url_https":"https://pbs.twimg.com/profile_images/562918254113349632/dAbEUakq_normal.jpeg","profile_sidebar_fill_color":"DDEEF6","entities":{"url":{"urls":[{"url":"http://t.co/ZZAU5kD9MJ","indices":[0,22],"expanded_url":"http://linkedin.com/in/robertbreenau","display_url":"linkedin.com/in/robertbreen…"}]},"description":{"urls":[]}},"followers_count":1557,"profile_sidebar_border_color":"C0DEED","id_str":"82048287","profile_background_color":"C0DEED","listed_count":29,"is_translation_enabled":false,"utc_offset":39600,"statuses_count":979,"description":"Economist, banker, traveler, writer, foodie, geek, nerd. Tweeting about Kiva, startups, crowdfunding, microfinance, writing, food & politics.","friends_count":1875,"location":"Ulaanbaatar, Mongolia","profile_link_color":"0084B4","profile_image_url":"http://pbs.twimg.com/profile_images/562918254113349632/dAbEUakq_normal.jpeg","following":false,"geo_enabled":true,"profile_banner_url":"https://pbs.twimg.com/profile_banners/82048287/1417936707","profile_background_image_url":"http://abs.twimg.com/images/themes/theme1/bg.png","name":"Robert Breen","lang":"en","profile_background_tile":false,"favourites_count":709,"screen_name":"robertbreenau","notifications":false,"url":"http://t.co/ZZAU5kD9MJ","created_at":"Tue Oct 13 08:48:32 +0000 2009","contributors_enabled":false,"time_zone":"Sydney","protected":false,"default_profile":true,"is_translator":false},"geo":null,"in_reply_to_user_id_str":"2708151626","lang":"en","created_at":"Mon Dec 15 01:55:19 +0000 2014","in_reply_to_status_id_str":"544303006758342656","place":null},
{"contributors":null,"truncated":false,"text":"@2AFan Sorry, bad example. Here you go: http://t.co/Rqi8TgmcmV","in_reply_to_status_id":544303971280515073,"id":544337950322864128,"favorite_count":0,"source":"<a href=\"http://twitter.com\" rel=\"nofollow\">Twitter Web Client</a>","retweeted":false,"coordinates":null,"entities":{"symbols":[],"user_mentions":[{"id":1072596854,"indices":[0,6],"id_str":"1072596854","screen_name":"2AFan","name":"3rd Party 2AFan"}],"hashtags":[],"urls":[{"url":"http://t.co/Rqi8TgmcmV","indices":[40,62],"expanded_url":"http://www.washingtonpost.com/world/africa/tens-of-thousands-of-muslims-flee-christian-militias-in-central-african-republic/2014/02/07/5a1adbb2-9032-11e3-84e1-27626c5ef5fb_story.html","display_url":"washingtonpost.com/world/africa/t…"}]},"in_reply_to_screen_name":"2AFan","id_str":"544337950322864128","retweet_count":0,"in_reply_to_user_id":1072596854,"favorited":false,"user":{"follow_request_sent":false,"profile_use_background_image":true,"profile_text_color":"333333","default_profile_image":false,"id":82048287,"profile_background_image_url_https":"https://abs.twimg.com/images/themes/theme1/bg.png","verified":false,"profile_location":null,"profile_image_url_https":"https://pbs.twimg.com/profile_images/562918254113349632/dAbEUakq_normal.jpeg","profile_sidebar_fill_color":"DDEEF6","entities":{"url":{"urls":[{"url":"http://t.co/ZZAU5kD9MJ","indices":[0,22],"expanded_url":"http://linkedin.com/in/robertbreenau","display_url":"linkedin.com/in/robertbreen…"}]},"description":{"urls":[]}},"followers_count":1557,"profile_sidebar_border_color":"C0DEED","id_str":"82048287","profile_background_color":"C0DEED","listed_count":29,"is_translation_enabled":false,"utc_offset":39600,"statuses_count":979,"description":"Economist, banker, traveler, writer, foodie, geek, nerd. Tweeting about Kiva, startups, crowdfunding, microfinance, writing, food & politics.","friends_count":1875,"location":"Ulaanbaatar, Mongolia","profile_link_color":"0084B4","profile_image_url":"http://pbs.twimg.com/profile_images/562918254113349632/dAbEUakq_normal.jpeg","following":false,"geo_enabled":true,"profile_banner_url":"https://pbs.twimg.com/profile_banners/82048287/1417936707","profile_background_image_url":"http://abs.twimg.com/images/themes/theme1/bg.png","name":"Robert Breen","lang":"en","profile_background_tile":false,"favourites_count":709,"screen_name":"robertbreenau","notifications":false,"url":"http://t.co/ZZAU5kD9MJ","created_at":"Tue Oct 13 08:48:32 +0000 2009","contributors_enabled":false,"time_zone":"Sydney","protected":false,"default_profile":true,"is_translator":false},"geo":null,"in_reply_to_user_id_str":"1072596854","possibly_sensitive":false,"lang":"en","created_at":"Mon Dec 15 03:47:35 +0000 2014","in_reply_to_status_id_str":"544303971280515073","place":null},
{"contributors":null,"truncated":false,"text":"@robertbreenau hmm, first I've heard of this.  Interesting...","in_reply_to_status_id":544337950322864128,"id":544338995656671232,"favorite_count":0,"source":"<a href=\"http://twitter.com/download/android\" rel=\"nofollow\">Twitter for Android</a>","retweeted":false,"coordinates":null,"entities":{"symbols":[],"user_mentions":[{"id":82048287,"indices":[0,14],"id_str":"82048287","screen_name":"robertbreenau","name":"Robert Breen"}],"hashtags":[],"urls":[]},"in_reply_to_screen_name":"robertbreenau","id_str":"544338995656671232","retweet_count":0,"in_reply_to_user_id":82048287,"favorited":false,"user":{"follow_request_sent":false,"profile_use_background_image":true,"profile_text_color":"333333","default_profile_image":false,"id":1072596854,"profile_background_image_url_https":"https://abs.twimg.com/images/themes/theme14/bg.gif","verified":false,"profile_location":null,"profile_image_url_https":"https://pbs.twimg.com/profile_images/378800000495448998/a5c7e8a47808749e289e39e1bb3e2554_normal.jpeg","profile_sidebar_fill_color":"EFEFEF","entities":{"description":{"urls":[]}},"followers_count":2117,"profile_sidebar_border_color":"EEEEEE","id_str":"1072596854","profile_background_color":"131516","listed_count":35,"is_translation_enabled":false,"utc_offset":-21600,"statuses_count":11469,"description":"Christian, NRA Life Member, 2A & Constitution Lover, Pro-Israel, and Pro-Life.","friends_count":2270,"location":"","profile_link_color":"009999","profile_image_url":"http://pbs.twimg.com/profile_images/378800000495448998/a5c7e8a47808749e289e39e1bb3e2554_normal.jpeg","following":false,"geo_enabled":false,"profile_banner_url":"https://pbs.twimg.com/profile_banners/1072596854/1360209431","profile_background_image_url":"http://abs.twimg.com/images/themes/theme14/bg.gif","name":"3rd Party 2AFan","lang":"en","profile_background_tile":true,"favourites_count":3164,"screen_name":"2AFan","notifications":false,"url":null,"created_at":"Wed Jan 09 02:14:51 +0000 2013","contributors_enabled":false,"time_zone":"Central Time (US & Canada)","protected":false,"default_profile":false,"is_translator":false},"geo":null,"in_reply_to_user_id_str":"82048287","lang":"en","created_at":"Mon Dec 15 03:51:44 +0000 2014","in_reply_to_status_id_str":"544337950322864128","place":null},
{"contributors":null,"truncated":false,"text":"@2AFan Warlords in poor countries w/ civil unrest always use the ugliest bits of the most popular local religious text to whip up support.","in_reply_to_status_id":544338995656671232,"id":544339861038047232,"favorite_count":0,"source":"<a href=\"http://twitter.com\" rel=\"nofollow\">Twitter Web Client</a>","retweeted":false,"coordinates":null,"entities":{"symbols":[],"user_mentions":[{"id":1072596854,"indices":[0,6],"id_str":"1072596854","screen_name":"2AFan","name":"3rd Party 2AFan"}],"hashtags":[],"urls":[]},"in_reply_to_screen_name":"2AFan","id_str":"544339861038047232","retweet_count":0,"in_reply_to_user_id":1072596854,"favorited":false,"user":{"follow_request_sent":false,"profile_use_background_image":true,"profile_text_color":"333333","default_profile_image":false,"id":82048287,"profile_background_image_url_https":"https://abs.twimg.com/images/themes/theme1/bg.png","verified":false,"profile_location":null,"profile_image_url_https":"https://pbs.twimg.com/profile_images/562918254113349632/dAbEUakq_normal.jpeg","profile_sidebar_fill_color":"DDEEF6","entities":{"url":{"urls":[{"url":"http://t.co/ZZAU5kD9MJ","indices":[0,22],"expanded_url":"http://linkedin.com/in/robertbreenau","display_url":"linkedin.com/in/robertbreen…"}]},"description":{"urls":[]}},"followers_count":1557,"profile_sidebar_border_color":"C0DEED","id_str":"82048287","profile_background_color":"C0DEED","listed_count":29,"is_translation_enabled":false,"utc_offset":39600,"statuses_count":979,"description":"Economist, banker, traveler, writer, foodie, geek, nerd. Tweeting about Kiva, startups, crowdfunding, microfinance, writing, food & politics.","friends_count":1875,"location":"Ulaanbaatar, Mongolia","profile_link_color":"0084B4","profile_image_url":"http://pbs.twimg.com/profile_images/562918254113349632/dAbEUakq_normal.jpeg","following":false,"geo_enabled":true,"profile_banner_url":"https://pbs.twimg.com/profile_banners/82048287/1417936707","profile_background_image_url":"http://abs.twimg.com/images/themes/theme1/bg.png","name":"Robert Breen","lang":"en","profile_background_tile":false,"favourites_count":709,"screen_name":"robertbreenau","notifications":false,"url":"http://t.co/ZZAU5kD9MJ","created_at":"Tue Oct 13 08:48:32 +0000 2009","contributors_enabled":false,"time_zone":"Sydney","protected":false,"default_profile":true,"is_translator":false},"geo":null,"in_reply_to_user_id_str":"1072596854","lang":"en","created_at":"Mon Dec 15 03:55:10 +0000 2014","in_reply_to_status_id_str":"544338995656671232","place":null}
]