{"contributors":null,"truncated":false,"text":"A closer still caption of #Sydneysiege gunman http:\/\/t.co\/2zFjvlPC1n http:\/\/t.co\/tk1jwhYDdn","in_reply_to_status_id":null,"id":544301624814870530,"favorite_count":65,"source":"<a href=\"https:\/\/about.twitter.com\/products\/tweetdeck\" rel=\"nofollow\">TweetDeck<\/a>","retweeted":false,"coordinates":null,"entities":{"symbols":[],"user_mentions":[],"hashtags":[{"indices":[26,38],"text":"Sydneysiege"}],"urls":[{"url":"http:\/\/t.co\/2zFjvlPC1n","indices":[46,68],"expanded_url":"http:\/\/on.rt.com\/7r03cn","display_url":"on.rt.com\/7r03cn"}],"media":[{"expanded_url":"http:\/\/twitter.com\/RT_com\/status\/544301624814870530\/photo\/1","display_url":"pic.twitter.com\/tk1jwhYDdn","url":"http:\/\/t.co\/tk1jwhYDdn","media_url_https":"https:\/\/pbs.twimg.com\/media\/B42-ihsCUAAovcT.png","id_str":"544300630349598720","sizes":{"small":{"h":156,"resize":"fit","w":340},"large":{"h":277,"resize":"fit","w":601},"medium":{"h":276,"resize":"fit","w":600},"thumb":{"h":150,"resize":"crop","w":150}},"indices":[69,91],"type":"photo","id":544300630349598720,"media_url":"http:\/\/pbs.twimg.com\/media\/B42-ihsCUAAovcT.png"}]},"in_reply_to_screen_name":null,"id_str":"544301624814870530","retweet_count":315,"in_reply_to_user_id":null,"favorited":false,"user":{"follow_request_sent":false,"profile_use_background_image":true,"profile_text_color":"000000","default_profile_image":false,"id":64643056,"profile_background_image_url_https":"https:\/\/pbs.twimg.com\/profile_background_images\/448107225769193472\/16jIvlg2.jpeg","verified":true,"profile_location":null,"profile_image_url_https":"https:\/\/pbs.twimg.com\/profile_images\/423103093069205504\/eTXULFRS_normal.png","profile_sidebar_fill_color":"EBEBEB","entities":{"url":{"urls":[{"url":"http:\/\/t.co\/bDDyvy9DmR","indices":[0,22],"expanded_url":"http:\/\/RT.com","display_url":"RT.com"}]},"description":{"urls":[]}},"followers_count":824820,"profile_sidebar_border_color":"FFFFFF","id_str":"64643056","profile_background_color":"1D1D1D","listed_count":13365,"is_translation_enabled":false,"utc_offset":14400,"statuses_count":102618,"description":"RT, the global news network, broadcasts from Moscow, London and Washington studios to over 100 countries.","friends_count":460,"location":"","profile_link_color":"3D990F","profile_image_url":"http:\/\/pbs.twimg.com\/profile_images\/423103093069205504\/eTXULFRS_normal.png","following":false,"geo_enabled":false,"profile_banner_url":"https:\/\/pbs.twimg.com\/profile_banners\/64643056\/1409741388","profile_background_image_url":"http:\/\/pbs.twimg.com\/profile_background_images\/448107225769193472\/16jIvlg2.jpeg","name":"RT","lang":"en","profile_background_tile":false,"favourites_count":23,"screen_name":"RT_com","notifications":false,"url":"http:\/\/t.co\/bDDyvy9DmR","created_at":"Tue Aug 11 06:12:45 +0000 2009","contributors_enabled":false,"time_zone":"Moscow","protected":false,"default_profile":false,"is_translator":false},"geo":null,"in_reply_to_user_id_str":null,"possibly_sensitive":false,"lang":"en","created_at":"Mon Dec 15 01:23:14 +0000 2014","in_reply_to_status_id_str":null,"place":null,"extended_entities":{"media":[{"expanded_url":"http:\/\/twitter.com\/RT_com\/status\/544301624814870530\/photo\/1","display_url":"pic.twitter.com\/tk1jwhYDdn","url":"http:\/\/t.co\/tk1jwhYDdn","media_url_https":"https:\/\/pbs.twimg.com\/media\/B42-ihsCUAAovcT.png","id_str":"544300630349598720","sizes":{"small":{"h":156,"resize":"fit","w":340},"large":{"h":277,"resize":"fit","w":601},"medium":{"h":276,"resize":"fit","w":600},"thumb":{"h":150,"resize":"crop","w":150}},"indices":[69,91],"type":"photo","id":544300630349598720,"media_url":"http:\/\/pbs.twimg.com\/media\/B42-ihsCUAAovcT.png"}]}}