{"contributors": null, "truncated": false, "text": "MASSIVE OPERATION: \"Hundreds of armed police have swarmed the area.\" #sydneysiege (LIVE) http://t.co/uq626Z2Sfu http://t.co/oKLjdaWVAk", "in_reply_to_status_id": null, "id": 544301012492632064, "favorite_count": 22, "source": "<a href=\"http://twitter.com\" rel=\"nofollow\">Twitter Web Client</a>", "retweeted": false, "coordinates": null, "entities": {"symbols": [], "user_mentions": [], "hashtags": [{"indices": [69, 81], "text": "sydneysiege"}], "urls": [{"url": "http://t.co/uq626Z2Sfu", "indices": [89, 111], "expanded_url": "http://bit.ly/1w7PBDO", "display_url": "bit.ly/1w7PBDO"}], "media": [{"expanded_url": "http://twitter.com/NewsBreaker/status/544301012492632064/photo/1", "display_url": "pic.twitter.com/oKLjdaWVAk", "url": "http://t.co/oKLjdaWVAk", "media_url_https": "https://pbs.twimg.com/media/B42-4qPCQAAxOXO.png", "id_str": "544301010601000960", "sizes": {"small": {"h": 189, "resize": "fit", "w": 340}, "large": {"h": 572, "resize": "fit", "w": 1024}, "medium": {"h": 335, "resize": "fit", "w": 600}, "thumb": {"h": 150, "resize": "crop", "w": 150}}, "indices": [112, 134], "type": "photo", "id": 544301010601000960, "media_url": "http://pbs.twimg.com/media/B42-4qPCQAAxOXO.png"}]}, "in_reply_to_screen_name": null, "id_str": "544301012492632064", "retweet_count": 138, "in_reply_to_user_id": null, "favorited": false, "user": {"follow_request_sent": false, "profile_use_background_image": true, "profile_text_color": "333333", "default_profile_image": false, "id": 774393817, "profile_background_image_url_https": "https://pbs.twimg.com/profile_background_images/378800000072133368/3173be73e7ebffed86af7e1d3d7e28cd.jpeg", "verified": true, "profile_location": null, "profile_image_url_https": "https://pbs.twimg.com/profile_images/2710301592/7722970139b56958b45a9bc803f06cbf_normal.png", "profile_sidebar_fill_color": "DDEEF6", "entities": {"url": {"urls": [{"url": "http://t.co/dEOV3Oauy0", "indices": [0, 22], "expanded_url": "http://newsbreaker.tv", "display_url": "newsbreaker.tv"}]}, "description": {"urls": []}}, "followers_count": 85752, "profile_sidebar_border_color": "000000", "id_str": "774393817", "profile_background_color": "0D0E17", "listed_count": 2517, "is_translation_enabled": false, "utc_offset": -25200, "statuses_count": 56571, "description": "@OraTV's @NewsBreaker team delivers #breakingnews and trending buzz in 45 seconds. Tips: newsbreaker@ora.tv", "friends_count": 4565, "location": "", "profile_link_color": "A51212", "profile_image_url": "http://pbs.twimg.com/profile_images/2710301592/7722970139b56958b45a9bc803f06cbf_normal.png", "following": false, "geo_enabled": false, "profile_banner_url": "https://pbs.twimg.com/profile_banners/774393817/1398793980", "profile_background_image_url": "http://pbs.twimg.com/profile_background_images/378800000072133368/3173be73e7ebffed86af7e1d3d7e28cd.jpeg", "name": "NewsBreaker", "lang": "en", "profile_background_tile": false, "favourites_count": 3147, "screen_name": "NewsBreaker", "notifications": false, "url": "http://t.co/dEOV3Oauy0", "created_at": "Wed Aug 22 20:02:43 +0000 2012", "contributors_enabled": false, "time_zone": "Arizona", "protected": false, "default_profile": false, "is_translator": false}, "geo": null, "in_reply_to_user_id_str": null, "possibly_sensitive": false, "lang": "en", "created_at": "Mon Dec 15 01:20:48 +0000 2014", "in_reply_to_status_id_str": null, "place": null, "extended_entities": {"media": [{"expanded_url": "http://twitter.com/NewsBreaker/status/544301012492632064/photo/1", "display_url": "pic.twitter.com/oKLjdaWVAk", "url": "http://t.co/oKLjdaWVAk", "media_url_https": "https://pbs.twimg.com/media/B42-4qPCQAAxOXO.png", "id_str": "544301010601000960", "sizes": {"small": {"h": 189, "resize": "fit", "w": 340}, "large": {"h": 572, "resize": "fit", "w": 1024}, "medium": {"h": 335, "resize": "fit", "w": 600}, "thumb": {"h": 150, "resize": "crop", "w": 150}}, "indices": [112, 134], "type": "photo", "id": 544301010601000960, "media_url": "http://pbs.twimg.com/media/B42-4qPCQAAxOXO.png"}]}}