{"contributors":null,"truncated":false,"text":"Terrified faces of hostages taken by jihadists in Sydney.Instead of worrying about \"image of Islam\",worry about them! http:\/\/t.co\/6tbQYvAnUb","in_reply_to_status_id":null,"id":544300178443100160,"favorite_count":91,"source":"<a href=\"http:\/\/www.echofon.com\/\" rel=\"nofollow\">Echofon<\/a>","retweeted":false,"coordinates":null,"entities":{"symbols":[],"user_mentions":[],"hashtags":[],"urls":[],"media":[{"expanded_url":"http:\/\/twitter.com\/MaajidNawaz\/status\/544300178443100160\/photo\/1","display_url":"pic.twitter.com\/6tbQYvAnUb","url":"http:\/\/t.co\/6tbQYvAnUb","media_url_https":"https:\/\/pbs.twimg.com\/media\/B42-IODIMAE07eJ.jpg","id_str":"544300178401144833","sizes":{"small":{"h":606,"resize":"fit","w":340},"large":{"h":640,"resize":"fit","w":359},"medium":{"h":640,"resize":"fit","w":359},"thumb":{"h":150,"resize":"crop","w":150}},"indices":[118,140],"type":"photo","id":544300178401144833,"media_url":"http:\/\/pbs.twimg.com\/media\/B42-IODIMAE07eJ.jpg"}]},"in_reply_to_screen_name":null,"id_str":"544300178443100160","retweet_count":169,"in_reply_to_user_id":null,"favorited":false,"user":{"follow_request_sent":false,"profile_use_background_image":true,"profile_text_color":"145724","default_profile_image":false,"id":46078438,"profile_background_image_url_https":"https:\/\/pbs.twimg.com\/profile_background_images\/601027203\/spaljler6batubnqnc4v.jpeg","verified":false,"profile_location":null,"profile_image_url_https":"https:\/\/pbs.twimg.com\/profile_images\/589835259572805632\/BcsdOB8J_normal.jpg","profile_sidebar_fill_color":"AD9982","entities":{"url":{"urls":[{"url":"http:\/\/t.co\/Fa5kANq4Fg","indices":[0,22],"expanded_url":"http:\/\/www.maajidnawaz.com","display_url":"maajidnawaz.com"}]},"description":{"urls":[]}},"followers_count":31447,"profile_sidebar_border_color":"0F9444","id_str":"46078438","profile_background_color":"54B867","listed_count":604,"is_translation_enabled":false,"utc_offset":0,"statuses_count":26077,"description":"Author: autobiography RADICAL \/ Chairman @QuilliamF \/ Personal account. Also parliamentary candidate in Hampstead & Kilburn @MaajidLibDem","friends_count":353,"location":"London","profile_link_color":"823612","profile_image_url":"http:\/\/pbs.twimg.com\/profile_images\/589835259572805632\/BcsdOB8J_normal.jpg","following":false,"geo_enabled":false,"profile_banner_url":"https:\/\/pbs.twimg.com\/profile_banners\/46078438\/1410047107","profile_background_image_url":"http:\/\/pbs.twimg.com\/profile_background_images\/601027203\/spaljler6batubnqnc4v.jpeg","name":"Maajid Nawaz","lang":"en","profile_background_tile":true,"favourites_count":148,"screen_name":"MaajidNawaz","notifications":false,"url":"http:\/\/t.co\/Fa5kANq4Fg","created_at":"Wed Jun 10 09:58:32 +0000 2009","contributors_enabled":false,"time_zone":"London","protected":false,"default_profile":false,"is_translator":false},"geo":null,"in_reply_to_user_id_str":null,"possibly_sensitive":false,"lang":"en","created_at":"Mon Dec 15 01:17:29 +0000 2014","in_reply_to_status_id_str":null,"place":null,"extended_entities":{"media":[{"expanded_url":"http:\/\/twitter.com\/MaajidNawaz\/status\/544300178443100160\/photo\/1","display_url":"pic.twitter.com\/6tbQYvAnUb","url":"http:\/\/t.co\/6tbQYvAnUb","media_url_https":"https:\/\/pbs.twimg.com\/media\/B42-IODIMAE07eJ.jpg","id_str":"544300178401144833","sizes":{"small":{"h":606,"resize":"fit","w":340},"large":{"h":640,"resize":"fit","w":359},"medium":{"h":640,"resize":"fit","w":359},"thumb":{"h":150,"resize":"crop","w":150}},"indices":[118,140],"type":"photo","id":544300178401144833,"media_url":"http:\/\/pbs.twimg.com\/media\/B42-IODIMAE07eJ.jpg"}]}}