{"contributors":null,"truncated":false,"text":"Sydney 2GB radio shock jock Ray Hadley now retracting many of his earlier claims about #SydneySiege. Appalling 'journalism'","in_reply_to_status_id":null,"id":544301296099270656,"favorite_count":138,"source":"<a href=\"http:\/\/twitter.com\" rel=\"nofollow\">Twitter Web Client<\/a>","retweeted":false,"coordinates":null,"entities":{"symbols":[],"user_mentions":[],"hashtags":[{"indices":[87,99],"text":"SydneySiege"}],"urls":[]},"in_reply_to_screen_name":null,"id_str":"544301296099270656","retweet_count":247,"in_reply_to_user_id":null,"favorited":false,"user":{"follow_request_sent":false,"profile_use_background_image":false,"profile_text_color":"2E2A2E","default_profile_image":false,"id":330378192,"profile_background_image_url_https":"https:\/\/abs.twimg.com\/images\/themes\/theme1\/bg.png","verified":false,"profile_location":null,"profile_image_url_https":"https:\/\/pbs.twimg.com\/profile_images\/573126322181914624\/O4kO-xDc_normal.jpeg","profile_sidebar_fill_color":"EBE7AB","entities":{"description":{"urls":[]}},"followers_count":14523,"profile_sidebar_border_color":"4D3F3F","id_str":"330378192","profile_background_color":"080808","listed_count":371,"is_translation_enabled":false,"utc_offset":39600,"statuses_count":42011,"description":"Chronicling life and times of @RupertMurdoch, his media and the stories they won't cover. Avatar by John Shakespeare","friends_count":885,"location":"Sydney","profile_link_color":"0084B4","profile_image_url":"http:\/\/pbs.twimg.com\/profile_images\/573126322181914624\/O4kO-xDc_normal.jpeg","following":false,"geo_enabled":false,"profile_banner_url":"https:\/\/pbs.twimg.com\/profile_banners\/330378192\/1357905184","profile_background_image_url":"http:\/\/abs.twimg.com\/images\/themes\/theme1\/bg.png","name":"The Daily Rupert ","lang":"en","profile_background_tile":false,"favourites_count":2604,"screen_name":"TheMurdochTimes","notifications":false,"url":null,"created_at":"Wed Jul 06 14:44:42 +0000 2011","contributors_enabled":false,"time_zone":"Sydney","protected":false,"default_profile":false,"is_translator":false},"geo":null,"in_reply_to_user_id_str":null,"lang":"en","created_at":"Mon Dec 15 01:21:56 +0000 2014","in_reply_to_status_id_str":null,"place":null}