[{"contributors":null,"truncated":false,"text":"@KP24 Too right Kev! Prayers with the hostages! Let's hope they emerge unharmed and safe!","in_reply_to_status_id":544301961638457344,"id":544302091821654016,"favorite_count":0,"source":"<a href=\"http://twitter.com/download/iphone\" rel=\"nofollow\">Twitter for iPhone</a>","retweeted":false,"coordinates":null,"entities":{"symbols":[],"user_mentions":[{"id":171117515,"indices":[0,5],"id_str":"171117515","screen_name":"KP24","name":"Kevin Pietersen"}],"hashtags":[],"urls":[]},"in_reply_to_screen_name":"KP24","id_str":"544302091821654016","retweet_count":0,"in_reply_to_user_id":171117515,"favorited":false,"user":{"follow_request_sent":false,"profile_use_background_image":true,"profile_text_color":"333333","default_profile_image":false,"id":1945410296,"profile_background_image_url_https":"https://pbs.twimg.com/profile_background_images/378800000090220226/f7a619d8aa609b22d1a18aacdb467c54.jpeg","verified":false,"profile_location":null,"profile_image_url_https":"https://pbs.twimg.com/profile_images/586617450948599809/poWJH4-q_normal.jpg","profile_sidebar_fill_color":"DDEEF6","entities":{"url":{"urls":[{"url":"http://t.co/JSPz1eOUsh","indices":[0,22],"expanded_url":"http://www.qpr.co.uk","display_url":"qpr.co.uk"}]},"description":{"urls":[]}},"followers_count":733,"profile_sidebar_border_color":"FFFFFF","id_str":"1945410296","profile_background_color":"C0DEED","listed_count":10,"is_translation_enabled":false,"utc_offset":null,"statuses_count":21838,"description":"If You've Got Them By The Balls, Their Hearts And Minds Will Follow! #QPR #LondonWasps #LondonBroncos #Middlesex","friends_count":1653,"location":"London","profile_link_color":"0084B4","profile_image_url":"http://pbs.twimg.com/profile_images/586617450948599809/poWJH4-q_normal.jpg","following":false,"geo_enabled":true,"profile_banner_url":"https://pbs.twimg.com/profile_banners/1945410296/1401058445","profile_background_image_url":"http://pbs.twimg.com/profile_background_images/378800000090220226/f7a619d8aa609b22d1a18aacdb467c54.jpeg","name":"Akshay","lang":"en","profile_background_tile":true,"favourites_count":7297,"screen_name":"TheAkshayVara","notifications":false,"url":"http://t.co/JSPz1eOUsh","created_at":"Mon Oct 07 23:42:10 +0000 2013","contributors_enabled":false,"time_zone":null,"protected":false,"default_profile":false,"is_translator":false},"geo":null,"in_reply_to_user_id_str":"171117515","lang":"en","created_at":"Mon Dec 15 01:25:05 +0000 2014","in_reply_to_status_id_str":"544301961638457344","place":null},
{"contributors":null,"truncated":false,"text":"@KP24 the world is a fucked up place. Let's hope so","in_reply_to_status_id":544301961638457344,"id":544302262999605248,"favorite_count":0,"source":"<a href=\"http://twitter.com/#!/download/ipad\" rel=\"nofollow\">Twitter for iPad</a>","retweeted":false,"coordinates":null,"entities":{"symbols":[],"user_mentions":[{"id":171117515,"indices":[0,5],"id_str":"171117515","screen_name":"KP24","name":"Kevin Pietersen"}],"hashtags":[],"urls":[]},"in_reply_to_screen_name":"KP24","id_str":"544302262999605248","retweet_count":0,"in_reply_to_user_id":171117515,"favorited":false,"user":{"follow_request_sent":false,"profile_use_background_image":true,"profile_text_color":"333333","default_profile_image":false,"id":45871298,"profile_background_image_url_https":"https://abs.twimg.com/images/themes/theme1/bg.png","verified":false,"profile_location":null,"profile_image_url_https":"https://pbs.twimg.com/profile_images/557587975190876160/7lDEvR1R_normal.jpeg","profile_sidebar_fill_color":"DDEEF6","entities":{"url":{"urls":[{"url":"http://t.co/hFeB3UDWXB","indices":[0,22],"expanded_url":"http://www.mindthegap.co.uk/harrysmeltingface","display_url":"mindthegap.co.uk/harrysmeltingf…"}]},"description":{"urls":[]}},"followers_count":1074,"profile_sidebar_border_color":"C0DEED","id_str":"45871298","profile_background_color":"C0DEED","listed_count":16,"is_translation_enabled":false,"utc_offset":null,"statuses_count":13239,"description":"Big Arsenal fan two lovely kids.Go all away games away days the best.Never be offended.Live life to the full and Fuck topnam.MIND THE GAP","friends_count":1152,"location":"pimlico london","profile_link_color":"0084B4","profile_image_url":"http://pbs.twimg.com/profile_images/557587975190876160/7lDEvR1R_normal.jpeg","following":false,"geo_enabled":true,"profile_background_image_url":"http://abs.twimg.com/images/themes/theme1/bg.png","name":"jesus jubon","lang":"en","profile_background_tile":false,"favourites_count":37,"screen_name":"JesusJubonGomez","notifications":false,"url":"http://t.co/hFeB3UDWXB","created_at":"Tue Jun 09 16:12:22 +0000 2009","contributors_enabled":false,"time_zone":null,"protected":false,"default_profile":true,"is_translator":false},"geo":null,"in_reply_to_user_id_str":"171117515","lang":"en","created_at":"Mon Dec 15 01:25:46 +0000 2014","in_reply_to_status_id_str":"544301961638457344","place":null},
{"contributors":null,"truncated":false,"text":"@KP24 \n\nSyria, Palestine?","in_reply_to_status_id":544301961638457344,"id":544302381836824576,"favorite_count":0,"source":"<a href=\"http://twitter.com/download/android\" rel=\"nofollow\">Twitter for Android</a>","retweeted":false,"coordinates":null,"entities":{"symbols":[],"user_mentions":[{"id":171117515,"indices":[0,5],"id_str":"171117515","screen_name":"KP24","name":"Kevin Pietersen"}],"hashtags":[],"urls":[]},"in_reply_to_screen_name":"KP24","id_str":"544302381836824576","retweet_count":0,"in_reply_to_user_id":171117515,"favorited":false,"user":{"follow_request_sent":false,"profile_use_background_image":true,"profile_text_color":"333333","default_profile_image":false,"id":399980561,"profile_background_image_url_https":"https://abs.twimg.com/images/themes/theme1/bg.png","verified":false,"profile_location":null,"profile_image_url_https":"https://pbs.twimg.com/profile_images/492637611580596225/Yq-g6pap_normal.jpeg","profile_sidebar_fill_color":"DDEEF6","entities":{"description":{"urls":[]}},"followers_count":246,"profile_sidebar_border_color":"C0DEED","id_str":"399980561","profile_background_color":"C0DEED","listed_count":1,"is_translation_enabled":false,"utc_offset":3600,"statuses_count":888,"description":"","friends_count":337,"location":"world","profile_link_color":"0084B4","profile_image_url":"http://pbs.twimg.com/profile_images/492637611580596225/Yq-g6pap_normal.jpeg","following":false,"geo_enabled":false,"profile_background_image_url":"http://abs.twimg.com/images/themes/theme1/bg.png","name":"RotiPower.","lang":"en","profile_background_tile":false,"favourites_count":3343,"screen_name":"PowerRoti","notifications":false,"url":null,"created_at":"Fri Oct 28 10:10:57 +0000 2011","contributors_enabled":false,"time_zone":"Amsterdam","protected":false,"default_profile":true,"is_translator":false},"geo":null,"in_reply_to_user_id_str":"171117515","lang":"fi","created_at":"Mon Dec 15 01:26:15 +0000 2014","in_reply_to_status_id_str":"544301961638457344","place":null},
{"contributors":null,"truncated":false,"text":"@KP24 horrible mate. Great country, great people.","in_reply_to_status_id":544301961638457344,"id":544302411654111232,"favorite_count":0,"source":"<a href=\"http://twitter.com/download/android\" rel=\"nofollow\">Twitter for Android</a>","retweeted":false,"coordinates":null,"entities":{"symbols":[],"user_mentions":[{"id":171117515,"indices":[0,5],"id_str":"171117515","screen_name":"KP24","name":"Kevin Pietersen"}],"hashtags":[],"urls":[]},"in_reply_to_screen_name":"KP24","id_str":"544302411654111232","retweet_count":0,"in_reply_to_user_id":171117515,"favorited":false,"user":{"follow_request_sent":false,"profile_use_background_image":true,"profile_text_color":"333333","default_profile_image":false,"id":991884385,"profile_background_image_url_https":"https://abs.twimg.com/images/themes/theme1/bg.png","verified":false,"profile_location":null,"profile_image_url_https":"https://pbs.twimg.com/profile_images/523882272446226434/r2EtXi7B_normal.jpeg","profile_sidebar_fill_color":"DDEEF6","entities":{"description":{"urls":[]}},"followers_count":66,"profile_sidebar_border_color":"C0DEED","id_str":"991884385","profile_background_color":"C0DEED","listed_count":0,"is_translation_enabled":false,"utc_offset":0,"statuses_count":696,"description":"","friends_count":202,"location":"Costa del Sol ","profile_link_color":"0084B4","profile_image_url":"http://pbs.twimg.com/profile_images/523882272446226434/r2EtXi7B_normal.jpeg","following":false,"geo_enabled":false,"profile_banner_url":"https://pbs.twimg.com/profile_banners/991884385/1375804716","profile_background_image_url":"http://abs.twimg.com/images/themes/theme1/bg.png","name":"Englishmanabroad","lang":"en","profile_background_tile":false,"favourites_count":3,"screen_name":"Sunshinefella","notifications":false,"url":null,"created_at":"Wed Dec 05 22:05:30 +0000 2012","contributors_enabled":false,"time_zone":"London","protected":false,"default_profile":true,"is_translator":false},"geo":null,"in_reply_to_user_id_str":"171117515","lang":"en","created_at":"Mon Dec 15 01:26:22 +0000 2014","in_reply_to_status_id_str":"544301961638457344","place":null},
{"contributors":null,"truncated":false,"text":"@KP24 totally agreee, Kevin, this is not the way to achieve anything :( Hope it ends with a peaceful solution :)","in_reply_to_status_id":544301961638457344,"id":544302542180864000,"favorite_count":0,"source":"<a href=\"http://twitter.com\" rel=\"nofollow\">Twitter Web Client</a>","retweeted":false,"coordinates":null,"entities":{"symbols":[],"user_mentions":[{"id":171117515,"indices":[0,5],"id_str":"171117515","screen_name":"KP24","name":"Kevin Pietersen"}],"hashtags":[],"urls":[]},"in_reply_to_screen_name":"KP24","id_str":"544302542180864000","retweet_count":0,"in_reply_to_user_id":171117515,"favorited":false,"user":{"follow_request_sent":false,"profile_use_background_image":true,"profile_text_color":"333333","default_profile_image":false,"id":2246255024,"profile_background_image_url_https":"https://abs.twimg.com/images/themes/theme1/bg.png","verified":false,"profile_location":null,"profile_image_url_https":"https://pbs.twimg.com/profile_images/411999395706458113/Xou3rkEV_normal.png","profile_sidebar_fill_color":"DDEEF6","entities":{"description":{"urls":[]}},"followers_count":13,"profile_sidebar_border_color":"C0DEED","id_str":"2246255024","profile_background_color":"C0DEED","listed_count":0,"is_translation_enabled":false,"utc_offset":null,"statuses_count":156,"description":"Avid dart follower, Italian food lover","friends_count":78,"location":"Wales","profile_link_color":"0084B4","profile_image_url":"http://pbs.twimg.com/profile_images/411999395706458113/Xou3rkEV_normal.png","following":false,"geo_enabled":false,"profile_background_image_url":"http://abs.twimg.com/images/themes/theme1/bg.png","name":"John Albertelli","lang":"en-gb","profile_background_tile":false,"favourites_count":0,"screen_name":"dopeydawg2013","notifications":false,"url":null,"created_at":"Sat Dec 14 22:49:59 +0000 2013","contributors_enabled":false,"time_zone":null,"protected":false,"default_profile":true,"is_translator":false},"geo":null,"in_reply_to_user_id_str":"171117515","lang":"en","created_at":"Mon Dec 15 01:26:53 +0000 2014","in_reply_to_status_id_str":"544301961638457344","place":null},
{"contributors":null,"truncated":false,"text":"@KP24 absolutely terrifying! I was there a few days ago. Hoping they will be okay, this is just unbearable","in_reply_to_status_id":544301961638457344,"id":544302578171801600,"favorite_count":1,"source":"<a href=\"http://twitter.com/#!/download/ipad\" rel=\"nofollow\">Twitter for iPad</a>","retweeted":false,"coordinates":null,"entities":{"symbols":[],"user_mentions":[{"id":171117515,"indices":[0,5],"id_str":"171117515","screen_name":"KP24","name":"Kevin Pietersen"}],"hashtags":[],"urls":[]},"in_reply_to_screen_name":"KP24","id_str":"544302578171801600","retweet_count":1,"in_reply_to_user_id":171117515,"favorited":false,"user":{"follow_request_sent":false,"profile_use_background_image":true,"profile_text_color":"634047","default_profile_image":false,"id":397457300,"profile_background_image_url_https":"https://abs.twimg.com/images/themes/theme3/bg.gif","verified":false,"profile_location":null,"profile_image_url_https":"https://pbs.twimg.com/profile_images/584361012847050752/kfwT6b0L_normal.jpg","profile_sidebar_fill_color":"E3E2DE","entities":{"description":{"urls":[]}},"followers_count":803,"profile_sidebar_border_color":"D3D2CF","id_str":"397457300","profile_background_color":"EDECE9","listed_count":5,"is_translation_enabled":false,"utc_offset":null,"statuses_count":9466,"description":"Off travellilng. Australia/NZ/Singapore/Thailand. Huge Chelsea FC fan. Be carefree not careless","friends_count":796,"location":"Around the world","profile_link_color":"088253","profile_image_url":"http://pbs.twimg.com/profile_images/584361012847050752/kfwT6b0L_normal.jpg","following":false,"geo_enabled":true,"profile_banner_url":"https://pbs.twimg.com/profile_banners/397457300/1418593854","profile_background_image_url":"http://abs.twimg.com/images/themes/theme3/bg.gif","name":"Laura Keats","lang":"en","profile_background_tile":false,"favourites_count":1892,"screen_name":"LSK_91","notifications":false,"url":null,"created_at":"Mon Oct 24 18:25:55 +0000 2011","contributors_enabled":false,"time_zone":null,"protected":false,"default_profile":false,"is_translator":false},"geo":null,"in_reply_to_user_id_str":"171117515","lang":"en","created_at":"Mon Dec 15 01:27:01 +0000 2014","in_reply_to_status_id_str":"544301961638457344","place":null},
{"contributors":null,"truncated":false,"text":"@KP24 world as we note changing quicker than a Warner Century","in_reply_to_status_id":544301961638457344,"id":544302656617857024,"favorite_count":0,"source":"<a href=\"http://twitter.com/download/android\" rel=\"nofollow\">Twitter for Android</a>","retweeted":false,"coordinates":null,"entities":{"symbols":[],"user_mentions":[{"id":171117515,"indices":[0,5],"id_str":"171117515","screen_name":"KP24","name":"Kevin Pietersen"}],"hashtags":[],"urls":[]},"in_reply_to_screen_name":"KP24","id_str":"544302656617857024","retweet_count":0,"in_reply_to_user_id":171117515,"favorited":false,"user":{"follow_request_sent":false,"profile_use_background_image":true,"profile_text_color":"333333","default_profile_image":false,"id":2724956227,"profile_background_image_url_https":"https://abs.twimg.com/images/themes/theme1/bg.png","verified":false,"profile_location":null,"profile_image_url_https":"https://pbs.twimg.com/profile_images/498981853852749824/G94gE4N9_normal.jpeg","profile_sidebar_fill_color":"DDEEF6","entities":{"description":{"urls":[]}},"followers_count":41,"profile_sidebar_border_color":"C0DEED","id_str":"2724956227","profile_background_color":"C0DEED","listed_count":0,"is_translation_enabled":false,"utc_offset":null,"statuses_count":492,"description":"","friends_count":115,"location":"","profile_link_color":"0084B4","profile_image_url":"http://pbs.twimg.com/profile_images/498981853852749824/G94gE4N9_normal.jpeg","following":false,"geo_enabled":false,"profile_background_image_url":"http://abs.twimg.com/images/themes/theme1/bg.png","name":"Luciano Spalliera","lang":"en","profile_background_tile":false,"favourites_count":248,"screen_name":"spalliera","notifications":false,"url":null,"created_at":"Mon Aug 11 23:58:03 +0000 2014","contributors_enabled":false,"time_zone":null,"protected":false,"default_profile":true,"is_translator":false},"geo":null,"in_reply_to_user_id_str":"171117515","lang":"en","created_at":"Mon Dec 15 01:27:20 +0000 2014","in_reply_to_status_id_str":"544301961638457344","place":null},
{"contributors":null,"truncated":false,"text":"@KP24 so scary KP :(","in_reply_to_status_id":544301961638457344,"id":544304750481514496,"favorite_count":0,"source":"<a href=\"http://twitter.com/download/iphone\" rel=\"nofollow\">Twitter for iPhone</a>","retweeted":false,"coordinates":null,"entities":{"symbols":[],"user_mentions":[{"id":171117515,"indices":[0,5],"id_str":"171117515","screen_name":"KP24","name":"Kevin Pietersen"}],"hashtags":[],"urls":[]},"in_reply_to_screen_name":"KP24","id_str":"544304750481514496","retweet_count":0,"in_reply_to_user_id":171117515,"favorited":false,"user":{"follow_request_sent":false,"profile_use_background_image":true,"profile_text_color":"3E4415","default_profile_image":false,"id":61166134,"profile_background_image_url_https":"https://abs.twimg.com/images/themes/theme5/bg.gif","verified":false,"profile_location":null,"profile_image_url_https":"https://pbs.twimg.com/profile_images/586990874564759552/4fqF6SJB_normal.jpg","profile_sidebar_fill_color":"99CC33","entities":{"description":{"urls":[]}},"followers_count":818,"profile_sidebar_border_color":"829D5E","id_str":"61166134","profile_background_color":"352726","listed_count":9,"is_translation_enabled":false,"utc_offset":39600,"statuses_count":29302,"description":"Basically i watch alot of cricket, show horses, listen to ben burgess and own a coffee shop.","friends_count":1994,"location":"Australia","profile_link_color":"D02B55","profile_image_url":"http://pbs.twimg.com/profile_images/586990874564759552/4fqF6SJB_normal.jpg","following":false,"geo_enabled":true,"profile_banner_url":"https://pbs.twimg.com/profile_banners/61166134/1402227198","profile_background_image_url":"http://abs.twimg.com/images/themes/theme5/bg.gif","name":"Carlie Beer","lang":"en","profile_background_tile":false,"favourites_count":394,"screen_name":"ceebee_46","notifications":false,"url":null,"created_at":"Wed Jul 29 10:42:20 +0000 2009","contributors_enabled":false,"time_zone":"Sydney","protected":false,"default_profile":false,"is_translator":false},"geo":null,"in_reply_to_user_id_str":"171117515","lang":"en","created_at":"Mon Dec 15 01:35:39 +0000 2014","in_reply_to_status_id_str":"544301961638457344","place":null},
{"contributors":null,"truncated":false,"text":"@KP24 sick world, i reckon Matt Prior is behind it all. #thebigcheese","in_reply_to_status_id":544301961638457344,"id":544305601053208578,"favorite_count":0,"source":"<a href=\"http://twitter.com/download/iphone\" rel=\"nofollow\">Twitter for iPhone</a>","retweeted":false,"coordinates":null,"entities":{"symbols":[],"user_mentions":[{"id":171117515,"indices":[0,5],"id_str":"171117515","screen_name":"KP24","name":"Kevin Pietersen"}],"hashtags":[{"indices":[56,69],"text":"thebigcheese"}],"urls":[]},"in_reply_to_screen_name":"KP24","id_str":"544305601053208578","retweet_count":0,"in_reply_to_user_id":171117515,"favorited":false,"user":{"follow_request_sent":false,"profile_use_background_image":true,"profile_text_color":"333333","default_profile_image":false,"id":454476737,"profile_background_image_url_https":"https://abs.twimg.com/images/themes/theme1/bg.png","verified":false,"profile_location":null,"profile_image_url_https":"https://pbs.twimg.com/profile_images/588800648633778176/BhsJ0krE_normal.jpg","profile_sidebar_fill_color":"DDEEF6","entities":{"url":{"urls":[{"url":"http://t.co/kgkzqZijfK","indices":[0,22],"expanded_url":"http://www.spurs-web.com","display_url":"spurs-web.com"}]},"description":{"urls":[]}},"followers_count":356,"profile_sidebar_border_color":"C0DEED","id_str":"454476737","profile_background_color":"C0DEED","listed_count":4,"is_translation_enabled":false,"utc_offset":null,"statuses_count":9272,"description":"Proud Dad to Kian, Olivia & Charlie. Tottenham Hotspur supporter, UK Garage raver, husband, brother, son and father. #COYS #UKG","friends_count":521,"location":"Gravesend, Kent","profile_link_color":"0084B4","profile_image_url":"http://pbs.twimg.com/profile_images/588800648633778176/BhsJ0krE_normal.jpg","following":false,"geo_enabled":false,"profile_banner_url":"https://pbs.twimg.com/profile_banners/454476737/1416395113","profile_background_image_url":"http://abs.twimg.com/images/themes/theme1/bg.png","name":"Jon Mannings","lang":"en","profile_background_tile":false,"favourites_count":1879,"screen_name":"jonthfc","notifications":false,"url":"http://t.co/kgkzqZijfK","created_at":"Wed Jan 04 01:34:18 +0000 2012","contributors_enabled":false,"time_zone":null,"protected":false,"default_profile":true,"is_translator":false},"geo":null,"in_reply_to_user_id_str":"171117515","lang":"en","created_at":"Mon Dec 15 01:39:02 +0000 2014","in_reply_to_status_id_str":"544301961638457344","place":null},
{"contributors":null,"truncated":false,"text":"@KP24 ur friend @piersmorgan will hv a new cause to take up, as soon as he wakes up","in_reply_to_status_id":544301961638457344,"id":544305755721986048,"favorite_count":0,"source":"<a href=\"http://twitter.com/#!/download/ipad\" rel=\"nofollow\">Twitter for iPad</a>","retweeted":false,"coordinates":null,"entities":{"symbols":[],"user_mentions":[{"id":171117515,"indices":[0,5],"id_str":"171117515","screen_name":"KP24","name":"Kevin Pietersen"},{"id":216299334,"indices":[16,28],"id_str":"216299334","screen_name":"piersmorgan","name":"Piers Morgan"}],"hashtags":[],"urls":[]},"in_reply_to_screen_name":"KP24","id_str":"544305755721986048","retweet_count":0,"in_reply_to_user_id":171117515,"favorited":false,"user":{"follow_request_sent":false,"profile_use_background_image":false,"profile_text_color":"333333","default_profile_image":false,"id":159910318,"profile_background_image_url_https":"https://abs.twimg.com/images/themes/theme18/bg.gif","verified":false,"profile_location":null,"profile_image_url_https":"https://pbs.twimg.com/profile_images/571200240402833408/UesYXQjJ_normal.jpeg","profile_sidebar_fill_color":"DDEEF6","entities":{"description":{"urls":[]}},"followers_count":2903,"profile_sidebar_border_color":"FFFFFF","id_str":"159910318","profile_background_color":"ACDED6","listed_count":8,"is_translation_enabled":false,"utc_offset":19800,"statuses_count":2922,"description":"MUFC & CSK Fan - Why do @SUBWAY mock me? I just go in and ask for most expensive Sub and they offer me Radamel Falcao?!","friends_count":3122,"location":"","profile_link_color":"038543","profile_image_url":"http://pbs.twimg.com/profile_images/571200240402833408/UesYXQjJ_normal.jpeg","following":false,"geo_enabled":false,"profile_banner_url":"https://pbs.twimg.com/profile_banners/159910318/1406160452","profile_background_image_url":"http://abs.twimg.com/images/themes/theme18/bg.gif","name":"United","lang":"en","profile_background_tile":false,"favourites_count":130,"screen_name":"aarahulsingh","notifications":false,"url":null,"created_at":"Sat Jun 26 17:03:49 +0000 2010","contributors_enabled":false,"time_zone":"New Delhi","protected":false,"default_profile":false,"is_translator":false},"geo":null,"in_reply_to_user_id_str":"171117515","lang":"en","created_at":"Mon Dec 15 01:39:39 +0000 2014","in_reply_to_status_id_str":"544301961638457344","place":null},
{"contributors":null,"truncated":false,"text":"“@KP24: Sitting in Melbourne watching what's going on in Sydney...I bloody hope it ends ok for those poor people! Disgusting behaviour! 😡\"","in_reply_to_status_id":544301961638457344,"id":544310429330059264,"favorite_count":0,"source":"<a href=\"http://twitter.com/download/iphone\" rel=\"nofollow\">Twitter for iPhone</a>","retweeted":false,"coordinates":null,"entities":{"symbols":[],"user_mentions":[{"id":171117515,"indices":[1,6],"id_str":"171117515","screen_name":"KP24","name":"Kevin Pietersen"}],"hashtags":[],"urls":[]},"in_reply_to_screen_name":"KP24","id_str":"544310429330059264","retweet_count":0,"in_reply_to_user_id":171117515,"favorited":false,"user":{"follow_request_sent":false,"profile_use_background_image":true,"profile_text_color":"333333","default_profile_image":false,"id":153291582,"profile_background_image_url_https":"https://abs.twimg.com/images/themes/theme1/bg.png","verified":false,"profile_location":null,"profile_image_url_https":"https://pbs.twimg.com/profile_images/2732272985/96d961133f9c3253ef671dc65d4a6400_normal.jpeg","profile_sidebar_fill_color":"DDEEF6","entities":{"description":{"urls":[{"url":"http://t.co/bkZq7x6xXS","indices":[48,70],"expanded_url":"http://immunics.org","display_url":"immunics.org"}]}},"followers_count":118,"profile_sidebar_border_color":"C0DEED","id_str":"153291582","profile_background_color":"C0DEED","listed_count":5,"is_translation_enabled":false,"utc_offset":39600,"statuses_count":463,"description":"Australian born Actor, T.V. Star, Entrepreneur, http://t.co/bkZq7x6xXS, Sports Star and possibly Gods Greatest Creation !!","friends_count":366,"location":"Melbourne, Australia.","profile_link_color":"0084B4","profile_image_url":"http://pbs.twimg.com/profile_images/2732272985/96d961133f9c3253ef671dc65d4a6400_normal.jpeg","following":false,"geo_enabled":false,"profile_background_image_url":"http://abs.twimg.com/images/themes/theme1/bg.png","name":"Scott Maher","lang":"en","profile_background_tile":false,"favourites_count":51,"screen_name":"RayleMarz","notifications":false,"url":null,"created_at":"Tue Jun 08 04:49:26 +0000 2010","contributors_enabled":false,"time_zone":"Sydney","protected":false,"default_profile":true,"is_translator":false},"geo":null,"in_reply_to_user_id_str":"171117515","lang":"en","created_at":"Mon Dec 15 01:58:13 +0000 2014","in_reply_to_status_id_str":"544301961638457344","place":null},
{"contributors":null,"truncated":false,"text":"@KP24  lol","in_reply_to_status_id":544301961638457344,"id":544329114379776000,"favorite_count":0,"source":"<a href=\"http://www.twitter.com\" rel=\"nofollow\">Twitter for BlackBerry</a>","retweeted":false,"coordinates":null,"entities":{"symbols":[],"user_mentions":[{"id":171117515,"indices":[0,5],"id_str":"171117515","screen_name":"KP24","name":"Kevin Pietersen"}],"hashtags":[],"urls":[]},"in_reply_to_screen_name":"KP24","id_str":"544329114379776000","retweet_count":0,"in_reply_to_user_id":171117515,"favorited":false,"user":{"follow_request_sent":false,"profile_use_background_image":true,"profile_text_color":"333333","default_profile_image":false,"id":521280601,"profile_background_image_url_https":"https://abs.twimg.com/images/themes/theme1/bg.png","verified":false,"profile_location":null,"profile_image_url_https":"https://pbs.twimg.com/profile_images/585772440246063106/cIBf6WVF_normal.jpg","profile_sidebar_fill_color":"DDEEF6","entities":{"description":{"urls":[]}},"followers_count":43,"profile_sidebar_border_color":"C0DEED","id_str":"521280601","profile_background_color":"C0DEED","listed_count":0,"is_translation_enabled":false,"utc_offset":19800,"statuses_count":668,"description":"Sacha wala fan of....Sir Akshay kumar...Akki baba ke liye jaan bhi de skta hu...","friends_count":28,"location":"bhopal","profile_link_color":"B30018","profile_image_url":"http://pbs.twimg.com/profile_images/585772440246063106/cIBf6WVF_normal.jpg","following":false,"geo_enabled":false,"profile_banner_url":"https://pbs.twimg.com/profile_banners/521280601/1414579038","profile_background_image_url":"http://abs.twimg.com/images/themes/theme1/bg.png","name":"Anudesh akkians ","lang":"en","profile_background_tile":false,"favourites_count":330,"screen_name":"AnudeshS","notifications":false,"url":null,"created_at":"Sun Mar 11 12:31:06 +0000 2012","contributors_enabled":false,"time_zone":"Chennai","protected":false,"default_profile":false,"is_translator":false},"geo":null,"in_reply_to_user_id_str":"171117515","lang":"und","created_at":"Mon Dec 15 03:12:28 +0000 2014","in_reply_to_status_id_str":"544301961638457344","place":null},
{"contributors":null,"truncated":false,"text":"@KP24 Cric is a gentelmens' game...it does'nt diservs such foolishness....u r right kp","in_reply_to_status_id":544301961638457344,"id":544334628782223360,"favorite_count":0,"source":"<a href=\"http://twitter.com/download/android\" rel=\"nofollow\">Twitter for Android</a>","retweeted":false,"coordinates":null,"entities":{"symbols":[],"user_mentions":[{"id":171117515,"indices":[0,5],"id_str":"171117515","screen_name":"KP24","name":"Kevin Pietersen"}],"hashtags":[],"urls":[]},"in_reply_to_screen_name":"KP24","id_str":"544334628782223360","retweet_count":0,"in_reply_to_user_id":171117515,"favorited":false,"user":{"follow_request_sent":false,"profile_use_background_image":true,"profile_text_color":"333333","default_profile_image":false,"id":2922184358,"profile_background_image_url_https":"https://abs.twimg.com/images/themes/theme1/bg.png","verified":false,"profile_location":null,"profile_image_url_https":"https://pbs.twimg.com/profile_images/544614266704105472/LyMiEsNn_normal.jpeg","profile_sidebar_fill_color":"DDEEF6","entities":{"description":{"urls":[]}},"followers_count":9,"profile_sidebar_border_color":"C0DEED","id_str":"2922184358","profile_background_color":"C0DEED","listed_count":0,"is_translation_enabled":false,"utc_offset":null,"statuses_count":17,"description":"","friends_count":234,"location":"","profile_link_color":"0084B4","profile_image_url":"http://pbs.twimg.com/profile_images/544614266704105472/LyMiEsNn_normal.jpeg","following":false,"geo_enabled":true,"profile_background_image_url":"http://abs.twimg.com/images/themes/theme1/bg.png","name":"Anand S Ashtakar","lang":"en","profile_background_tile":false,"favourites_count":4,"screen_name":"62b350d60098467","notifications":false,"url":null,"created_at":"Mon Dec 08 01:08:19 +0000 2014","contributors_enabled":false,"time_zone":null,"protected":false,"default_profile":true,"is_translator":false},"geo":null,"in_reply_to_user_id_str":"171117515","lang":"en","created_at":"Mon Dec 15 03:34:23 +0000 2014","in_reply_to_status_id_str":"544301961638457344","place":null},
{"contributors":null,"truncated":false,"text":"@KP24 one normally read/see those scenes in USA. Hope those people will come out of it, ok and and unhurt.#StaySafeSydney","in_reply_to_status_id":544301961638457344,"id":544352140027002881,"favorite_count":0,"source":"<a href=\"http://blackberry.com/twitter\" rel=\"nofollow\">Twitter for BlackBerry®</a>","retweeted":false,"coordinates":null,"entities":{"symbols":[],"user_mentions":[{"id":171117515,"indices":[0,5],"id_str":"171117515","screen_name":"KP24","name":"Kevin Pietersen"}],"hashtags":[{"indices":[106,121],"text":"StaySafeSydney"}],"urls":[]},"in_reply_to_screen_name":"KP24","id_str":"544352140027002881","retweet_count":0,"in_reply_to_user_id":171117515,"favorited":false,"user":{"follow_request_sent":false,"profile_use_background_image":true,"profile_text_color":"333333","default_profile_image":false,"id":2763844005,"profile_background_image_url_https":"https://abs.twimg.com/images/themes/theme1/bg.png","verified":false,"profile_location":null,"profile_image_url_https":"https://pbs.twimg.com/profile_images/554955492431499264/AUF0k-iE_normal.jpeg","profile_sidebar_fill_color":"DDEEF6","entities":{"description":{"urls":[]}},"followers_count":3,"profile_sidebar_border_color":"C0DEED","id_str":"2763844005","profile_background_color":"C0DEED","listed_count":0,"is_translation_enabled":false,"utc_offset":null,"statuses_count":539,"description":"","friends_count":69,"location":"Not important","profile_link_color":"0084B4","profile_image_url":"http://pbs.twimg.com/profile_images/554955492431499264/AUF0k-iE_normal.jpeg","following":false,"geo_enabled":false,"profile_background_image_url":"http://abs.twimg.com/images/themes/theme1/bg.png","name":"isaac jordaan","lang":"en","profile_background_tile":false,"favourites_count":3,"screen_name":"ice_12008","notifications":false,"url":null,"created_at":"Sun Sep 07 11:03:52 +0000 2014","contributors_enabled":false,"time_zone":null,"protected":false,"default_profile":true,"is_translator":false},"geo":null,"in_reply_to_user_id_str":"171117515","lang":"en","created_at":"Mon Dec 15 04:43:58 +0000 2014","in_reply_to_status_id_str":"544301961638457344","place":null},
{"contributors":null,"truncated":false,"text":"@KP24 our thoughts are with those poor people and their families!","in_reply_to_status_id":544301961638457344,"id":544384095007293440,"favorite_count":0,"source":"<a href=\"http://www.twitter.com\" rel=\"nofollow\">Twitter for Windows Phone</a>","retweeted":false,"coordinates":null,"entities":{"symbols":[],"user_mentions":[{"id":171117515,"indices":[0,5],"id_str":"171117515","screen_name":"KP24","name":"Kevin Pietersen"}],"hashtags":[],"urls":[]},"in_reply_to_screen_name":"KP24","id_str":"544384095007293440","retweet_count":0,"in_reply_to_user_id":171117515,"favorited":false,"user":{"follow_request_sent":false,"profile_use_background_image":true,"profile_text_color":"333333","default_profile_image":true,"id":2305822839,"profile_background_image_url_https":"https://abs.twimg.com/images/themes/theme1/bg.png","verified":false,"profile_location":null,"profile_image_url_https":"https://abs.twimg.com/sticky/default_profile_images/default_profile_5_normal.png","profile_sidebar_fill_color":"DDEEF6","entities":{"description":{"urls":[]}},"followers_count":6,"profile_sidebar_border_color":"C0DEED","id_str":"2305822839","profile_background_color":"C0DEED","listed_count":0,"is_translation_enabled":false,"utc_offset":null,"statuses_count":157,"description":"","friends_count":75,"location":"","profile_link_color":"0084B4","profile_image_url":"http://abs.twimg.com/sticky/default_profile_images/default_profile_5_normal.png","following":false,"geo_enabled":false,"profile_background_image_url":"http://abs.twimg.com/images/themes/theme1/bg.png","name":"mark young","lang":"en","profile_background_tile":false,"favourites_count":15,"screen_name":"Youngy1Mark","notifications":false,"url":null,"created_at":"Sun Jan 26 14:51:43 +0000 2014","contributors_enabled":false,"time_zone":null,"protected":false,"default_profile":true,"is_translator":false},"geo":null,"in_reply_to_user_id_str":"171117515","lang":"en","created_at":"Mon Dec 15 06:50:57 +0000 2014","in_reply_to_status_id_str":"544301961638457344","place":null},
{"contributors":null,"truncated":false,"text":"@KP24 what's happening is very sad. Reminds me of the time Australia pulled out of playing WC matches in Srilanka for security reasons.","in_reply_to_status_id":544301961638457344,"id":544410233494577152,"favorite_count":0,"source":"<a href=\"http://twitter.com/download/iphone\" rel=\"nofollow\">Twitter for iPhone</a>","retweeted":false,"coordinates":null,"entities":{"symbols":[],"user_mentions":[{"id":171117515,"indices":[0,5],"id_str":"171117515","screen_name":"KP24","name":"Kevin Pietersen"}],"hashtags":[],"urls":[]},"in_reply_to_screen_name":"KP24","id_str":"544410233494577152","retweet_count":0,"in_reply_to_user_id":171117515,"favorited":false,"user":{"follow_request_sent":false,"profile_use_background_image":true,"profile_text_color":"333333","default_profile_image":false,"id":238202722,"profile_background_image_url_https":"https://abs.twimg.com/images/themes/theme1/bg.png","verified":false,"profile_location":null,"profile_image_url_https":"https://pbs.twimg.com/profile_images/542811940863901696/uZwFwN7a_normal.jpeg","profile_sidebar_fill_color":"DDEEF6","entities":{"description":{"urls":[]}},"followers_count":5,"profile_sidebar_border_color":"C0DEED","id_str":"238202722","profile_background_color":"C0DEED","listed_count":0,"is_translation_enabled":false,"utc_offset":0,"statuses_count":22,"description":"","friends_count":4,"location":"Twickenham, UK","profile_link_color":"0084B4","profile_image_url":"http://pbs.twimg.com/profile_images/542811940863901696/uZwFwN7a_normal.jpeg","following":false,"geo_enabled":true,"profile_background_image_url":"http://abs.twimg.com/images/themes/theme1/bg.png","name":"Arvind Shidlagatta","lang":"en","profile_background_tile":false,"favourites_count":38,"screen_name":"sgarvind","notifications":false,"url":null,"created_at":"Fri Jan 14 16:15:58 +0000 2011","contributors_enabled":false,"time_zone":"London","protected":false,"default_profile":true,"is_translator":false},"geo":null,"in_reply_to_user_id_str":"171117515","lang":"en","created_at":"Mon Dec 15 08:34:48 +0000 2014","in_reply_to_status_id_str":"544301961638457344","place":null},
{"contributors":null,"truncated":false,"text":"@KP24 A sadness that has touched Sydney.OZ is no longer the safe place we have blindly thought it was.Pray for safe ending😢","in_reply_to_status_id":544301961638457344,"id":544411281441034241,"favorite_count":0,"source":"<a href=\"https://twitter.com/download/android\" rel=\"nofollow\">Twitter for Android Tablets</a>","retweeted":false,"coordinates":null,"entities":{"symbols":[],"user_mentions":[{"id":171117515,"indices":[0,5],"id_str":"171117515","screen_name":"KP24","name":"Kevin Pietersen"}],"hashtags":[],"urls":[]},"in_reply_to_screen_name":"KP24","id_str":"544411281441034241","retweet_count":0,"in_reply_to_user_id":171117515,"favorited":false,"user":{"follow_request_sent":false,"profile_use_background_image":true,"profile_text_color":"333333","default_profile_image":false,"id":259620986,"profile_background_image_url_https":"https://abs.twimg.com/images/themes/theme1/bg.png","verified":false,"profile_location":null,"profile_image_url_https":"https://pbs.twimg.com/profile_images/1446487750/Pepper__small__normal.jpg","profile_sidebar_fill_color":"DDEEF6","entities":{"description":{"urls":[]}},"followers_count":256,"profile_sidebar_border_color":"C0DEED","id_str":"259620986","profile_background_color":"C0DEED","listed_count":5,"is_translation_enabled":false,"utc_offset":null,"statuses_count":12603,"description":"cricket tragic over 50 years. Daniel Vettori ,Kevin Pietersen  & Brendon McCullum my cricket heroes.","friends_count":382,"location":"Australia","profile_link_color":"0084B4","profile_image_url":"http://pbs.twimg.com/profile_images/1446487750/Pepper__small__normal.jpg","following":false,"geo_enabled":true,"profile_background_image_url":"http://abs.twimg.com/images/themes/theme1/bg.png","name":"Julie Gould","lang":"en","profile_background_tile":false,"favourites_count":210,"screen_name":"rabbitsj70","notifications":false,"url":null,"created_at":"Wed Mar 02 07:29:29 +0000 2011","contributors_enabled":false,"time_zone":null,"protected":false,"default_profile":true,"is_translator":false},"geo":null,"in_reply_to_user_id_str":"171117515","lang":"en","created_at":"Mon Dec 15 08:38:58 +0000 2014","in_reply_to_status_id_str":"544301961638457344","place":null},
{"contributors":null,"truncated":false,"text":"@KP24 @chrisrogersfan_ That's an understatement","in_reply_to_status_id":544301961638457344,"id":544575304401190912,"favorite_count":1,"source":"<a href=\"http://twitter.com/download/iphone\" rel=\"nofollow\">Twitter for iPhone</a>","retweeted":false,"coordinates":null,"entities":{"symbols":[],"user_mentions":[{"id":171117515,"indices":[0,5],"id_str":"171117515","screen_name":"KP24","name":"Kevin Pietersen"},{"id":2309299488,"indices":[6,22],"id_str":"2309299488","screen_name":"chrisrogersfan_","name":"chris rogers"}],"hashtags":[],"urls":[]},"in_reply_to_screen_name":"KP24","id_str":"544575304401190912","retweet_count":0,"in_reply_to_user_id":171117515,"favorited":false,"user":{"follow_request_sent":false,"profile_use_background_image":true,"profile_text_color":"333333","default_profile_image":false,"id":2915138085,"profile_background_image_url_https":"https://abs.twimg.com/images/themes/theme1/bg.png","verified":false,"profile_location":null,"profile_image_url_https":"https://pbs.twimg.com/profile_images/583309717763694592/UI7YUXBf_normal.jpg","profile_sidebar_fill_color":"DDEEF6","entities":{"description":{"urls":[]}},"followers_count":79,"profile_sidebar_border_color":"C0DEED","id_str":"2915138085","profile_background_color":"C0DEED","listed_count":0,"is_translation_enabled":false,"utc_offset":null,"statuses_count":1896,"description":"Does anyone want to read my bio? I'll tell you anyway...It's about a boy! I met this (I tought more like Irish) guy who had me at hello..","friends_count":215,"location":"Holland House","profile_link_color":"0084B4","profile_image_url":"http://pbs.twimg.com/profile_images/583309717763694592/UI7YUXBf_normal.jpg","following":false,"geo_enabled":false,"profile_banner_url":"https://pbs.twimg.com/profile_banners/2915138085/1418885689","profile_background_image_url":"http://abs.twimg.com/images/themes/theme1/bg.png","name":"Mytra SadiDoost","lang":"en","profile_background_tile":false,"favourites_count":1205,"screen_name":"MSadidoost","notifications":false,"url":null,"created_at":"Thu Dec 11 08:10:14 +0000 2014","contributors_enabled":false,"time_zone":null,"protected":false,"default_profile":true,"is_translator":false},"geo":null,"in_reply_to_user_id_str":"171117515","lang":"en","created_at":"Mon Dec 15 19:30:44 +0000 2014","in_reply_to_status_id_str":"544301961638457344","place":null},
{"contributors":null,"truncated":false,"text":"@KP24 it sure is, but I don't see an outpouring of condemnation for the 100s of innocent civilians killed daily in Syria or Iraq.","in_reply_to_status_id":544301961638457344,"id":544791325770801152,"favorite_count":0,"source":"<a href=\"http://twitter.com/download/iphone\" rel=\"nofollow\">Twitter for iPhone</a>","retweeted":false,"coordinates":null,"entities":{"symbols":[],"user_mentions":[{"id":171117515,"indices":[0,5],"id_str":"171117515","screen_name":"KP24","name":"Kevin Pietersen"}],"hashtags":[],"urls":[]},"in_reply_to_screen_name":"KP24","id_str":"544791325770801152","retweet_count":0,"in_reply_to_user_id":171117515,"favorited":false,"user":{"follow_request_sent":false,"profile_use_background_image":true,"profile_text_color":"333333","default_profile_image":false,"id":374167489,"profile_background_image_url_https":"https://abs.twimg.com/images/themes/theme1/bg.png","verified":false,"profile_location":null,"profile_image_url_https":"https://pbs.twimg.com/profile_images/378800000000415682/5642c468b796f423af46612006382c8f_normal.jpeg","profile_sidebar_fill_color":"DDEEF6","entities":{"description":{"urls":[]}},"followers_count":142,"profile_sidebar_border_color":"C0DEED","id_str":"374167489","profile_background_color":"C0DEED","listed_count":7,"is_translation_enabled":false,"utc_offset":null,"statuses_count":10121,"description":"PhD in immunogenetics, now work as a large systems architect, love techno and the ethos of Detroit's Underground Resistance","friends_count":1059,"location":"UK","profile_link_color":"0084B4","profile_image_url":"http://pbs.twimg.com/profile_images/378800000000415682/5642c468b796f423af46612006382c8f_normal.jpeg","following":false,"geo_enabled":false,"profile_background_image_url":"http://abs.twimg.com/images/themes/theme1/bg.png","name":"Sy","lang":"en","profile_background_tile":false,"favourites_count":148,"screen_name":"DJSlammin","notifications":false,"url":null,"created_at":"Thu Sep 15 20:39:06 +0000 2011","contributors_enabled":false,"time_zone":null,"protected":false,"default_profile":true,"is_translator":false},"geo":null,"in_reply_to_user_id_str":"171117515","lang":"en","created_at":"Tue Dec 16 09:49:08 +0000 2014","in_reply_to_status_id_str":"544301961638457344","place":null}
]