{"contributors":null,"truncated":false,"text":"Mass disbelief: crowds looking anxiously, down Martin Place. #sydneysiege http:\/\/t.co\/U8n9ZWgxmD","in_reply_to_status_id":null,"id":544301025079730176,"favorite_count":88,"source":"<a href=\"http:\/\/twitter.com\/download\/iphone\" rel=\"nofollow\">Twitter for iPhone<\/a>","retweeted":false,"coordinates":null,"entities":{"symbols":[],"user_mentions":[],"hashtags":[{"indices":[61,73],"text":"sydneysiege"}],"urls":[],"media":[{"expanded_url":"http:\/\/twitter.com\/JezNews\/status\/544301025079730176\/photo\/1","display_url":"pic.twitter.com\/U8n9ZWgxmD","url":"http:\/\/t.co\/U8n9ZWgxmD","media_url_https":"https:\/\/pbs.twimg.com\/media\/B42-3ZuCMAEvNQX.jpg","id_str":"544300988987748353","sizes":{"small":{"h":255,"resize":"fit","w":340},"large":{"h":768,"resize":"fit","w":1024},"medium":{"h":450,"resize":"fit","w":600},"thumb":{"h":150,"resize":"crop","w":150}},"indices":[74,96],"type":"photo","id":544300988987748353,"media_url":"http:\/\/pbs.twimg.com\/media\/B42-3ZuCMAEvNQX.jpg"}]},"in_reply_to_screen_name":null,"id_str":"544301025079730176","retweet_count":397,"in_reply_to_user_id":null,"favorited":false,"user":{"follow_request_sent":false,"profile_use_background_image":false,"profile_text_color":"472A2A","default_profile_image":false,"id":19317766,"profile_background_image_url_https":"https:\/\/pbs.twimg.com\/profile_background_images\/743066619\/e5030044bd3e85121146789e9e8dfc37.jpeg","verified":false,"profile_location":null,"profile_image_url_https":"https:\/\/pbs.twimg.com\/profile_images\/570319742969319424\/EB9uWMUg_normal.jpeg","profile_sidebar_fill_color":"DAECF4","entities":{"url":{"urls":[{"url":"http:\/\/t.co\/4cQxbi2eij","indices":[0,22],"expanded_url":"http:\/\/abc.net.au\/news","display_url":"abc.net.au\/news"}]},"description":{"urls":[]}},"followers_count":12879,"profile_sidebar_border_color":"000000","id_str":"19317766","profile_background_color":"1A06B3","listed_count":239,"is_translation_enabled":false,"utc_offset":39600,"statuses_count":13631,"description":"Journalist | Producer | Broadcaster | Em's Proud Dad.\r\n@ABCNews @ABCNews24 @ABCNewsNSW","friends_count":1676,"location":"Australia","profile_link_color":"4C47ED","profile_image_url":"http:\/\/pbs.twimg.com\/profile_images\/570319742969319424\/EB9uWMUg_normal.jpeg","following":false,"geo_enabled":false,"profile_banner_url":"https:\/\/pbs.twimg.com\/profile_banners\/19317766\/1410790318","profile_background_image_url":"http:\/\/pbs.twimg.com\/profile_background_images\/743066619\/e5030044bd3e85121146789e9e8dfc37.jpeg","name":"Jeremy Fernandez","lang":"en","profile_background_tile":true,"favourites_count":1581,"screen_name":"JezNews","notifications":false,"url":"http:\/\/t.co\/4cQxbi2eij","created_at":"Thu Jan 22 00:46:31 +0000 2009","contributors_enabled":false,"time_zone":"Sydney","protected":false,"default_profile":false,"is_translator":false},"geo":null,"in_reply_to_user_id_str":null,"possibly_sensitive":false,"lang":"en","created_at":"Mon Dec 15 01:20:51 +0000 2014","in_reply_to_status_id_str":null,"place":null,"extended_entities":{"media":[{"expanded_url":"http:\/\/twitter.com\/JezNews\/status\/544301025079730176\/photo\/1","display_url":"pic.twitter.com\/U8n9ZWgxmD","url":"http:\/\/t.co\/U8n9ZWgxmD","media_url_https":"https:\/\/pbs.twimg.com\/media\/B42-3ZuCMAEvNQX.jpg","id_str":"544300988987748353","sizes":{"small":{"h":255,"resize":"fit","w":340},"large":{"h":768,"resize":"fit","w":1024},"medium":{"h":450,"resize":"fit","w":600},"thumb":{"h":150,"resize":"crop","w":150}},"indices":[74,96],"type":"photo","id":544300988987748353,"media_url":"http:\/\/pbs.twimg.com\/media\/B42-3ZuCMAEvNQX.jpg"}]}}