{"contributors":null,"truncated":false,"text":"Sitting in Melbourne watching what's going on in Sydney...I bloody hope it ends ok for those poor people! Disgusting behaviour! \ud83d\ude21","in_reply_to_status_id":null,"id":544301961638457344,"favorite_count":350,"source":"<a href=\"http:\/\/twitter.com\/download\/iphone\" rel=\"nofollow\">Twitter for iPhone<\/a>","retweeted":false,"coordinates":null,"entities":{"symbols":[],"user_mentions":[],"hashtags":[],"urls":[]},"in_reply_to_screen_name":null,"id_str":"544301961638457344","retweet_count":165,"in_reply_to_user_id":null,"favorited":false,"user":{"follow_request_sent":false,"profile_use_background_image":false,"profile_text_color":"333333","default_profile_image":false,"id":171117515,"profile_background_image_url_https":"https:\/\/pbs.twimg.com\/profile_background_images\/378800000171953472\/HyvFn4-g.jpeg","verified":true,"profile_location":null,"profile_image_url_https":"https:\/\/pbs.twimg.com\/profile_images\/577042347709452289\/921S8lOA_normal.jpeg","profile_sidebar_fill_color":"DDEEF6","entities":{"description":{"urls":[]}},"followers_count":2061073,"profile_sidebar_border_color":"000000","id_str":"171117515","profile_background_color":"C0DEED","listed_count":5679,"is_translation_enabled":false,"utc_offset":0,"statuses_count":8395,"description":"@KP24Foundation @EdenDubai @PurlLondon @NenaPasadenaUK @BellaandBeauLDN","friends_count":418,"location":"","profile_link_color":"0084B4","profile_image_url":"http:\/\/pbs.twimg.com\/profile_images\/577042347709452289\/921S8lOA_normal.jpeg","following":false,"geo_enabled":false,"profile_banner_url":"https:\/\/pbs.twimg.com\/profile_banners\/171117515\/1416511694","profile_background_image_url":"http:\/\/pbs.twimg.com\/profile_background_images\/378800000171953472\/HyvFn4-g.jpeg","name":"Kevin Pietersen","lang":"en","profile_background_tile":false,"favourites_count":425,"screen_name":"KP24","notifications":false,"url":null,"created_at":"Mon Jul 26 16:06:52 +0000 2010","contributors_enabled":false,"time_zone":"London","protected":false,"default_profile":false,"is_translator":false},"geo":null,"in_reply_to_user_id_str":null,"lang":"en","created_at":"Mon Dec 15 01:24:34 +0000 2014","in_reply_to_status_id_str":null,"place":null}