[{"contributors":null,"truncated":false,"text":"@washingtonpost \n\nKaty &amp; Bieber embrace Islam: http://t.co/5aZF6v6kxT\n\nThe Bible &amp; NASA embrace Islam: http://t.co/KL7Pm8FQcT.","in_reply_to_status_id":544304298243653632,"id":544304351007608835,"favorite_count":0,"source":"<a href=\"http://twitter.com\" rel=\"nofollow\">Twitter Web Client</a>","retweeted":false,"coordinates":null,"entities":{"symbols":[],"user_mentions":[{"id":2467791,"indices":[0,15],"id_str":"2467791","screen_name":"washingtonpost","name":"Washington Post"}],"hashtags":[],"urls":[{"url":"http://t.co/5aZF6v6kxT","indices":[51,73],"expanded_url":"http://justpaste.it/religion","display_url":"justpaste.it/religion"},{"url":"http://t.co/KL7Pm8FQcT","indices":[111,133],"expanded_url":"http://justpaste.it/NASA","display_url":"justpaste.it/NASA"}]},"in_reply_to_screen_name":"washingtonpost","id_str":"544304351007608835","retweet_count":0,"in_reply_to_user_id":2467791,"favorited":false,"user":{"follow_request_sent":false,"profile_use_background_image":true,"profile_text_color":"333333","default_profile_image":false,"id":607311691,"profile_background_image_url_https":"https://abs.twimg.com/images/themes/theme1/bg.png","verified":false,"profile_location":null,"profile_image_url_https":"https://pbs.twimg.com/profile_images/378800000821239542/648fc0dd49d42f9e8cc8ad3617282384_normal.png","profile_sidebar_fill_color":"DDEEF6","entities":{"description":{"urls":[]}},"followers_count":1541,"profile_sidebar_border_color":"C0DEED","id_str":"607311691","profile_background_color":"C0DEED","listed_count":27,"is_translation_enabled":false,"utc_offset":10800,"statuses_count":30036,"description":"I am willing to tweet about extraordinary, extremely interesting and awesome science only. But, I do not have enough time for discussions.","friends_count":1446,"location":"","profile_link_color":"0084B4","profile_image_url":"http://pbs.twimg.com/profile_images/378800000821239542/648fc0dd49d42f9e8cc8ad3617282384_normal.png","following":false,"geo_enabled":false,"profile_banner_url":"https://pbs.twimg.com/profile_banners/607311691/1413815124","profile_background_image_url":"http://abs.twimg.com/images/themes/theme1/bg.png","name":"Mysteries of Science","lang":"ar","profile_background_tile":false,"favourites_count":10760,"screen_name":"10010001001","notifications":false,"url":null,"created_at":"Wed Jun 13 15:34:19 +0000 2012","contributors_enabled":false,"time_zone":"Baghdad","protected":false,"default_profile":true,"is_translator":false},"geo":null,"in_reply_to_user_id_str":"2467791","possibly_sensitive":false,"lang":"sk","created_at":"Mon Dec 15 01:34:04 +0000 2014","in_reply_to_status_id_str":"544304298243653632","place":null},
{"contributors":null,"truncated":false,"text":".@washingtonpost Apparent?","in_reply_to_status_id":544304298243653632,"id":544304629379784706,"favorite_count":0,"source":"<a href=\"http://twitter.com/download/android\" rel=\"nofollow\">Twitter for Android</a>","retweeted":false,"coordinates":null,"entities":{"symbols":[],"user_mentions":[{"id":2467791,"indices":[1,16],"id_str":"2467791","screen_name":"washingtonpost","name":"Washington Post"}],"hashtags":[],"urls":[]},"in_reply_to_screen_name":"washingtonpost","id_str":"544304629379784706","retweet_count":1,"in_reply_to_user_id":2467791,"favorited":false,"user":{"follow_request_sent":false,"profile_use_background_image":true,"profile_text_color":"99A82E","default_profile_image":false,"id":20719498,"profile_background_image_url_https":"https://pbs.twimg.com/profile_background_images/434424827/Picture_21.jpg","verified":false,"profile_location":null,"profile_image_url_https":"https://pbs.twimg.com/profile_images/534413351611559936/FXxUNxpy_normal.jpeg","profile_sidebar_fill_color":"99CC33","entities":{"url":{"urls":[{"url":"http://t.co/AOkSwU7HN2","indices":[0,22],"expanded_url":"http://www.Facebook.com/bry.bam.7","display_url":"Facebook.com/bry.bam.7"}]},"description":{"urls":[]}},"followers_count":3358,"profile_sidebar_border_color":"829D5E","id_str":"20719498","profile_background_color":"352633","listed_count":97,"is_translation_enabled":false,"utc_offset":-18000,"statuses_count":43701,"description":"I'm a progressive liberal Democrat to the very core of my being who is living and trying to survive in a red state. AF Veteran #UniteBlue #LGBT","friends_count":2846,"location":"Columbia, South Carolina","profile_link_color":"D02B55","profile_image_url":"http://pbs.twimg.com/profile_images/534413351611559936/FXxUNxpy_normal.jpeg","following":false,"geo_enabled":true,"profile_banner_url":"https://pbs.twimg.com/profile_banners/20719498/1412610873","profile_background_image_url":"http://pbs.twimg.com/profile_background_images/434424827/Picture_21.jpg","name":"Bryan Gamble","lang":"en","profile_background_tile":true,"favourites_count":3251,"screen_name":"BVGamble","notifications":false,"url":"http://t.co/AOkSwU7HN2","created_at":"Thu Feb 12 21:15:56 +0000 2009","contributors_enabled":false,"time_zone":"Eastern Time (US & Canada)","protected":false,"default_profile":false,"is_translator":false},"geo":null,"in_reply_to_user_id_str":"2467791","lang":"en","created_at":"Mon Dec 15 01:35:10 +0000 2014","in_reply_to_status_id_str":"544304298243653632","place":null},
{"contributors":null,"truncated":false,"text":"@JournoGeoffZ @washingtonpost Bots will conquest all the world.","in_reply_to_status_id":544304298243653632,"id":544304711353249793,"favorite_count":0,"source":"<a href=\"http://www.bbotmaker.com/\" rel=\"nofollow\">BBotMaker - Bot à mots-clés</a>","retweeted":false,"coordinates":null,"entities":{"symbols":[],"user_mentions":[{"id":198876996,"indices":[0,13],"id_str":"198876996","screen_name":"JournoGeoffZ","name":"Geoff Ziezulewicz"},{"id":2467791,"indices":[14,29],"id_str":"2467791","screen_name":"washingtonpost","name":"Washington Post"}],"hashtags":[],"urls":[]},"in_reply_to_screen_name":"washingtonpost","id_str":"544304711353249793","retweet_count":0,"in_reply_to_user_id":2467791,"favorited":false,"user":{"follow_request_sent":false,"profile_use_background_image":true,"profile_text_color":"333333","default_profile_image":false,"id":2856401319,"profile_background_image_url_https":"https://abs.twimg.com/images/themes/theme1/bg.png","verified":false,"profile_location":null,"profile_image_url_https":"https://pbs.twimg.com/profile_images/528838356109520896/wQTOlO5k_normal.jpeg","profile_sidebar_fill_color":"DDEEF6","entities":{"description":{"urls":[]}},"followers_count":343,"profile_sidebar_border_color":"C0DEED","id_str":"2856401319","profile_background_color":"C0DEED","listed_count":9,"is_translation_enabled":false,"utc_offset":null,"statuses_count":107357,"description":"","friends_count":3,"location":"","profile_link_color":"0084B4","profile_image_url":"http://pbs.twimg.com/profile_images/528838356109520896/wQTOlO5k_normal.jpeg","following":false,"geo_enabled":false,"profile_background_image_url":"http://abs.twimg.com/images/themes/theme1/bg.png","name":"BotMaster","lang":"fr","profile_background_tile":false,"favourites_count":0,"screen_name":"KingMasterbot","notifications":false,"url":null,"created_at":"Sun Nov 02 09:16:18 +0000 2014","contributors_enabled":false,"time_zone":null,"protected":false,"default_profile":true,"is_translator":false},"geo":null,"in_reply_to_user_id_str":"2467791","lang":"en","created_at":"Mon Dec 15 01:35:30 +0000 2014","in_reply_to_status_id_str":"544304298243653632","place":null},
{"contributors":null,"truncated":false,"text":"@washingtonpost the world is going crazy","in_reply_to_status_id":544304298243653632,"id":544304725567762433,"favorite_count":0,"source":"<a href=\"http://twitter.com/#!/download/ipad\" rel=\"nofollow\">Twitter for iPad</a>","retweeted":false,"coordinates":null,"entities":{"symbols":[],"user_mentions":[{"id":2467791,"indices":[0,15],"id_str":"2467791","screen_name":"washingtonpost","name":"Washington Post"}],"hashtags":[],"urls":[]},"in_reply_to_screen_name":"washingtonpost","id_str":"544304725567762433","retweet_count":0,"in_reply_to_user_id":2467791,"favorited":false,"user":{"follow_request_sent":false,"profile_use_background_image":true,"profile_text_color":"333333","default_profile_image":false,"id":926383879,"profile_background_image_url_https":"https://abs.twimg.com/images/themes/theme1/bg.png","verified":false,"profile_location":null,"profile_image_url_https":"https://pbs.twimg.com/profile_images/557038166352625666/A265pAm__normal.jpeg","profile_sidebar_fill_color":"DDEEF6","entities":{"description":{"urls":[]}},"followers_count":2131,"profile_sidebar_border_color":"C0DEED","id_str":"926383879","profile_background_color":"C0DEED","listed_count":65,"is_translation_enabled":false,"utc_offset":-36000,"statuses_count":85049,"description":"former chief of staff in Gov/politics, deeply frustrated by unpatriotic GOP whose bullshit gets equivocated by an ethically constipated American media!","friends_count":2028,"location":"","profile_link_color":"0084B4","profile_image_url":"http://pbs.twimg.com/profile_images/557038166352625666/A265pAm__normal.jpeg","following":false,"geo_enabled":false,"profile_banner_url":"https://pbs.twimg.com/profile_banners/926383879/1367723197","profile_background_image_url":"http://abs.twimg.com/images/themes/theme1/bg.png","name":"Vickijee","lang":"en","profile_background_tile":false,"favourites_count":38520,"screen_name":"vickijee","notifications":false,"url":null,"created_at":"Sun Nov 04 23:08:26 +0000 2012","contributors_enabled":false,"time_zone":"Hawaii","protected":false,"default_profile":true,"is_translator":false},"geo":null,"in_reply_to_user_id_str":"2467791","lang":"en","created_at":"Mon Dec 15 01:35:33 +0000 2014","in_reply_to_status_id_str":"544304298243653632","place":null},
{"contributors":null,"truncated":false,"text":"@washingtonpost I bet Muslims are involved.","in_reply_to_status_id":544304298243653632,"id":544305092992577536,"favorite_count":0,"source":"<a href=\"http://twitter.com/download/android\" rel=\"nofollow\">Twitter for Android</a>","retweeted":false,"coordinates":null,"entities":{"symbols":[],"user_mentions":[{"id":2467791,"indices":[0,15],"id_str":"2467791","screen_name":"washingtonpost","name":"Washington Post"}],"hashtags":[],"urls":[]},"in_reply_to_screen_name":"washingtonpost","id_str":"544305092992577536","retweet_count":0,"in_reply_to_user_id":2467791,"favorited":false,"user":{"follow_request_sent":false,"profile_use_background_image":true,"profile_text_color":"3E4415","default_profile_image":false,"id":176310317,"profile_background_image_url_https":"https://pbs.twimg.com/profile_background_images/777260781/61e38bcb6b9d66acbd88d8475b1b2623.png","verified":false,"profile_location":null,"profile_image_url_https":"https://pbs.twimg.com/profile_images/575337545384390656/DTE0k0Zm_normal.png","profile_sidebar_fill_color":"99CC33","entities":{"url":{"urls":[{"url":"http://t.co/5kdU8HnEaM","indices":[0,22],"expanded_url":"http://marcwinger.com","display_url":"marcwinger.com"}]},"description":{"urls":[]}},"followers_count":1432,"profile_sidebar_border_color":"FFFFFF","id_str":"176310317","profile_background_color":"080808","listed_count":22,"is_translation_enabled":false,"utc_offset":-25200,"statuses_count":3871,"description":"Independent Conservative...  Anger Cannot Be Dishonest ~ M. Aurelius","friends_count":1422,"location":"USA","profile_link_color":"D02B55","profile_image_url":"http://pbs.twimg.com/profile_images/575337545384390656/DTE0k0Zm_normal.png","following":false,"geo_enabled":false,"profile_banner_url":"https://pbs.twimg.com/profile_banners/176310317/1418682460","profile_background_image_url":"http://pbs.twimg.com/profile_background_images/777260781/61e38bcb6b9d66acbd88d8475b1b2623.png","name":"Jupiter C.","lang":"en","profile_background_tile":false,"favourites_count":1470,"screen_name":"marcwinger","notifications":false,"url":"http://t.co/5kdU8HnEaM","created_at":"Mon Aug 09 05:13:18 +0000 2010","contributors_enabled":false,"time_zone":"Mountain Time (US & Canada)","protected":false,"default_profile":false,"is_translator":false},"geo":null,"in_reply_to_user_id_str":"2467791","lang":"en","created_at":"Mon Dec 15 01:37:01 +0000 2014","in_reply_to_status_id_str":"544304298243653632","place":null},
{"contributors":null,"truncated":false,"text":"@washingtonpost i just hope #melgibson is going to be o.k.","in_reply_to_status_id":544304298243653632,"id":544305121661050880,"favorite_count":0,"source":"<a href=\"http://twitter.com\" rel=\"nofollow\">Twitter Web Client</a>","retweeted":false,"coordinates":null,"entities":{"symbols":[],"user_mentions":[{"id":2467791,"indices":[0,15],"id_str":"2467791","screen_name":"washingtonpost","name":"Washington Post"}],"hashtags":[{"indices":[28,38],"text":"melgibson"}],"urls":[]},"in_reply_to_screen_name":"washingtonpost","id_str":"544305121661050880","retweet_count":0,"in_reply_to_user_id":2467791,"favorited":false,"user":{"follow_request_sent":false,"profile_use_background_image":false,"profile_text_color":"000000","default_profile_image":false,"id":2907264303,"profile_background_image_url_https":"https://abs.twimg.com/images/themes/theme1/bg.png","verified":false,"profile_location":null,"profile_image_url_https":"https://pbs.twimg.com/profile_images/542138289369513984/QjhiuYRB_normal.jpeg","profile_sidebar_fill_color":"000000","entities":{"description":{"urls":[]}},"followers_count":179,"profile_sidebar_border_color":"000000","id_str":"2907264303","profile_background_color":"000000","listed_count":4,"is_translation_enabled":false,"utc_offset":null,"statuses_count":1912,"description":"","friends_count":375,"location":"","profile_link_color":"FA743E","profile_image_url":"http://pbs.twimg.com/profile_images/542138289369513984/QjhiuYRB_normal.jpeg","following":false,"geo_enabled":false,"profile_banner_url":"https://pbs.twimg.com/profile_banners/2907264303/1418090768","profile_background_image_url":"http://abs.twimg.com/images/themes/theme1/bg.png","name":"1LLr54 ToDoRoJo","lang":"en","profile_background_tile":false,"favourites_count":855,"screen_name":"ToDoRoJoALLRED","notifications":false,"url":null,"created_at":"Sat Dec 06 04:48:20 +0000 2014","contributors_enabled":false,"time_zone":null,"protected":false,"default_profile":false,"is_translator":false},"geo":null,"in_reply_to_user_id_str":"2467791","lang":"en","created_at":"Mon Dec 15 01:37:08 +0000 2014","in_reply_to_status_id_str":"544304298243653632","place":null},
{"contributors":null,"truncated":false,"text":"@washingtonpost Scary","in_reply_to_status_id":544304298243653632,"id":544305902267158530,"favorite_count":0,"source":"<a href=\"http://twitter.com/download/iphone\" rel=\"nofollow\">Twitter for iPhone</a>","retweeted":false,"coordinates":null,"entities":{"symbols":[],"user_mentions":[{"id":2467791,"indices":[0,15],"id_str":"2467791","screen_name":"washingtonpost","name":"Washington Post"}],"hashtags":[],"urls":[]},"in_reply_to_screen_name":"washingtonpost","id_str":"544305902267158530","retweet_count":0,"in_reply_to_user_id":2467791,"favorited":false,"user":{"follow_request_sent":false,"profile_use_background_image":true,"profile_text_color":"333333","default_profile_image":false,"id":1266770882,"profile_background_image_url_https":"https://abs.twimg.com/images/themes/theme1/bg.png","verified":false,"profile_location":null,"profile_image_url_https":"https://pbs.twimg.com/profile_images/378800000542376327/f1e5895fcf14e292f00ceae45e27ede3_normal.jpeg","profile_sidebar_fill_color":"DDEEF6","entities":{"description":{"urls":[]}},"followers_count":252,"profile_sidebar_border_color":"C0DEED","id_str":"1266770882","profile_background_color":"C0DEED","listed_count":14,"is_translation_enabled":false,"utc_offset":-14400,"statuses_count":6815,"description":"Meteorologist in Ohio/CCM/Atmospheric Physics/from LI, NY/Baseball, Football, College Basketball Fan/WX Geek/SUNY Oswego, UWash,SUNY ESF grad","friends_count":761,"location":"","profile_link_color":"0084B4","profile_image_url":"http://pbs.twimg.com/profile_images/378800000542376327/f1e5895fcf14e292f00ceae45e27ede3_normal.jpeg","following":false,"geo_enabled":false,"profile_background_image_url":"http://abs.twimg.com/images/themes/theme1/bg.png","name":"wxdoc","lang":"en","profile_background_tile":false,"favourites_count":1084,"screen_name":"kkowalewsky","notifications":false,"url":null,"created_at":"Thu Mar 14 10:47:50 +0000 2013","contributors_enabled":false,"time_zone":"Atlantic Time (Canada)","protected":false,"default_profile":true,"is_translator":false},"geo":null,"in_reply_to_user_id_str":"2467791","lang":"en","created_at":"Mon Dec 15 01:40:14 +0000 2014","in_reply_to_status_id_str":"544304298243653632","place":null},
{"contributors":null,"truncated":false,"text":"@washingtonpost @MichelleFields Obama calls them ISIL. Bill Clinton never explained to him just what IS IS!","in_reply_to_status_id":544304298243653632,"id":544306087969976320,"favorite_count":0,"source":"<a href=\"http://twitter.com\" rel=\"nofollow\">Twitter Web Client</a>","retweeted":false,"coordinates":null,"entities":{"symbols":[],"user_mentions":[{"id":2467791,"indices":[0,15],"id_str":"2467791","screen_name":"washingtonpost","name":"Washington Post"},{"id":122226401,"indices":[16,31],"id_str":"122226401","screen_name":"MichelleFields","name":"Michelle Fields"}],"hashtags":[],"urls":[]},"in_reply_to_screen_name":"washingtonpost","id_str":"544306087969976320","retweet_count":0,"in_reply_to_user_id":2467791,"favorited":false,"user":{"follow_request_sent":false,"profile_use_background_image":false,"profile_text_color":"000000","default_profile_image":true,"id":1715163332,"profile_background_image_url_https":"https://abs.twimg.com/images/themes/theme1/bg.png","verified":false,"profile_location":null,"profile_image_url_https":"https://abs.twimg.com/sticky/default_profile_images/default_profile_1_normal.png","profile_sidebar_fill_color":"000000","entities":{"description":{"urls":[]}},"followers_count":41,"profile_sidebar_border_color":"000000","id_str":"1715163332","profile_background_color":"000000","listed_count":1,"is_translation_enabled":false,"utc_offset":null,"statuses_count":1144,"description":"Big Butter and egg man! Wars Fought, Revolutions Started: Retired Commercial Aviation Businessman and Rancher.","friends_count":157,"location":"Central Sierra Mountains, CA","profile_link_color":"3B94D9","profile_image_url":"http://abs.twimg.com/sticky/default_profile_images/default_profile_1_normal.png","following":false,"geo_enabled":false,"profile_background_image_url":"http://abs.twimg.com/images/themes/theme1/bg.png","name":"Ken Smith","lang":"en","profile_background_tile":false,"favourites_count":111,"screen_name":"kencsmith5","notifications":false,"url":null,"created_at":"Sat Aug 31 09:18:09 +0000 2013","contributors_enabled":false,"time_zone":null,"protected":false,"default_profile":false,"is_translator":false},"geo":null,"in_reply_to_user_id_str":"2467791","lang":"en","created_at":"Mon Dec 15 01:40:58 +0000 2014","in_reply_to_status_id_str":"544304298243653632","place":null},
{"contributors":null,"truncated":false,"text":"“@washingtonpost: Apparent hostage situation unfolding in Sydney; prime minister convenes security briefing http://t.co/KyxbsFMMY0”","in_reply_to_status_id":544304298243653632,"id":544306195188969474,"favorite_count":0,"source":"<a href=\"http://twitter.com/download/iphone\" rel=\"nofollow\">Twitter for iPhone</a>","retweeted":false,"coordinates":null,"entities":{"symbols":[],"user_mentions":[{"id":2467791,"indices":[1,16],"id_str":"2467791","screen_name":"washingtonpost","name":"Washington Post"}],"hashtags":[],"urls":[{"url":"http://t.co/KyxbsFMMY0","indices":[108,130],"expanded_url":"http://wapo.st/1ssufeQ","display_url":"wapo.st/1ssufeQ"}]},"in_reply_to_screen_name":"washingtonpost","id_str":"544306195188969474","retweet_count":1,"in_reply_to_user_id":2467791,"favorited":false,"user":{"follow_request_sent":false,"profile_use_background_image":true,"profile_text_color":"333333","default_profile_image":false,"id":104299137,"profile_background_image_url_https":"https://abs.twimg.com/images/themes/theme1/bg.png","verified":false,"profile_location":null,"profile_image_url_https":"https://pbs.twimg.com/profile_images/1143298131/DDdeli3_normal.jpg","profile_sidebar_fill_color":"DDEEF6","entities":{"url":{"urls":[{"url":"http://t.co/ZF4XvrLFcs","indices":[0,22],"expanded_url":"http://www.washingtonexaminer.com","display_url":"washingtonexaminer.com"}]},"description":{"urls":[]}},"followers_count":19893,"profile_sidebar_border_color":"C0DEED","id_str":"104299137","profile_background_color":"C0DEED","listed_count":937,"is_translation_enabled":false,"utc_offset":-18000,"statuses_count":61569,"description":"@dcexaminer Senior Congressional Correspondent covering Capitol Hill, campaigns & national political trends.","friends_count":2269,"location":"Washington, D.C.","profile_link_color":"0084B4","profile_image_url":"http://pbs.twimg.com/profile_images/1143298131/DDdeli3_normal.jpg","following":false,"geo_enabled":false,"profile_banner_url":"https://pbs.twimg.com/profile_banners/104299137/1416021332","profile_background_image_url":"http://abs.twimg.com/images/themes/theme1/bg.png","name":"David M. Drucker","lang":"en","profile_background_tile":false,"favourites_count":26,"screen_name":"DavidMDrucker","notifications":false,"url":"http://t.co/ZF4XvrLFcs","created_at":"Tue Jan 12 22:56:50 +0000 2010","contributors_enabled":false,"time_zone":"Eastern Time (US & Canada)","protected":false,"default_profile":true,"is_translator":false},"geo":null,"in_reply_to_user_id_str":"2467791","possibly_sensitive":false,"lang":"en","created_at":"Mon Dec 15 01:41:24 +0000 2014","in_reply_to_status_id_str":"544304298243653632","place":null},
{"contributors":null,"truncated":false,"text":"@washingtonpost @jerzeyredhead It's not \"apparent\", it IS a hostage situation.","in_reply_to_status_id":544304298243653632,"id":544306560306905088,"favorite_count":0,"source":"<a href=\"http://twitter.com/download/android\" rel=\"nofollow\">Twitter for Android</a>","retweeted":false,"coordinates":null,"entities":{"symbols":[],"user_mentions":[{"id":2467791,"indices":[0,15],"id_str":"2467791","screen_name":"washingtonpost","name":"Washington Post"},{"id":323955083,"indices":[16,30],"id_str":"323955083","screen_name":"jerzeyredhead","name":"Jerzey"}],"hashtags":[],"urls":[]},"in_reply_to_screen_name":"washingtonpost","id_str":"544306560306905088","retweet_count":0,"in_reply_to_user_id":2467791,"favorited":false,"user":{"follow_request_sent":false,"profile_use_background_image":true,"profile_text_color":"333333","default_profile_image":false,"id":611438425,"profile_background_image_url_https":"https://abs.twimg.com/images/themes/theme1/bg.png","verified":false,"profile_location":null,"profile_image_url_https":"https://pbs.twimg.com/profile_images/581542228872404992/Ee0FfXZx_normal.jpg","profile_sidebar_fill_color":"DDEEF6","entities":{"url":{"urls":[{"url":"http://t.co/w45IOhRoYO","indices":[0,22],"expanded_url":"http://clomle44.wordpress.com","display_url":"clomle44.wordpress.com"}]},"description":{"urls":[]}},"followers_count":470,"profile_sidebar_border_color":"C0DEED","id_str":"611438425","profile_background_color":"C0DEED","listed_count":10,"is_translation_enabled":false,"utc_offset":null,"statuses_count":33133,"description":"Sesquipedalian, but not pulchritudinous. Humourless Nark - according to Miranda Devine. Cake or Death","friends_count":541,"location":"Australia ","profile_link_color":"0084B4","profile_image_url":"http://pbs.twimg.com/profile_images/581542228872404992/Ee0FfXZx_normal.jpg","following":false,"geo_enabled":true,"profile_banner_url":"https://pbs.twimg.com/profile_banners/611438425/1404947765","profile_background_image_url":"http://abs.twimg.com/images/themes/theme1/bg.png","name":"Four Cloms a'Clommin","lang":"en","profile_background_tile":false,"favourites_count":3034,"screen_name":"SezClom","notifications":false,"url":"http://t.co/w45IOhRoYO","created_at":"Mon Jun 18 06:09:20 +0000 2012","contributors_enabled":false,"time_zone":null,"protected":false,"default_profile":true,"is_translator":false},"geo":null,"in_reply_to_user_id_str":"2467791","lang":"en","created_at":"Mon Dec 15 01:42:51 +0000 2014","in_reply_to_status_id_str":"544304298243653632","place":null},
{"contributors":null,"truncated":false,"text":"@washingtonpost \"Apparent hostage situation\"? Who exactly writes for you guys?","in_reply_to_status_id":544304298243653632,"id":544307129599815680,"favorite_count":0,"source":"<a href=\"http://twitter.com\" rel=\"nofollow\">Twitter Web Client</a>","retweeted":false,"coordinates":null,"entities":{"symbols":[],"user_mentions":[{"id":2467791,"indices":[0,15],"id_str":"2467791","screen_name":"washingtonpost","name":"Washington Post"}],"hashtags":[],"urls":[]},"in_reply_to_screen_name":"washingtonpost","id_str":"544307129599815680","retweet_count":0,"in_reply_to_user_id":2467791,"favorited":false,"user":{"follow_request_sent":false,"profile_use_background_image":true,"profile_text_color":"333333","default_profile_image":false,"id":156763,"profile_background_image_url_https":"https://pbs.twimg.com/profile_background_images/378800000119302821/723332900272a6b913483e867a557d10.png","verified":false,"profile_location":null,"profile_image_url_https":"https://pbs.twimg.com/profile_images/586387053186719746/d2jcjG9K_normal.jpg","profile_sidebar_fill_color":"EFEFEF","entities":{"url":{"urls":[{"url":"http://t.co/BSGba5UaWr","indices":[0,22],"expanded_url":"http://www.writingcave.com","display_url":"writingcave.com"}]},"description":{"urls":[{"url":"http://t.co/jGvPhTGVvr","indices":[121,143],"expanded_url":"http://credible-content.com","display_url":"credible-content.com"}]}},"followers_count":4456,"profile_sidebar_border_color":"FFFFFF","id_str":"156763","profile_background_color":"FFFFFF","listed_count":103,"is_translation_enabled":false,"utc_offset":19800,"statuses_count":27128,"description":"Professional Content Writer. Often politically incorrect. Love reading and writing. Regular contributor to NitiCentral. [http://t.co/jGvPhTGVvr].","friends_count":1016,"location":"NOIDA, near New Delhi","profile_link_color":"3662D1","profile_image_url":"http://pbs.twimg.com/profile_images/586387053186719746/d2jcjG9K_normal.jpg","following":false,"geo_enabled":true,"profile_banner_url":"https://pbs.twimg.com/profile_banners/156763/1398226512","profile_background_image_url":"http://pbs.twimg.com/profile_background_images/378800000119302821/723332900272a6b913483e867a557d10.png","name":"Amrit Hallan","lang":"en","profile_background_tile":false,"favourites_count":56,"screen_name":"AmritHallan","notifications":false,"url":"http://t.co/BSGba5UaWr","created_at":"Fri Dec 22 12:14:42 +0000 2006","contributors_enabled":false,"time_zone":"New Delhi","protected":false,"default_profile":false,"is_translator":false},"geo":null,"in_reply_to_user_id_str":"2467791","lang":"en","created_at":"Mon Dec 15 01:45:07 +0000 2014","in_reply_to_status_id_str":"544304298243653632","place":null},
{"contributors":null,"truncated":false,"text":"@ToDoRoJoALLRED @washingtonpost I just hope Crocodile Dundee is OK!","in_reply_to_status_id":544305121661050880,"id":544307151326691328,"favorite_count":1,"source":"<a href=\"http://twitter.com\" rel=\"nofollow\">Twitter Web Client</a>","retweeted":false,"coordinates":null,"entities":{"symbols":[],"user_mentions":[{"id":2907264303,"indices":[0,15],"id_str":"2907264303","screen_name":"ToDoRoJoALLRED","name":"1LLr54 ToDoRoJo"},{"id":2467791,"indices":[16,31],"id_str":"2467791","screen_name":"washingtonpost","name":"Washington Post"}],"hashtags":[],"urls":[]},"in_reply_to_screen_name":"ToDoRoJoALLRED","id_str":"544307151326691328","retweet_count":1,"in_reply_to_user_id":2907264303,"favorited":false,"user":{"follow_request_sent":false,"profile_use_background_image":false,"profile_text_color":"000000","default_profile_image":true,"id":1715163332,"profile_background_image_url_https":"https://abs.twimg.com/images/themes/theme1/bg.png","verified":false,"profile_location":null,"profile_image_url_https":"https://abs.twimg.com/sticky/default_profile_images/default_profile_1_normal.png","profile_sidebar_fill_color":"000000","entities":{"description":{"urls":[]}},"followers_count":41,"profile_sidebar_border_color":"000000","id_str":"1715163332","profile_background_color":"000000","listed_count":1,"is_translation_enabled":false,"utc_offset":null,"statuses_count":1144,"description":"Big Butter and egg man! Wars Fought, Revolutions Started: Retired Commercial Aviation Businessman and Rancher.","friends_count":157,"location":"Central Sierra Mountains, CA","profile_link_color":"3B94D9","profile_image_url":"http://abs.twimg.com/sticky/default_profile_images/default_profile_1_normal.png","following":false,"geo_enabled":false,"profile_background_image_url":"http://abs.twimg.com/images/themes/theme1/bg.png","name":"Ken Smith","lang":"en","profile_background_tile":false,"favourites_count":111,"screen_name":"kencsmith5","notifications":false,"url":null,"created_at":"Sat Aug 31 09:18:09 +0000 2013","contributors_enabled":false,"time_zone":null,"protected":false,"default_profile":false,"is_translator":false},"geo":null,"in_reply_to_user_id_str":"2907264303","lang":"en","created_at":"Mon Dec 15 01:45:12 +0000 2014","in_reply_to_status_id_str":"544305121661050880","place":null},
{"contributors":null,"truncated":false,"text":"Apparent hostage situation unfolding in Sydney; P.M. convenes security briefing http://t.co/dG8MVwV9nQ via @washingtonpost #sydneysiege","in_reply_to_status_id":544304298243653632,"id":544307292007825408,"favorite_count":0,"source":"<a href=\"http://twitter.com/download/iphone\" rel=\"nofollow\">Twitter for iPhone</a>","retweeted":false,"coordinates":null,"entities":{"symbols":[],"user_mentions":[{"id":2467791,"indices":[107,122],"id_str":"2467791","screen_name":"washingtonpost","name":"Washington Post"}],"hashtags":[{"indices":[123,135],"text":"sydneysiege"}],"urls":[{"url":"http://t.co/dG8MVwV9nQ","indices":[80,102],"expanded_url":"http://wapo.st/1ssufeQ","display_url":"wapo.st/1ssufeQ"}]},"in_reply_to_screen_name":"washingtonpost","id_str":"544307292007825408","retweet_count":0,"in_reply_to_user_id":2467791,"favorited":false,"user":{"follow_request_sent":false,"profile_use_background_image":true,"profile_text_color":"333333","default_profile_image":false,"id":148224229,"profile_background_image_url_https":"https://pbs.twimg.com/profile_background_images/123480830/img_intelligence.jpg","verified":false,"profile_location":null,"profile_image_url_https":"https://pbs.twimg.com/profile_images/2362257404/8ojv9nhgobnun2sovdtx_normal.jpeg","profile_sidebar_fill_color":"DDEEF6","entities":{"url":{"urls":[{"url":"http://t.co/MgRdKK0svB","indices":[0,22],"expanded_url":"http://skypotrol.net","display_url":"skypotrol.net"}]},"description":{"urls":[]}},"followers_count":6882,"profile_sidebar_border_color":"C0DEED","id_str":"148224229","profile_background_color":"C0DEED","listed_count":529,"is_translation_enabled":false,"utc_offset":25200,"statuses_count":105478,"description":"Investigative Journalist ~ Tweets on #intelligence, #CIA, #drones, #Espionage, #Geopolitics, #NatSec, #Privacy & #terrorism. Appearance of a link ≠ endorsement.","friends_count":2998,"location":"Bangkok Moscow Mumbai New York","profile_link_color":"0084B4","profile_image_url":"http://pbs.twimg.com/profile_images/2362257404/8ojv9nhgobnun2sovdtx_normal.jpeg","following":false,"geo_enabled":true,"profile_banner_url":"https://pbs.twimg.com/profile_banners/148224229/1354219889","profile_background_image_url":"http://pbs.twimg.com/profile_background_images/123480830/img_intelligence.jpg","name":"George Mapp","lang":"en","profile_background_tile":true,"favourites_count":720,"screen_name":"Dobroyeutro","notifications":false,"url":"http://t.co/MgRdKK0svB","created_at":"Wed May 26 04:35:39 +0000 2010","contributors_enabled":false,"time_zone":"Bangkok","protected":false,"default_profile":false,"is_translator":false},"geo":null,"in_reply_to_user_id_str":"2467791","possibly_sensitive":false,"lang":"en","created_at":"Mon Dec 15 01:45:45 +0000 2014","in_reply_to_status_id_str":"544304298243653632","place":null},
{"contributors":null,"truncated":false,"text":"@kencsmith5 @washingtonpost it could be that damned AC?DC .. damn thugs","in_reply_to_status_id":544307151326691328,"id":544307985389191170,"favorite_count":0,"source":"<a href=\"http://twitter.com\" rel=\"nofollow\">Twitter Web Client</a>","retweeted":false,"coordinates":null,"entities":{"symbols":[],"user_mentions":[{"id":1715163332,"indices":[0,11],"id_str":"1715163332","screen_name":"kencsmith5","name":"Ken Smith"},{"id":2467791,"indices":[12,27],"id_str":"2467791","screen_name":"washingtonpost","name":"Washington Post"}],"hashtags":[],"urls":[]},"in_reply_to_screen_name":"kencsmith5","id_str":"544307985389191170","retweet_count":0,"in_reply_to_user_id":1715163332,"favorited":false,"user":{"follow_request_sent":false,"profile_use_background_image":false,"profile_text_color":"000000","default_profile_image":false,"id":2907264303,"profile_background_image_url_https":"https://abs.twimg.com/images/themes/theme1/bg.png","verified":false,"profile_location":null,"profile_image_url_https":"https://pbs.twimg.com/profile_images/542138289369513984/QjhiuYRB_normal.jpeg","profile_sidebar_fill_color":"000000","entities":{"description":{"urls":[]}},"followers_count":179,"profile_sidebar_border_color":"000000","id_str":"2907264303","profile_background_color":"000000","listed_count":4,"is_translation_enabled":false,"utc_offset":null,"statuses_count":1912,"description":"","friends_count":375,"location":"","profile_link_color":"FA743E","profile_image_url":"http://pbs.twimg.com/profile_images/542138289369513984/QjhiuYRB_normal.jpeg","following":false,"geo_enabled":false,"profile_banner_url":"https://pbs.twimg.com/profile_banners/2907264303/1418090768","profile_background_image_url":"http://abs.twimg.com/images/themes/theme1/bg.png","name":"1LLr54 ToDoRoJo","lang":"en","profile_background_tile":false,"favourites_count":855,"screen_name":"ToDoRoJoALLRED","notifications":false,"url":null,"created_at":"Sat Dec 06 04:48:20 +0000 2014","contributors_enabled":false,"time_zone":null,"protected":false,"default_profile":false,"is_translator":false},"geo":null,"in_reply_to_user_id_str":"1715163332","lang":"en","created_at":"Mon Dec 15 01:48:31 +0000 2014","in_reply_to_status_id_str":"544307151326691328","place":null},
{"contributors":null,"truncated":false,"text":"@ToDoRoJoALLRED @washingtonpost Hope he shows them \"THAT'S A KNIFE\"!!!","in_reply_to_status_id":544307985389191170,"id":544311421924687873,"favorite_count":1,"source":"<a href=\"https://dev.twitter.com/docs/tfw\" rel=\"nofollow\">Twitter for Websites</a>","retweeted":false,"coordinates":null,"entities":{"symbols":[],"user_mentions":[{"id":2907264303,"indices":[0,15],"id_str":"2907264303","screen_name":"ToDoRoJoALLRED","name":"1LLr54 ToDoRoJo"},{"id":2467791,"indices":[16,31],"id_str":"2467791","screen_name":"washingtonpost","name":"Washington Post"}],"hashtags":[],"urls":[]},"in_reply_to_screen_name":"ToDoRoJoALLRED","id_str":"544311421924687873","retweet_count":1,"in_reply_to_user_id":2907264303,"favorited":false,"user":{"follow_request_sent":false,"profile_use_background_image":false,"profile_text_color":"000000","default_profile_image":true,"id":1715163332,"profile_background_image_url_https":"https://abs.twimg.com/images/themes/theme1/bg.png","verified":false,"profile_location":null,"profile_image_url_https":"https://abs.twimg.com/sticky/default_profile_images/default_profile_1_normal.png","profile_sidebar_fill_color":"000000","entities":{"description":{"urls":[]}},"followers_count":41,"profile_sidebar_border_color":"000000","id_str":"1715163332","profile_background_color":"000000","listed_count":1,"is_translation_enabled":false,"utc_offset":null,"statuses_count":1144,"description":"Big Butter and egg man! Wars Fought, Revolutions Started: Retired Commercial Aviation Businessman and Rancher.","friends_count":157,"location":"Central Sierra Mountains, CA","profile_link_color":"3B94D9","profile_image_url":"http://abs.twimg.com/sticky/default_profile_images/default_profile_1_normal.png","following":false,"geo_enabled":false,"profile_background_image_url":"http://abs.twimg.com/images/themes/theme1/bg.png","name":"Ken Smith","lang":"en","profile_background_tile":false,"favourites_count":111,"screen_name":"kencsmith5","notifications":false,"url":null,"created_at":"Sat Aug 31 09:18:09 +0000 2013","contributors_enabled":false,"time_zone":null,"protected":false,"default_profile":false,"is_translator":false},"geo":null,"in_reply_to_user_id_str":"2907264303","lang":"en","created_at":"Mon Dec 15 02:02:10 +0000 2014","in_reply_to_status_id_str":"544307985389191170","place":null},
{"contributors":null,"truncated":false,"text":"@ToDoRoJoALLRED @washingtonpost","in_reply_to_status_id":544307985389191170,"id":544311530225815552,"favorite_count":0,"source":"<a href=\"https://dev.twitter.com/docs/tfw\" rel=\"nofollow\">Twitter for Websites</a>","retweeted":false,"coordinates":null,"entities":{"symbols":[],"user_mentions":[{"id":2907264303,"indices":[0,15],"id_str":"2907264303","screen_name":"ToDoRoJoALLRED","name":"1LLr54 ToDoRoJo"},{"id":2467791,"indices":[16,31],"id_str":"2467791","screen_name":"washingtonpost","name":"Washington Post"}],"hashtags":[],"urls":[]},"in_reply_to_screen_name":"ToDoRoJoALLRED","id_str":"544311530225815552","retweet_count":1,"in_reply_to_user_id":2907264303,"favorited":false,"user":{"follow_request_sent":false,"profile_use_background_image":false,"profile_text_color":"000000","default_profile_image":true,"id":1715163332,"profile_background_image_url_https":"https://abs.twimg.com/images/themes/theme1/bg.png","verified":false,"profile_location":null,"profile_image_url_https":"https://abs.twimg.com/sticky/default_profile_images/default_profile_1_normal.png","profile_sidebar_fill_color":"000000","entities":{"description":{"urls":[]}},"followers_count":41,"profile_sidebar_border_color":"000000","id_str":"1715163332","profile_background_color":"000000","listed_count":1,"is_translation_enabled":false,"utc_offset":null,"statuses_count":1144,"description":"Big Butter and egg man! Wars Fought, Revolutions Started: Retired Commercial Aviation Businessman and Rancher.","friends_count":157,"location":"Central Sierra Mountains, CA","profile_link_color":"3B94D9","profile_image_url":"http://abs.twimg.com/sticky/default_profile_images/default_profile_1_normal.png","following":false,"geo_enabled":false,"profile_background_image_url":"http://abs.twimg.com/images/themes/theme1/bg.png","name":"Ken Smith","lang":"en","profile_background_tile":false,"favourites_count":111,"screen_name":"kencsmith5","notifications":false,"url":null,"created_at":"Sat Aug 31 09:18:09 +0000 2013","contributors_enabled":false,"time_zone":null,"protected":false,"default_profile":false,"is_translator":false},"geo":null,"in_reply_to_user_id_str":"2907264303","lang":"und","created_at":"Mon Dec 15 02:02:36 +0000 2014","in_reply_to_status_id_str":"544307985389191170","place":null},
{"contributors":null,"truncated":false,"text":"@washingtonpost @MichelleFields show us how it's done Ausies!","in_reply_to_status_id":544304298243653632,"id":544332807183421442,"favorite_count":0,"source":"<a href=\"http://twitter.com/download/iphone\" rel=\"nofollow\">Twitter for iPhone</a>","retweeted":false,"coordinates":null,"entities":{"symbols":[],"user_mentions":[{"id":2467791,"indices":[0,15],"id_str":"2467791","screen_name":"washingtonpost","name":"Washington Post"},{"id":122226401,"indices":[16,31],"id_str":"122226401","screen_name":"MichelleFields","name":"Michelle Fields"}],"hashtags":[],"urls":[]},"in_reply_to_screen_name":"washingtonpost","id_str":"544332807183421442","retweet_count":0,"in_reply_to_user_id":2467791,"favorited":false,"user":{"follow_request_sent":false,"profile_use_background_image":true,"profile_text_color":"666666","default_profile_image":false,"id":552285517,"profile_background_image_url_https":"https://abs.twimg.com/images/themes/theme9/bg.gif","verified":false,"profile_location":null,"profile_image_url_https":"https://pbs.twimg.com/profile_images/2106092040/dragonTwitter_normal.jpeg","profile_sidebar_fill_color":"252429","entities":{"description":{"urls":[]}},"followers_count":5,"profile_sidebar_border_color":"181A1E","id_str":"552285517","profile_background_color":"1A1B1F","listed_count":0,"is_translation_enabled":false,"utc_offset":-21600,"statuses_count":370,"description":"","friends_count":32,"location":"BFE","profile_link_color":"2FC2EF","profile_image_url":"http://pbs.twimg.com/profile_images/2106092040/dragonTwitter_normal.jpeg","following":false,"geo_enabled":false,"profile_background_image_url":"http://abs.twimg.com/images/themes/theme9/bg.gif","name":"joe","lang":"en","profile_background_tile":false,"favourites_count":5,"screen_name":"WTFU69","notifications":false,"url":null,"created_at":"Fri Apr 13 00:20:46 +0000 2012","contributors_enabled":false,"time_zone":"Central Time (US & Canada)","protected":false,"default_profile":false,"is_translator":false},"geo":null,"in_reply_to_user_id_str":"2467791","lang":"en","created_at":"Mon Dec 15 03:27:09 +0000 2014","in_reply_to_status_id_str":"544304298243653632","place":null}
]