{"contributors":null,"truncated":false,"text":"Map shows Martin Place in Sydney where hostages are being held in a cafe @AFP http:\/\/t.co\/WQ2vzn1mTU","in_reply_to_status_id":null,"id":544301235596054528,"favorite_count":32,"source":"<a href=\"http:\/\/twitter.com\" rel=\"nofollow\">Twitter Web Client<\/a>","retweeted":false,"coordinates":null,"entities":{"symbols":[],"user_mentions":[{"id":380648579,"indices":[73,77],"id_str":"380648579","screen_name":"AFP","name":"Agence France-Presse"}],"hashtags":[],"urls":[],"media":[{"expanded_url":"http:\/\/twitter.com\/AFP\/status\/544301235596054528\/photo\/1","display_url":"pic.twitter.com\/WQ2vzn1mTU","url":"http:\/\/t.co\/WQ2vzn1mTU","media_url_https":"https:\/\/pbs.twimg.com\/media\/B42_FomCIAEVzTt.jpg","id_str":"544301233498890241","sizes":{"large":{"h":769,"resize":"fit","w":1024},"small":{"h":255,"resize":"fit","w":340},"medium":{"h":450,"resize":"fit","w":600},"thumb":{"h":150,"resize":"crop","w":150}},"indices":[78,100],"type":"photo","id":544301233498890241,"media_url":"http:\/\/pbs.twimg.com\/media\/B42_FomCIAEVzTt.jpg"}]},"in_reply_to_screen_name":null,"id_str":"544301235596054528","retweet_count":133,"in_reply_to_user_id":null,"favorited":false,"user":{"follow_request_sent":false,"profile_use_background_image":true,"profile_text_color":"333333","default_profile_image":false,"id":380648579,"profile_background_image_url_https":"https:\/\/pbs.twimg.com\/profile_background_images\/579525526\/bk1nk0d4v59httnhh2uu.jpeg","verified":true,"profile_location":null,"profile_image_url_https":"https:\/\/pbs.twimg.com\/profile_images\/557099613715324930\/0Az9ucH3_normal.jpeg","profile_sidebar_fill_color":"E6F6F9","entities":{"url":{"urls":[{"url":"http:\/\/t.co\/kqhCI1Bvmj","indices":[0,22],"expanded_url":"http:\/\/www.afp.com\/en","display_url":"afp.com\/en"}]},"description":{"urls":[]}},"followers_count":282256,"profile_sidebar_border_color":"DBE9ED","id_str":"380648579","profile_background_color":"C0DEED","listed_count":7906,"is_translation_enabled":true,"utc_offset":3600,"statuses_count":63132,"description":"News - and the stories behind the news - from AFP's reporters around the world. In French: @afpfr. In Spanish: @AFPespanol. For photos: @AFPphoto","friends_count":486,"location":"France","profile_link_color":"0084B4","profile_image_url":"http:\/\/pbs.twimg.com\/profile_images\/557099613715324930\/0Az9ucH3_normal.jpeg","following":false,"geo_enabled":false,"profile_banner_url":"https:\/\/pbs.twimg.com\/profile_banners\/380648579\/1412519572","profile_background_image_url":"http:\/\/pbs.twimg.com\/profile_background_images\/579525526\/bk1nk0d4v59httnhh2uu.jpeg","name":"Agence France-Presse","lang":"en","profile_background_tile":false,"favourites_count":80,"screen_name":"AFP","notifications":false,"url":"http:\/\/t.co\/kqhCI1Bvmj","created_at":"Tue Sep 27 00:35:10 +0000 2011","contributors_enabled":false,"time_zone":"Paris","protected":false,"default_profile":false,"is_translator":false},"geo":null,"in_reply_to_user_id_str":null,"possibly_sensitive":false,"lang":"en","created_at":"Mon Dec 15 01:21:41 +0000 2014","in_reply_to_status_id_str":null,"place":null,"extended_entities":{"media":[{"expanded_url":"http:\/\/twitter.com\/AFP\/status\/544301235596054528\/photo\/1","display_url":"pic.twitter.com\/WQ2vzn1mTU","url":"http:\/\/t.co\/WQ2vzn1mTU","media_url_https":"https:\/\/pbs.twimg.com\/media\/B42_FomCIAEVzTt.jpg","id_str":"544301233498890241","sizes":{"large":{"h":769,"resize":"fit","w":1024},"small":{"h":255,"resize":"fit","w":340},"medium":{"h":450,"resize":"fit","w":600},"thumb":{"h":150,"resize":"crop","w":150}},"indices":[78,100],"type":"photo","id":544301233498890241,"media_url":"http:\/\/pbs.twimg.com\/media\/B42_FomCIAEVzTt.jpg"}]}}