{"contributors":null,"truncated":false,"text":"Praying for the safety of all the hostages being held by some criminal in the cafe in Sydney. Preparing for the collective blame as well.","in_reply_to_status_id":null,"id":544304742743044096,"favorite_count":135,"source":"<a href=\"http:\/\/twitter.com\/download\/iphone\" rel=\"nofollow\">Twitter for iPhone<\/a>","retweeted":false,"coordinates":null,"entities":{"symbols":[],"user_mentions":[],"hashtags":[],"urls":[]},"in_reply_to_screen_name":null,"id_str":"544304742743044096","retweet_count":231,"in_reply_to_user_id":null,"favorited":false,"user":{"follow_request_sent":false,"profile_use_background_image":true,"profile_text_color":"333333","default_profile_image":false,"id":254873869,"profile_background_image_url_https":"https:\/\/abs.twimg.com\/images\/themes\/theme14\/bg.gif","verified":false,"profile_location":null,"profile_image_url_https":"https:\/\/pbs.twimg.com\/profile_images\/559881824944402434\/OP9dIhIN_normal.jpeg","profile_sidebar_fill_color":"EFEFEF","entities":{"url":{"urls":[{"url":"http:\/\/t.co\/sEpLJwILqD","indices":[0,22],"expanded_url":"http:\/\/libyaliberty.tumblr.com","display_url":"libyaliberty.tumblr.com"}]},"description":{"urls":[]}},"followers_count":32894,"profile_sidebar_border_color":"EEEEEE","id_str":"254873869","profile_background_color":"131516","listed_count":715,"is_translation_enabled":false,"utc_offset":10800,"statuses_count":95474,"description":"I am East and West, citizen and refugee. The melting pot is a failed paradigm-maybe more like a tossed salad. I am an international crouton.","friends_count":1437,"location":"Libya \u2014 U.S. \u2014 Qatar","profile_link_color":"009999","profile_image_url":"http:\/\/pbs.twimg.com\/profile_images\/559881824944402434\/OP9dIhIN_normal.jpeg","following":false,"geo_enabled":false,"profile_banner_url":"https:\/\/pbs.twimg.com\/profile_banners\/254873869\/1402466850","profile_background_image_url":"http:\/\/abs.twimg.com\/images\/themes\/theme14\/bg.gif","name":"Hend","lang":"en","profile_background_tile":true,"favourites_count":26172,"screen_name":"LibyaLiberty","notifications":false,"url":"http:\/\/t.co\/sEpLJwILqD","created_at":"Sun Feb 20 05:27:22 +0000 2011","contributors_enabled":false,"time_zone":"Baghdad","protected":false,"default_profile":false,"is_translator":false},"geo":null,"in_reply_to_user_id_str":null,"lang":"en","created_at":"Mon Dec 15 01:35:38 +0000 2014","in_reply_to_status_id_str":null,"place":null}