{"contributors":null,"truncated":false,"text":"Basically: there are 1-2 men holding 13 ppl hostage in a caf\u00e9 in Sydney and has made some of the hostages hold an islamic flag in the window","in_reply_to_status_id":null,"id":544301786849640448,"favorite_count":155,"source":"<a href=\"http:\/\/twitter.com\" rel=\"nofollow\">Twitter Web Client<\/a>","retweeted":false,"coordinates":null,"entities":{"symbols":[],"user_mentions":[],"hashtags":[],"urls":[]},"in_reply_to_screen_name":null,"id_str":"544301786849640448","retweet_count":100,"in_reply_to_user_id":null,"favorited":false,"user":{"follow_request_sent":false,"profile_use_background_image":true,"profile_text_color":"333333","default_profile_image":false,"id":1659333062,"profile_background_image_url_https":"https:\/\/pbs.twimg.com\/profile_background_images\/461179560541712384\/2k7WqX0m.jpeg","verified":false,"profile_location":null,"profile_image_url_https":"https:\/\/pbs.twimg.com\/profile_images\/551612054633590785\/J1OnBQ7E_normal.jpeg","profile_sidebar_fill_color":"DDEEF6","entities":{"url":{"urls":[{"url":"http:\/\/t.co\/S0l21OpN5D","indices":[0,22],"expanded_url":"http:\/\/ask.fm\/SOSWWReports","display_url":"ask.fm\/SOSWWReports"}]},"description":{"urls":[{"url":"http:\/\/t.co\/IPXNuLzBDk","indices":[17,39],"expanded_url":"http:\/\/5soswwreports.wix.com\/insiderapps","display_url":"5soswwreports.wix.com\/insiderapps"},{"url":"http:\/\/t.co\/iaSSVFmUK3","indices":[105,127],"expanded_url":"http:\/\/5soswwreports.tumblr.com","display_url":"5soswwreports.tumblr.com"}]}},"followers_count":124662,"profile_sidebar_border_color":"FFFFFF","id_str":"1659333062","profile_background_color":"FFFFFF","listed_count":712,"is_translation_enabled":false,"utc_offset":3600,"statuses_count":124459,"description":"insider app+info http:\/\/t.co\/IPXNuLzBDk | 6 punk rock girls & a non punk rock band | IG: 5soswwreports | http:\/\/t.co\/iaSSVFmUK3","friends_count":298,"location":"US | CAN | SWE | SG","profile_link_color":"654EFC","profile_image_url":"http:\/\/pbs.twimg.com\/profile_images\/551612054633590785\/J1OnBQ7E_normal.jpeg","following":false,"geo_enabled":false,"profile_banner_url":"https:\/\/pbs.twimg.com\/profile_banners\/1659333062\/1417512764","profile_background_image_url":"http:\/\/pbs.twimg.com\/profile_background_images\/461179560541712384\/2k7WqX0m.jpeg","name":"Punk Rock Updates","lang":"en-gb","profile_background_tile":true,"favourites_count":27613,"screen_name":"5SOSWWReports","notifications":false,"url":"http:\/\/t.co\/S0l21OpN5D","created_at":"Sat Aug 10 05:13:09 +0000 2013","contributors_enabled":false,"time_zone":"Berlin","protected":false,"default_profile":false,"is_translator":false},"geo":null,"in_reply_to_user_id_str":null,"lang":"en","created_at":"Mon Dec 15 01:23:53 +0000 2014","in_reply_to_status_id_str":null,"place":null}