{"contributors":null,"truncated":false,"text":"Important things to remember during #sydneysiege - thanks to @filmvisuality http:\/\/t.co\/MA73ZCspvd","in_reply_to_status_id":null,"id":544301925735202816,"favorite_count":94,"source":"<a href=\"http:\/\/twitter.com\/download\/iphone\" rel=\"nofollow\">Twitter for iPhone<\/a>","retweeted":false,"coordinates":null,"entities":{"symbols":[],"user_mentions":[{"id":15330300,"indices":[61,75],"id_str":"15330300","screen_name":"filmvisuality","name":"Conor Bateman"}],"hashtags":[{"indices":[36,48],"text":"sydneysiege"}],"urls":[],"media":[{"expanded_url":"http:\/\/twitter.com\/JaseReeves\/status\/544301925735202816\/photo\/1","display_url":"pic.twitter.com\/MA73ZCspvd","url":"http:\/\/t.co\/MA73ZCspvd","media_url_https":"https:\/\/pbs.twimg.com\/media\/B42_t2KCAAApFcH.jpg","id_str":"544301924334305280","sizes":{"small":{"h":339,"resize":"fit","w":340},"large":{"h":614,"resize":"fit","w":615},"medium":{"h":599,"resize":"fit","w":600},"thumb":{"h":150,"resize":"crop","w":150}},"indices":[76,98],"type":"photo","id":544301924334305280,"media_url":"http:\/\/pbs.twimg.com\/media\/B42_t2KCAAApFcH.jpg"}]},"in_reply_to_screen_name":null,"id_str":"544301925735202816","retweet_count":164,"in_reply_to_user_id":null,"favorited":false,"user":{"follow_request_sent":false,"profile_use_background_image":true,"profile_text_color":"333333","default_profile_image":false,"id":357191485,"profile_background_image_url_https":"https:\/\/abs.twimg.com\/images\/themes\/theme1\/bg.png","verified":false,"profile_location":null,"profile_image_url_https":"https:\/\/pbs.twimg.com\/profile_images\/1501025342\/Jase_profile_normal.jpg","profile_sidebar_fill_color":"DDEEF6","entities":{"description":{"urls":[]}},"followers_count":1655,"profile_sidebar_border_color":"C0DEED","id_str":"357191485","profile_background_color":"C0DEED","listed_count":19,"is_translation_enabled":false,"utc_offset":-36000,"statuses_count":5974,"description":"Radio\/TV Host\/MC. Not really a heat-pump expert. Born & raised in Hawkes Bay. Loves the All Blacks, tomato sauce & his family. Not in that order tho.","friends_count":2000,"location":"New Zealand","profile_link_color":"0084B4","profile_image_url":"http:\/\/pbs.twimg.com\/profile_images\/1501025342\/Jase_profile_normal.jpg","following":false,"geo_enabled":false,"profile_background_image_url":"http:\/\/abs.twimg.com\/images\/themes\/theme1\/bg.png","name":"Jason Reeves","lang":"en","profile_background_tile":false,"favourites_count":4528,"screen_name":"JaseReeves","notifications":false,"url":null,"created_at":"Thu Aug 18 00:18:09 +0000 2011","contributors_enabled":false,"time_zone":"Hawaii","protected":false,"default_profile":true,"is_translator":false},"geo":null,"in_reply_to_user_id_str":null,"possibly_sensitive":false,"lang":"en","created_at":"Mon Dec 15 01:24:26 +0000 2014","in_reply_to_status_id_str":null,"place":null,"extended_entities":{"media":[{"expanded_url":"http:\/\/twitter.com\/JaseReeves\/status\/544301925735202816\/photo\/1","display_url":"pic.twitter.com\/MA73ZCspvd","url":"http:\/\/t.co\/MA73ZCspvd","media_url_https":"https:\/\/pbs.twimg.com\/media\/B42_t2KCAAApFcH.jpg","id_str":"544301924334305280","sizes":{"small":{"h":339,"resize":"fit","w":340},"large":{"h":614,"resize":"fit","w":615},"medium":{"h":599,"resize":"fit","w":600},"thumb":{"h":150,"resize":"crop","w":150}},"indices":[76,98],"type":"photo","id":544301924334305280,"media_url":"http:\/\/pbs.twimg.com\/media\/B42_t2KCAAApFcH.jpg"}]}}