{"contributors":null,"truncated":false,"text":"BREAKING: More Than a Dozen Hostages Held in Cafe in Sydney; Arabic Flag Placed in Window http:\/\/t.co\/OkS1edZqiE","in_reply_to_status_id":null,"id":544300088747884544,"favorite_count":86,"source":"<a href=\"http:\/\/www.socialflow.com\" rel=\"nofollow\">SocialFlow<\/a>","retweeted":false,"coordinates":null,"entities":{"symbols":[],"user_mentions":[],"hashtags":[],"urls":[{"url":"http:\/\/t.co\/OkS1edZqiE","indices":[90,112],"expanded_url":"http:\/\/trib.al\/53V5kLJ","display_url":"trib.al\/53V5kLJ"}]},"in_reply_to_screen_name":null,"id_str":"544300088747884544","retweet_count":214,"in_reply_to_user_id":null,"favorited":false,"user":{"follow_request_sent":false,"profile_use_background_image":false,"profile_text_color":"787878","default_profile_image":false,"id":13049362,"profile_background_image_url_https":"https:\/\/pbs.twimg.com\/profile_background_images\/443404890799210496\/chsw2pxv.jpeg","verified":true,"profile_location":null,"profile_image_url_https":"https:\/\/pbs.twimg.com\/profile_images\/514516850474881024\/CBY1RT9O_normal.jpeg","profile_sidebar_fill_color":"F2F2F2","entities":{"url":{"urls":[{"url":"http:\/\/t.co\/auFFYi9UT7","indices":[0,22],"expanded_url":"http:\/\/www.complex.com","display_url":"complex.com"}]},"description":{"urls":[]}},"followers_count":535084,"profile_sidebar_border_color":"FFFFFF","id_str":"13049362","profile_background_color":"000000","listed_count":5370,"is_translation_enabled":true,"utc_offset":-18000,"statuses_count":193296,"description":"Making Culture Pop.","friends_count":36845,"location":"New York","profile_link_color":"FF0000","profile_image_url":"http:\/\/pbs.twimg.com\/profile_images\/514516850474881024\/CBY1RT9O_normal.jpeg","following":false,"geo_enabled":false,"profile_banner_url":"https:\/\/pbs.twimg.com\/profile_banners\/13049362\/1416326851","profile_background_image_url":"http:\/\/pbs.twimg.com\/profile_background_images\/443404890799210496\/chsw2pxv.jpeg","name":"Complex ","lang":"en","profile_background_tile":true,"favourites_count":5863,"screen_name":"ComplexMag","notifications":false,"url":"http:\/\/t.co\/auFFYi9UT7","created_at":"Mon Feb 04 14:34:39 +0000 2008","contributors_enabled":false,"time_zone":"Eastern Time (US & Canada)","protected":false,"default_profile":false,"is_translator":false},"geo":null,"in_reply_to_user_id_str":null,"possibly_sensitive":false,"lang":"en","created_at":"Mon Dec 15 01:17:08 +0000 2014","in_reply_to_status_id_str":null,"place":null}